ğŸ˜€ grinning face <small>(face, grin)</small>
ğŸ˜ƒ grinning face with big eyes <small>(face, mouth, open, smile)</small>
ğŸ˜„ grinning face with smiling eyes <small>(eye, face, mouth, open, smile)</small>
ğŸ˜ beaming face with smiling eyes <small>(eye, face, grin, smile)</small>
ğŸ˜† grinning squinting face <small>(face, laugh, mouth, satisfied, smile)</small>
ğŸ˜… grinning face with sweat <small>(cold, face, open, smile, sweat)</small>
ğŸ¤£ rolling on the floor laughing <small>(face, floor, laugh, rolling)</small>
ğŸ˜‚ face with tears of joy <small>(face, joy, laugh, tear)</small>
ğŸ™‚ slightly smiling face <small>(face, smile)</small>
ğŸ™ƒ upside-down face <small>(face, upside-down)</small>
ğŸ«  melting face
ğŸ˜‰ winking face <small>(face, wink)</small>
ğŸ˜Š smiling face with smiling eyes <small>(blush, eye, face, smile)</small>
ğŸ˜‡ smiling face with halo <small>(angel, face, fantasy, halo, innocent)</small>
ğŸ¥° smiling face with hearts <small>(adore, crush, hearts, in love)</small>
ğŸ˜ smiling face with heart-eyes <small>(eye, face, love, smile)</small>
ğŸ¤© star-struck <small>(eyes, face, grinning, star)</small>
ğŸ˜˜ face blowing a kiss <small>(face, kiss)</small>
ğŸ˜— kissing face <small>(face, kiss)</small>
â˜º smiling face <small>(face, outlined, relaxed, smile)</small>
ğŸ˜š kissing face with closed eyes <small>(closed, eye, face, kiss)</small>
ğŸ˜™ kissing face with smiling eyes <small>(eye, face, kiss, smile)</small>
ğŸ¥² smiling face with tear <small>(grateful, proud, relieved, smiling, tear, touched)</small>
ğŸ˜‹ face savoring food <small>(delicious, face, savouring, smile, yum)</small>
ğŸ˜› face with tongue <small>(face, tongue)</small>
ğŸ˜œ winking face with tongue <small>(eye, face, joke, tongue, wink)</small>
ğŸ¤ª zany face <small>(eye, goofy, large, small)</small>
ğŸ˜ squinting face with tongue <small>(eye, face, horrible, taste, tongue)</small>
ğŸ¤‘ money-mouth face <small>(face, money, mouth)</small>
ğŸ¤— smiling face with open hands <small>(face, hug, hugging)</small>
ğŸ¤­ face with hand over mouth <small>(whoops)</small>
ğŸ«¢ face with open eyes and hand over mouth
ğŸ«£ face with peeking eye
ğŸ¤« shushing face <small>(quiet, shush)</small>
ğŸ¤” thinking face <small>(face, thinking)</small>
ğŸ«¡ saluting face
ğŸ¤ zipper-mouth face <small>(face, mouth, zipper)</small>
ğŸ¤¨ face with raised eyebrow <small>(distrust, skeptic)</small>
ğŸ˜ neutral face <small>(deadpan, face, meh, neutral)</small>
ğŸ˜‘ expressionless face <small>(expressionless, face, inexpressive, meh, unexpressive)</small>
ğŸ˜¶ face without mouth <small>(face, mouth, quiet, silent)</small>
ğŸ«¥ dotted line face
ğŸ˜¶â€ğŸŒ«ï¸ face in clouds
ğŸ˜ smirking face <small>(face, smirk)</small>
ğŸ˜’ unamused face <small>(face, unamused, unhappy)</small>
ğŸ™„ face with rolling eyes <small>(eyeroll, eyes, face, rolling)</small>
ğŸ˜¬ grimacing face <small>(face, grimace)</small>
ğŸ˜®â€ğŸ’¨ face exhaling
ğŸ¤¥ lying face <small>(face, lie, pinocchio)</small>
ğŸ˜Œ relieved face <small>(face, relieved)</small>
ğŸ˜” pensive face <small>(dejected, face, pensive)</small>
ğŸ˜ª sleepy face <small>(face, sleep)</small>
ğŸ¤¤ drooling face <small>(drooling, face)</small>
ğŸ˜´ sleeping face <small>(face, sleep, zzz)</small>
ğŸ˜· face with medical mask <small>(cold, doctor, face, mask, sick)</small>
ğŸ¤’ face with thermometer <small>(face, ill, sick, thermometer)</small>
ğŸ¤• face with head-bandage <small>(bandage, face, hurt, injury)</small>
ğŸ¤¢ nauseated face <small>(face, nauseated, vomit)</small>
ğŸ¤® face vomiting <small>(sick, vomit)</small>
ğŸ¤§ sneezing face <small>(face, gesundheit, sneeze)</small>
ğŸ¥µ hot face <small>(feverish, heat stroke, hot, red-faced, sweating)</small>
ğŸ¥¶ cold face <small>(blue-faced, cold, freezing, frostbite, icicles)</small>
ğŸ¥´ woozy face <small>(dizzy, intoxicated, tipsy, uneven eyes, wavy mouth)</small>
ğŸ˜µ face with crossed-out eyes <small>(dizzy, face)</small>
ğŸ˜µâ€ğŸ’« face with spiral eyes
ğŸ¤¯ exploding head <small>(mind blown, shocked)</small>
ğŸ¤  cowboy hat face <small>(cowboy, cowgirl, face, hat)</small>
ğŸ¥³ partying face <small>(celebration, hat, horn, party)</small>
ğŸ¥¸ disguised face <small>(disguise, face, glasses, incognito, nose)</small>
ğŸ˜ smiling face with sunglasses <small>(bright, cool, face, sun, sunglasses)</small>
ğŸ¤“ nerd face <small>(face, geek, nerd)</small>
ğŸ§ face with monocle <small>(stuffy)</small>
ğŸ˜• confused face <small>(confused, face, meh)</small>
ğŸ«¤ face with diagonal mouth
ğŸ˜Ÿ worried face <small>(face, worried)</small>
ğŸ™ slightly frowning face <small>(face, frown)</small>
â˜¹ frowning face <small>(face, frown)</small>
ğŸ˜® face with open mouth <small>(face, mouth, open, sympathy)</small>
ğŸ˜¯ hushed face <small>(face, hushed, stunned, surprised)</small>
ğŸ˜² astonished face <small>(astonished, face, shocked, totally)</small>
ğŸ˜³ flushed face <small>(dazed, face, flushed)</small>
ğŸ¥º pleading face <small>(begging, mercy, puppy eyes)</small>
ğŸ¥¹ face holding back tears
ğŸ˜¦ frowning face with open mouth <small>(face, frown, mouth, open)</small>
ğŸ˜§ anguished face <small>(anguished, face)</small>
ğŸ˜¨ fearful face <small>(face, fear, fearful, scared)</small>
ğŸ˜° anxious face with sweat <small>(blue, cold, face, rushed, sweat)</small>
ğŸ˜¥ sad but relieved face <small>(disappointed, face, relieved, whew)</small>
ğŸ˜¢ crying face <small>(cry, face, sad, tear)</small>
ğŸ˜­ loudly crying face <small>(cry, face, sad, sob, tear)</small>
ğŸ˜± face screaming in fear <small>(face, fear, munch, scared, scream)</small>
ğŸ˜– confounded face <small>(confounded, face)</small>
ğŸ˜£ persevering face <small>(face, persevere)</small>
ğŸ˜ disappointed face <small>(disappointed, face)</small>
ğŸ˜“ downcast face with sweat <small>(cold, face, sweat)</small>
ğŸ˜© weary face <small>(face, tired, weary)</small>
ğŸ˜« tired face <small>(face, tired)</small>
ğŸ¥± yawning face <small>(bored, tired, yawn)</small>
ğŸ˜¤ face with steam from nose <small>(face, triumph, won)</small>
ğŸ˜¡ pouting face <small>(angry, face, mad, pouting, rage, red)</small>
ğŸ˜  angry face <small>(angry, face, mad)</small>
ğŸ¤¬ face with symbols on mouth <small>(swearing)</small>
ğŸ˜ˆ smiling face with horns <small>(face, fairy tale, fantasy, horns, smile)</small>
ğŸ‘¿ angry face with horns <small>(demon, devil, face, fantasy, imp)</small>
ğŸ’€ skull <small>(death, face, fairy tale, monster)</small>
â˜  skull and crossbones <small>(crossbones, death, face, monster, skull)</small>
ğŸ’© pile of poo <small>(dung, face, monster, poo, poop)</small>
ğŸ¤¡ clown face <small>(clown, face)</small>
ğŸ‘¹ ogre <small>(creature, face, fairy tale, fantasy, monster)</small>
ğŸ‘º goblin <small>(creature, face, fairy tale, fantasy, monster)</small>
ğŸ‘» ghost <small>(creature, face, fairy tale, fantasy, monster)</small>
ğŸ‘½ alien <small>(creature, extraterrestrial, face, fantasy, ufo)</small>
ğŸ‘¾ alien monster <small>(alien, creature, extraterrestrial, face, monster, ufo)</small>
ğŸ¤– robot <small>(face, monster)</small>
ğŸ˜º grinning cat <small>(cat, face, grinning, mouth, open, smile)</small>
ğŸ˜¸ grinning cat with smiling eyes <small>(cat, eye, face, grin, smile)</small>
ğŸ˜¹ cat with tears of joy <small>(cat, face, joy, tear)</small>
ğŸ˜» smiling cat with heart-eyes <small>(cat, eye, face, heart, love, smile)</small>
ğŸ˜¼ cat with wry smile <small>(cat, face, ironic, smile, wry)</small>
ğŸ˜½ kissing cat <small>(cat, eye, face, kiss)</small>
ğŸ™€ weary cat <small>(cat, face, oh, surprised, weary)</small>
ğŸ˜¿ crying cat <small>(cat, cry, face, sad, tear)</small>
ğŸ˜¾ pouting cat <small>(cat, face, pouting)</small>
ğŸ™ˆ see-no-evil monkey <small>(evil, face, forbidden, monkey, see)</small>
ğŸ™‰ hear-no-evil monkey <small>(evil, face, forbidden, hear, monkey)</small>
ğŸ™Š speak-no-evil monkey <small>(evil, face, forbidden, monkey, speak)</small>
ğŸ’‹ kiss mark <small>(kiss, lips)</small>
ğŸ’Œ love letter <small>(heart, letter, love, mail)</small>
ğŸ’˜ heart with arrow <small>(arrow, cupid)</small>
ğŸ’ heart with ribbon <small>(ribbon, valentine)</small>
ğŸ’– sparkling heart <small>(excited, sparkle)</small>
ğŸ’— growing heart <small>(excited, growing, nervous, pulse)</small>
ğŸ’“ beating heart <small>(beating, heartbeat, pulsating)</small>
ğŸ’ revolving hearts <small>(revolving)</small>
ğŸ’• two hearts <small>(love)</small>
ğŸ’Ÿ heart decoration <small>(heart)</small>
â£ heart exclamation <small>(exclamation, mark, punctuation)</small>
ğŸ’” broken heart <small>(break, broken)</small>
â¤ï¸â€ğŸ”¥ heart on fire
â¤ï¸â€ğŸ©¹ mending heart
â¤ red heart <small>(heart)</small>
ğŸ§¡ orange heart <small>(orange)</small>
ğŸ’› yellow heart <small>(yellow)</small>
ğŸ’š green heart <small>(green)</small>
ğŸ’™ blue heart <small>(blue)</small>
ğŸ’œ purple heart <small>(purple)</small>
ğŸ¤ brown heart <small>(brown, heart)</small>
ğŸ–¤ black heart <small>(black, evil, wicked)</small>
ğŸ¤ white heart <small>(heart, white)</small>
ğŸ’¯ hundred points <small>(100, full, hundred, score)</small>
ğŸ’¢ anger symbol <small>(angry, comic, mad)</small>
ğŸ’¥ collision <small>(boom, comic)</small>
ğŸ’« dizzy <small>(comic, star)</small>
ğŸ’¦ sweat droplets <small>(comic, splashing, sweat)</small>
ğŸ’¨ dashing away <small>(comic, dash, running)</small>
ğŸ•³ hole <small>()</small>
ğŸ’£ bomb <small>(comic)</small>
ğŸ’¬ speech balloon <small>(balloon, bubble, comic, dialog, speech)</small>
ğŸ‘ï¸â€ğŸ—¨ï¸ eye in speech bubble
ğŸ—¨ left speech bubble <small>(dialog, speech)</small>
ğŸ—¯ right anger bubble <small>(angry, balloon, bubble, mad)</small>
ğŸ’­ thought balloon <small>(balloon, bubble, comic, thought)</small>
ğŸ’¤ zzz <small>(comic, sleep)</small>
ğŸ‘‹ waving hand <small>(hand, wave, waving)</small>
ğŸ¤š raised back of hand <small>(backhand, raised)</small>
ğŸ– hand with fingers splayed <small>(finger, hand, splayed)</small>
âœ‹ raised hand <small>(hand)</small>
ğŸ–– vulcan salute <small>(finger, hand, spock, vulcan)</small>
ğŸ«± rightwards hand
ğŸ«² leftwards hand
ğŸ«³ palm down hand
ğŸ«´ palm up hand
ğŸ‘Œ OK hand <small>(hand, OK)</small>
ğŸ¤Œ pinched fingers <small>(fingers, hand gesture, interrogation, pinched, sarcastic)</small>
ğŸ¤ pinching hand <small>(small amount)</small>
âœŒ victory hand <small>(hand, v, victory)</small>
ğŸ¤ crossed fingers <small>(cross, finger, hand, luck)</small>
ğŸ«° hand with index finger and thumb crossed
ğŸ¤Ÿ love-you gesture <small>(hand, ILY)</small>
ğŸ¤˜ sign of the horns <small>(finger, hand, horns, rock-on)</small>
ğŸ¤™ call me hand <small>(call, hand)</small>
ğŸ‘ˆ backhand index pointing left <small>(backhand, finger, hand, index, point)</small>
ğŸ‘‰ backhand index pointing right <small>(backhand, finger, hand, index, point)</small>
ğŸ‘† backhand index pointing up <small>(backhand, finger, hand, point, up)</small>
ğŸ–• middle finger <small>(finger, hand)</small>
ğŸ‘‡ backhand index pointing down <small>(backhand, down, finger, hand, point)</small>
â˜ index pointing up <small>(finger, hand, index, point, up)</small>
ğŸ«µ index pointing at the viewer
ğŸ‘ thumbs up <small>(+1, hand, thumb, up)</small>
ğŸ‘ thumbs down <small>(-1, down, hand, thumb)</small>
âœŠ raised fist <small>(clenched, fist, hand, punch)</small>
ğŸ‘Š oncoming fist <small>(clenched, fist, hand, punch)</small>
ğŸ¤› left-facing fist <small>(fist, leftwards)</small>
ğŸ¤œ right-facing fist <small>(fist, rightwards)</small>
ğŸ‘ clapping hands <small>(clap, hand)</small>
ğŸ™Œ raising hands <small>(celebration, gesture, hand, hooray, raised)</small>
ğŸ«¶ heart hands
ğŸ‘ open hands <small>(hand, open)</small>
ğŸ¤² palms up together <small>(prayer)</small>
ğŸ¤ handshake <small>(agreement, hand, meeting, shake)</small>
ğŸ™ folded hands <small>(ask, hand, please, pray, thanks)</small>
âœ writing hand <small>(hand, write)</small>
ğŸ’… nail polish <small>(care, cosmetics, manicure, nail, polish)</small>
ğŸ¤³ selfie <small>(camera, phone)</small>
ğŸ’ª flexed biceps <small>(biceps, comic, flex, muscle)</small>
ğŸ¦¾ mechanical arm <small>(accessibility, prosthetic)</small>
ğŸ¦¿ mechanical leg <small>(accessibility, prosthetic)</small>
ğŸ¦µ leg <small>(kick, limb)</small>
ğŸ¦¶ foot <small>(kick, stomp)</small>
ğŸ‘‚ ear <small>(body)</small>
ğŸ¦» ear with hearing aid <small>(accessibility, hard of hearing)</small>
ğŸ‘ƒ nose <small>(body)</small>
ğŸ§  brain <small>(intelligent)</small>
ğŸ«€ anatomical heart <small>(anatomical, cardiology, heart, organ, pulse)</small>
ğŸ« lungs <small>(breath, exhalation, inhalation, organ, respiration)</small>
ğŸ¦· tooth <small>(dentist)</small>
ğŸ¦´ bone <small>(skeleton)</small>
ğŸ‘€ eyes <small>(eye, face)</small>
ğŸ‘ eye <small>(body)</small>
ğŸ‘… tongue <small>(body)</small>
ğŸ‘„ mouth <small>(lips)</small>
ğŸ«¦ biting lip
ğŸ‘¶ baby <small>(young)</small>
ğŸ§’ child <small>(gender-neutral, unspecified gender, young)</small>
ğŸ‘¦ boy <small>(young)</small>
ğŸ‘§ girl <small>(Virgo, young, zodiac)</small>
ğŸ§‘ person <small>(adult, gender-neutral, unspecified gender)</small>
ğŸ‘± person: blond hair <small>(blond, blond-haired person, hair)</small>
ğŸ‘¨ man <small>(adult)</small>
ğŸ§” person: beard <small>(beard, man, man: beard, person)</small>
ğŸ§”â€â™‚ï¸ man: beard
ğŸ§”â€â™€ï¸ woman: beard
ğŸ‘¨â€ğŸ¦° man: red hair
ğŸ‘¨â€ğŸ¦± man: curly hair
ğŸ‘¨â€ğŸ¦³ man: white hair
ğŸ‘¨â€ğŸ¦² man: bald
ğŸ‘© woman <small>(adult)</small>
ğŸ‘©â€ğŸ¦° woman: red hair
ğŸ§‘â€ğŸ¦° person: red hair
ğŸ‘©â€ğŸ¦± woman: curly hair
ğŸ§‘â€ğŸ¦± person: curly hair
ğŸ‘©â€ğŸ¦³ woman: white hair
ğŸ§‘â€ğŸ¦³ person: white hair
ğŸ‘©â€ğŸ¦² woman: bald
ğŸ§‘â€ğŸ¦² person: bald
ğŸ‘±â€â™€ï¸ woman: blond hair
ğŸ‘±â€â™‚ï¸ man: blond hair
ğŸ§“ older person <small>(adult, gender-neutral, old, unspecified gender)</small>
ğŸ‘´ old man <small>(adult, man, old)</small>
ğŸ‘µ old woman <small>(adult, old, woman)</small>
ğŸ™ person frowning <small>(frown, gesture)</small>
ğŸ™â€â™‚ï¸ man frowning
ğŸ™â€â™€ï¸ woman frowning
ğŸ™ person pouting <small>(gesture, pouting)</small>
ğŸ™â€â™‚ï¸ man pouting
ğŸ™â€â™€ï¸ woman pouting
ğŸ™… person gesturing NO <small>(forbidden, gesture, hand, prohibited)</small>
ğŸ™…â€â™‚ï¸ man gesturing NO
ğŸ™…â€â™€ï¸ woman gesturing NO
ğŸ™† person gesturing OK <small>(gesture, hand, OK)</small>
ğŸ™†â€â™‚ï¸ man gesturing OK
ğŸ™†â€â™€ï¸ woman gesturing OK
ğŸ’ person tipping hand <small>(hand, help, information, sassy, tipping)</small>
ğŸ’â€â™‚ï¸ man tipping hand
ğŸ’â€â™€ï¸ woman tipping hand
ğŸ™‹ person raising hand <small>(gesture, hand, happy, raised)</small>
ğŸ™‹â€â™‚ï¸ man raising hand
ğŸ™‹â€â™€ï¸ woman raising hand
ğŸ§ deaf person <small>(accessibility, deaf, ear, hear)</small>
ğŸ§â€â™‚ï¸ deaf man
ğŸ§â€â™€ï¸ deaf woman
ğŸ™‡ person bowing <small>(apology, bow, gesture, sorry)</small>
ğŸ™‡â€â™‚ï¸ man bowing
ğŸ™‡â€â™€ï¸ woman bowing
ğŸ¤¦ person facepalming <small>(disbelief, exasperation, face, palm)</small>
ğŸ¤¦â€â™‚ï¸ man facepalming
ğŸ¤¦â€â™€ï¸ woman facepalming
ğŸ¤· person shrugging <small>(doubt, ignorance, indifference, shrug)</small>
ğŸ¤·â€â™‚ï¸ man shrugging
ğŸ¤·â€â™€ï¸ woman shrugging
ğŸ§‘â€âš•ï¸ health worker
ğŸ‘¨â€âš•ï¸ man health worker
ğŸ‘©â€âš•ï¸ woman health worker
ğŸ§‘â€ğŸ“ student <small>(graduate)</small>
ğŸ‘¨â€ğŸ“ man student <small>(graduate, man, student)</small>
ğŸ‘©â€ğŸ“ woman student <small>(graduate, student, woman)</small>
ğŸ§‘â€ğŸ« teacher <small>(instructor, professor)</small>
ğŸ‘¨â€ğŸ« man teacher <small>(instructor, man, professor, teacher)</small>
ğŸ‘©â€ğŸ« woman teacher <small>(instructor, professor, teacher, woman)</small>
ğŸ§‘â€âš–ï¸ judge
ğŸ‘¨â€âš–ï¸ man judge
ğŸ‘©â€âš–ï¸ woman judge
ğŸ§‘â€ğŸŒ¾ farmer <small>(gardener, rancher)</small>
ğŸ‘¨â€ğŸŒ¾ man farmer <small>(farmer, gardener, man, rancher)</small>
ğŸ‘©â€ğŸŒ¾ woman farmer <small>(farmer, gardener, rancher, woman)</small>
ğŸ§‘â€ğŸ³ cook <small>(chef)</small>
ğŸ‘¨â€ğŸ³ man cook <small>(chef, cook, man)</small>
ğŸ‘©â€ğŸ³ woman cook <small>(chef, cook, woman)</small>
ğŸ§‘â€ğŸ”§ mechanic <small>(electrician, plumber, tradesperson)</small>
ğŸ‘¨â€ğŸ”§ man mechanic <small>(electrician, man, mechanic, plumber, tradesperson)</small>
ğŸ‘©â€ğŸ”§ woman mechanic <small>(electrician, mechanic, plumber, tradesperson, woman)</small>
ğŸ§‘â€ğŸ­ factory worker <small>(assembly, factory, industrial, worker)</small>
ğŸ‘¨â€ğŸ­ man factory worker <small>(assembly, factory, industrial, man, worker)</small>
ğŸ‘©â€ğŸ­ woman factory worker <small>(assembly, factory, industrial, woman, worker)</small>
ğŸ§‘â€ğŸ’¼ office worker <small>(architect, business, manager, white-collar)</small>
ğŸ‘¨â€ğŸ’¼ man office worker <small>(architect, business, man, manager, white-collar)</small>
ğŸ‘©â€ğŸ’¼ woman office worker <small>(architect, business, manager, white-collar, woman)</small>
ğŸ§‘â€ğŸ”¬ scientist <small>(biologist, chemist, engineer, physicist)</small>
ğŸ‘¨â€ğŸ”¬ man scientist <small>(biologist, chemist, engineer, man, physicist, scientist)</small>
ğŸ‘©â€ğŸ”¬ woman scientist <small>(biologist, chemist, engineer, physicist, scientist, woman)</small>
ğŸ§‘â€ğŸ’» technologist <small>(coder, developer, inventor, software)</small>
ğŸ‘¨â€ğŸ’» man technologist <small>(coder, developer, inventor, man, software, technologist)</small>
ğŸ‘©â€ğŸ’» woman technologist <small>(coder, developer, inventor, software, technologist, woman)</small>
ğŸ§‘â€ğŸ¤ singer <small>(actor, entertainer, rock, star)</small>
ğŸ‘¨â€ğŸ¤ man singer <small>(actor, entertainer, man, rock, singer, star)</small>
ğŸ‘©â€ğŸ¤ woman singer <small>(actor, entertainer, rock, singer, star, woman)</small>
ğŸ§‘â€ğŸ¨ artist <small>(palette)</small>
ğŸ‘¨â€ğŸ¨ man artist <small>(artist, man, palette)</small>
ğŸ‘©â€ğŸ¨ woman artist <small>(artist, palette, woman)</small>
ğŸ§‘â€âœˆï¸ pilot
ğŸ‘¨â€âœˆï¸ man pilot
ğŸ‘©â€âœˆï¸ woman pilot
ğŸ§‘â€ğŸš€ astronaut <small>(rocket)</small>
ğŸ‘¨â€ğŸš€ man astronaut <small>(astronaut, man, rocket)</small>
ğŸ‘©â€ğŸš€ woman astronaut <small>(astronaut, rocket, woman)</small>
ğŸ§‘â€ğŸš’ firefighter <small>(firetruck)</small>
ğŸ‘¨â€ğŸš’ man firefighter <small>(firefighter, firetruck, man)</small>
ğŸ‘©â€ğŸš’ woman firefighter <small>(firefighter, firetruck, woman)</small>
ğŸ‘® police officer <small>(cop, officer, police)</small>
ğŸ‘®â€â™‚ï¸ man police officer
ğŸ‘®â€â™€ï¸ woman police officer
ğŸ•µ detective <small>(sleuth, spy)</small>
ğŸ•µï¸â€â™‚ï¸ man detective
ğŸ•µï¸â€â™€ï¸ woman detective
ğŸ’‚ guard <small>()</small>
ğŸ’‚â€â™‚ï¸ man guard
ğŸ’‚â€â™€ï¸ woman guard
ğŸ¥· ninja <small>(fighter, hidden, stealth)</small>
ğŸ‘· construction worker <small>(construction, hat, worker)</small>
ğŸ‘·â€â™‚ï¸ man construction worker
ğŸ‘·â€â™€ï¸ woman construction worker
ğŸ«… person with crown
ğŸ¤´ prince <small>()</small>
ğŸ‘¸ princess <small>(fairy tale, fantasy)</small>
ğŸ‘³ person wearing turban <small>(turban)</small>
ğŸ‘³â€â™‚ï¸ man wearing turban
ğŸ‘³â€â™€ï¸ woman wearing turban
ğŸ‘² person with skullcap <small>(cap, gua pi mao, hat, person, skullcap)</small>
ğŸ§• woman with headscarf <small>(headscarf, hijab, mantilla, tichel)</small>
ğŸ¤µ person in tuxedo <small>(groom, person, tuxedo)</small>
ğŸ¤µâ€â™‚ï¸ man in tuxedo
ğŸ¤µâ€â™€ï¸ woman in tuxedo
ğŸ‘° person with veil <small>(bride, person, veil, wedding)</small>
ğŸ‘°â€â™‚ï¸ man with veil
ğŸ‘°â€â™€ï¸ woman with veil
ğŸ¤° pregnant woman <small>(pregnant, woman)</small>
ğŸ«ƒ pregnant man
ğŸ«„ pregnant person
ğŸ¤± breast-feeding <small>(baby, breast, nursing)</small>
ğŸ‘©â€ğŸ¼ woman feeding baby <small>(baby, feeding, nursing, woman)</small>
ğŸ‘¨â€ğŸ¼ man feeding baby <small>(baby, feeding, man, nursing)</small>
ğŸ§‘â€ğŸ¼ person feeding baby <small>(baby, feeding, nursing, person)</small>
ğŸ‘¼ baby angel <small>(angel, baby, face, fairy tale, fantasy)</small>
ğŸ… Santa Claus <small>(celebration, Christmas, claus, father, santa)</small>
ğŸ¤¶ Mrs. Claus <small>(celebration, Christmas, claus, mother, Mrs.)</small>
ğŸ§‘â€ğŸ„ mx claus <small>(Claus, christmas)</small>
ğŸ¦¸ superhero <small>(good, hero, heroine, superpower)</small>
ğŸ¦¸â€â™‚ï¸ man superhero
ğŸ¦¸â€â™€ï¸ woman superhero
ğŸ¦¹ supervillain <small>(criminal, evil, superpower, villain)</small>
ğŸ¦¹â€â™‚ï¸ man supervillain
ğŸ¦¹â€â™€ï¸ woman supervillain
ğŸ§™ mage <small>(sorcerer, sorceress, witch, wizard)</small>
ğŸ§™â€â™‚ï¸ man mage
ğŸ§™â€â™€ï¸ woman mage
ğŸ§š fairy <small>(Oberon, Puck, Titania)</small>
ğŸ§šâ€â™‚ï¸ man fairy
ğŸ§šâ€â™€ï¸ woman fairy
ğŸ§› vampire <small>(Dracula, undead)</small>
ğŸ§›â€â™‚ï¸ man vampire
ğŸ§›â€â™€ï¸ woman vampire
ğŸ§œ merperson <small>(mermaid, merman, merwoman)</small>
ğŸ§œâ€â™‚ï¸ merman
ğŸ§œâ€â™€ï¸ mermaid
ğŸ§ elf <small>(magical)</small>
ğŸ§â€â™‚ï¸ man elf
ğŸ§â€â™€ï¸ woman elf
ğŸ§ genie <small>(djinn)</small>
ğŸ§â€â™‚ï¸ man genie
ğŸ§â€â™€ï¸ woman genie
ğŸ§Ÿ zombie <small>(undead, walking dead)</small>
ğŸ§Ÿâ€â™‚ï¸ man zombie
ğŸ§Ÿâ€â™€ï¸ woman zombie
ğŸ§Œ troll
ğŸ’† person getting massage <small>(face, massage, salon)</small>
ğŸ’†â€â™‚ï¸ man getting massage
ğŸ’†â€â™€ï¸ woman getting massage
ğŸ’‡ person getting haircut <small>(barber, beauty, haircut, parlor)</small>
ğŸ’‡â€â™‚ï¸ man getting haircut
ğŸ’‡â€â™€ï¸ woman getting haircut
ğŸš¶ person walking <small>(hike, walk, walking)</small>
ğŸš¶â€â™‚ï¸ man walking
ğŸš¶â€â™€ï¸ woman walking
ğŸ§ person standing <small>(stand, standing)</small>
ğŸ§â€â™‚ï¸ man standing
ğŸ§â€â™€ï¸ woman standing
ğŸ§ person kneeling <small>(kneel, kneeling)</small>
ğŸ§â€â™‚ï¸ man kneeling
ğŸ§â€â™€ï¸ woman kneeling
ğŸ§‘â€ğŸ¦¯ person with white cane <small>(accessibility, blind)</small>
ğŸ‘¨â€ğŸ¦¯ man with white cane <small>(accessibility, blind, man)</small>
ğŸ‘©â€ğŸ¦¯ woman with white cane <small>(accessibility, blind, woman)</small>
ğŸ§‘â€ğŸ¦¼ person in motorized wheelchair <small>(accessibility, wheelchair)</small>
ğŸ‘¨â€ğŸ¦¼ man in motorized wheelchair <small>(accessibility, man, wheelchair)</small>
ğŸ‘©â€ğŸ¦¼ woman in motorized wheelchair <small>(accessibility, wheelchair, woman)</small>
ğŸ§‘â€ğŸ¦½ person in manual wheelchair <small>(accessibility, wheelchair)</small>
ğŸ‘¨â€ğŸ¦½ man in manual wheelchair <small>(accessibility, man, wheelchair)</small>
ğŸ‘©â€ğŸ¦½ woman in manual wheelchair <small>(accessibility, wheelchair, woman)</small>
ğŸƒ person running <small>(marathon, running)</small>
ğŸƒâ€â™‚ï¸ man running
ğŸƒâ€â™€ï¸ woman running
ğŸ’ƒ woman dancing <small>(dancing, woman)</small>
ğŸ•º man dancing <small>(dance, man)</small>
ğŸ•´ person in suit levitating <small>(business, person, suit)</small>
ğŸ‘¯ people with bunny ears <small>(bunny ear, dancer, partying)</small>
ğŸ‘¯â€â™‚ï¸ men with bunny ears
ğŸ‘¯â€â™€ï¸ women with bunny ears
ğŸ§– person in steamy room <small>(sauna, steam room)</small>
ğŸ§–â€â™‚ï¸ man in steamy room
ğŸ§–â€â™€ï¸ woman in steamy room
ğŸ§— person climbing <small>(climber)</small>
ğŸ§—â€â™‚ï¸ man climbing
ğŸ§—â€â™€ï¸ woman climbing
ğŸ¤º person fencing <small>(fencer, fencing, sword)</small>
ğŸ‡ horse racing <small>(horse, jockey, racehorse, racing)</small>
â›· skier <small>(ski, snow)</small>
ğŸ‚ snowboarder <small>(ski, snow, snowboard)</small>
ğŸŒ person golfing <small>(ball, golf)</small>
ğŸŒï¸â€â™‚ï¸ man golfing
ğŸŒï¸â€â™€ï¸ woman golfing
ğŸ„ person surfing <small>(surfing)</small>
ğŸ„â€â™‚ï¸ man surfing
ğŸ„â€â™€ï¸ woman surfing
ğŸš£ person rowing boat <small>(boat, rowboat)</small>
ğŸš£â€â™‚ï¸ man rowing boat
ğŸš£â€â™€ï¸ woman rowing boat
ğŸŠ person swimming <small>(swim)</small>
ğŸŠâ€â™‚ï¸ man swimming
ğŸŠâ€â™€ï¸ woman swimming
â›¹ person bouncing ball <small>(ball)</small>
â›¹ï¸â€â™‚ï¸ man bouncing ball
â›¹ï¸â€â™€ï¸ woman bouncing ball
ğŸ‹ person lifting weights <small>(lifter, weight)</small>
ğŸ‹ï¸â€â™‚ï¸ man lifting weights
ğŸ‹ï¸â€â™€ï¸ woman lifting weights
ğŸš´ person biking <small>(bicycle, biking, cyclist)</small>
ğŸš´â€â™‚ï¸ man biking
ğŸš´â€â™€ï¸ woman biking
ğŸšµ person mountain biking <small>(bicycle, bicyclist, bike, cyclist, mountain)</small>
ğŸšµâ€â™‚ï¸ man mountain biking
ğŸšµâ€â™€ï¸ woman mountain biking
ğŸ¤¸ person cartwheeling <small>(cartwheel, gymnastics)</small>
ğŸ¤¸â€â™‚ï¸ man cartwheeling
ğŸ¤¸â€â™€ï¸ woman cartwheeling
ğŸ¤¼ people wrestling <small>(wrestle, wrestler)</small>
ğŸ¤¼â€â™‚ï¸ men wrestling
ğŸ¤¼â€â™€ï¸ women wrestling
ğŸ¤½ person playing water polo <small>(polo, water)</small>
ğŸ¤½â€â™‚ï¸ man playing water polo
ğŸ¤½â€â™€ï¸ woman playing water polo
ğŸ¤¾ person playing handball <small>(ball, handball)</small>
ğŸ¤¾â€â™‚ï¸ man playing handball
ğŸ¤¾â€â™€ï¸ woman playing handball
ğŸ¤¹ person juggling <small>(balance, juggle, multitask, skill)</small>
ğŸ¤¹â€â™‚ï¸ man juggling
ğŸ¤¹â€â™€ï¸ woman juggling
ğŸ§˜ person in lotus position <small>(meditation, yoga)</small>
ğŸ§˜â€â™‚ï¸ man in lotus position
ğŸ§˜â€â™€ï¸ woman in lotus position
ğŸ›€ person taking bath <small>(bath, bathtub)</small>
ğŸ›Œ person in bed <small>(hotel, sleep)</small>
ğŸ§‘â€ğŸ¤â€ğŸ§‘ people holding hands <small>(couple, hand, hold, holding hands, person)</small>
ğŸ‘­ women holding hands <small>(couple, hand, holding hands, women)</small>
ğŸ‘« woman and man holding hands <small>(couple, hand, hold, holding hands, man, woman)</small>
ğŸ‘¬ men holding hands <small>(couple, Gemini, holding hands, man, men, twins, zodiac)</small>
ğŸ’ kiss <small>(couple)</small>
ğŸ‘©â€â¤ï¸â€ğŸ’‹â€ğŸ‘¨ kiss: woman, man
ğŸ‘¨â€â¤ï¸â€ğŸ’‹â€ğŸ‘¨ kiss: man, man
ğŸ‘©â€â¤ï¸â€ğŸ’‹â€ğŸ‘© kiss: woman, woman
ğŸ’‘ couple with heart <small>(couple, love)</small>
ğŸ‘©â€â¤ï¸â€ğŸ‘¨ couple with heart: woman, man
ğŸ‘¨â€â¤ï¸â€ğŸ‘¨ couple with heart: man, man
ğŸ‘©â€â¤ï¸â€ğŸ‘© couple with heart: woman, woman
ğŸ‘ª family <small>()</small>
ğŸ‘¨â€ğŸ‘©â€ğŸ‘¦ family: man, woman, boy
ğŸ‘¨â€ğŸ‘©â€ğŸ‘§ family: man, woman, girl
ğŸ‘¨â€ğŸ‘©â€ğŸ‘§â€ğŸ‘¦ family: man, woman, girl, boy
ğŸ‘¨â€ğŸ‘©â€ğŸ‘¦â€ğŸ‘¦ family: man, woman, boy, boy
ğŸ‘¨â€ğŸ‘©â€ğŸ‘§â€ğŸ‘§ family: man, woman, girl, girl
ğŸ‘¨â€ğŸ‘¨â€ğŸ‘¦ family: man, man, boy
ğŸ‘¨â€ğŸ‘¨â€ğŸ‘§ family: man, man, girl
ğŸ‘¨â€ğŸ‘¨â€ğŸ‘§â€ğŸ‘¦ family: man, man, girl, boy
ğŸ‘¨â€ğŸ‘¨â€ğŸ‘¦â€ğŸ‘¦ family: man, man, boy, boy
ğŸ‘¨â€ğŸ‘¨â€ğŸ‘§â€ğŸ‘§ family: man, man, girl, girl
ğŸ‘©â€ğŸ‘©â€ğŸ‘¦ family: woman, woman, boy
ğŸ‘©â€ğŸ‘©â€ğŸ‘§ family: woman, woman, girl
ğŸ‘©â€ğŸ‘©â€ğŸ‘§â€ğŸ‘¦ family: woman, woman, girl, boy
ğŸ‘©â€ğŸ‘©â€ğŸ‘¦â€ğŸ‘¦ family: woman, woman, boy, boy
ğŸ‘©â€ğŸ‘©â€ğŸ‘§â€ğŸ‘§ family: woman, woman, girl, girl
ğŸ‘¨â€ğŸ‘¦ family: man, boy
ğŸ‘¨â€ğŸ‘¦â€ğŸ‘¦ family: man, boy, boy
ğŸ‘¨â€ğŸ‘§ family: man, girl
ğŸ‘¨â€ğŸ‘§â€ğŸ‘¦ family: man, girl, boy
ğŸ‘¨â€ğŸ‘§â€ğŸ‘§ family: man, girl, girl
ğŸ‘©â€ğŸ‘¦ family: woman, boy
ğŸ‘©â€ğŸ‘¦â€ğŸ‘¦ family: woman, boy, boy
ğŸ‘©â€ğŸ‘§ family: woman, girl
ğŸ‘©â€ğŸ‘§â€ğŸ‘¦ family: woman, girl, boy
ğŸ‘©â€ğŸ‘§â€ğŸ‘§ family: woman, girl, girl
ğŸ—£ speaking head <small>(face, head, silhouette, speak, speaking)</small>
ğŸ‘¤ bust in silhouette <small>(bust, silhouette)</small>
ğŸ‘¥ busts in silhouette <small>(bust, silhouette)</small>
ğŸ«‚ people hugging <small>(goodbye, hello, hug, thanks)</small>
ğŸ‘£ footprints <small>(clothing, footprint, print)</small>
ğŸ¦° red hair <small>(ginger, redhead)</small>
ğŸ¦± curly hair <small>(afro, curly, ringlets)</small>
ğŸ¦³ white hair <small>(gray, hair, old, white)</small>
ğŸ¦² bald <small>(chemotherapy, hairless, no hair, shaven)</small>
ğŸµ monkey face <small>(face, monkey)</small>
ğŸ’ monkey <small>()</small>
ğŸ¦ gorilla <small>()</small>
ğŸ¦§ orangutan <small>(ape)</small>
ğŸ¶ dog face <small>(dog, face, pet)</small>
ğŸ• dog <small>(pet)</small>
ğŸ¦® guide dog <small>(accessibility, blind, guide)</small>
ğŸ•â€ğŸ¦º service dog <small>(accessibility, assistance, dog, service)</small>
ğŸ© poodle <small>(dog)</small>
ğŸº wolf <small>(face)</small>
ğŸ¦Š fox <small>(face)</small>
ğŸ¦ raccoon <small>(curious, sly)</small>
ğŸ± cat face <small>(cat, face, pet)</small>
ğŸˆ cat <small>(pet)</small>
ğŸˆâ€â¬› black cat <small>(black, cat, unlucky)</small>
ğŸ¦ lion <small>(face, Leo, zodiac)</small>
ğŸ¯ tiger face <small>(face, tiger)</small>
ğŸ… tiger <small>()</small>
ğŸ† leopard <small>()</small>
ğŸ´ horse face <small>(face, horse)</small>
ğŸ horse <small>(equestrian, racehorse, racing)</small>
ğŸ¦„ unicorn <small>(face)</small>
ğŸ¦“ zebra <small>(stripe)</small>
ğŸ¦Œ deer <small>()</small>
ğŸ¦¬ bison <small>(buffalo, herd, wisent)</small>
ğŸ® cow face <small>(cow, face)</small>
ğŸ‚ ox <small>(bull, Taurus, zodiac)</small>
ğŸƒ water buffalo <small>(buffalo, water)</small>
ğŸ„ cow <small>()</small>
ğŸ· pig face <small>(face, pig)</small>
ğŸ– pig <small>(sow)</small>
ğŸ— boar <small>(pig)</small>
ğŸ½ pig nose <small>(face, nose, pig)</small>
ğŸ ram <small>(Aries, male, sheep, zodiac)</small>
ğŸ‘ ewe <small>(female, sheep)</small>
ğŸ goat <small>(Capricorn, zodiac)</small>
ğŸª camel <small>(dromedary, hump)</small>
ğŸ« two-hump camel <small>(bactrian, camel, hump)</small>
ğŸ¦™ llama <small>(alpaca, guanaco, vicuÃ±a, wool)</small>
ğŸ¦’ giraffe <small>(spots)</small>
ğŸ˜ elephant <small>()</small>
ğŸ¦£ mammoth <small>(extinction, large, tusk, woolly)</small>
ğŸ¦ rhinoceros <small>()</small>
ğŸ¦› hippopotamus <small>(hippo)</small>
ğŸ­ mouse face <small>(face, mouse)</small>
ğŸ mouse <small>()</small>
ğŸ€ rat <small>()</small>
ğŸ¹ hamster <small>(face, pet)</small>
ğŸ° rabbit face <small>(bunny, face, pet, rabbit)</small>
ğŸ‡ rabbit <small>(bunny, pet)</small>
ğŸ¿ chipmunk <small>(squirrel)</small>
ğŸ¦« beaver <small>(dam)</small>
ğŸ¦” hedgehog <small>(spiny)</small>
ğŸ¦‡ bat <small>(vampire)</small>
ğŸ» bear <small>(face)</small>
ğŸ»â€â„ï¸ polar bear
ğŸ¨ koala <small>(bear)</small>
ğŸ¼ panda <small>(face)</small>
ğŸ¦¥ sloth <small>(lazy, slow)</small>
ğŸ¦¦ otter <small>(fishing, playful)</small>
ğŸ¦¨ skunk <small>(stink)</small>
ğŸ¦˜ kangaroo <small>(Australia, joey, jump, marsupial)</small>
ğŸ¦¡ badger <small>(honey badger, pester)</small>
ğŸ¾ paw prints <small>(feet, paw, print)</small>
ğŸ¦ƒ turkey <small>(bird)</small>
ğŸ” chicken <small>(bird)</small>
ğŸ“ rooster <small>(bird)</small>
ğŸ£ hatching chick <small>(baby, bird, chick, hatching)</small>
ğŸ¤ baby chick <small>(baby, bird, chick)</small>
ğŸ¥ front-facing baby chick <small>(baby, bird, chick)</small>
ğŸ¦ bird <small>()</small>
ğŸ§ penguin <small>(bird)</small>
ğŸ•Š dove <small>(bird, fly, peace)</small>
ğŸ¦… eagle <small>(bird)</small>
ğŸ¦† duck <small>(bird)</small>
ğŸ¦¢ swan <small>(bird, cygnet, ugly duckling)</small>
ğŸ¦‰ owl <small>(bird, wise)</small>
ğŸ¦¤ dodo <small>(extinction, large, Mauritius)</small>
ğŸª¶ feather <small>(bird, flight, light, plumage)</small>
ğŸ¦© flamingo <small>(flamboyant, tropical)</small>
ğŸ¦š peacock <small>(bird, ostentatious, peahen, proud)</small>
ğŸ¦œ parrot <small>(bird, pirate, talk)</small>
ğŸ¸ frog <small>(face)</small>
ğŸŠ crocodile <small>()</small>
ğŸ¢ turtle <small>(terrapin, tortoise)</small>
ğŸ¦ lizard <small>(reptile)</small>
ğŸ snake <small>(bearer, Ophiuchus, serpent, zodiac)</small>
ğŸ² dragon face <small>(dragon, face, fairy tale)</small>
ğŸ‰ dragon <small>(fairy tale)</small>
ğŸ¦• sauropod <small>(brachiosaurus, brontosaurus, diplodocus)</small>
ğŸ¦– T-Rex <small>(Tyrannosaurus Rex)</small>
ğŸ³ spouting whale <small>(face, spouting, whale)</small>
ğŸ‹ whale <small>()</small>
ğŸ¬ dolphin <small>(flipper)</small>
ğŸ¦­ seal <small>(sea Lion)</small>
ğŸŸ fish <small>(Pisces, zodiac)</small>
ğŸ  tropical fish <small>(fish, tropical)</small>
ğŸ¡ blowfish <small>(fish)</small>
ğŸ¦ˆ shark <small>(fish)</small>
ğŸ™ octopus <small>()</small>
ğŸš spiral shell <small>(shell, spiral)</small>
ğŸª¸ coral
ğŸŒ snail <small>()</small>
ğŸ¦‹ butterfly <small>(insect, pretty)</small>
ğŸ› bug <small>(insect)</small>
ğŸœ ant <small>(insect)</small>
ğŸ honeybee <small>(bee, insect)</small>
ğŸª² beetle <small>(bug, insect)</small>
ğŸ lady beetle <small>(beetle, insect, ladybird, ladybug)</small>
ğŸ¦— cricket <small>(grasshopper)</small>
ğŸª³ cockroach <small>(insect, pest, roach)</small>
ğŸ•· spider <small>(insect)</small>
ğŸ•¸ spider web <small>(spider, web)</small>
ğŸ¦‚ scorpion <small>(scorpio, Scorpio, zodiac)</small>
ğŸ¦Ÿ mosquito <small>(disease, fever, malaria, pest, virus)</small>
ğŸª° fly <small>(disease, maggot, pest, rotting)</small>
ğŸª± worm <small>(annelid, earthworm, parasite)</small>
ğŸ¦  microbe <small>(amoeba, bacteria, virus)</small>
ğŸ’ bouquet <small>(flower)</small>
ğŸŒ¸ cherry blossom <small>(blossom, cherry, flower)</small>
ğŸ’® white flower <small>(flower)</small>
ğŸª· lotus
ğŸµ rosette <small>(plant)</small>
ğŸŒ¹ rose <small>(flower)</small>
ğŸ¥€ wilted flower <small>(flower, wilted)</small>
ğŸŒº hibiscus <small>(flower)</small>
ğŸŒ» sunflower <small>(flower, sun)</small>
ğŸŒ¼ blossom <small>(flower)</small>
ğŸŒ· tulip <small>(flower)</small>
ğŸŒ± seedling <small>(young)</small>
ğŸª´ potted plant <small>(boring, grow, house, nurturing, plant, useless)</small>
ğŸŒ² evergreen tree <small>(tree)</small>
ğŸŒ³ deciduous tree <small>(deciduous, shedding, tree)</small>
ğŸŒ´ palm tree <small>(palm, tree)</small>
ğŸŒµ cactus <small>(plant)</small>
ğŸŒ¾ sheaf of rice <small>(ear, grain, rice)</small>
ğŸŒ¿ herb <small>(leaf)</small>
â˜˜ shamrock <small>(plant)</small>
ğŸ€ four leaf clover <small>(4, clover, four, four-leaf clover, leaf)</small>
ğŸ maple leaf <small>(falling, leaf, maple)</small>
ğŸ‚ fallen leaf <small>(falling, leaf)</small>
ğŸƒ leaf fluttering in wind <small>(blow, flutter, leaf, wind)</small>
ğŸª¹ empty nest
ğŸªº nest with eggs
ğŸ‡ grapes <small>(fruit, grape)</small>
ğŸˆ melon <small>(fruit)</small>
ğŸ‰ watermelon <small>(fruit)</small>
ğŸŠ tangerine <small>(fruit, orange)</small>
ğŸ‹ lemon <small>(citrus, fruit)</small>
ğŸŒ banana <small>(fruit)</small>
ğŸ pineapple <small>(fruit)</small>
ğŸ¥­ mango <small>(fruit, tropical)</small>
ğŸ red apple <small>(apple, fruit, red)</small>
ğŸ green apple <small>(apple, fruit, green)</small>
ğŸ pear <small>(fruit)</small>
ğŸ‘ peach <small>(fruit)</small>
ğŸ’ cherries <small>(berries, cherry, fruit, red)</small>
ğŸ“ strawberry <small>(berry, fruit)</small>
ğŸ« blueberries <small>(berry, bilberry, blue, blueberry)</small>
ğŸ¥ kiwi fruit <small>(food, fruit, kiwi)</small>
ğŸ… tomato <small>(fruit, vegetable)</small>
ğŸ«’ olive <small>(food)</small>
ğŸ¥¥ coconut <small>(palm, piÃ±a colada)</small>
ğŸ¥‘ avocado <small>(food, fruit)</small>
ğŸ† eggplant <small>(aubergine, vegetable)</small>
ğŸ¥” potato <small>(food, vegetable)</small>
ğŸ¥• carrot <small>(food, vegetable)</small>
ğŸŒ½ ear of corn <small>(corn, ear, maize, maze)</small>
ğŸŒ¶ hot pepper <small>(hot, pepper)</small>
ğŸ«‘ bell pepper <small>(capsicum, pepper, vegetable)</small>
ğŸ¥’ cucumber <small>(food, pickle, vegetable)</small>
ğŸ¥¬ leafy green <small>(bok choy, cabbage, kale, lettuce)</small>
ğŸ¥¦ broccoli <small>(wild cabbage)</small>
ğŸ§„ garlic <small>(flavoring)</small>
ğŸ§… onion <small>(flavoring)</small>
ğŸ„ mushroom <small>(toadstool)</small>
ğŸ¥œ peanuts <small>(food, nut, peanut, vegetable)</small>
ğŸ«˜ beans
ğŸŒ° chestnut <small>(plant)</small>
ğŸ bread <small>(loaf)</small>
ğŸ¥ croissant <small>(bread, breakfast, food, french, roll)</small>
ğŸ¥– baguette bread <small>(baguette, bread, food, french)</small>
ğŸ«“ flatbread <small>(arepa, lavash, naan, pita)</small>
ğŸ¥¨ pretzel <small>(twisted)</small>
ğŸ¥¯ bagel <small>(bakery, breakfast, schmear)</small>
ğŸ¥ pancakes <small>(breakfast, crÃªpe, food, hotcake, pancake)</small>
ğŸ§‡ waffle <small>(breakfast, indecisive, iron)</small>
ğŸ§€ cheese wedge <small>(cheese)</small>
ğŸ– meat on bone <small>(bone, meat)</small>
ğŸ— poultry leg <small>(bone, chicken, drumstick, leg, poultry)</small>
ğŸ¥© cut of meat <small>(chop, lambchop, porkchop, steak)</small>
ğŸ¥“ bacon <small>(breakfast, food, meat)</small>
ğŸ” hamburger <small>(burger)</small>
ğŸŸ french fries <small>(french, fries)</small>
ğŸ• pizza <small>(cheese, slice)</small>
ğŸŒ­ hot dog <small>(frankfurter, hotdog, sausage)</small>
ğŸ¥ª sandwich <small>(bread)</small>
ğŸŒ® taco <small>(mexican)</small>
ğŸŒ¯ burrito <small>(mexican, wrap)</small>
ğŸ«” tamale <small>(mexican, wrapped)</small>
ğŸ¥™ stuffed flatbread <small>(falafel, flatbread, food, gyro, kebab, stuffed)</small>
ğŸ§† falafel <small>(chickpea, meatball)</small>
ğŸ¥š egg <small>(breakfast, food)</small>
ğŸ³ cooking <small>(breakfast, egg, frying, pan)</small>
ğŸ¥˜ shallow pan of food <small>(casserole, food, paella, pan, shallow)</small>
ğŸ² pot of food <small>(pot, stew)</small>
ğŸ«• fondue <small>(cheese, chocolate, melted, pot, Swiss)</small>
ğŸ¥£ bowl with spoon <small>(breakfast, cereal, congee)</small>
ğŸ¥— green salad <small>(food, green, salad)</small>
ğŸ¿ popcorn <small>()</small>
ğŸ§ˆ butter <small>(dairy)</small>
ğŸ§‚ salt <small>(condiment, shaker)</small>
ğŸ¥« canned food <small>(can)</small>
ğŸ± bento box <small>(bento, box)</small>
ğŸ˜ rice cracker <small>(cracker, rice)</small>
ğŸ™ rice ball <small>(ball, Japanese, rice)</small>
ğŸš cooked rice <small>(cooked, rice)</small>
ğŸ› curry rice <small>(curry, rice)</small>
ğŸœ steaming bowl <small>(bowl, noodle, ramen, steaming)</small>
ğŸ spaghetti <small>(pasta)</small>
ğŸ  roasted sweet potato <small>(potato, roasted, sweet)</small>
ğŸ¢ oden <small>(kebab, seafood, skewer, stick)</small>
ğŸ£ sushi <small>()</small>
ğŸ¤ fried shrimp <small>(fried, prawn, shrimp, tempura)</small>
ğŸ¥ fish cake with swirl <small>(cake, fish, pastry, swirl)</small>
ğŸ¥® moon cake <small>(autumn, festival, yuÃ¨bÇng)</small>
ğŸ¡ dango <small>(dessert, Japanese, skewer, stick, sweet)</small>
ğŸ¥Ÿ dumpling <small>(empanada, gyÅza, jiaozi, pierogi, potsticker)</small>
ğŸ¥  fortune cookie <small>(prophecy)</small>
ğŸ¥¡ takeout box <small>(oyster pail)</small>
ğŸ¦€ crab <small>(Cancer, zodiac)</small>
ğŸ¦ lobster <small>(bisque, claws, seafood)</small>
ğŸ¦ shrimp <small>(food, shellfish, small)</small>
ğŸ¦‘ squid <small>(food, molusc)</small>
ğŸ¦ª oyster <small>(diving, pearl)</small>
ğŸ¦ soft ice cream <small>(cream, dessert, ice, icecream, soft, sweet)</small>
ğŸ§ shaved ice <small>(dessert, ice, shaved, sweet)</small>
ğŸ¨ ice cream <small>(cream, dessert, ice, sweet)</small>
ğŸ© doughnut <small>(breakfast, dessert, donut, sweet)</small>
ğŸª cookie <small>(dessert, sweet)</small>
ğŸ‚ birthday cake <small>(birthday, cake, celebration, dessert, pastry, sweet)</small>
ğŸ° shortcake <small>(cake, dessert, pastry, slice, sweet)</small>
ğŸ§ cupcake <small>(bakery, sweet)</small>
ğŸ¥§ pie <small>(filling, pastry)</small>
ğŸ« chocolate bar <small>(bar, chocolate, dessert, sweet)</small>
ğŸ¬ candy <small>(dessert, sweet)</small>
ğŸ­ lollipop <small>(candy, dessert, sweet)</small>
ğŸ® custard <small>(dessert, pudding, sweet)</small>
ğŸ¯ honey pot <small>(honey, honeypot, pot, sweet)</small>
ğŸ¼ baby bottle <small>(baby, bottle, drink, milk)</small>
ğŸ¥› glass of milk <small>(drink, glass, milk)</small>
â˜• hot beverage <small>(beverage, coffee, drink, hot, steaming, tea)</small>
ğŸ«– teapot <small>(drink, pot, tea)</small>
ğŸµ teacup without handle <small>(beverage, cup, drink, tea, teacup)</small>
ğŸ¶ sake <small>(bar, beverage, bottle, cup, drink)</small>
ğŸ¾ bottle with popping cork <small>(bar, bottle, cork, drink, popping)</small>
ğŸ· wine glass <small>(bar, beverage, drink, glass, wine)</small>
ğŸ¸ cocktail glass <small>(bar, cocktail, drink, glass)</small>
ğŸ¹ tropical drink <small>(bar, drink, tropical)</small>
ğŸº beer mug <small>(bar, beer, drink, mug)</small>
ğŸ» clinking beer mugs <small>(bar, beer, clink, drink, mug)</small>
ğŸ¥‚ clinking glasses <small>(celebrate, clink, drink, glass)</small>
ğŸ¥ƒ tumbler glass <small>(glass, liquor, shot, tumbler, whisky)</small>
ğŸ«— pouring liquid
ğŸ¥¤ cup with straw <small>(juice, soda)</small>
ğŸ§‹ bubble tea <small>(bubble, milk, pearl, tea)</small>
ğŸ§ƒ beverage box <small>(beverage, box, juice, straw, sweet)</small>
ğŸ§‰ mate <small>(drink)</small>
ğŸ§Š ice <small>(cold, ice cube, iceberg)</small>
ğŸ¥¢ chopsticks <small>(hashi)</small>
ğŸ½ fork and knife with plate <small>(cooking, fork, knife, plate)</small>
ğŸ´ fork and knife <small>(cooking, cutlery, fork, knife)</small>
ğŸ¥„ spoon <small>(tableware)</small>
ğŸ”ª kitchen knife <small>(cooking, hocho, knife, tool, weapon)</small>
ğŸ«™ jar
ğŸº amphora <small>(Aquarius, cooking, drink, jug, zodiac)</small>
ğŸŒ globe showing Europe-Africa <small>(Africa, earth, Europe, globe, world)</small>
ğŸŒ globe showing Americas <small>(Americas, earth, globe, world)</small>
ğŸŒ globe showing Asia-Australia <small>(Asia, Australia, earth, globe, world)</small>
ğŸŒ globe with meridians <small>(earth, globe, meridians, world)</small>
ğŸ—º world map <small>(map, world)</small>
ğŸ—¾ map of Japan <small>(Japan, map)</small>
ğŸ§­ compass <small>(magnetic, navigation, orienteering)</small>
ğŸ” snow-capped mountain <small>(cold, mountain, snow)</small>
â›° mountain <small>()</small>
ğŸŒ‹ volcano <small>(eruption, mountain)</small>
ğŸ—» mount fuji <small>(fuji, mountain)</small>
ğŸ• camping <small>()</small>
ğŸ– beach with umbrella <small>(beach, umbrella)</small>
ğŸœ desert <small>()</small>
ğŸ desert island <small>(desert, island)</small>
ğŸ national park <small>(park)</small>
ğŸŸ stadium <small>()</small>
ğŸ› classical building <small>(classical)</small>
ğŸ— building construction <small>(construction)</small>
ğŸ§± brick <small>(bricks, clay, mortar, wall)</small>
ğŸª¨ rock <small>(boulder, heavy, solid, stone)</small>
ğŸªµ wood <small>(log, lumber, timber)</small>
ğŸ›– hut <small>(house, roundhouse, yurt)</small>
ğŸ˜ houses <small>()</small>
ğŸš derelict house <small>(derelict, house)</small>
ğŸ  house <small>(home)</small>
ğŸ¡ house with garden <small>(garden, home, house)</small>
ğŸ¢ office building <small>(building)</small>
ğŸ£ Japanese post office <small>(Japanese, post)</small>
ğŸ¤ post office <small>(European, post)</small>
ğŸ¥ hospital <small>(doctor, medicine)</small>
ğŸ¦ bank <small>(building)</small>
ğŸ¨ hotel <small>(building)</small>
ğŸ© love hotel <small>(hotel, love)</small>
ğŸª convenience store <small>(convenience, store)</small>
ğŸ« school <small>(building)</small>
ğŸ¬ department store <small>(department, store)</small>
ğŸ­ factory <small>(building)</small>
ğŸ¯ Japanese castle <small>(castle, Japanese)</small>
ğŸ° castle <small>(European)</small>
ğŸ’’ wedding <small>(chapel, romance)</small>
ğŸ—¼ Tokyo tower <small>(Tokyo, tower)</small>
ğŸ—½ Statue of Liberty <small>(liberty, statue)</small>
â›ª church <small>(Christian, cross, religion)</small>
ğŸ•Œ mosque <small>(islam, Muslim, religion)</small>
ğŸ›• hindu temple <small>(hindu, temple)</small>
ğŸ• synagogue <small>(Jew, Jewish, religion, temple)</small>
â›© shinto shrine <small>(religion, shinto, shrine)</small>
ğŸ•‹ kaaba <small>(islam, Muslim, religion)</small>
â›² fountain <small>()</small>
â›º tent <small>(camping)</small>
ğŸŒ foggy <small>(fog)</small>
ğŸŒƒ night with stars <small>(night, star)</small>
ğŸ™ cityscape <small>(city)</small>
ğŸŒ„ sunrise over mountains <small>(morning, mountain, sun, sunrise)</small>
ğŸŒ… sunrise <small>(morning, sun)</small>
ğŸŒ† cityscape at dusk <small>(city, dusk, evening, landscape, sunset)</small>
ğŸŒ‡ sunset <small>(dusk, sun)</small>
ğŸŒ‰ bridge at night <small>(bridge, night)</small>
â™¨ hot springs <small>(hot, hotsprings, springs, steaming)</small>
ğŸ  carousel horse <small>(carousel, horse)</small>
ğŸ› playground slide
ğŸ¡ ferris wheel <small>(amusement park, ferris, wheel)</small>
ğŸ¢ roller coaster <small>(amusement park, coaster, roller)</small>
ğŸ’ˆ barber pole <small>(barber, haircut, pole)</small>
ğŸª circus tent <small>(circus, tent)</small>
ğŸš‚ locomotive <small>(engine, railway, steam, train)</small>
ğŸšƒ railway car <small>(car, electric, railway, train, tram, trolleybus)</small>
ğŸš„ high-speed train <small>(railway, shinkansen, speed, train)</small>
ğŸš… bullet train <small>(bullet, railway, shinkansen, speed, train)</small>
ğŸš† train <small>(railway)</small>
ğŸš‡ metro <small>(subway)</small>
ğŸšˆ light rail <small>(railway)</small>
ğŸš‰ station <small>(railway, train)</small>
ğŸšŠ tram <small>(trolleybus)</small>
ğŸš monorail <small>(vehicle)</small>
ğŸš mountain railway <small>(car, mountain, railway)</small>
ğŸš‹ tram car <small>(car, tram, trolleybus)</small>
ğŸšŒ bus <small>(vehicle)</small>
ğŸš oncoming bus <small>(bus, oncoming)</small>
ğŸš trolleybus <small>(bus, tram, trolley)</small>
ğŸš minibus <small>(bus)</small>
ğŸš‘ ambulance <small>(vehicle)</small>
ğŸš’ fire engine <small>(engine, fire, truck)</small>
ğŸš“ police car <small>(car, patrol, police)</small>
ğŸš” oncoming police car <small>(car, oncoming, police)</small>
ğŸš• taxi <small>(vehicle)</small>
ğŸš– oncoming taxi <small>(oncoming, taxi)</small>
ğŸš— automobile <small>(car)</small>
ğŸš˜ oncoming automobile <small>(automobile, car, oncoming)</small>
ğŸš™ sport utility vehicle <small>(recreational, sport utility)</small>
ğŸ›» pickup truck <small>(pick-up, pickup, truck)</small>
ğŸšš delivery truck <small>(delivery, truck)</small>
ğŸš› articulated lorry <small>(lorry, semi, truck)</small>
ğŸšœ tractor <small>(vehicle)</small>
ğŸ racing car <small>(car, racing)</small>
ğŸ motorcycle <small>(racing)</small>
ğŸ›µ motor scooter <small>(motor, scooter)</small>
ğŸ¦½ manual wheelchair <small>(accessibility)</small>
ğŸ¦¼ motorized wheelchair <small>(accessibility)</small>
ğŸ›º auto rickshaw <small>(tuk tuk)</small>
ğŸš² bicycle <small>(bike)</small>
ğŸ›´ kick scooter <small>(kick, scooter)</small>
ğŸ›¹ skateboard <small>(board)</small>
ğŸ›¼ roller skate <small>(roller, skate)</small>
ğŸš bus stop <small>(bus, busstop, stop)</small>
ğŸ›£ motorway <small>(highway, road)</small>
ğŸ›¤ railway track <small>(railway, train)</small>
ğŸ›¢ oil drum <small>(drum, oil)</small>
â›½ fuel pump <small>(diesel, fuel, fuelpump, gas, pump, station)</small>
ğŸ› wheel
ğŸš¨ police car light <small>(beacon, car, light, police, revolving)</small>
ğŸš¥ horizontal traffic light <small>(light, signal, traffic)</small>
ğŸš¦ vertical traffic light <small>(light, signal, traffic)</small>
ğŸ›‘ stop sign <small>(octagonal, sign, stop)</small>
ğŸš§ construction <small>(barrier)</small>
âš“ anchor <small>(ship, tool)</small>
ğŸ›Ÿ ring buoy
â›µ sailboat <small>(boat, resort, sea, yacht)</small>
ğŸ›¶ canoe <small>(boat)</small>
ğŸš¤ speedboat <small>(boat)</small>
ğŸ›³ passenger ship <small>(passenger, ship)</small>
â›´ ferry <small>(boat, passenger)</small>
ğŸ›¥ motor boat <small>(boat, motorboat)</small>
ğŸš¢ ship <small>(boat, passenger)</small>
âœˆ airplane <small>(aeroplane)</small>
ğŸ›© small airplane <small>(aeroplane, airplane)</small>
ğŸ›« airplane departure <small>(aeroplane, airplane, check-in, departure, departures)</small>
ğŸ›¬ airplane arrival <small>(aeroplane, airplane, arrivals, arriving, landing)</small>
ğŸª‚ parachute <small>(hang-glide, parasail, skydive)</small>
ğŸ’º seat <small>(chair)</small>
ğŸš helicopter <small>(vehicle)</small>
ğŸšŸ suspension railway <small>(railway, suspension)</small>
ğŸš  mountain cableway <small>(cable, gondola, mountain)</small>
ğŸš¡ aerial tramway <small>(aerial, cable, car, gondola, tramway)</small>
ğŸ›° satellite <small>(space)</small>
ğŸš€ rocket <small>(space)</small>
ğŸ›¸ flying saucer <small>(UFO)</small>
ğŸ› bellhop bell <small>(bell, bellhop, hotel)</small>
ğŸ§³ luggage <small>(packing, travel)</small>
âŒ› hourglass done <small>(sand, timer)</small>
â³ hourglass not done <small>(hourglass, sand, timer)</small>
âŒš watch <small>(clock)</small>
â° alarm clock <small>(alarm, clock)</small>
â± stopwatch <small>(clock)</small>
â² timer clock <small>(clock, timer)</small>
ğŸ•° mantelpiece clock <small>(clock)</small>
ğŸ•› twelve oâ€™clock <small>(00, 12, 12:00, clock, oâ€™clock, twelve)</small>
ğŸ•§ twelve-thirty <small>(12, 12:30, clock, thirty, twelve)</small>
ğŸ• one oâ€™clock <small>(00, 1, 1:00, clock, oâ€™clock, one)</small>
ğŸ•œ one-thirty <small>(1, 1:30, clock, one, thirty)</small>
ğŸ•‘ two oâ€™clock <small>(00, 2, 2:00, clock, oâ€™clock, two)</small>
ğŸ• two-thirty <small>(2, 2:30, clock, thirty, two)</small>
ğŸ•’ three oâ€™clock <small>(00, 3, 3:00, clock, oâ€™clock, three)</small>
ğŸ• three-thirty <small>(3, 3:30, clock, thirty, three)</small>
ğŸ•“ four oâ€™clock <small>(00, 4, 4:00, clock, four, oâ€™clock)</small>
ğŸ•Ÿ four-thirty <small>(4, 4:30, clock, four, thirty)</small>
ğŸ•” five oâ€™clock <small>(00, 5, 5:00, clock, five, oâ€™clock)</small>
ğŸ•  five-thirty <small>(5, 5:30, clock, five, thirty)</small>
ğŸ•• six oâ€™clock <small>(00, 6, 6:00, clock, oâ€™clock, six)</small>
ğŸ•¡ six-thirty <small>(6, 6:30, clock, six, thirty)</small>
ğŸ•– seven oâ€™clock <small>(00, 7, 7:00, clock, oâ€™clock, seven)</small>
ğŸ•¢ seven-thirty <small>(7, 7:30, clock, seven, thirty)</small>
ğŸ•— eight oâ€™clock <small>(00, 8, 8:00, clock, eight, oâ€™clock)</small>
ğŸ•£ eight-thirty <small>(8, 8:30, clock, eight, thirty)</small>
ğŸ•˜ nine oâ€™clock <small>(00, 9, 9:00, clock, nine, oâ€™clock)</small>
ğŸ•¤ nine-thirty <small>(9, 9:30, clock, nine, thirty)</small>
ğŸ•™ ten oâ€™clock <small>(00, 10, 10:00, clock, oâ€™clock, ten)</small>
ğŸ•¥ ten-thirty <small>(10, 10:30, clock, ten, thirty)</small>
ğŸ•š eleven oâ€™clock <small>(00, 11, 11:00, clock, eleven, oâ€™clock)</small>
ğŸ•¦ eleven-thirty <small>(11, 11:30, clock, eleven, thirty)</small>
ğŸŒ‘ new moon <small>(dark, moon)</small>
ğŸŒ’ waxing crescent moon <small>(crescent, moon, waxing)</small>
ğŸŒ“ first quarter moon <small>(moon, quarter)</small>
ğŸŒ” waxing gibbous moon <small>(gibbous, moon, waxing)</small>
ğŸŒ• full moon <small>(full, moon)</small>
ğŸŒ– waning gibbous moon <small>(gibbous, moon, waning)</small>
ğŸŒ— last quarter moon <small>(moon, quarter)</small>
ğŸŒ˜ waning crescent moon <small>(crescent, moon, waning)</small>
ğŸŒ™ crescent moon <small>(crescent, moon)</small>
ğŸŒš new moon face <small>(face, moon)</small>
ğŸŒ› first quarter moon face <small>(face, moon, quarter)</small>
ğŸŒœ last quarter moon face <small>(face, moon, quarter)</small>
ğŸŒ¡ thermometer <small>(weather)</small>
â˜€ sun <small>(bright, rays, sunny)</small>
ğŸŒ full moon face <small>(bright, face, full, moon)</small>
ğŸŒ sun with face <small>(bright, face, sun)</small>
ğŸª ringed planet <small>(saturn, saturnine)</small>
â­ star <small>()</small>
ğŸŒŸ glowing star <small>(glittery, glow, shining, sparkle, star)</small>
ğŸŒ  shooting star <small>(falling, shooting, star)</small>
ğŸŒŒ milky way <small>(space)</small>
â˜ cloud <small>(weather)</small>
â›… sun behind cloud <small>(cloud, sun)</small>
â›ˆ cloud with lightning and rain <small>(cloud, rain, thunder)</small>
ğŸŒ¤ sun behind small cloud <small>(cloud, sun)</small>
ğŸŒ¥ sun behind large cloud <small>(cloud, sun)</small>
ğŸŒ¦ sun behind rain cloud <small>(cloud, rain, sun)</small>
ğŸŒ§ cloud with rain <small>(cloud, rain)</small>
ğŸŒ¨ cloud with snow <small>(cloud, cold, snow)</small>
ğŸŒ© cloud with lightning <small>(cloud, lightning)</small>
ğŸŒª tornado <small>(cloud, whirlwind)</small>
ğŸŒ« fog <small>(cloud)</small>
ğŸŒ¬ wind face <small>(blow, cloud, face, wind)</small>
ğŸŒ€ cyclone <small>(dizzy, hurricane, twister, typhoon)</small>
ğŸŒˆ rainbow <small>(rain)</small>
ğŸŒ‚ closed umbrella <small>(clothing, rain, umbrella)</small>
â˜‚ umbrella <small>(clothing, rain)</small>
â˜” umbrella with rain drops <small>(clothing, drop, rain, umbrella)</small>
â›± umbrella on ground <small>(rain, sun, umbrella)</small>
âš¡ high voltage <small>(danger, electric, lightning, voltage, zap)</small>
â„ snowflake <small>(cold, snow)</small>
â˜ƒ snowman <small>(cold, snow)</small>
â›„ snowman without snow <small>(cold, snow, snowman)</small>
â˜„ comet <small>(space)</small>
ğŸ”¥ fire <small>(flame, tool)</small>
ğŸ’§ droplet <small>(cold, comic, drop, sweat)</small>
ğŸŒŠ water wave <small>(ocean, water, wave)</small>
ğŸƒ jack-o-lantern <small>(celebration, halloween, jack, lantern)</small>
ğŸ„ Christmas tree <small>(celebration, Christmas, tree)</small>
ğŸ† fireworks <small>(celebration)</small>
ğŸ‡ sparkler <small>(celebration, fireworks, sparkle)</small>
ğŸ§¨ firecracker <small>(dynamite, explosive, fireworks)</small>
âœ¨ sparkles <small>(*, sparkle, star)</small>
ğŸˆ balloon <small>(celebration)</small>
ğŸ‰ party popper <small>(celebration, party, popper, tada)</small>
ğŸŠ confetti ball <small>(ball, celebration, confetti)</small>
ğŸ‹ tanabata tree <small>(banner, celebration, Japanese, tree)</small>
ğŸ pine decoration <small>(bamboo, celebration, Japanese, pine)</small>
ğŸ Japanese dolls <small>(celebration, doll, festival, Japanese)</small>
ğŸ carp streamer <small>(carp, celebration, streamer)</small>
ğŸ wind chime <small>(bell, celebration, chime, wind)</small>
ğŸ‘ moon viewing ceremony <small>(celebration, ceremony, moon)</small>
ğŸ§§ red envelope <small>(gift, good luck, hÃ³ngbÄo, lai see, money)</small>
ğŸ€ ribbon <small>(celebration)</small>
ğŸ wrapped gift <small>(box, celebration, gift, present, wrapped)</small>
ğŸ— reminder ribbon <small>(celebration, reminder, ribbon)</small>
ğŸŸ admission tickets <small>(admission, ticket)</small>
ğŸ« ticket <small>(admission)</small>
ğŸ– military medal <small>(celebration, medal, military)</small>
ğŸ† trophy <small>(prize)</small>
ğŸ… sports medal <small>(medal)</small>
ğŸ¥‡ 1st place medal <small>(first, gold, medal)</small>
ğŸ¥ˆ 2nd place medal <small>(medal, second, silver)</small>
ğŸ¥‰ 3rd place medal <small>(bronze, medal, third)</small>
âš½ soccer ball <small>(ball, football, soccer)</small>
âš¾ baseball <small>(ball)</small>
ğŸ¥ softball <small>(ball, glove, underarm)</small>
ğŸ€ basketball <small>(ball, hoop)</small>
ğŸ volleyball <small>(ball, game)</small>
ğŸˆ american football <small>(american, ball, football)</small>
ğŸ‰ rugby football <small>(ball, football, rugby)</small>
ğŸ¾ tennis <small>(ball, racquet)</small>
ğŸ¥ flying disc <small>(ultimate)</small>
ğŸ³ bowling <small>(ball, game)</small>
ğŸ cricket game <small>(ball, bat, game)</small>
ğŸ‘ field hockey <small>(ball, field, game, hockey, stick)</small>
ğŸ’ ice hockey <small>(game, hockey, ice, puck, stick)</small>
ğŸ¥ lacrosse <small>(ball, goal, stick)</small>
ğŸ“ ping pong <small>(ball, bat, game, paddle, table tennis)</small>
ğŸ¸ badminton <small>(birdie, game, racquet, shuttlecock)</small>
ğŸ¥Š boxing glove <small>(boxing, glove)</small>
ğŸ¥‹ martial arts uniform <small>(judo, karate, martial arts, taekwondo, uniform)</small>
ğŸ¥… goal net <small>(goal, net)</small>
â›³ flag in hole <small>(golf, hole)</small>
â›¸ ice skate <small>(ice, skate)</small>
ğŸ£ fishing pole <small>(fish, pole)</small>
ğŸ¤¿ diving mask <small>(diving, scuba, snorkeling)</small>
ğŸ½ running shirt <small>(athletics, running, sash, shirt)</small>
ğŸ¿ skis <small>(ski, snow)</small>
ğŸ›· sled <small>(sledge, sleigh)</small>
ğŸ¥Œ curling stone <small>(game, rock)</small>
ğŸ¯ bullseye <small>(dart, direct hit, game, hit, target)</small>
ğŸª€ yo-yo <small>(fluctuate, toy)</small>
ğŸª kite <small>(fly, soar)</small>
ğŸ± pool 8 ball <small>(8, ball, billiard, eight, game)</small>
ğŸ”® crystal ball <small>(ball, crystal, fairy tale, fantasy, fortune, tool)</small>
ğŸª„ magic wand <small>(magic, witch, wizard)</small>
ğŸ§¿ nazar amulet <small>(bead, charm, evil-eye, nazar, talisman)</small>
ğŸª¬ hamsa
ğŸ® video game <small>(controller, game)</small>
ğŸ•¹ joystick <small>(game, video game)</small>
ğŸ° slot machine <small>(game, slot)</small>
ğŸ² game die <small>(dice, die, game)</small>
ğŸ§© puzzle piece <small>(clue, interlocking, jigsaw, piece, puzzle)</small>
ğŸ§¸ teddy bear <small>(plaything, plush, stuffed, toy)</small>
ğŸª… piÃ±ata <small>(celebration, party)</small>
ğŸª© mirror ball
ğŸª† nesting dolls <small>(doll, nesting, russia)</small>
â™  spade suit <small>(card, game)</small>
â™¥ heart suit <small>(card, game)</small>
â™¦ diamond suit <small>(card, game)</small>
â™£ club suit <small>(card, game)</small>
â™Ÿ chess pawn <small>(chess, dupe, expendable)</small>
ğŸƒ joker <small>(card, game, wildcard)</small>
ğŸ€„ mahjong red dragon <small>(game, mahjong, red)</small>
ğŸ´ flower playing cards <small>(card, flower, game, Japanese, playing)</small>
ğŸ­ performing arts <small>(art, mask, performing, theater, theatre)</small>
ğŸ–¼ framed picture <small>(art, frame, museum, painting, picture)</small>
ğŸ¨ artist palette <small>(art, museum, painting, palette)</small>
ğŸ§µ thread <small>(needle, sewing, spool, string)</small>
ğŸª¡ sewing needle <small>(embroidery, needle, sewing, stitches, sutures, tailoring)</small>
ğŸ§¶ yarn <small>(ball, crochet, knit)</small>
ğŸª¢ knot <small>(rope, tangled, tie, twine, twist)</small>
ğŸ‘“ glasses <small>(clothing, eye, eyeglasses, eyewear)</small>
ğŸ•¶ sunglasses <small>(dark, eye, eyewear, glasses)</small>
ğŸ¥½ goggles <small>(eye protection, swimming, welding)</small>
ğŸ¥¼ lab coat <small>(doctor, experiment, scientist)</small>
ğŸ¦º safety vest <small>(emergency, safety, vest)</small>
ğŸ‘” necktie <small>(clothing, tie)</small>
ğŸ‘• t-shirt <small>(clothing, shirt, tshirt)</small>
ğŸ‘– jeans <small>(clothing, pants, trousers)</small>
ğŸ§£ scarf <small>(neck)</small>
ğŸ§¤ gloves <small>(hand)</small>
ğŸ§¥ coat <small>(jacket)</small>
ğŸ§¦ socks <small>(stocking)</small>
ğŸ‘— dress <small>(clothing)</small>
ğŸ‘˜ kimono <small>(clothing)</small>
ğŸ¥» sari <small>(clothing, dress)</small>
ğŸ©± one-piece swimsuit <small>(bathing suit)</small>
ğŸ©² briefs <small>(bathing suit, one-piece, swimsuit, underwear)</small>
ğŸ©³ shorts <small>(bathing suit, pants, underwear)</small>
ğŸ‘™ bikini <small>(clothing, swim)</small>
ğŸ‘š womanâ€™s clothes <small>(clothing, woman)</small>
ğŸ‘› purse <small>(clothing, coin)</small>
ğŸ‘œ handbag <small>(bag, clothing, purse)</small>
ğŸ‘ clutch bag <small>(bag, clothing, pouch)</small>
ğŸ› shopping bags <small>(bag, hotel, shopping)</small>
ğŸ’ backpack <small>(bag, rucksack, satchel, school)</small>
ğŸ©´ thong sandal <small>(beach sandals, sandals, thong sandals, thongs, zÅri)</small>
ğŸ‘ manâ€™s shoe <small>(clothing, man, shoe)</small>
ğŸ‘Ÿ running shoe <small>(athletic, clothing, shoe, sneaker)</small>
ğŸ¥¾ hiking boot <small>(backpacking, boot, camping, hiking)</small>
ğŸ¥¿ flat shoe <small>(ballet flat, slip-on, slipper)</small>
ğŸ‘  high-heeled shoe <small>(clothing, heel, shoe, woman)</small>
ğŸ‘¡ womanâ€™s sandal <small>(clothing, sandal, shoe, woman)</small>
ğŸ©° ballet shoes <small>(ballet, dance)</small>
ğŸ‘¢ womanâ€™s boot <small>(boot, clothing, shoe, woman)</small>
ğŸ‘‘ crown <small>(clothing, king, queen)</small>
ğŸ‘’ womanâ€™s hat <small>(clothing, hat, woman)</small>
ğŸ© top hat <small>(clothing, hat, top, tophat)</small>
ğŸ“ graduation cap <small>(cap, celebration, clothing, graduation, hat)</small>
ğŸ§¢ billed cap <small>(baseball cap)</small>
ğŸª– military helmet <small>(army, helmet, military, soldier, warrior)</small>
â›‘ rescue workerâ€™s helmet <small>(aid, cross, face, hat, helmet)</small>
ğŸ“¿ prayer beads <small>(beads, clothing, necklace, prayer, religion)</small>
ğŸ’„ lipstick <small>(cosmetics, makeup)</small>
ğŸ’ ring <small>(diamond)</small>
ğŸ’ gem stone <small>(diamond, gem, jewel)</small>
ğŸ”‡ muted speaker <small>(mute, quiet, silent, speaker)</small>
ğŸ”ˆ speaker low volume <small>(soft)</small>
ğŸ”‰ speaker medium volume <small>(medium)</small>
ğŸ”Š speaker high volume <small>(loud)</small>
ğŸ“¢ loudspeaker <small>(loud, public address)</small>
ğŸ“£ megaphone <small>(cheering)</small>
ğŸ“¯ postal horn <small>(horn, post, postal)</small>
ğŸ”” bell <small>()</small>
ğŸ”• bell with slash <small>(bell, forbidden, mute, quiet, silent)</small>
ğŸ¼ musical score <small>(music, score)</small>
ğŸµ musical note <small>(music, note)</small>
ğŸ¶ musical notes <small>(music, note, notes)</small>
ğŸ™ studio microphone <small>(mic, microphone, music, studio)</small>
ğŸš level slider <small>(level, music, slider)</small>
ğŸ› control knobs <small>(control, knobs, music)</small>
ğŸ¤ microphone <small>(karaoke, mic)</small>
ğŸ§ headphone <small>(earbud)</small>
ğŸ“» radio <small>(video)</small>
ğŸ· saxophone <small>(instrument, music, sax)</small>
ğŸª— accordion <small>(accordian, concertina, squeeze box)</small>
ğŸ¸ guitar <small>(instrument, music)</small>
ğŸ¹ musical keyboard <small>(instrument, keyboard, music, piano)</small>
ğŸº trumpet <small>(instrument, music)</small>
ğŸ» violin <small>(instrument, music)</small>
ğŸª• banjo <small>(music, stringed)</small>
ğŸ¥ drum <small>(drumsticks, music)</small>
ğŸª˜ long drum <small>(beat, conga, drum, rhythm)</small>
ğŸ“± mobile phone <small>(cell, mobile, phone, telephone)</small>
ğŸ“² mobile phone with arrow <small>(arrow, cell, mobile, phone, receive)</small>
â˜ telephone <small>(phone)</small>
ğŸ“ telephone receiver <small>(phone, receiver, telephone)</small>
ğŸ“Ÿ pager <small>()</small>
ğŸ“  fax machine <small>(fax)</small>
ğŸ”‹ battery <small>()</small>
ğŸª« low battery
ğŸ”Œ electric plug <small>(electric, electricity, plug)</small>
ğŸ’» laptop <small>(computer, pc, personal)</small>
ğŸ–¥ desktop computer <small>(computer, desktop)</small>
ğŸ–¨ printer <small>(computer)</small>
âŒ¨ keyboard <small>(computer)</small>
ğŸ–± computer mouse <small>(computer)</small>
ğŸ–² trackball <small>(computer)</small>
ğŸ’½ computer disk <small>(computer, disk, minidisk, optical)</small>
ğŸ’¾ floppy disk <small>(computer, disk, floppy)</small>
ğŸ’¿ optical disk <small>(cd, computer, disk, optical)</small>
ğŸ“€ dvd <small>(blu-ray, computer, disk, optical)</small>
ğŸ§® abacus <small>(calculation)</small>
ğŸ¥ movie camera <small>(camera, cinema, movie)</small>
ğŸ film frames <small>(cinema, film, frames, movie)</small>
ğŸ“½ film projector <small>(cinema, film, movie, projector, video)</small>
ğŸ¬ clapper board <small>(clapper, movie)</small>
ğŸ“º television <small>(tv, video)</small>
ğŸ“· camera <small>(video)</small>
ğŸ“¸ camera with flash <small>(camera, flash, video)</small>
ğŸ“¹ video camera <small>(camera, video)</small>
ğŸ“¼ videocassette <small>(tape, vhs, video)</small>
ğŸ” magnifying glass tilted left <small>(glass, magnifying, search, tool)</small>
ğŸ” magnifying glass tilted right <small>(glass, magnifying, search, tool)</small>
ğŸ•¯ candle <small>(light)</small>
ğŸ’¡ light bulb <small>(bulb, comic, electric, idea, light)</small>
ğŸ”¦ flashlight <small>(electric, light, tool, torch)</small>
ğŸ® red paper lantern <small>(bar, lantern, light, red)</small>
ğŸª” diya lamp <small>(diya, lamp, oil)</small>
ğŸ“” notebook with decorative cover <small>(book, cover, decorated, notebook)</small>
ğŸ“• closed book <small>(book, closed)</small>
ğŸ“– open book <small>(book, open)</small>
ğŸ“— green book <small>(book, green)</small>
ğŸ“˜ blue book <small>(blue, book)</small>
ğŸ“™ orange book <small>(book, orange)</small>
ğŸ“š books <small>(book)</small>
ğŸ““ notebook <small>()</small>
ğŸ“’ ledger <small>(notebook)</small>
ğŸ“ƒ page with curl <small>(curl, document, page)</small>
ğŸ“œ scroll <small>(paper)</small>
ğŸ“„ page facing up <small>(document, page)</small>
ğŸ“° newspaper <small>(news, paper)</small>
ğŸ— rolled-up newspaper <small>(news, newspaper, paper, rolled)</small>
ğŸ“‘ bookmark tabs <small>(bookmark, mark, marker, tabs)</small>
ğŸ”– bookmark <small>(mark)</small>
ğŸ· label <small>()</small>
ğŸ’° money bag <small>(bag, dollar, money, moneybag)</small>
ğŸª™ coin <small>(gold, metal, money, silver, treasure)</small>
ğŸ’´ yen banknote <small>(banknote, bill, currency, money, note, yen)</small>
ğŸ’µ dollar banknote <small>(banknote, bill, currency, dollar, money, note)</small>
ğŸ’¶ euro banknote <small>(banknote, bill, currency, euro, money, note)</small>
ğŸ’· pound banknote <small>(banknote, bill, currency, money, note, pound)</small>
ğŸ’¸ money with wings <small>(banknote, bill, fly, money, wings)</small>
ğŸ’³ credit card <small>(card, credit, money)</small>
ğŸ§¾ receipt <small>(accounting, bookkeeping, evidence, proof)</small>
ğŸ’¹ chart increasing with yen <small>(chart, graph, growth, money, yen)</small>
âœ‰ envelope <small>(email, letter)</small>
ğŸ“§ e-mail <small>(email, letter, mail)</small>
ğŸ“¨ incoming envelope <small>(e-mail, email, envelope, incoming, letter, receive)</small>
ğŸ“© envelope with arrow <small>(arrow, e-mail, email, envelope, outgoing)</small>
ğŸ“¤ outbox tray <small>(box, letter, mail, outbox, sent, tray)</small>
ğŸ“¥ inbox tray <small>(box, inbox, letter, mail, receive, tray)</small>
ğŸ“¦ package <small>(box, parcel)</small>
ğŸ“« closed mailbox with raised flag <small>(closed, mail, mailbox, postbox)</small>
ğŸ“ª closed mailbox with lowered flag <small>(closed, lowered, mail, mailbox, postbox)</small>
ğŸ“¬ open mailbox with raised flag <small>(mail, mailbox, open, postbox)</small>
ğŸ“­ open mailbox with lowered flag <small>(lowered, mail, mailbox, open, postbox)</small>
ğŸ“® postbox <small>(mail, mailbox)</small>
ğŸ—³ ballot box with ballot <small>(ballot, box)</small>
âœ pencil <small>()</small>
âœ’ black nib <small>(nib, pen)</small>
ğŸ–‹ fountain pen <small>(fountain, pen)</small>
ğŸ–Š pen <small>(ballpoint)</small>
ğŸ–Œ paintbrush <small>(painting)</small>
ğŸ– crayon <small>()</small>
ğŸ“ memo <small>(pencil)</small>
ğŸ’¼ briefcase <small>()</small>
ğŸ“ file folder <small>(file, folder)</small>
ğŸ“‚ open file folder <small>(file, folder, open)</small>
ğŸ—‚ card index dividers <small>(card, dividers, index)</small>
ğŸ“… calendar <small>(date)</small>
ğŸ“† tear-off calendar <small>(calendar)</small>
ğŸ—’ spiral notepad <small>(note, pad, spiral)</small>
ğŸ—“ spiral calendar <small>(calendar, pad, spiral)</small>
ğŸ“‡ card index <small>(card, index, rolodex)</small>
ğŸ“ˆ chart increasing <small>(chart, graph, growth, trend, upward)</small>
ğŸ“‰ chart decreasing <small>(chart, down, graph, trend)</small>
ğŸ“Š bar chart <small>(bar, chart, graph)</small>
ğŸ“‹ clipboard <small>()</small>
ğŸ“Œ pushpin <small>(pin)</small>
ğŸ“ round pushpin <small>(pin, pushpin)</small>
ğŸ“ paperclip <small>()</small>
ğŸ–‡ linked paperclips <small>(link, paperclip)</small>
ğŸ“ straight ruler <small>(ruler, straight edge)</small>
ğŸ“ triangular ruler <small>(ruler, set, triangle)</small>
âœ‚ scissors <small>(cutting, tool)</small>
ğŸ—ƒ card file box <small>(box, card, file)</small>
ğŸ—„ file cabinet <small>(cabinet, file, filing)</small>
ğŸ—‘ wastebasket <small>()</small>
ğŸ”’ locked <small>(closed)</small>
ğŸ”“ unlocked <small>(lock, open, unlock)</small>
ğŸ” locked with pen <small>(ink, lock, nib, pen, privacy)</small>
ğŸ” locked with key <small>(closed, key, lock, secure)</small>
ğŸ”‘ key <small>(lock, password)</small>
ğŸ— old key <small>(clue, key, lock, old)</small>
ğŸ”¨ hammer <small>(tool)</small>
ğŸª“ axe <small>(chop, hatchet, split, wood)</small>
â› pick <small>(mining, tool)</small>
âš’ hammer and pick <small>(hammer, pick, tool)</small>
ğŸ›  hammer and wrench <small>(hammer, spanner, tool, wrench)</small>
ğŸ—¡ dagger <small>(knife, weapon)</small>
âš” crossed swords <small>(crossed, swords, weapon)</small>
ğŸ”« water pistol <small>(gun, handgun, pistol, revolver, tool, weapon)</small>
ğŸªƒ boomerang <small>(australia, rebound, repercussion)</small>
ğŸ¹ bow and arrow <small>(archer, arrow, bow, Sagittarius, zodiac)</small>
ğŸ›¡ shield <small>(weapon)</small>
ğŸªš carpentry saw <small>(carpenter, lumber, saw, tool)</small>
ğŸ”§ wrench <small>(spanner, tool)</small>
ğŸª› screwdriver <small>(screw, tool)</small>
ğŸ”© nut and bolt <small>(bolt, nut, tool)</small>
âš™ gear <small>(cog, cogwheel, tool)</small>
ğŸ—œ clamp <small>(compress, tool, vice)</small>
âš– balance scale <small>(balance, justice, Libra, scale, zodiac)</small>
ğŸ¦¯ white cane <small>(accessibility, blind)</small>
ğŸ”— link <small>()</small>
â›“ chains <small>(chain)</small>
ğŸª hook <small>(catch, crook, curve, ensnare, selling point)</small>
ğŸ§° toolbox <small>(chest, mechanic, tool)</small>
ğŸ§² magnet <small>(attraction, horseshoe, magnetic)</small>
ğŸªœ ladder <small>(climb, rung, step)</small>
âš— alembic <small>(chemistry, tool)</small>
ğŸ§ª test tube <small>(chemist, chemistry, experiment, lab, science)</small>
ğŸ§« petri dish <small>(bacteria, biologist, biology, culture, lab)</small>
ğŸ§¬ dna <small>(biologist, evolution, gene, genetics, life)</small>
ğŸ”¬ microscope <small>(science, tool)</small>
ğŸ”­ telescope <small>(science, tool)</small>
ğŸ“¡ satellite antenna <small>(antenna, dish, satellite)</small>
ğŸ’‰ syringe <small>(medicine, needle, shot, sick)</small>
ğŸ©¸ drop of blood <small>(bleed, blood donation, injury, medicine, menstruation)</small>
ğŸ’Š pill <small>(doctor, medicine, sick)</small>
ğŸ©¹ adhesive bandage <small>(bandage)</small>
ğŸ©¼ crutch
ğŸ©º stethoscope <small>(doctor, heart, medicine)</small>
ğŸ©» x-ray
ğŸšª door <small>()</small>
ğŸ›— elevator <small>(accessibility, hoist, lift)</small>
ğŸª mirror <small>(reflection, reflector, speculum)</small>
ğŸªŸ window <small>(frame, fresh air, opening, transparent, view)</small>
ğŸ› bed <small>(hotel, sleep)</small>
ğŸ›‹ couch and lamp <small>(couch, hotel, lamp)</small>
ğŸª‘ chair <small>(seat, sit)</small>
ğŸš½ toilet <small>()</small>
ğŸª  plunger <small>(force cup, plumber, suction, toilet)</small>
ğŸš¿ shower <small>(water)</small>
ğŸ› bathtub <small>(bath)</small>
ğŸª¤ mouse trap <small>(bait, mousetrap, snare, trap)</small>
ğŸª’ razor <small>(sharp, shave)</small>
ğŸ§´ lotion bottle <small>(lotion, moisturizer, shampoo, sunscreen)</small>
ğŸ§· safety pin <small>(diaper, punk rock)</small>
ğŸ§¹ broom <small>(cleaning, sweeping, witch)</small>
ğŸ§º basket <small>(farming, laundry, picnic)</small>
ğŸ§» roll of paper <small>(paper towels, toilet paper)</small>
ğŸª£ bucket <small>(cask, pail, vat)</small>
ğŸ§¼ soap <small>(bar, bathing, cleaning, lather, soapdish)</small>
ğŸ«§ bubbles
ğŸª¥ toothbrush <small>(bathroom, brush, clean, dental, hygiene, teeth)</small>
ğŸ§½ sponge <small>(absorbing, cleaning, porous)</small>
ğŸ§¯ fire extinguisher <small>(extinguish, fire, quench)</small>
ğŸ›’ shopping cart <small>(cart, shopping, trolley)</small>
ğŸš¬ cigarette <small>(smoking)</small>
âš° coffin <small>(death)</small>
ğŸª¦ headstone <small>(cemetery, grave, graveyard, tombstone)</small>
âš± funeral urn <small>(ashes, death, funeral, urn)</small>
ğŸ—¿ moai <small>(face, moyai, statue)</small>
ğŸª§ placard <small>(demonstration, picket, protest, sign)</small>
ğŸªª identification card
ğŸ§ ATM sign <small>(atm, automated, bank, teller)</small>
ğŸš® litter in bin sign <small>(litter, litter bin)</small>
ğŸš° potable water <small>(drinking, potable, water)</small>
â™¿ wheelchair symbol <small>(access)</small>
ğŸš¹ menâ€™s room <small>(lavatory, man, restroom, wc)</small>
ğŸšº womenâ€™s room <small>(lavatory, restroom, wc, woman)</small>
ğŸš» restroom <small>(lavatory, WC)</small>
ğŸš¼ baby symbol <small>(baby, changing)</small>
ğŸš¾ water closet <small>(closet, lavatory, restroom, water, wc)</small>
ğŸ›‚ passport control <small>(control, passport)</small>
ğŸ›ƒ customs <small>()</small>
ğŸ›„ baggage claim <small>(baggage, claim)</small>
ğŸ›… left luggage <small>(baggage, locker, luggage)</small>
âš  warning <small>()</small>
ğŸš¸ children crossing <small>(child, crossing, pedestrian, traffic)</small>
â›” no entry <small>(entry, forbidden, no, not, prohibited, traffic)</small>
ğŸš« prohibited <small>(entry, forbidden, no, not)</small>
ğŸš³ no bicycles <small>(bicycle, bike, forbidden, no, prohibited)</small>
ğŸš­ no smoking <small>(forbidden, no, not, prohibited, smoking)</small>
ğŸš¯ no littering <small>(forbidden, litter, no, not, prohibited)</small>
ğŸš± non-potable water <small>(non-drinking, non-potable, water)</small>
ğŸš· no pedestrians <small>(forbidden, no, not, pedestrian, prohibited)</small>
ğŸ“µ no mobile phones <small>(cell, forbidden, mobile, no, phone)</small>
ğŸ” no one under eighteen <small>(18, age restriction, eighteen, prohibited, underage)</small>
â˜¢ radioactive <small>(sign)</small>
â˜£ biohazard <small>(sign)</small>
â¬† up arrow <small>(arrow, cardinal, direction, north)</small>
â†— up-right arrow <small>(arrow, direction, intercardinal, northeast)</small>
â¡ right arrow <small>(arrow, cardinal, direction, east)</small>
â†˜ down-right arrow <small>(arrow, direction, intercardinal, southeast)</small>
â¬‡ down arrow <small>(arrow, cardinal, direction, down, south)</small>
â†™ down-left arrow <small>(arrow, direction, intercardinal, southwest)</small>
â¬… left arrow <small>(arrow, cardinal, direction, west)</small>
â†– up-left arrow <small>(arrow, direction, intercardinal, northwest)</small>
â†• up-down arrow <small>(arrow)</small>
â†” left-right arrow <small>(arrow)</small>
â†© right arrow curving left <small>(arrow)</small>
â†ª left arrow curving right <small>(arrow)</small>
â¤´ right arrow curving up <small>(arrow)</small>
â¤µ right arrow curving down <small>(arrow, down)</small>
ğŸ”ƒ clockwise vertical arrows <small>(arrow, clockwise, reload)</small>
ğŸ”„ counterclockwise arrows button <small>(anticlockwise, arrow, counterclockwise, withershins)</small>
ğŸ”™ BACK arrow <small>(arrow, back)</small>
ğŸ”š END arrow <small>(arrow, end)</small>
ğŸ”› ON! arrow <small>(arrow, mark, on)</small>
ğŸ”œ SOON arrow <small>(arrow, soon)</small>
ğŸ” TOP arrow <small>(arrow, top, up)</small>
ğŸ› place of worship <small>(religion, worship)</small>
âš› atom symbol <small>(atheist, atom)</small>
ğŸ•‰ om <small>(Hindu, religion)</small>
âœ¡ star of David <small>(David, Jew, Jewish, religion, star)</small>
â˜¸ wheel of dharma <small>(Buddhist, dharma, religion, wheel)</small>
â˜¯ yin yang <small>(religion, tao, taoist, yang, yin)</small>
âœ latin cross <small>(Christian, cross, religion)</small>
â˜¦ orthodox cross <small>(Christian, cross, religion)</small>
â˜ª star and crescent <small>(islam, Muslim, religion)</small>
â˜® peace symbol <small>(peace)</small>
ğŸ• menorah <small>(candelabrum, candlestick, religion)</small>
ğŸ”¯ dotted six-pointed star <small>(fortune, star)</small>
â™ˆ Aries <small>(ram, zodiac)</small>
â™‰ Taurus <small>(bull, ox, zodiac)</small>
â™Š Gemini <small>(twins, zodiac)</small>
â™‹ Cancer <small>(crab, zodiac)</small>
â™Œ Leo <small>(lion, zodiac)</small>
â™ Virgo <small>(zodiac)</small>
â™ Libra <small>(balance, justice, scales, zodiac)</small>
â™ Scorpio <small>(scorpion, scorpius, zodiac)</small>
â™ Sagittarius <small>(archer, zodiac)</small>
â™‘ Capricorn <small>(goat, zodiac)</small>
â™’ Aquarius <small>(bearer, water, zodiac)</small>
â™“ Pisces <small>(fish, zodiac)</small>
â› Ophiuchus <small>(bearer, serpent, snake, zodiac)</small>
ğŸ”€ shuffle tracks button <small>(arrow, crossed)</small>
ğŸ” repeat button <small>(arrow, clockwise, repeat)</small>
ğŸ”‚ repeat single button <small>(arrow, clockwise, once)</small>
â–¶ play button <small>(arrow, play, right, triangle)</small>
â© fast-forward button <small>(arrow, double, fast, forward)</small>
â­ next track button <small>(arrow, next scene, next track, triangle)</small>
â¯ play or pause button <small>(arrow, pause, play, right, triangle)</small>
â—€ reverse button <small>(arrow, left, reverse, triangle)</small>
âª fast reverse button <small>(arrow, double, rewind)</small>
â® last track button <small>(arrow, previous scene, previous track, triangle)</small>
ğŸ”¼ upwards button <small>(arrow, button, red)</small>
â« fast up button <small>(arrow, double)</small>
ğŸ”½ downwards button <small>(arrow, button, down, red)</small>
â¬ fast down button <small>(arrow, double, down)</small>
â¸ pause button <small>(bar, double, pause, vertical)</small>
â¹ stop button <small>(square, stop)</small>
âº record button <small>(circle, record)</small>
â eject button <small>(eject)</small>
ğŸ¦ cinema <small>(camera, film, movie)</small>
ğŸ”… dim button <small>(brightness, dim, low)</small>
ğŸ”† bright button <small>(bright, brightness)</small>
ğŸ“¶ antenna bars <small>(antenna, bar, cell, mobile, phone)</small>
ğŸ“³ vibration mode <small>(cell, mobile, mode, phone, telephone, vibration)</small>
ğŸ“´ mobile phone off <small>(cell, mobile, off, phone, telephone)</small>
â™€ female sign <small>(woman)</small>
â™‚ male sign <small>(man)</small>
âš§ transgender symbol <small>(transgender)</small>
âœ– multiply <small>(Ã—, cancel, multiplication, sign, x)</small>
â• plus <small>(+, math, sign)</small>
â– minus <small>(-, âˆ’, math, sign)</small>
â— divide <small>(Ã·, division, math, sign)</small>
ğŸŸ° heavy equals sign
â™¾ infinity <small>(forever, unbounded, universal)</small>
â€¼ double exclamation mark <small>(!, !!, bangbang, exclamation, mark)</small>
â‰ exclamation question mark <small>(!, !?, ?, exclamation, interrobang, mark, punctuation, question)</small>
â“ red question mark <small>(?, mark, punctuation, question)</small>
â” white question mark <small>(?, mark, outlined, punctuation, question)</small>
â• white exclamation mark <small>(!, exclamation, mark, outlined, punctuation)</small>
â— red exclamation mark <small>(!, exclamation, mark, punctuation)</small>
ã€° wavy dash <small>(dash, punctuation, wavy)</small>
ğŸ’± currency exchange <small>(bank, currency, exchange, money)</small>
ğŸ’² heavy dollar sign <small>(currency, dollar, money)</small>
âš• medical symbol <small>(aesculapius, medicine, staff)</small>
â™» recycling symbol <small>(recycle)</small>
âšœ fleur-de-lis <small>()</small>
ğŸ”± trident emblem <small>(anchor, emblem, ship, tool, trident)</small>
ğŸ“› name badge <small>(badge, name)</small>
ğŸ”° Japanese symbol for beginner <small>(beginner, chevron, Japanese, leaf)</small>
â­• hollow red circle <small>(circle, large, o, red)</small>
âœ… check mark button <small>(âœ“, button, check, mark)</small>
â˜‘ check box with check <small>(âœ“, box, check)</small>
âœ” check mark <small>(âœ“, check, mark)</small>
âŒ cross mark <small>(Ã—, cancel, cross, mark, multiplication, multiply, x)</small>
â cross mark button <small>(Ã—, mark, square, x)</small>
â° curly loop <small>(curl, loop)</small>
â¿ double curly loop <small>(curl, double, loop)</small>
ã€½ part alternation mark <small>(mark, part)</small>
âœ³ eight-spoked asterisk <small>(*, asterisk)</small>
âœ´ eight-pointed star <small>(*, star)</small>
â‡ sparkle <small>(*)</small>
Â© copyright <small>(c)</small>
Â® registered <small>(r)</small>
â„¢ trade mark <small>(mark, tm, trademark)</small>
#ï¸âƒ£ keycap: #
*ï¸âƒ£ keycap: *
0ï¸âƒ£ keycap: 0
1ï¸âƒ£ keycap: 1
2ï¸âƒ£ keycap: 2
3ï¸âƒ£ keycap: 3
4ï¸âƒ£ keycap: 4
5ï¸âƒ£ keycap: 5
6ï¸âƒ£ keycap: 6
7ï¸âƒ£ keycap: 7
8ï¸âƒ£ keycap: 8
9ï¸âƒ£ keycap: 9
ğŸ”Ÿ keycap: 10
ğŸ”  input latin uppercase <small>(ABCD, input, latin, letters, uppercase)</small>
ğŸ”¡ input latin lowercase <small>(abcd, input, latin, letters, lowercase)</small>
ğŸ”¢ input numbers <small>(1234, input, numbers)</small>
ğŸ”£ input symbols <small>(ã€’â™ª&amp;%, input)</small>
ğŸ”¤ input latin letters <small>(abc, alphabet, input, latin, letters)</small>
ğŸ…° A button (blood type) <small>(a, blood type)</small>
ğŸ† AB button (blood type) <small>(ab, blood type)</small>
ğŸ…± B button (blood type) <small>(b, blood type)</small>
ğŸ†‘ CL button <small>(cl)</small>
ğŸ†’ COOL button <small>(cool)</small>
ğŸ†“ FREE button <small>(free)</small>
â„¹ information <small>(i)</small>
ğŸ†” ID button <small>(id, identity)</small>
â“‚ circled M <small>(circle, m)</small>
ğŸ†• NEW button <small>(new)</small>
ğŸ†– NG button <small>(ng)</small>
ğŸ…¾ O button (blood type) <small>(blood type, o)</small>
ğŸ†— OK button <small>(OK)</small>
ğŸ…¿ P button <small>(parking)</small>
ğŸ†˜ SOS button <small>(help, sos)</small>
ğŸ†™ UP! button <small>(mark, up)</small>
ğŸ†š VS button <small>(versus, vs)</small>
ğŸˆ Japanese â€œhereâ€ button <small>(â€œhereâ€, Japanese, katakana, ã‚³ã‚³)</small>
ğŸˆ‚ Japanese â€œservice chargeâ€ button <small>(â€œservice chargeâ€, Japanese, katakana, ã‚µ)</small>
ğŸˆ· Japanese â€œmonthly amountâ€ button <small>(â€œmonthly amountâ€, ideograph, Japanese, æœˆ)</small>
ğŸˆ¶ Japanese â€œnot free of chargeâ€ button <small>(â€œnot free of chargeâ€, ideograph, Japanese, æœ‰)</small>
ğŸˆ¯ Japanese â€œreservedâ€ button <small>(â€œreservedâ€, ideograph, Japanese, æŒ‡)</small>
ğŸ‰ Japanese â€œbargainâ€ button <small>(â€œbargainâ€, ideograph, Japanese, å¾—)</small>
ğŸˆ¹ Japanese â€œdiscountâ€ button <small>(â€œdiscountâ€, ideograph, Japanese, å‰²)</small>
ğŸˆš Japanese â€œfree of chargeâ€ button <small>(â€œfree of chargeâ€, ideograph, Japanese, ç„¡)</small>
ğŸˆ² Japanese â€œprohibitedâ€ button <small>(â€œprohibitedâ€, ideograph, Japanese, ç¦)</small>
ğŸ‰‘ Japanese â€œacceptableâ€ button <small>(â€œacceptableâ€, ideograph, Japanese, å¯)</small>
ğŸˆ¸ Japanese â€œapplicationâ€ button <small>(â€œapplicationâ€, ideograph, Japanese, ç”³)</small>
ğŸˆ´ Japanese â€œpassing gradeâ€ button <small>(â€œpassing gradeâ€, ideograph, Japanese, åˆ)</small>
ğŸˆ³ Japanese â€œvacancyâ€ button <small>(â€œvacancyâ€, ideograph, Japanese, ç©º)</small>
ãŠ— Japanese â€œcongratulationsâ€ button <small>(â€œcongratulationsâ€, ideograph, Japanese, ç¥)</small>
ãŠ™ Japanese â€œsecretâ€ button <small>(â€œsecretâ€, ideograph, Japanese, ç§˜)</small>
ğŸˆº Japanese â€œopen for businessâ€ button <small>(â€œopen for businessâ€, ideograph, Japanese, å–¶)</small>
ğŸˆµ Japanese â€œno vacancyâ€ button <small>(â€œno vacancyâ€, ideograph, Japanese, æº€)</small>
ğŸ”´ red circle <small>(circle, geometric, red)</small>
ğŸŸ  orange circle <small>(circle, orange)</small>
ğŸŸ¡ yellow circle <small>(circle, yellow)</small>
ğŸŸ¢ green circle <small>(circle, green)</small>
ğŸ”µ blue circle <small>(blue, circle, geometric)</small>
ğŸŸ£ purple circle <small>(circle, purple)</small>
ğŸŸ¤ brown circle <small>(brown, circle)</small>
âš« black circle <small>(circle, geometric)</small>
âšª white circle <small>(circle, geometric)</small>
ğŸŸ¥ red square <small>(red, square)</small>
ğŸŸ§ orange square <small>(orange, square)</small>
ğŸŸ¨ yellow square <small>(square, yellow)</small>
ğŸŸ© green square <small>(green, square)</small>
ğŸŸ¦ blue square <small>(blue, square)</small>
ğŸŸª purple square <small>(purple, square)</small>
ğŸŸ« brown square <small>(brown, square)</small>
â¬› black large square <small>(geometric, square)</small>
â¬œ white large square <small>(geometric, square)</small>
â—¼ black medium square <small>(geometric, square)</small>
â—» white medium square <small>(geometric, square)</small>
â—¾ black medium-small square <small>(geometric, square)</small>
â—½ white medium-small square <small>(geometric, square)</small>
â–ª black small square <small>(geometric, square)</small>
â–« white small square <small>(geometric, square)</small>
ğŸ”¶ large orange diamond <small>(diamond, geometric, orange)</small>
ğŸ”· large blue diamond <small>(blue, diamond, geometric)</small>
ğŸ”¸ small orange diamond <small>(diamond, geometric, orange)</small>
ğŸ”¹ small blue diamond <small>(blue, diamond, geometric)</small>
ğŸ”º red triangle pointed up <small>(geometric, red)</small>
ğŸ”» red triangle pointed down <small>(down, geometric, red)</small>
ğŸ’  diamond with a dot <small>(comic, diamond, geometric, inside)</small>
ğŸ”˜ radio button <small>(button, geometric, radio)</small>
ğŸ”³ white square button <small>(button, geometric, outlined, square)</small>
ğŸ”² black square button <small>(button, geometric, square)</small>
ğŸ chequered flag <small>(checkered, chequered, racing)</small>
ğŸš© triangular flag <small>(post)</small>
ğŸŒ crossed flags <small>(celebration, cross, crossed, Japanese)</small>
ğŸ´ black flag <small>(waving)</small>
ğŸ³ white flag <small>(waving)</small>
ğŸ³ï¸â€ğŸŒˆ rainbow flag
ğŸ³ï¸â€âš§ï¸ transgender flag
ğŸ´â€â˜ ï¸ pirate flag
ğŸ‡¦ğŸ‡¨ flag: Ascension Island
ğŸ‡¦ğŸ‡© flag: Andorra
ğŸ‡¦ğŸ‡ª flag: United Arab Emirates
ğŸ‡¦ğŸ‡« flag: Afghanistan
ğŸ‡¦ğŸ‡¬ flag: Antigua &amp; Barbuda
ğŸ‡¦ğŸ‡® flag: Anguilla
ğŸ‡¦ğŸ‡± flag: Albania
ğŸ‡¦ğŸ‡² flag: Armenia
ğŸ‡¦ğŸ‡´ flag: Angola
ğŸ‡¦ğŸ‡¶ flag: Antarctica
ğŸ‡¦ğŸ‡· flag: Argentina
ğŸ‡¦ğŸ‡¸ flag: American Samoa
ğŸ‡¦ğŸ‡¹ flag: Austria
ğŸ‡¦ğŸ‡º flag: Australia
ğŸ‡¦ğŸ‡¼ flag: Aruba
ğŸ‡¦ğŸ‡½ flag: Ã…land Islands
ğŸ‡¦ğŸ‡¿ flag: Azerbaijan
ğŸ‡§ğŸ‡¦ flag: Bosnia &amp; Herzegovina
ğŸ‡§ğŸ‡§ flag: Barbados
ğŸ‡§ğŸ‡© flag: Bangladesh
ğŸ‡§ğŸ‡ª flag: Belgium
ğŸ‡§ğŸ‡« flag: Burkina Faso
ğŸ‡§ğŸ‡¬ flag: Bulgaria
ğŸ‡§ğŸ‡­ flag: Bahrain
ğŸ‡§ğŸ‡® flag: Burundi
ğŸ‡§ğŸ‡¯ flag: Benin
ğŸ‡§ğŸ‡± flag: St. BarthÃ©lemy
ğŸ‡§ğŸ‡² flag: Bermuda
ğŸ‡§ğŸ‡³ flag: Brunei
ğŸ‡§ğŸ‡´ flag: Bolivia
ğŸ‡§ğŸ‡¶ flag: Caribbean Netherlands
ğŸ‡§ğŸ‡· flag: Brazil
ğŸ‡§ğŸ‡¸ flag: Bahamas
ğŸ‡§ğŸ‡¹ flag: Bhutan
ğŸ‡§ğŸ‡» flag: Bouvet Island
ğŸ‡§ğŸ‡¼ flag: Botswana
ğŸ‡§ğŸ‡¾ flag: Belarus
ğŸ‡§ğŸ‡¿ flag: Belize
ğŸ‡¨ğŸ‡¦ flag: Canada
ğŸ‡¨ğŸ‡¨ flag: Cocos (Keeling) Islands
ğŸ‡¨ğŸ‡© flag: Congo - Kinshasa
ğŸ‡¨ğŸ‡« flag: Central African Republic
ğŸ‡¨ğŸ‡¬ flag: Congo - Brazzaville
ğŸ‡¨ğŸ‡­ flag: Switzerland
ğŸ‡¨ğŸ‡® flag: CÃ´te dâ€™Ivoire
ğŸ‡¨ğŸ‡° flag: Cook Islands
ğŸ‡¨ğŸ‡± flag: Chile
ğŸ‡¨ğŸ‡² flag: Cameroon
ğŸ‡¨ğŸ‡³ flag: China
ğŸ‡¨ğŸ‡´ flag: Colombia
ğŸ‡¨ğŸ‡µ flag: Clipperton Island
ğŸ‡¨ğŸ‡· flag: Costa Rica
ğŸ‡¨ğŸ‡º flag: Cuba
ğŸ‡¨ğŸ‡» flag: Cape Verde
ğŸ‡¨ğŸ‡¼ flag: CuraÃ§ao
ğŸ‡¨ğŸ‡½ flag: Christmas Island
ğŸ‡¨ğŸ‡¾ flag: Cyprus
ğŸ‡¨ğŸ‡¿ flag: Czechia
ğŸ‡©ğŸ‡ª flag: Germany
ğŸ‡©ğŸ‡¬ flag: Diego Garcia
ğŸ‡©ğŸ‡¯ flag: Djibouti
ğŸ‡©ğŸ‡° flag: Denmark
ğŸ‡©ğŸ‡² flag: Dominica
ğŸ‡©ğŸ‡´ flag: Dominican Republic
ğŸ‡©ğŸ‡¿ flag: Algeria
ğŸ‡ªğŸ‡¦ flag: Ceuta &amp; Melilla
ğŸ‡ªğŸ‡¨ flag: Ecuador
ğŸ‡ªğŸ‡ª flag: Estonia
ğŸ‡ªğŸ‡¬ flag: Egypt
ğŸ‡ªğŸ‡­ flag: Western Sahara
ğŸ‡ªğŸ‡· flag: Eritrea
ğŸ‡ªğŸ‡¸ flag: Spain
ğŸ‡ªğŸ‡¹ flag: Ethiopia
ğŸ‡ªğŸ‡º flag: European Union
ğŸ‡«ğŸ‡® flag: Finland
ğŸ‡«ğŸ‡¯ flag: Fiji
ğŸ‡«ğŸ‡° flag: Falkland Islands
ğŸ‡«ğŸ‡² flag: Micronesia
ğŸ‡«ğŸ‡´ flag: Faroe Islands
ğŸ‡«ğŸ‡· flag: France
ğŸ‡¬ğŸ‡¦ flag: Gabon
ğŸ‡¬ğŸ‡§ flag: United Kingdom
ğŸ‡¬ğŸ‡© flag: Grenada
ğŸ‡¬ğŸ‡ª flag: Georgia
ğŸ‡¬ğŸ‡« flag: French Guiana
ğŸ‡¬ğŸ‡¬ flag: Guernsey
ğŸ‡¬ğŸ‡­ flag: Ghana
ğŸ‡¬ğŸ‡® flag: Gibraltar
ğŸ‡¬ğŸ‡± flag: Greenland
ğŸ‡¬ğŸ‡² flag: Gambia
ğŸ‡¬ğŸ‡³ flag: Guinea
ğŸ‡¬ğŸ‡µ flag: Guadeloupe
ğŸ‡¬ğŸ‡¶ flag: Equatorial Guinea
ğŸ‡¬ğŸ‡· flag: Greece
ğŸ‡¬ğŸ‡¸ flag: South Georgia &amp; South Sandwich Islands
ğŸ‡¬ğŸ‡¹ flag: Guatemala
ğŸ‡¬ğŸ‡º flag: Guam
ğŸ‡¬ğŸ‡¼ flag: Guinea-Bissau
ğŸ‡¬ğŸ‡¾ flag: Guyana
ğŸ‡­ğŸ‡° flag: Hong Kong SAR China
ğŸ‡­ğŸ‡² flag: Heard &amp; McDonald Islands
ğŸ‡­ğŸ‡³ flag: Honduras
ğŸ‡­ğŸ‡· flag: Croatia
ğŸ‡­ğŸ‡¹ flag: Haiti
ğŸ‡­ğŸ‡º flag: Hungary
ğŸ‡®ğŸ‡¨ flag: Canary Islands
ğŸ‡®ğŸ‡© flag: Indonesia
ğŸ‡®ğŸ‡ª flag: Ireland
ğŸ‡®ğŸ‡± flag: Israel
ğŸ‡®ğŸ‡² flag: Isle of Man
ğŸ‡®ğŸ‡³ flag: India
ğŸ‡®ğŸ‡´ flag: British Indian Ocean Territory
ğŸ‡®ğŸ‡¶ flag: Iraq
ğŸ‡®ğŸ‡· flag: Iran
ğŸ‡®ğŸ‡¸ flag: Iceland
ğŸ‡®ğŸ‡¹ flag: Italy
ğŸ‡¯ğŸ‡ª flag: Jersey
ğŸ‡¯ğŸ‡² flag: Jamaica
ğŸ‡¯ğŸ‡´ flag: Jordan
ğŸ‡¯ğŸ‡µ flag: Japan
ğŸ‡°ğŸ‡ª flag: Kenya
ğŸ‡°ğŸ‡¬ flag: Kyrgyzstan
ğŸ‡°ğŸ‡­ flag: Cambodia
ğŸ‡°ğŸ‡® flag: Kiribati
ğŸ‡°ğŸ‡² flag: Comoros
ğŸ‡°ğŸ‡³ flag: St. Kitts &amp; Nevis
ğŸ‡°ğŸ‡µ flag: North Korea
ğŸ‡°ğŸ‡· flag: South Korea
ğŸ‡°ğŸ‡¼ flag: Kuwait
ğŸ‡°ğŸ‡¾ flag: Cayman Islands
ğŸ‡°ğŸ‡¿ flag: Kazakhstan
ğŸ‡±ğŸ‡¦ flag: Laos
ğŸ‡±ğŸ‡§ flag: Lebanon
ğŸ‡±ğŸ‡¨ flag: St. Lucia
ğŸ‡±ğŸ‡® flag: Liechtenstein
ğŸ‡±ğŸ‡° flag: Sri Lanka
ğŸ‡±ğŸ‡· flag: Liberia
ğŸ‡±ğŸ‡¸ flag: Lesotho
ğŸ‡±ğŸ‡¹ flag: Lithuania
ğŸ‡±ğŸ‡º flag: Luxembourg
ğŸ‡±ğŸ‡» flag: Latvia
ğŸ‡±ğŸ‡¾ flag: Libya
ğŸ‡²ğŸ‡¦ flag: Morocco
ğŸ‡²ğŸ‡¨ flag: Monaco
ğŸ‡²ğŸ‡© flag: Moldova
ğŸ‡²ğŸ‡ª flag: Montenegro
ğŸ‡²ğŸ‡« flag: St. Martin
ğŸ‡²ğŸ‡¬ flag: Madagascar
ğŸ‡²ğŸ‡­ flag: Marshall Islands
ğŸ‡²ğŸ‡° flag: North Macedonia
ğŸ‡²ğŸ‡± flag: Mali
ğŸ‡²ğŸ‡² flag: Myanmar (Burma)
ğŸ‡²ğŸ‡³ flag: Mongolia
ğŸ‡²ğŸ‡´ flag: Macao SAR China
ğŸ‡²ğŸ‡µ flag: Northern Mariana Islands
ğŸ‡²ğŸ‡¶ flag: Martinique
ğŸ‡²ğŸ‡· flag: Mauritania
ğŸ‡²ğŸ‡¸ flag: Montserrat
ğŸ‡²ğŸ‡¹ flag: Malta
ğŸ‡²ğŸ‡º flag: Mauritius
ğŸ‡²ğŸ‡» flag: Maldives
ğŸ‡²ğŸ‡¼ flag: Malawi
ğŸ‡²ğŸ‡½ flag: Mexico
ğŸ‡²ğŸ‡¾ flag: Malaysia
ğŸ‡²ğŸ‡¿ flag: Mozambique
ğŸ‡³ğŸ‡¦ flag: Namibia
ğŸ‡³ğŸ‡¨ flag: New Caledonia
ğŸ‡³ğŸ‡ª flag: Niger
ğŸ‡³ğŸ‡« flag: Norfolk Island
ğŸ‡³ğŸ‡¬ flag: Nigeria
ğŸ‡³ğŸ‡® flag: Nicaragua
ğŸ‡³ğŸ‡± flag: Netherlands
ğŸ‡³ğŸ‡´ flag: Norway
ğŸ‡³ğŸ‡µ flag: Nepal
ğŸ‡³ğŸ‡· flag: Nauru
ğŸ‡³ğŸ‡º flag: Niue
ğŸ‡³ğŸ‡¿ flag: New Zealand
ğŸ‡´ğŸ‡² flag: Oman
ğŸ‡µğŸ‡¦ flag: Panama
ğŸ‡µğŸ‡ª flag: Peru
ğŸ‡µğŸ‡« flag: French Polynesia
ğŸ‡µğŸ‡¬ flag: Papua New Guinea
ğŸ‡µğŸ‡­ flag: Philippines
ğŸ‡µğŸ‡° flag: Pakistan
ğŸ‡µğŸ‡± flag: Poland
ğŸ‡µğŸ‡² flag: St. Pierre &amp; Miquelon
ğŸ‡µğŸ‡³ flag: Pitcairn Islands
ğŸ‡µğŸ‡· flag: Puerto Rico
ğŸ‡µğŸ‡¸ flag: Palestinian Territories
ğŸ‡µğŸ‡¹ flag: Portugal
ğŸ‡µğŸ‡¼ flag: Palau
ğŸ‡µğŸ‡¾ flag: Paraguay
ğŸ‡¶ğŸ‡¦ flag: Qatar
ğŸ‡·ğŸ‡ª flag: RÃ©union
ğŸ‡·ğŸ‡´ flag: Romania
ğŸ‡·ğŸ‡¸ flag: Serbia
ğŸ‡·ğŸ‡º flag: Russia
ğŸ‡·ğŸ‡¼ flag: Rwanda
ğŸ‡¸ğŸ‡¦ flag: Saudi Arabia
ğŸ‡¸ğŸ‡§ flag: Solomon Islands
ğŸ‡¸ğŸ‡¨ flag: Seychelles
ğŸ‡¸ğŸ‡© flag: Sudan
ğŸ‡¸ğŸ‡ª flag: Sweden
ğŸ‡¸ğŸ‡¬ flag: Singapore
ğŸ‡¸ğŸ‡­ flag: St. Helena
ğŸ‡¸ğŸ‡® flag: Slovenia
ğŸ‡¸ğŸ‡¯ flag: Svalbard &amp; Jan Mayen
ğŸ‡¸ğŸ‡° flag: Slovakia
ğŸ‡¸ğŸ‡± flag: Sierra Leone
ğŸ‡¸ğŸ‡² flag: San Marino
ğŸ‡¸ğŸ‡³ flag: Senegal
ğŸ‡¸ğŸ‡´ flag: Somalia
ğŸ‡¸ğŸ‡· flag: Suriname
ğŸ‡¸ğŸ‡¸ flag: South Sudan
ğŸ‡¸ğŸ‡¹ flag: SÃ£o TomÃ© &amp; PrÃ­ncipe
ğŸ‡¸ğŸ‡» flag: El Salvador
ğŸ‡¸ğŸ‡½ flag: Sint Maarten
ğŸ‡¸ğŸ‡¾ flag: Syria
ğŸ‡¸ğŸ‡¿ flag: Eswatini
ğŸ‡¹ğŸ‡¦ flag: Tristan da Cunha
ğŸ‡¹ğŸ‡¨ flag: Turks &amp; Caicos Islands
ğŸ‡¹ğŸ‡© flag: Chad
ğŸ‡¹ğŸ‡« flag: French Southern Territories
ğŸ‡¹ğŸ‡¬ flag: Togo
ğŸ‡¹ğŸ‡­ flag: Thailand
ğŸ‡¹ğŸ‡¯ flag: Tajikistan
ğŸ‡¹ğŸ‡° flag: Tokelau
ğŸ‡¹ğŸ‡± flag: Timor-Leste
ğŸ‡¹ğŸ‡² flag: Turkmenistan
ğŸ‡¹ğŸ‡³ flag: Tunisia
ğŸ‡¹ğŸ‡´ flag: Tonga
ğŸ‡¹ğŸ‡· flag: Turkey
ğŸ‡¹ğŸ‡¹ flag: Trinidad &amp; Tobago
ğŸ‡¹ğŸ‡» flag: Tuvalu
ğŸ‡¹ğŸ‡¼ flag: Taiwan
ğŸ‡¹ğŸ‡¿ flag: Tanzania
ğŸ‡ºğŸ‡¦ flag: Ukraine
ğŸ‡ºğŸ‡¬ flag: Uganda
ğŸ‡ºğŸ‡² flag: U.S. Outlying Islands
ğŸ‡ºğŸ‡³ flag: United Nations
ğŸ‡ºğŸ‡¸ flag: United States
ğŸ‡ºğŸ‡¾ flag: Uruguay
ğŸ‡ºğŸ‡¿ flag: Uzbekistan
ğŸ‡»ğŸ‡¦ flag: Vatican City
ğŸ‡»ğŸ‡¨ flag: St. Vincent &amp; Grenadines
ğŸ‡»ğŸ‡ª flag: Venezuela
ğŸ‡»ğŸ‡¬ flag: British Virgin Islands
ğŸ‡»ğŸ‡® flag: U.S. Virgin Islands
ğŸ‡»ğŸ‡³ flag: Vietnam
ğŸ‡»ğŸ‡º flag: Vanuatu
ğŸ‡¼ğŸ‡« flag: Wallis &amp; Futuna
ğŸ‡¼ğŸ‡¸ flag: Samoa
ğŸ‡½ğŸ‡° flag: Kosovo
ğŸ‡¾ğŸ‡ª flag: Yemen
ğŸ‡¾ğŸ‡¹ flag: Mayotte
ğŸ‡¿ğŸ‡¦ flag: South Africa
ğŸ‡¿ğŸ‡² flag: Zambia
ğŸ‡¿ğŸ‡¼ flag: Zimbabwe
ğŸ´ó §ó ¢ó ¥ó ®ó §ó ¿ flag: England
ğŸ´ó §ó ¢ó ³ó £ó ´ó ¿ flag: Scotland
ğŸ´ó §ó ¢ó ·ó ¬ó ³ó ¿ flag: Wales
