{ aÃ§Ä±lan buruq mÃ¶tÉ™rizÉ™, buruq mÃ¶tÉ™rizÉ™, fiqurlu mÃ¶tÉ™rizÉ™
ğŸ» aÃ§Ä±q dÉ™ri tonu, emoji modifikatoru, nÃ¶v 1â€“2
ğŸ¼ emoji modifikatoru, nÃ¶v 3, orta-aÃ§Ä±q dÉ™ri tonu
ğŸ½ emoji modifikatoru, nÃ¶v 4, orta dÉ™ri tonu
ğŸ¾ emoji modifikatoru, nÃ¶v 5, orta-tÃ¼nd dÉ™ri tonu
ğŸ¿ emoji modifikatoru, nÃ¶v 6, tÃ¼nd dÉ™ri tonu
â€¾ cizgi, Ã¼stÃ¼ cizgili, Ã¼zÉ™ri xÉ™tli
_ alt tire, alt xÉ™tt, aÅŸaÄŸÄ± xÉ™tt, tire, xÉ™tt
- defis, defis-minus, minus, tire
â€ defis, tire
â€“ en, qÄ±sa tire, tire
â€” em, tire, uzun tire
â€• horizontal xÉ™tt, tire
ãƒ» interpunkt, katakana, katakana orta nÃ¶qtÉ™, nÃ¶qtÉ™lÉ™r, orta nÃ¶qtÉ™
, vergÃ¼l, vergÃ¼l durÄŸusu
ØŒ É™rÉ™b, É™rÉ™b vergÃ¼lÃ¼, vergÃ¼l
ã€ ideografik, ideoqrafik vergÃ¼l, vergÃ¼l
; nÃ¶qtÉ™li vergÃ¼l
Ø› É™rÉ™b, É™rÉ™b nÃ¶qtÉ™li vergÃ¼lÃ¼, nÃ¶qtÉ™li vergÃ¼l
: iki nÃ¶qtÉ™, iki nÃ¶qtÉ™ durÄŸusu
! nida, nida iÅŸarÉ™si, nida niÅŸanÄ±, partlayÄ±ÅŸ
Â¡ nida, nida durÄŸusu, nida iÅŸarÉ™si, partlayÄ±ÅŸ, tÉ™rs, tÉ™rs nida iÅŸarÉ™si
? sual, sual niÅŸanÄ±
Â¿ sual, sual iÅŸarÉ™si, tÉ™rs, tÉ™rs sual iÅŸarÉ™si
ØŸ É™rÉ™b, É™rÉ™b sual iÅŸarÉ™si, sual, sual iÅŸarÉ™si
â€½ interabanq, interrobanq
. nÃ¶qtÉ™, tam durÄŸu
â€¦ ellips, nÃ¶qtÉ™lÉ™r, Ã¼Ã§ nÃ¶qtÉ™
ã€‚ ideoqrafik, nÃ¶qtÉ™, tam durÄŸu
Â· interpunkt, middot, nÃ¶qtÉ™, orta
' apostrof, dÄ±rnaq, tÉ™k dÄ±rnaq, tipoqraf apostrofu
â€˜ apostrof, dÄ±rnaq, smart dÄ±rnaq, sol apostrof, tÉ™k dÄ±rnaq
â€™ apostrof, dÄ±rnaq, saÄŸ apostrof, smart dÄ±rnaq, tÉ™k dÄ±rnaq
â€š apostrof, aÅŸaÄŸÄ± dÄ±rnaq, aÅŸaÄŸÄ± saÄŸ apostrof, dÄ±rnaq
â€œ dÄ±rnaq, ikiqat dÄ±rnaq, sitat, smart sitat, sol sitat iÅŸarÉ™si
â€ dÄ±rnaq, ikiqat dÄ±rnaq, saÄŸ sitat iÅŸarÉ™si, sitat, smart sitat
â€ aÅŸaÄŸÄ± saÄŸ sitat iÅŸarÉ™si, aÅŸaÄŸÄ± sitat, dÄ±rnaq, ikiqat dÄ±rnaq, sitat v smart sitat
Â« bucaq, dÄ±rnaq iÅŸarÉ™si, dÃ¼zbucaqlÄ± mÃ¶tÉ™rizÉ™, redaktÉ™ kursoru, ÅŸevron, sol, sol dÄ±rnaq iÅŸarÉ™si
Â» bucaq, dÄ±rnaq iÅŸarÉ™si, dÃ¼zbucaqlÄ± mÃ¶tÉ™rizÉ™, redaktÉ™ kursoru, saÄŸ, saÄŸ dÄ±rnaq iÅŸarÉ™si, ÅŸevron
) mÃ¶tÉ™rizÉ™, qapanan mÃ¶tÉ™rizÉ™, qÃ¶vsvari mÃ¶tÉ™rizÉ™
[ aÃ§Ä±lan kvadrat mÃ¶tÉ™rizÉ™, kvadrat mÃ¶tÉ™rizÉ™, mÃ¶tÉ™rizÉ™
] kvadrat mÃ¶tÉ™rizÉ™, mÃ¶tÉ™rizÉ™, qapanan kvadrat mÃ¶tÉ™rizÉ™
} buruq mÃ¶tÉ™rizÉ™, fiqurlu mÃ¶tÉ™rizÉ™, qapanan buruq mÃ¶tÉ™rizÉ™
ã€ˆ aÃ§Ä±lan bucaqlÄ± mÃ¶tÉ™rizÉ™, brilliant mÃ¶tÉ™rizÉ™, bucaqlÄ± mÃ¶tÉ™rizÉ™, mÃ¶tÉ™rizÉ™, oxlu mÃ¶tÉ™rizÉ™, ÅŸevron
ã€‰ brilliant mÃ¶tÉ™rizÉ™, bucaqlÄ± mÃ¶tÉ™rizÉ™, mÃ¶tÉ™rizÉ™, oxlu mÃ¶tÉ™rizÉ™, qapanan bucaqlÄ± mÃ¶tÉ™rizÉ™, ÅŸevron
ã€Š aÃ§Ä±lan ikiqat bucaqlÄ± mÃ¶tÉ™rizÉ™, ikiqat bucaqlÄ± mÃ¶tÉ™rizÉ™, mÃ¶tÉ™rizÉ™
ã€‹ ikiqat bucaqlÄ± mÃ¶tÉ™rizÉ™, mÃ¶tÉ™rizÉ™, qapanan ikiqat bucaqlÄ± mÃ¶tÉ™rizÉ™
ã€Œ aÃ§Ä±lan kÃ¼nc mÃ¶tÉ™rizÉ™si, mÃ¶tÉ™rizÉ™si
ã€ mÃ¶tÉ™rizÉ™, qapanan kÃ¼nc mÃ¶tÉ™rizÉ™si
ã€ aÃ§Ä±lan boÅŸ kÃ¼nc mÃ¶tÉ™rizÉ™si, mÃ¶tÉ™rizÉ™
ã€ mÃ¶tÉ™rizÉ™, qapanan boÅŸ kÃ¼nc mÃ¶tÉ™rizÉ™si
ã€ aÃ§Ä±lan qara linza mÃ¶tÉ™rizÉ™si, linza mÃ¶tÉ™rizÉ™si, mÃ¶tÉ™rizÉ™
ã€‘ linza mÃ¶tÉ™rizÉ™si, mÃ¶tÉ™rizÉ™, qapanan qara linza mÃ¶tÉ™rizÉ™si
ã€” aÃ§Ä±lan kronÅŸteyn mÃ¶tÉ™rizÉ™, kronÅŸteyn mÃ¶tÉ™rizÉ™, mÃ¶tÉ™rizÉ™
ã€• kronÅŸteyn mÃ¶tÉ™rizÉ™, mÃ¶tÉ™rizÉ™, qapanan kronÅŸteyn mÃ¶tÉ™rizÉ™
ã€– aÃ§Ä±lan boÅŸ linza mÃ¶tÉ™rizÉ™si, boÅŸ linza mÃ¶tÉ™rizÉ™si, mÃ¶tÉ™rizÉ™
ã€— boÅŸ linza mÃ¶tÉ™rizÉ™si, mÃ¶tÉ™rizÉ™, qapanan boÅŸ linza mÃ¶tÉ™rizÉ™si
Â§ bÃ¶lmÉ™, bÃ¶lmÉ™ iÅŸarÉ™si, hissÉ™, paraqraf, paraqraf iÅŸarÉ™si
Â¶ absaz iÅŸarÉ™si, alinea, parafir, paraqraf, paraqraf niÅŸanÄ±
@ ampersat, arobaza, arroba, É™t iÅŸarÉ™si, É™t niÅŸanÄ±, strudel, ticari É™t
* asterisk, coker, ulduz
/ kÉ™sr, maili, sleÅŸ, solidus, ÅŸtrix, vergÃ¼l
\ geri sleÅŸ, kÉ™sr, tÉ™rs solidus
& ampersant, et, vÉ™
# funt, heÅŸ, heÅŸ iÅŸarÉ™si, heÅŸteq, lb, nÃ¶mrÉ™
% faiz
â€° mindÉ™ bir, promil
â€  kiÃ§ik xaÃ§, obelisk, xÉ™ncÉ™r, xÉ™ncÉ™r-xaÃ§ iÅŸarÉ™si
â€¡ ikiqat, ikixaÃ§lÄ± xÉ™ncÉ™r iÅŸarÉ™si, kiÃ§ik xaÃ§, obelisk, xÉ™ncÉ™r
â€¢ bÃ¶yÃ¼k nÃ¶qtÉ™, nÃ¶qtÉ™
â€§ defis, keÃ§id nÃ¶qtÉ™si, nÃ¶qtÉ™, tire
â€² ÅŸtrix, ÅŸtrix iÅŸarÉ™si
â€³ ikiqat ÅŸtrix, ÅŸtrix
â€´ ÅŸtrix, Ã¼Ã§qat ÅŸtrix
â€¸ aÃ§Ä±lan dÄ±rnaq iÅŸarÉ™si, baÄŸlanan dÄ±rnaq iÅŸarÉ™si
â€» kontrol iÅŸarÉ™si
â‚ asterizm, Ã¼Ã§, ulduz
` aÄŸÄ±r, ton, vurÄŸu
Â´ iti, ton, vurÄŸu
^ gÃ¶stÉ™rici, gÃ¼c, istisna iÅŸarÉ™si, papaq, paz, qoyma iÅŸarÉ™si, ÅŸevron, sirkumfleks, vurÄŸu
Â¨ dierez, trema, umlaut
Â° dÉ™rÉ™cÉ™, isbat, saat
â„— mÃ¼É™llif hÃ¼ququ, sÉ™s, sÉ™s yazma Ã¼zrÉ™ mÃ¼É™llif hÃ¼ququ, yazma
â† ox, sol, sola yÃ¶nÉ™lmiÅŸ ox
â†š sol istiqamÉ™tdÉ™ ox xÉ™tti
â†’ ox, saÄŸ, saÄŸa yÃ¶nÉ™lmiÅŸ ox
â†› saÄŸ istiqamÉ™tindÉ™ ox xÉ™tti
â†‘ ox, yuxarÄ±, yuxarÄ±ya yÃ¶nÉ™lmiÅŸ ox
â†“ aÅŸaÄŸÄ±, aÅŸaÄŸÄ± yÃ¶nÉ™lmiÅŸ ox, ox
â†œ sol istiqamÉ™tindÉ™ dalÄŸalÄ± ox
â† saÄŸ istiqamÉ™tindÉ™ dalÄŸalÄ± ox
â† sola doÄŸru ikibaÅŸlÄ± ox
â†Ÿ yuxarÄ±ya doÄŸru ikibaÅŸlÄ± ox
â†  saÄŸa doÄŸru ikibaÅŸlÄ± ox
â†¡ aÅŸaÄŸÄ±ya doÄŸru ikibaÅŸlÄ± ox
â†¢ sola doÄŸru ox ucluÄŸu
â†£ saÄŸa doÄŸru ox ucluÄŸu
â†¤ xÉ™ttdÉ™n sola ox
â†¥ xÉ™ttdÉ™n yuxarÄ± ox
â†¦ xÉ™ttdÉ™n saÄŸa ox
â†§ xÉ™ttdÉ™n aÅŸaÄŸÄ± ox
â†¨ yuxarÄ±-aÅŸaÄŸÄ± ucluqlu ox
â†« halqa ilÉ™ sola doÄŸru ox
â†¬ halqa ilÉ™ saÄŸa doÄŸru ox
â†­ sola-saÄŸa dalÄŸalÄ± ox
â†¯ aÅŸaÄŸÄ±ya doÄŸru ziqzaqÅŸÉ™killi ox, ziqzaq
â†° yuxarÄ± sol istiqamÉ™tli ox ucu
â†± yuxarÄ± saÄŸ istiqamÉ™tli ox ucu
â†² aÅŸaÄŸÄ± sol istiqamÉ™tli ox ucu
â†³ aÅŸaÄŸÄ± saÄŸ istiqamÉ™tli ox ucu
â†´ saÄŸa doÄŸru aÅŸaÄŸÄ± ox kÃ¼ncÃ¼
â†µ aÅŸaÄŸÄ± sola doÄŸru ox kÃ¼ncÃ¼
â†¶ saat É™qrÉ™binin É™ksi istiqamÉ™tindÉ™ yuxarÄ±ya doÄŸru qÃ¶vsÅŸÉ™killi ox
â†· saat É™qrÉ™bi istiqamÉ™tindÉ™ yuxarÄ±ya doÄŸru qÃ¶vsÅŸÉ™killi ox
â†¸ ÅŸimal qÉ™rb istiqamÉ™tindÉ™ uzun xÉ™ttli ox
â†¹ saÄŸ ox xÉ™tti Ã¼zÉ™rindÉ™ sol ox xÉ™tti
â†º saat É™qrÉ™binin É™ksi istiqamÉ™tindÉ™ aÃ§Ä±q dairÉ™vi ox
â†» saat É™qrÉ™bi istiqamÉ™tindÉ™ aÃ§Ä±q dairÉ™vi ox
â†¼ diÅŸÉ™k, sola doÄŸru yuxarÄ± qarmaq diÅŸÉ™yi
â†½ sola doÄŸru aÅŸaÄŸÄ± qarmaq diÅŸÉ™yi
â†¾ diÅŸÉ™k, yuxarÄ± saÄŸa doÄŸru qarmaq diÅŸÉ™yi
â†¿ diÅŸÉ™k, yuxarÄ± sola doÄŸru qarmaq diÅŸÉ™yi
â‡€ diÅŸÉ™k, saÄŸa doÄŸru yuxarÄ± qarmaq diÅŸÉ™yi
â‡ diÅŸÉ™k, saÄŸa doÄŸru aÅŸaÄŸÄ± qarmaq diÅŸÉ™yi
â‡‚ aÅŸaÄŸÄ±ya doÄŸru saÄŸa qarmaq diÅŸÉ™yi, diÅŸÉ™k
â‡ƒ aÅŸaÄŸÄ±ya doÄŸru sola qarmaq diÅŸÉ™yi, diÅŸÉ™k
â‡„ sola doÄŸru olan oxun Ã¼zÉ™rindÉ™ saÄŸa doÄŸru ox
â‡… aÅŸaÄŸÄ±, ox, yuxarÄ±, yuxarÄ± vÉ™ aÅŸaÄŸÄ± yÃ¶nÉ™lmiÅŸ oxlar
â‡† ox, saÄŸ, saÄŸa yÃ¶nÉ™lmiÅŸ oxlar Ã¼zÉ™ri sola yÃ¶nÉ™lmiÅŸ, saÄŸa yÃ¶nÉ™lmiÅŸ oxlar Ã¼zÉ™rindÉ™n sola yÃ¶nÉ™lmiÅŸ, sol
â‡‡ sola doÄŸru cÃ¼t ox
â‡ˆ yuxarÄ±ya doÄŸru cÃ¼t ox
â‡‰ saÄŸa doÄŸru cÃ¼t ox
â‡Š aÅŸaÄŸÄ±ya doÄŸru cÃ¼t ox
â‡‹ saÄŸa doÄŸru olan qarmaÄŸÄ±n Ã¼zÉ™rindÉ™ sola doÄŸru qarmaq
â‡Œ sola doÄŸru olan qarmaÄŸÄ±n Ã¼zÉ™rindÉ™ saÄŸa doÄŸru qarmaq
â‡ sola doÄŸru ikili ox
â‡ sola doÄŸru ikili ox xÉ™tti
â‡‘ yuxarÄ±ya doÄŸru ikili ox
â‡’ saÄŸa doÄŸru ikili ox
â‡ saÄŸa doÄŸru ikili ox xÉ™tti
â‡“ aÅŸaÄŸÄ±ya doÄŸru ikili ox
â‡” sol-saÄŸ istiqamÉ™tli ikili ox
â‡ sol-saÄŸ istiqamÉ™tli ikili ox xÉ™tti
â‡– ÅŸimal qÉ™rb ikili oxu
â‡— ÅŸimal ÅŸÉ™rq ikili oxu
â‡˜ cÉ™nub ÅŸÉ™rq ikili oxu
â‡™ cÉ™nub qÉ™rb ikili oxu
â‡š sola doÄŸru Ã¼Ã§lÃ¼ ox
â‡› saÄŸa doÄŸru Ã¼Ã§lÃ¼ ox
â‡œ sola doÄŸru kÉ™rtikli ox
â‡ saÄŸa doÄŸru kÉ™rtikli ox
â‡ yuxarÄ± ox Ã¼zÉ™rindÉ™ ikili xÉ™tt
â‡Ÿ aÅŸaÄŸÄ± ox Ã¼zÉ™rindÉ™ ikili xÉ™tt
â‡  sola doÄŸru tireli ox
â‡¡ yuxarÄ±ya doÄŸru tireli ox
â‡¢ saÄŸa doÄŸru tireli ox
â‡£ aÅŸaÄŸÄ±ya doÄŸru tireli ox
â‡¤ sola doÄŸru ox xÉ™tti
â‡¥ saÄŸa doÄŸru ox xÉ™tti
â‡¦ sola doÄŸru dÉ™likli ox
â‡§ yuxarÄ±ya doÄŸru dÉ™likli ox
â‡¨ saÄŸa doÄŸru dÉ™likli ox
â‡© aÅŸaÄŸÄ±ya doÄŸru dÉ™likli ox
â‡ª xÉ™ttdÉ™n yuxarÄ±ya doÄŸru dÉ™likli ox
â‡µ aÅŸaÄŸÄ± oxun solunda yuxarÄ± ox
âˆ€ Ã§evrilmiÅŸ A, hamÄ±sÄ±, istÉ™nilÉ™n, universal, verilÉ™n
âˆ‚ differensial, qismÉ™n differensial
âˆƒ Ã§evrilmiÅŸ E
âˆ… boÅŸ Ã§oxluq, riyaziyyat
âˆ† delta, Ã¼Ã§bucaq
âˆ‡ nabla, Ã¼Ã§bucaq
âˆˆ daxildir, dÉ™st, element, elementi, Ã¼zvlÃ¼k
âˆ‰ Ã§oxluÄŸa daxil deyil, element
âˆ‹ Ã§oxluÄŸa daxildir, element
âˆ son sÃ¼but
âˆ yaranma
âˆ‘ cÉ™m, riyaziyyat
+ É™lavÉ™, toplama, toplama iÅŸarÉ™si
Â± plus-minus, toplama-Ã§Ä±xma
Ã· bÃ¶lmÉ™, bÃ¶lmÉ™ iÅŸarÉ™si, bÃ¶lmÉ™k, kiÃ§ik xaÃ§
Ã— dÉ™fÉ™, vurma, vurma iÅŸarÉ™si, vurma ÅŸarÉ™si, vurmaq
< aÃ§Ä±lan teq, kiÃ§ik iÅŸarÉ™si, teq
â‰® bÉ™rabÉ™rsizlik, kiÃ§ik deyil, riyaziyyat
= bÉ™rabÉ™r, eÅŸit
â‰  bÉ™rabÉ™rsizlik, qeyri-bÉ™rabÉ™r
> bÃ¶yÃ¼k iÅŸarÉ™si, qapanan teq, teq
â‰¯ bÉ™rabÉ™rsizlik, bÃ¶yÃ¼k deyil, riyaziyyat
Â¬ inkar, yox
| ÅŸeffer xÉ™tti, vertikal xÉ™tt
~ tilda
âˆ’ Ã§Ä±xma, Ã§Ä±xma iÅŸarÉ™si, minus
â» minus, Ã¼stdÉ™ minus, Ã¼stdÉ™ yazÄ±lan
âˆ“ Ã§Ä±x-yaxud-Ã¼stÉ™gÉ™l, Ã¼stÉ™gÉ™l-Ã§Ä±x
âˆ• bÃ¶lmÉ™ sleÅŸi, Ã§É™pÉ™ki xÉ™tt, sleÅŸ, xÉ™tt
â„ fraksiya, fraksiya sleÅŸi, xÉ™tt
âˆ— ulduz, ulduz operatoru
âˆ˜ dÉ™rÉ™cÉ™ operatoru
âˆ™ bÃ¶yÃ¼k nÃ¶qtÉ™ operatoru, operator
âˆš É™sas, irrasional, kÃ¶k, kÃ¶kaltÄ±, kvadrat, radikal
âˆ mÃ¼tÉ™nasib, mÃ¼tÉ™nasiblik
âˆ sonsuzluq, sonsuzluq iÅŸarÉ™si
âˆŸ bucaq, riyaziyyat, saÄŸ bucaq
âˆ  bucaq, iti
âˆ© dÉ™st, kÉ™siÅŸmÉ™
âˆª birlÉ™ÅŸmÉ™, cÉ™m, dÉ™st
â‰ˆ ortalama, tÉ™qribÉ™n, tÉ™xminÉ™n bÉ™rabÉ™r
â‰¡ bÉ™rabÉ™r, bÉ™rabÉ™rdir, dÉ™qiq, Ã¼Ã§qat
â‰¤ bÉ™rabÉ™r, bÉ™rabÉ™rsizlik, kiÃ§ik, kiÃ§ik vÉ™ ya bÉ™rabÉ™r
â‰¥ bÉ™rabÉ™r, bÉ™rabÉ™rsizlik, bÃ¶yÃ¼k, bÃ¶yÃ¼k vÉ™ ya bÉ™rabÉ™r
âŠ‚ altÃ§oxluÄŸu, altÃ§oxluq, dÉ™st
â–² dolu, ox, Ã¼Ã§bucaq, yuxarÄ±, yuxarÄ± yÃ¶nÉ™lmiÅŸ dolu Ã¼Ã§bucaq
â–¼ aÅŸaÄŸÄ±, aÅŸaÄŸÄ± yÃ¶nÉ™lmiÅŸ dolu Ã¼Ã§bucaq, dolu, ox, Ã¼Ã§bucaq
â—Š romb, rombÅŸÉ™killi fiqur
â—‹ boÅŸ dairÉ™, dairÉ™, halqa
â— dairÉ™, dolu dairÉ™
â—¯ bÃ¶yÃ¼k boÅŸ dairÉ™, dairÉ™, halqa
â™ª musiqi, not, sÉ™kkizinci
â™­ bemol, musiqi, not
â™¯ diez, musiqi, not
ğŸ˜€ gÃ¼lÉ™n Ã¼z, gÃ¼lmÉ™k, Ã¼z
ğŸ˜ƒ aÃ§Ä±q, aÃ§Ä±q aÄŸÄ±zla gÃ¼lÉ™n Ã¼z, aÄŸÄ±z, tÉ™bÉ™ssÃ¼m, Ã¼z
ğŸ˜„ aÃ§Ä±q, aÃ§Ä±q aÄŸÄ±z vÉ™ gÃ¼lÉ™n gÃ¶zlÉ™rlÉ™ gÃ¼lÉ™n Ã¼z, aÄŸÄ±z, gÃ¶z, tÉ™bÉ™ssÃ¼m, Ã¼z
ğŸ˜ gÃ¶z, gÃ¼lÉ™n gÃ¶zlÉ™rlÉ™ gÃ¼lÉ™n Ã¼z, gÃ¼lmÉ™k, tÉ™bÉ™ssÃ¼m, Ã¼z
ğŸ˜† aÃ§Ä±q, aÃ§Ä±q aÄŸÄ±z vÉ™ bÉ™rk yumulmuÅŸ gÃ¶zlÉ™rlÉ™ gÃ¼lÉ™n Ã¼z, aÄŸÄ±z, gÃ¼lÃ¼ÅŸ, mÉ™mnun, tÉ™bÉ™ssÃ¼m, Ã¼z
ğŸ˜… aÃ§Ä±q, aÃ§Ä±q aÄŸÄ±z vÉ™ soyuq tÉ™rlÉ™ gÃ¼lÉ™n Ã¼z, soyuq, tÉ™bÉ™ssÃ¼m, tÉ™r, Ã¼z
ğŸ¤£ diyirlÉ™nÉ™n, gÃ¼lmÉ™kdÉ™n nÉ™fÉ™si kÉ™silmÉ™k, gÃ¼lÃ¼ÅŸ, Ã¼z, yer
ğŸ˜‚ gÃ¶z yaÅŸÄ±, gÃ¼lÃ¼ÅŸ, sevinc, sevinc gÃ¶z yaÅŸlarÄ± olan Ã¼z, Ã¼z
ğŸ™‚ tÉ™bÉ™ssÃ¼m, Ã¼z, yÃ¼ngÃ¼lcÉ™ gÃ¼lÃ¼msÉ™yÉ™n Ã¼z
ğŸ™ƒ baÅŸ-aÅŸaÄŸÄ±, baÅŸÄ±-aÅŸaÄŸÄ± Ã¼z, Ã¼z
ğŸ˜‰ gÃ¶z vuran Ã¼z, gÃ¶z vurmaq, Ã¼z
ğŸ˜Š gÃ¶z, gÃ¼lÉ™n gÃ¶zlÉ™rlÉ™ gÃ¼lÃ¼msÉ™yÉ™n Ã¼z, tÉ™bÉ™ssÃ¼m, utanma, Ã¼z
ğŸ˜‡ baÅŸÄ±nda halÉ™ gÃ¼lmsÉ™yÉ™n Ã¼z, fantastika, halÉ™, mÉ™lÉ™k, mÉ™sum
ğŸ¥° 3 Ã¼rÉ™kli tÉ™bÉ™ssÃ¼mlÃ¼ Ã¼z, aÅŸiqlik, sevgi, vurulmaq
ğŸ˜ gÃ¶z, sevgi, tÉ™bÉ™ssÃ¼m, Ã¼rÉ™k, Ã¼rÉ™k formalÄ± gÃ¶zlÉ™ri olan gÃ¼lÉ™n Ã¼z, Ã¼z
ğŸ¤© gÃ¶zlÉ™r, gÃ¼lÉ™n, ulduz, ulduza heyranlÄ±q, Ã¼z
ğŸ˜˜ Ã¶pÃ¼ÅŸ, Ã¶pÃ¼ÅŸ gÃ¶ndÉ™rÉ™n Ã¼z, Ã¼rÉ™k, Ã¼z
ğŸ˜— Ã¶pÉ™n Ã¼z, Ã¶pÃ¼ÅŸ, Ã¼z
â˜º gÃ¼lÃ¼msÉ™yÉ™n Ã¼z, rahat, sakit, tÉ™bÉ™ssÃ¼m, Ã¼z
ğŸ˜š baÄŸlÄ±, baÄŸlÄ± gÃ¶zlÉ™rlÉ™ Ã¶pÉ™n Ã¼z, gÃ¶z, Ã¶pÃ¼ÅŸ, Ã¼z
ğŸ˜™ gÃ¶z, gÃ¼lÉ™n gÃ¶zlÉ™rlÉ™ Ã¶pÉ™n Ã¼z, Ã¶pÃ¼ÅŸ, tÉ™bÉ™ssÃ¼m, Ã¼z
ğŸ¥² gÃ¶z yaÅŸÄ±, gÃ¶z yaÅŸlarÄ± ilÉ™ gÃ¼lÃ¼msÉ™yÉ™n Ã¼z, gÃ¼lÃ¼msÉ™yir, hÉ™yÉ™canlÄ±, lovÄŸa, mÉ™mnun, yÃ¼ngÃ¼l
ğŸ˜‹ dadlÄ±, dadlÄ± yemÉ™kdÉ™n hÉ™zz alan Ã¼z, hÉ™zz almaq, tÉ™bÉ™ssÃ¼m, um, Ã¼z, yum
ğŸ˜› dil, dilini Ã§Ä±xarmÄ±ÅŸ Ã¼z, Ã¼z
ğŸ˜œ dil, dilini Ã§Ä±xarmÄ±ÅŸ vÉ™ gÃ¶z vuran Ã¼z, gÃ¶z, gÃ¶z vurmaq, Ã¼z, zarafat
ğŸ¤ª bÃ¶yÃ¼k, dÉ™cÉ™l Ã¼z, gÃ¶z, kiÃ§ik
ğŸ˜ dad, dil, dilini Ã§Ä±xarmÄ±ÅŸ vÉ™ gÃ¶zlÉ™rini mÃ¶hkÉ™m baÄŸlamÄ±ÅŸ Ã¼z, gÃ¶z, qorxulu, Ã¼z
ğŸ¤‘ aÄŸÄ±z, aÄŸzÄ± pul olan Ã¼z, pul, Ã¼z
ğŸ¤— qucaqlama, qucaqlaÅŸmaq, qucaqlayan Ã¼z, Ã¼z
ğŸ¤­ aÄŸzÄ±nÄ± É™li ilÉ™ Ã¶rtmÃ¼ÅŸ Ã¼z, vay
ğŸ¤« sakit, tÉ™rpÉ™nÉ™n, tÉ™rpÉ™nÉ™n sifÉ™t
ğŸ¤” dÃ¼ÅŸÃ¼nÉ™n Ã¼z, dÃ¼ÅŸÃ¼nÃ¼r, Ã¼z
ğŸ¤ aÄŸÄ±z, aÄŸzÄ± baÄŸlanmÄ±ÅŸ Ã¼z, Ã¼z, zÉ™ncirbÉ™nd
ğŸ¤¨ inamsÄ±z, qaÅŸlarÄ± qalxmÄ±ÅŸ Ã¼z, skeptik
ğŸ˜ neytral, soyuqqanlÄ±, Ã¼z
ğŸ˜‘ donuq, durÄŸun, ifadÉ™siz, Ã¼z
ğŸ˜¶ aÄŸÄ±z, aÄŸÄ±zsÄ±z Ã¼z, sakit, sÉ™ssiz, Ã¼z
ğŸ˜¶â€ğŸŒ« bulud, buludlu baÅŸ, buludlu Ã¼z
ğŸ˜ Ã¶zÃ¼ndÉ™n razÄ± gÃ¼lÃ¼msÉ™mÉ™k, Ã¶zÃ¼ndÉ™n razÄ± gÃ¼lÃ¼msÉ™yÉ™n Ã¼z, Ã¼z
ğŸ˜’ kefsiz, narazÄ±, Ã¼z
ğŸ™„ fÄ±rlatmaq, gÃ¶z, gÃ¶zlÉ™rini fÄ±rladan Ã¼z, Ã¼z
ğŸ˜¬ Ã¼z, Ã¼z-gÃ¶zÃ¼nÃ¼ turÅŸudan Ã¼z, Ã¼z-gÃ¶zÃ¼nÃ¼ turÅŸutmaq
ğŸ˜®â€ğŸ’¨ ciyÉ™rÉ™Ã§É™kmÉ™, nÉ™fÉ™s alan Ã¼z, nÉ™fÉ™salma, pÄ±Ã§Ä±ldama
ğŸ¤¥ adam, Ã¼zÃ¼, yalanÃ§Ä±
ğŸ˜Œ rahat Ã¼z, Ã¼z, yÃ¼ngÃ¼llÉ™ÅŸmiÅŸ
ğŸ˜” fikirli, mÉ™yus, Ã¼z
ğŸ˜ª Ã¼z, yatmaq, yuxulu Ã¼z
ğŸ¤¤ aÄŸÄ±z, aÄŸÄ±z sulanan Ã¼z, sulanmaq, Ã¼z
ğŸ˜´ Ã¼z, yatan Ã¼z, yatmaq, zzz
ğŸ˜· hÉ™kim, maska, naxoÅŸ, soyuq, tibb, tibbi maskalÄ± Ã¼z, Ã¼z
ğŸ¤’ naxoÅŸ, termometr, termometrli, Ã¼z, xÉ™stÉ™
ğŸ¤• baÅŸ sarÄŸÄ±lÄ± Ã¼z, sarÄŸÄ±, Ã¼z, xÉ™sarÉ™t, zÉ™dÉ™
ğŸ¤¢ iyrÉ™nÉ™n Ã¼z, iyrÉ™nmÉ™k, Ã¼z
ğŸ¤® qusan Ã¼z, qusmaq, xÉ™stÉ™
ğŸ¤§ asqÄ±ran Ã¼z, asqÄ±rmaq, qrip, sifÉ™t, Ã¼z
ğŸ¥µ hot, istivurma, pÃ¶rtlÉ™miÅŸ Ã¼z, qÄ±zarmÄ±ÅŸ Ã¼z, qÄ±zdÄ±rma, tÉ™rlÉ™mÉ™
ğŸ¥¶ buz, donmuÅŸ, donmuÅŸ Ã¼z, donvurma, gÃ¶y Ã¼z, soyuq
ğŸ¥´ birtÉ™hÉ™r, Ã§É™p gÃ¶zlÉ™r, É™yri aÄŸÄ±z, gicÉ™llÉ™nÉ™n, gicÉ™llÉ™nÉ™n Ã¼z, sÉ™rxoÅŸ
ğŸ˜µ baÅŸgicÉ™llÉ™nmÉ™, baÅŸÄ±gicÉ™llÉ™nÉ™n Ã¼z, Ã¼z
ğŸ˜µâ€ğŸ’« baÅŸgicÉ™llÉ™nmÉ™, hipnozlanmÄ±ÅŸ, problem, spiral, spiral gÃ¶zlÃ¼ Ã¼z
ğŸ¤¯ partlayan baÅŸ, ÅŸoka dÃ¼ÅŸmÃ¼ÅŸ
ğŸ¤  papaqlÄ±, papaqlÄ± qaqaÅŸ Ã¼zÃ¼, qaqaÅŸ, Ã¼z
ğŸ¥³ bayram etmÉ™k, buynuz, papaq, parti, parti edÉ™n Ã¼z
ğŸ¥¸ burun, eynÉ™klÉ™r, inkoqnito, maskalama, maskalanmÄ±ÅŸ Ã¼z, Ã¼z
ğŸ˜ eynÉ™k, gÃ¶z, gÃ¼n eynÉ™yi, gÃ¼n eynÉ™yi ilÉ™ gÃ¼lÉ™n Ã¼z, gÃ¼nÉ™ÅŸ
ğŸ¤“ axmaq, gicbÉ™sÉ™r, Ã¼z
ğŸ§ monokllu Ã¼z, stuffy
ğŸ˜• Ã§aÅŸqÄ±n, Ã¼z
ğŸ˜Ÿ narahat, Ã¼z
ğŸ™ bir az qaÅŸqabaqlÄ± Ã¼z, qaÅŸqabaqlÄ±, Ã¼z
â˜¹ qaÅŸqabaqlÄ±, Ã¼z
ğŸ˜® aÃ§Ä±q, aÄŸÄ±z, aÄŸzÄ± aÃ§Ä±q Ã¼z, simpatiya, Ã¼z
ğŸ˜¯ heyrÉ™tlÉ™nmiÅŸ, susmuÅŸ, tÉ™É™ccÃ¼blÉ™nmiÅŸ, Ã¼z
ğŸ˜² ÅŸoka dÃ¼ÅŸmÃ¼ÅŸ, tamamilÉ™, tÉ™É™ccÃ¼blÉ™nmiÅŸ, Ã¼z
ğŸ˜³ karÄ±xmÄ±ÅŸ, qÄ±zarmÄ±ÅŸ, Ã¼z
ğŸ¥º mÉ™rhÉ™mÉ™t, nÉ™m gÃ¶zlÉ™r, yalvaran Ã¼z, yalvarÄ±ÅŸ
ğŸ˜¦ aÃ§Ä±q, aÄŸÄ±z, aÄŸzÄ± aÃ§Ä±q qaÅŸqabaqlÄ± Ã¼z, qaÅŸqabaqlÄ±, Ã¼z
ğŸ˜§ kÉ™dÉ™rli, Ã¼z
ğŸ˜¨ qorxmuÅŸ Ã¼z, qorxu, qorxulu, Ã¼rkmÃ¼ÅŸ, Ã¼z
ğŸ˜° aÃ§Ä±q, aÄŸÄ±z, aÄŸzÄ± aÃ§Ä±q vÉ™ soyuq tÉ™r olan Ã¼z, mavi, soyuq
ğŸ˜¥ hmm, mÉ™yus lakin rahat Ã¼z, qÉ™mli, Ã¼z, yÃ¼ngÃ¼llÉ™ÅŸmiÅŸ
ğŸ˜¢ aÄŸlamaq, aÄŸlayan Ã¼z, gÃ¶z yaÅŸÄ±, qÉ™mli, Ã¼z
ğŸ˜­ aÄŸlamaq, bÉ™rkdÉ™n aÄŸlayan Ã¼z, gÃ¶z yaÅŸÄ±, hÃ¶nkÃ¼rtÃ¼, qÉ™mli, Ã¼z
ğŸ˜± Ã§eynÉ™mÉ™k, Ã§Ä±ÄŸÄ±rmaq, qorxu, qorxudan Ã§Ä±ÄŸÄ±ran Ã¼z, qorxulu, Ã¼rkmÃ¼ÅŸ, Ã¼z
ğŸ˜– utanan, Ã¼z
ğŸ˜£ inadkar, Ã¼z
ğŸ˜ mÉ™yus, Ã¼z
ğŸ˜“ soyuq, soyuq tÉ™rli Ã¼z, tÉ™r, Ã¼z
ğŸ˜© É™zgin, usanmÄ±ÅŸ, Ã¼z, yorulmuÅŸ Ã¼z
ğŸ˜« Ã¼z, yorÄŸun
ğŸ¥± bezmiÅŸ, É™snÉ™yÉ™n, É™snÉ™yÉ™n Ã¼z, yorÄŸun
ğŸ˜¤ burnundan tÃ¼stÃ¼ Ã§Ä±xan Ã¼z, qalib, Ã¼z, zÉ™fÉ™r
ğŸ˜¡ acÄ±q etmÉ™k, acÄ±qlÄ±, hirsli, qÉ™zÉ™b, qÄ±rmÄ±zÄ±, Ã¼z
ğŸ˜  acÄ±qlÄ±, hirsli, Ã¼z
ğŸ¤¬ aÄŸÄ±zda simvollarÄ± olan Ã¼z, sÃ¶ymÉ™k
ğŸ˜ˆ buynuz, buynuzlu gÃ¼lÉ™n Ã¼z, fantastika, naÄŸÄ±l, tÉ™bÉ™ssÃ¼m, Ã¼z
ğŸ‘¿ fantastika, iblis, naÄŸÄ±l, ÅŸeytan, Ã¼z
ğŸ’€ kÉ™llÉ™, monstr, naÄŸÄ±l, Ã¶lÃ¼m, Ã¼z
â˜  kÉ™llÉ™, kÉ™llÉ™ vÉ™ sÃ¼mÃ¼klÉ™r, monstr, Ã¶lÃ¼m, tÉ™hlÃ¼kÉ™ iÅŸarÉ™si, Ã¼z
ğŸ’© kakaÅŸka, komik, monstr, peyin, pox, Ã¼z
ğŸ¤¡ kloun, kloun Ã¼zÃ¼, Ã¼z
ğŸ‘¹ div, fantastika, mÉ™xluq, monstr, naÄŸÄ±l, Ã¼z, yapon
ğŸ‘º fantastika, mÉ™xluq, monstr, naÄŸÄ±l, qoblin, Ã¼z, yapon
ğŸ‘» fantastika, mÉ™xluq, monstr, naÄŸÄ±l, ruh, Ã¼z
ğŸ‘½ fantastika, kosmos, monstr, yadplanetli
ğŸ‘¾ fantastika, kosmos, monstr, yadplanetli
ğŸ¤– monstr, robot, Ã¼z
ğŸ˜º aÃ§Ä±q, aÄŸÄ±z, aÄŸzÄ± aÃ§Ä±q gÃ¼lÉ™n piÅŸik Ã¼zÃ¼, piÅŸik, tÉ™bÉ™ssÃ¼m, Ã¼z
ğŸ˜¸ diÅŸini aÄŸartmaq, gÃ¶z, gÃ¶zlÉ™ri gÃ¼lÉ™n diÅŸini aÄŸardan piÅŸik Ã¼zÃ¼, piÅŸik, tÉ™bÉ™ssÃ¼m, Ã¼z
ğŸ˜¹ gÃ¶z yaÅŸÄ±, piÅŸik, sevinc, sevinc gÃ¶z yaÅŸlarÄ± olan piÅŸik Ã¼zÃ¼, Ã¼z
ğŸ˜» gÃ¶z, piÅŸik, sevgi, tÉ™bÉ™ssÃ¼m, Ã¼rÉ™k, Ã¼rÉ™k formalÄ± gÃ¶zlÉ™ri olan gÃ¼lÉ™n piÅŸik Ã¼zÃ¼, Ã¼z
ğŸ˜¼ É™yri, É™yri-É™yri gÃ¼lÉ™n piÅŸik Ã¼zÃ¼, kinayÉ™li, piÅŸik, tÉ™bÉ™ssÃ¼m, Ã¼z
ğŸ˜½ baÄŸlÄ± gÃ¶zlÉ™rlÉ™ Ã¶pÉ™n piÅŸik Ã¼zÃ¼, gÃ¶z, Ã¶pÃ¼ÅŸ, piÅŸik, Ã¼z
ğŸ™€ É™zgin, oh, piÅŸik, tÉ™É™ccÃ¼blÉ™nmiÅŸ, tÉ™É™ccÃ¼blÉ™nmiÅŸ piÅŸik Ã¼zÃ¼, Ã¼z
ğŸ˜¿ aÄŸlamaq, aÄŸlayan piÅŸik Ã¼zÃ¼, gÃ¶z yaÅŸÄ±, piÅŸik, qÉ™mli, Ã¼z
ğŸ˜¾ acÄ±q etmÉ™k, acÄ±qlÄ± piÅŸik Ã¼zÃ¼, piÅŸik, Ã¼z
ğŸ™ˆ baxmaq, jest, meymun, pisliyi gÃ¶rÃ¼mÃ¼rÉ™m, qadaÄŸa
ğŸ™‰ eÅŸitmÉ™k, jest, meymun, pisliyi eÅŸitmirÉ™m, qadaÄŸa
ğŸ™Š danÄ±ÅŸmaq, jest, meymun, pis danÄ±ÅŸmÄ±ram, qadaÄŸa
ğŸ’‹ dodaq, iÅŸarÉ™, Ã¶pÃ¼ÅŸ, Ã¶pÃ¼ÅŸ iÅŸarÉ™si, romantika, Ã¼rÉ™k
ğŸ’Œ mÉ™ktub, poÃ§t, romantika, sevgi, sevgi mÉ™ktubu, Ã¼rÉ™k
ğŸ’˜ amur, ox, oxlu Ã¼rÉ™k, romantika, Ã¼rÉ™k
ğŸ’ lent, lentli Ã¼rÉ™k, Ã¼rÉ™k, valentin
ğŸ’– hÉ™yÉ™canlÄ±, qÄ±ÄŸÄ±lcÄ±m, qÄ±ÄŸÄ±lcÄ±mlÄ± Ã¼rÉ™k, Ã¼rÉ™k
ğŸ’— bÃ¶yÃ¼mÉ™k, bÃ¶yÃ¼yÄ±b Ã¼rÉ™k, hÉ™yÉ™canlÄ±, nervous, Ã¼rÉ™k, Ã¼rÉ™k dÃ¶yÃ¼ntÃ¼sÃ¼
ğŸ’“ dÃ¶yÃ¼nÉ™n Ã¼rÉ™k, dÃ¶yÃ¼nmÉ™k, Ã¼rÉ™k, Ã¼rÉ™k dÃ¶yÃ¼ntÃ¼sÃ¼
ğŸ’ fÄ±rlanan, fÄ±rlanan Ã¼rÉ™klr, Ã¼rÉ™k
ğŸ’• iki Ã¼rÉ™k, sevgi, Ã¼rÉ™k
ğŸ’Ÿ Ã¼rÉ™k, Ã¼rÉ™k bÉ™zÉ™yi
â£ durÄŸu iÅŸarÉ™si, iÅŸarÉ™, nida, Ã¼rÉ™k, Ã¼rÉ™k nida iÅŸarÉ™si ornamenti
ğŸ’” sÄ±ndÄ±rÄ±lmÄ±ÅŸ, sÄ±ndÄ±rmaq, sÄ±nmÄ±ÅŸ Ã¼rÉ™k, Ã¼rÉ™k
â¤â€ğŸ”¥ alovlu Ã¼rÉ™k, mÃ¼qÉ™ddÉ™s Ã¼rÉ™k, sevgi, ÅŸÉ™hvÉ™t, Ã¼rÉ™k, yanmaq
â¤â€ğŸ©¹ Ã¶zÃ¼nÉ™ gÉ™lmÉ™k, saÄŸalma, saÄŸlam, yara bandÄ± baÄŸlamaq, yara bandlÄ± Ã¼rÉ™k
â¤ qÄ±rmÄ±zÄ± Ã¼rÉ™k, Ã¼rÉ™k
ğŸ§¡ narÄ±ncÄ±, narÄ±ncÄ± Ã¼rÉ™k
ğŸ’› sarÄ±, Ã¼rÉ™k
ğŸ’š Ã¼rÉ™k, yaÅŸÄ±l
ğŸ’™ mavi, Ã¼rÉ™k
ğŸ’œ bÉ™nÃ¶vÅŸÉ™yi, Ã¼rÉ™k
ğŸ¤ qÉ™hvÉ™yi, Ã¼rÉ™k
ğŸ–¤ pis, qara, qara-Ã¼rÉ™k adam, Ã¼rÉ™k, xislÉ™t
ğŸ¤ aÄŸ, Ã¼rÉ™k
ğŸ’¯ 100, hundqÄ±rmÄ±zÄ±, tam, xal
ğŸ’¢ acÄ±qlÄ±, hirsli, komik, qÉ™zÉ™b simvolu
ğŸ’¥ bum, komik, toqquÅŸma
ğŸ’« baÅŸgicÉ™llÉ™nmÉ™si, komik, ulduz
ğŸ’¦ komik, sÄ±Ã§ramaq, tÉ™r, tÉ™r damcÄ±larÄ±
ğŸ’¨ komik, qaÃ§Ä±ÅŸ, sÃ¼rÉ™tli hÉ™rÉ™kÉ™t, tez getmÉ™k
ğŸ•³ deÅŸik
ğŸ’£ bomba, komik
ğŸ’¬ dialoq, komik, kÃ¶pÃ¼k, nitq, nitq ÅŸarÄ±, ÅŸar
ğŸ‘â€ğŸ—¨ gÃ¶z, nitq qabarcÄ±ÄŸÄ±, ÅŸahid, tanÄ±q iÅŸarÉ™si
ğŸ—¨ boÅŸ nitq ÅŸarÄ±, dialoq, nitq
ğŸ—¯ acÄ±qlÄ±, hirsli, kÃ¶pÃ¼k, saÄŸ qÉ™zÉ™b ÅŸarÄ±, ÅŸar
ğŸ’­ dÃ¼ÅŸÃ¼ncÉ™, dÃ¼ÅŸÃ¼ncÉ™ ÅŸarÄ±, komik, kÃ¶pÃ¼k, ÅŸar
ğŸ’¤ komik, yatmaq, zzz
ğŸ‘‹ É™l, É™l sallayan É™llÉ™r, orqan, yellÉ™mÉ™, yellÉ™mÉ™k
ğŸ¤š arxa, É™l, qaldÄ±rmaq, yuxarÄ±, yuxarÄ± qalxan É™l arxasÄ±
ğŸ– aralÄ±, barmaq, barmaqlarÄ± aralÄ± ÅŸÉ™kildÉ™ qaldÄ±rÄ±lmÄ±ÅŸ É™l, É™l, orqan
âœ‹ É™l, orqan, qaldÄ±rÄ±mÄ±ÅŸ É™l
ğŸ–– barmaq, É™l, orqan, spok, vulkan, vulkan salamÄ±
ğŸ‘Œ É™l, ok, ok iÅŸarÉ™si, orqan
ğŸ¤Œ barmaqlar, Ã§imdik, É™l jesti, sarkastik, sorÄŸu-sual
ğŸ¤ kiÃ§ik say, sÄ±xan É™l
âœŒ É™l, orqan, qÉ™lÉ™bÉ™, qÉ™lÉ™bÉ™ iÅŸarÉ™si, v
ğŸ¤ inam, Ã¼mid, Ã¼mid edirÉ™m
ğŸ¤Ÿ sevgi É™li, sevgi jesti
ğŸ¤˜ barmaq, buynuz iÅŸarÉ™si, buynuzlar, É™l, É™la, orqan
ğŸ¤™ É™laqÉ™, mÉ™nÉ™ zÉ™ng et, telefon, yÄ±ÄŸmaq, zÉ™ng
ğŸ‘ˆ barmaq, É™l, gÃ¶stÉ™rmÉ™k, iÅŸarÉ™, sol É™l, solu gÃ¶stÉ™rÉ™n sol É™lin iÅŸarÉ™ barmaÄŸÄ±
ğŸ‘‰ barmaq, É™l, gÃ¶stÉ™rmÉ™k, iÅŸarÉ™, saÄŸÄ± gÃ¶stÉ™rÉ™n sol É™lin iÅŸarÉ™ barmaÄŸÄ±, sol É™l
ğŸ‘† barmaq, É™l, gÃ¶stÉ™rmÉ™k, iÅŸarÉ™, sol É™l, yuxarÄ±, yuxarÄ±nÄ± gÃ¶stÉ™rÉ™n sol É™lin iÅŸarÉ™ barmaÄŸÄ±
ğŸ–• barmaq, É™l, orta barmaq
ğŸ‘‡ aÅŸaÄŸÄ±, aÅŸaÄŸÄ±nÄ± gÃ¶stÉ™rÉ™n sol É™lin iÅŸarÉ™ barmaÄŸÄ±, barmaq, É™l, gÃ¶stÉ™rmÉ™k, iÅŸarÉ™, sol É™l
â˜ barmaq, É™l, gÃ¶stÉ™rmÉ™k, iÅŸarÉ™, iÅŸarÉ™ barmaÄŸÄ±, yuxarÄ±
ğŸ‘ baÅŸ barmaq, baÅŸ barmaq yuxarÄ±, É™l, orqan, yuxarÄ±
ğŸ‘ -1, aÅŸaÄŸÄ±, baÅŸ barmaq, baÅŸ barmaq aÅŸaÄŸÄ±, É™l, orqan
âœŠ É™l, orqan, qaldÄ±rÄ±lmÄ±ÅŸ yumruq, sÄ±xÄ±lmÄ±ÅŸ, yumruq, yumruqlamaq
ğŸ‘Š É™l, orqan, sÄ±xÄ±lmÄ±ÅŸ, yaxÄ±nlaÅŸan yumruq, yumruq, yumruqlamaq
ğŸ¤› sol, sola yÃ¶nÉ™lÉ™n yumruq, yumruq, zÉ™rbÉ™
ğŸ¤œ saÄŸ, saÄŸa yÃ¶nÉ™lÉ™n yumruq, yumruq, zÉ™rbÉ™
ğŸ‘ É™l, É™l Ã§alan É™llÉ™r, É™l Ã§almaq, orqan
ğŸ™Œ bayram, É™l, É™llÉ™rini qaldÄ±ran adam, jest, orqan, qaldÄ±rÄ±lmÄ±ÅŸ, ura
ğŸ‘ aÃ§Ä±q, aÃ§Ä±q É™llÉ™r, É™l, orqan
ğŸ¤² dua, É™llÉ™r yuxarÄ±
ğŸ¤ É™l sÄ±xmaq, gÃ¶rÃ¼ÅŸmÉ™k, salam, salamlaÅŸmaq
ğŸ™ dua etmÉ™k, É™l, jest, orqan, qatlanmÄ±ÅŸ, qatlanmÄ±ÅŸ É™llÉ™r
âœ É™l, orqan, yazÄ± É™li, yazmaq
ğŸ’… dÄ±rnaq, dÄ±rnaq laklamaq, kosmetika, lak, manikÃ¼r, orqan, qulluq
ğŸ¤³ foto, Ã¶zÃ§É™kim, selfi, ÅŸÉ™kil
ğŸ’ª biseps, É™ymÉ™k, É™zÉ™lÉ™, komik, qatlanmÄ±ÅŸ É™zÉ™lÉ™
ğŸ¦¾ mexaniki É™l, protez
ğŸ¦¿ mexaniki ayaq, protez
ğŸ¦µ É™za, qÄ±Ã§, tÉ™pik
ğŸ¦¶ ayaq, pÉ™ncÉ™, tÉ™pik
ğŸ‘‚ bÉ™dÉ™n, qulaq
ğŸ¦» eÅŸitmÉ™ cihazlÄ± qulaq, eÅŸitmÉ™ problemi
ğŸ‘ƒ bÉ™dÉ™n, burun
ğŸ§  beyin, intelligent
ğŸ«€ mÉ™rkÉ™z, orqan, puls, Ã¼rÉ™k, Ã¼rÉ™k dÃ¶yÃ¼ntÃ¼sÃ¼
ğŸ« aÄŸciyÉ™rlÉ™r, nÉ™fÉ™s, nÉ™fÉ™salma, nÉ™fÉ™svermÉ™, orqan, tÉ™rlÉ™mÉ™
ğŸ¦· diÅŸ, stomatoloq
ğŸ¦´ skelet, sÃ¼mÃ¼k
ğŸ‘€ gÃ¶z, gÃ¶zlÉ™r, Ã¼z
ğŸ‘ gÃ¶z, orqan
ğŸ‘… bÉ™dÉ™n, dil
ğŸ‘„ aÄŸÄ±z, dodaqlar
ğŸ‘¶ cavan, kÃ¶rpÉ™
ğŸ§’ cavan, gender-neytral, uÅŸaq
ğŸ‘¦ kiÅŸi, oÄŸlan
ğŸ‘§ cavan, qÄ±z bÃ¼rcÃ¼, qÄ±z uÅŸaÄŸÄ±, zodiak
ğŸ§‘ bÃ¶yÃ¼k, gender-neytral
ğŸ‘± sarÄ± saÃ§lÄ± adam, sarÄ±ÅŸÄ±n
ğŸ‘¨ kiÅŸi
ğŸ§” saqqal, saqqallÄ± ÅŸÉ™xs
ğŸ§”â€â™‚ kiÅŸi, kiÅŸi; saqqal, kiÅŸi: saqqal, saqqal
ğŸ‘±â€â™‚ kiÅŸi, sarÄ±ÅŸÄ±n
ğŸ‘© qadÄ±n
ğŸ§”â€â™€ kiÅŸi, kiÅŸi: saqqal, qadÄ±n: saqqal, saqqal
ğŸ‘±â€â™€ qadÄ±n, sarÄ±ÅŸÄ±n
ğŸ§“ gender-neytral, qoca, yaÅŸlÄ± bÃ¶yÃ¼k
ğŸ‘´ kiÅŸi, yaÅŸlÄ±
ğŸ‘µ qadÄ±n, yaÅŸlÄ±
ğŸ™ jest, qaÅŸqabaqlÄ±, qaÅŸqabaqlÄ± adam
ğŸ™â€â™‚ jest, kefsiz kiÅŸi, kiÅŸi, qaÅŸqabaqlÄ±
ğŸ™â€â™€ jest, kefsiz qadÄ±n, qadÄ±n, qaÅŸbaqlÄ±
ğŸ™ acÄ±q edÉ™n adam, acÄ±q etmÉ™k, jest
ğŸ™â€â™‚ acÄ±qlÄ±, jest, kiÅŸi
ğŸ™â€â™€ acÄ±qlÄ±, jest, qadÄ±n
ğŸ™… É™l, jest, qadaÄŸa, qadaÄŸan olunmuÅŸ, xeyr, yox, yox jesti
ğŸ™…â€â™‚ É™l, É™leyhinÉ™, É™leyhinÉ™ olan kiÅŸi, jest, kiÅŸi, qadaÄŸandÄ±r, yox
ğŸ™…â€â™€ É™l, É™leyhinÉ™, É™leyhinÉ™ olan qadÄ±n, jest, qadaÄŸandÄ±r, qadÄ±n
ğŸ™† É™l, jest, ok, ok jesti
ğŸ™†â€â™‚ É™l, jest, kiÅŸi, lehinÉ™, lehinÉ™ olan kiÅŸi
ğŸ™†â€â™€ É™l, jest, lehinÉ™, lehinÉ™ olan qadÄ±n, qadÄ±n
ğŸ’ davranÄ±ÅŸsÄ±z, É™l, kÃ¶mÉ™k, mÉ™lumat, mÉ™lumat verÉ™n ÅŸÉ™xs
ğŸ’â€â™‚ É™l uzadan kiÅŸi, É™l uzatmaq, kiÅŸi, sÄ±rtÄ±q
ğŸ’â€â™€ É™l uzadan qadÄ±n, É™l uzamaq, qadÄ±n, sÄ±rtÄ±q
ğŸ™‹ É™l, É™lini qaldÄ±ran xoÅŸbÉ™xt adam, jest, qaldÄ±rÄ±lmÄ±ÅŸ, xoÅŸbÉ™xt
ğŸ™‹â€â™‚ É™l qaldÄ±ran kiÅŸi, É™l qaldÄ±rmaq, jest, kiÅŸi
ğŸ™‹â€â™€ É™l qaldÄ±ran qadÄ±n, É™l qaldÄ±rmaq, jest, qadÄ±n
ğŸ§ eÅŸitmÉ™, kar, kar ÅŸÉ™xs, qulaq
ğŸ§â€â™‚ kar, kiÅŸi
ğŸ§â€â™€ kar, qadÄ±n
ğŸ™‡ jest, tÉ™nzim edÉ™n adam, tÉ™nzim etmÉ™k, Ã¼zr, Ã¼zr istÉ™mÉ™k
ğŸ™‡â€â™‚ alqÄ±ÅŸ, baÅŸ É™yÉ™n kiÅŸi, jest, kiÅŸi, lehinÉ™, tÉ™nzim, Ã¼zrxahlÄ±q
ğŸ™‡â€â™€ alqÄ±ÅŸ, baÅŸ É™yÉ™n qadÄ±n, jest, lehinÉ™, qadÄ±n, tÉ™nzim, Ã¼zrxahlÄ±q
ğŸ¤¦ daha sÃ¶zÃ¼m yoxdur, inanÄ±lmaz, inanmaq olmur
ğŸ¤¦â€â™‚ acÄ±qlanma, inamsÄ±zlÄ±q, kiÅŸi, Ã¼zÃ¼nÃ¼ tutan kiÅŸi, Ã¼zÃ¼nÃ¼ tutmaq
ğŸ¤¦â€â™€ acÄ±qlanma, inamsÄ±zlÄ±q, qadÄ±n, Ã¼zÃ¼nÃ¼ tutan qadÄ±n, Ã¼zÃ¼nÃ¼ tutmaq
ğŸ¤· bilmÉ™mÉ™k, Ã§iynini Ã§É™kmÉ™k, tÉ™rÉ™ddÃ¼d
ğŸ¤·â€â™‚ bilmÉ™zlik, Ã§iynini Ã§É™kÉ™n kiÅŸi, Ã§iynini Ã§É™kmÉ™k, kiÅŸi, laqeydlik, ÅŸÃ¼bhÉ™
ğŸ¤·â€â™€ bilmÉ™zlik, Ã§iynini Ã§É™kÉ™n qadÄ±n, Ã§iynini Ã§É™kmÉ™k, laqeydlik, qadÄ±n, ÅŸÃ¼bhÉ™
ğŸ§‘â€âš• hÉ™kim, sÉ™hiyyÉ™, terapist, tibb iÅŸÃ§isi
ğŸ‘¨â€âš• hÉ™kim, kiÅŸi, sÉ™hiyyÉ™, terapevt, xÉ™stÉ™ baxÄ±cÄ±sÄ±
ğŸ‘©â€âš• hÉ™kim, qadÄ±n, sÉ™hiyyÉ™, terapevt, tibb bacÄ±sÄ±
ğŸ§‘â€ğŸ“ mÉ™zun, tÉ™lÉ™bÉ™
ğŸ‘¨â€ğŸ“ kiÅŸi, mÉ™zun, oÄŸlan tÉ™lÉ™bÉ™, tÉ™lÉ™bÉ™
ğŸ‘©â€ğŸ“ mÉ™zun, qadÄ±n, qÄ±z tÉ™lÉ™bÉ™, tÉ™lÉ™bÉ™
ğŸ§‘â€ğŸ« instruktor, mÃ¼É™llim, professor
ğŸ‘¨â€ğŸ« kiÅŸi, mÃ¼É™llim, professor
ğŸ‘©â€ğŸ« mÃ¼É™llim, professor, qadÄ±n
ğŸ§‘â€âš– hakim, tÉ™rÉ™zi
ğŸ‘¨â€âš– É™dalÉ™t, kiÅŸi, kiÅŸi hakim, tÉ™rÉ™zi
ğŸ‘©â€âš– hakim, qadÄ±n, tÉ™rÉ™zi
ğŸ§‘â€ğŸŒ¾ baÄŸban, fermer, renÃ§er
ğŸ‘¨â€ğŸŒ¾ baÄŸban, fermer, kiÅŸi
ğŸ‘©â€ğŸŒ¾ baÄŸban, fermer, qadÄ±n
ğŸ§‘â€ğŸ³ aÅŸpaz, baÅŸ aÅŸpaz
ğŸ‘¨â€ğŸ³ aÅŸbaz, kiÅŸi, ÅŸef
ğŸ‘©â€ğŸ³ aÅŸbaz, qadÄ±n, ÅŸef
ğŸ§‘â€ğŸ”§ elektrik, mexanik, santexnik, ticarÉ™tÃ§i
ğŸ‘¨â€ğŸ”§ Ã§ilingÉ™r, elektrik, kiÅŸi, mexanik, peÅŸÉ™kar
ğŸ‘©â€ğŸ”§ Ã§ilingÉ™r, elektrik, mexanik, peÅŸÉ™kar, qadÄ±n
ğŸ§‘â€ğŸ­ fabrik, fabrik iÅŸÃ§isi, iÅŸÃ§i, sÉ™naye, yÄ±ÄŸÄ±m
ğŸ‘¨â€ğŸ­ fabrik, iÅŸÃ§i, kiÅŸi, kiÅŸi fabrik iÅŸÃ§isi, sÉ™naye, yÄ±ÄŸÄ±m
ğŸ‘©â€ğŸ­ fabrik, iÅŸÃ§i, qadÄ±n, qadÄ±n fabrik iÅŸÃ§isi, sÉ™naye, yÄ±ÄŸÄ±m
ğŸ§‘â€ğŸ’¼ aÄŸ yaxalÄ±qlÄ±, biznes, memar, menecer, ofis iÅŸÃ§isi
ğŸ‘¨â€ğŸ’¼ aÄŸ yaxalÄ±qlÄ±, biznes, kiÅŸi, kiÅŸi ofis iÅŸÃ§isi, memar, menecer, ofis
ğŸ‘©â€ğŸ’¼ aÄŸ yaxalÄ±qlÄ±, biznes, memar, menecer, ofis, qadÄ±n, qadÄ±n ofis iÅŸÃ§isi
ğŸ§‘â€ğŸ”¬ alim, bioloq, fizik, kimyaÃ§Ä±, mÃ¼hÉ™ndis, qadÄ±n
ğŸ‘¨â€ğŸ”¬ alim, bioloq, fizik, kimyaÃ§Ä±, kiÅŸi, mÃ¼hÉ™ndis, riyaziyyatÃ§Ä±
ğŸ‘©â€ğŸ”¬ alim, bioloq, fizik, kimyaÃ§Ä±, mÃ¼hÉ™ndis, qadÄ±n, riyaziyyatÃ§Ä±
ğŸ§‘â€ğŸ’» ixtiraÃ§Ä±, proqram tÉ™minatÄ±, ÅŸifrÉ™lÉ™yici, texnoloq, tÉ™rtibatÃ§Ä±
ğŸ‘¨â€ğŸ’» ixtiraÃ§Ä±, kiÅŸi, proqram tÉ™minatÄ±, ÅŸifrÉ™lÉ™yici, texnoloq, tÉ™rtibatÃ§Ä±
ğŸ‘©â€ğŸ’» ixtiraÃ§Ä±, proqram tÉ™minatÄ±, qadÄ±n, ÅŸifrÉ™lÉ™yici, texnoloq, tÉ™rtibatÃ§Ä±
ğŸ§‘â€ğŸ¤ aktyor, estrada artisti, mÃ¼ÄŸÉ™nni, rok, ulduz
ğŸ‘¨â€ğŸ¤ aktyor, estrada artisti, kiÅŸi, mÃ¼ÄŸÉ™nni, rok, ulduz
ğŸ‘©â€ğŸ¤ aktyor, estrada artisti, mÃ¼ÄŸÉ™nni, qadÄ±n, rok, ulduz
ğŸ§‘â€ğŸ¨ aktyor, palitra
ğŸ‘¨â€ğŸ¨ kiÅŸi, palitra, rÉ™ssam
ğŸ‘©â€ğŸ¨ palitra, qadÄ±n, rÉ™ssam
ğŸ§‘â€âœˆ pilot, tÉ™yyarÉ™
ğŸ‘¨â€âœˆ kiÅŸi, pilot, tÉ™yyarÉ™
ğŸ‘©â€âœˆ pilot, qadÄ±n, tÉ™yyarÉ™
ğŸ§‘â€ğŸš€ astronavt, raket
ğŸ‘¨â€ğŸš€ astronavt, kiÅŸi, kosmos, raket
ğŸ‘©â€ğŸš€ astronavt, kosmos, qadÄ±n, raket
ğŸ§‘â€ğŸš’ yanÄŸÄ±nsÃ¶ndÃ¼rÉ™n, yanÄŸÄ±nsÃ¶ndÃ¼rÉ™n maÅŸÄ±n
ğŸ‘¨â€ğŸš’ kiÅŸi, yanÄŸÄ±nsÃ¶ndÃ¼rÉ™n, yanÄŸÄ±nsÃ¶ndÃ¼rÉ™n maÅŸÄ±n
ğŸ‘©â€ğŸš’ qadÄ±n, yanÄŸÄ±nsÃ¶ndÃ¼rÉ™n, yanÄŸÄ±nsÃ¶ndÃ¼rÉ™n maÅŸÄ±n
ğŸ‘® mÉ™mur, polis, polis mÉ™muru
ğŸ‘®â€â™‚ kiÅŸi, polis, polis nÉ™fÉ™ri, zabit
ğŸ‘®â€â™€ polis, polis nÉ™fÉ™ri, qadÄ±n, zabit
ğŸ•µ casus, detektiv, xÉ™fiyyÉ™
ğŸ•µâ€â™‚ casus, detektiv, kiÅŸi, xÉ™fiyyÉ™
ğŸ•µâ€â™€ casus, detektiv, qadÄ±n, xÉ™fiyyÉ™
ğŸ’‚ keÅŸikÃ§i
ğŸ’‚â€â™‚ keÃ§ikÃ§i, kiÅŸi, kiÅŸi keÅŸikÃ§i
ğŸ’‚â€â™€ keÅŸikÃ§i, qadÄ±n
ğŸ¥· dÃ¶yÃ¼ÅŸÃ§Ã¼, gizli, gizlilik, nindza
ğŸ‘· iÅŸÃ§i, papaq, tikinti, tikinti iÅŸÃ§isi
ğŸ‘·â€â™‚ fÉ™hlÉ™, kiÅŸi, kiÅŸi bÉ™nna, tikinti
ğŸ‘·â€â™€ fÉ™hlÉ™, qadÄ±n, qadÄ±n bÉ™nna, tikinti
ğŸ¤´ oÄŸlan ÅŸahzadÉ™, ÅŸah, ÅŸahzadÉ™
ğŸ‘¸ fantastika, naÄŸÄ±l, qÄ±z ÅŸahzadÉ™
ğŸ‘³ Ã§alma, Ã§almalÄ± kiÅŸi, kiÅŸi
ğŸ‘³â€â™‚ kiÅŸi, tÃ¼rban, tÃ¼rbanlÄ± kiÅŸi
ğŸ‘³â€â™€ qadÄ±n, tÃ¼rban, tÃ¼rbanlÄ± qadÄ±n
ğŸ‘² araqÃ§Ä±n, Ã§in kepkalÄ± kiÅŸi, kiÅŸi, papaq
ğŸ§• hicab, mantilya, ÅŸÉ™rf, ÅŸÉ™rfli qadÄ±n, tiÅŸel
ğŸ¤µ bÉ™y, ÅŸÉ™xs, smokinq, smokinqli ÅŸÉ™xs
ğŸ¤µâ€â™‚ adam, smokinq, smokinqli adam
ğŸ¤µâ€â™€ qadÄ±n, smokinq, smokinqli qadÄ±n
ğŸ‘° duvaqlÄ± ÅŸÉ™xs, fata, fatalÄ± gÉ™lin, gÉ™lin, ÅŸÉ™xs
ğŸ‘°â€â™‚ adam, duvaq, duvaqlÄ± adam
ğŸ‘°â€â™€ duvaq, duvaqlÄ± qadÄ±n, qadÄ±n
ğŸ¤° hamilÉ™, qadÄ±n, uÅŸaq
ğŸ¤± dÃ¶ÅŸ, kÃ¶rpÉ™, uÅŸaq É™mizdirmÉ™, yedirtmÉ™
ğŸ‘©â€ğŸ¼ bÉ™slÉ™yÉ™n, É™mizdirÉ™n, kÃ¶rpÉ™, qadÄ±n
ğŸ‘¨â€ğŸ¼ bÉ™slÉ™yÉ™n, É™mizdirÉ™n, kiÅŸi, kÃ¶rpÉ™
ğŸ§‘â€ğŸ¼ kÃ¶rpÉ™ É™mizdirÉ™n ÅŸÉ™xs, kÃ¶rpÉ™, É™mizdirÉ™n, bÉ™slÉ™yÉ™n, ÅŸÉ™xs
ğŸ‘¼ fantastika, kÃ¶rpÉ™, mÉ™lÉ™k, naÄŸÄ±l, Ã¼z
ğŸ… ata, bayram, milad, naÄŸÄ±l, santa, santa klaus, Santa Klaus
ğŸ¤¶ ana, bayram, Klaus, Milad, xanÄ±m
ğŸ§‘â€ğŸ„ Klaus, milad, mx klaus
ğŸ¦¸ qÉ™hrÉ™man, supergÃ¼c, superqÉ™hrÉ™man, xeyirxah
ğŸ¦¸â€â™‚ kiÅŸi, kiÅŸi superqÉ™hrÉ™man, qÉ™hrÉ™man, supergÃ¼c, xeyirxah
ğŸ¦¸â€â™€ qadÄ±n, qadÄ±n superqÉ™hrÉ™man, qÉ™hrÉ™man, supergÃ¼c, xeyirxah
ğŸ¦¹ cani, cinayÉ™tkar, pis, supercani, supergÃ¼c
ğŸ¦¹â€â™‚ cani, kiÅŸi, kiÅŸi supercani, kriminal, pis, supergÃ¼c
ğŸ¦¹â€â™€ cani, kriminal, pis, qadÄ±n, qadÄ±n supercani, supergÃ¼c
ğŸ§™ cadugÉ™r, kÃ¼pÉ™girÉ™n qarÄ±, maq, ovsunÃ§u, sehrbaz
ğŸ§™â€â™‚ kiÅŸi maq, ovsunÃ§u, sehrbaz
ğŸ§™â€â™€ cadugÉ™r, kÃ¼pÉ™girÉ™n qarÄ±, qadÄ±n maq
ğŸ§š Oberon, pÉ™ri, Puck, Titania
ğŸ§šâ€â™‚ kiÅŸi pÉ™ri, Oberon, Puck
ğŸ§šâ€â™€ qadÄ±n pÉ™ri, Titania
ğŸ§› Drakula, vampir, xortdan
ğŸ§›â€â™‚ Drakula, kiÅŸi vampir, xortdan
ğŸ§›â€â™€ qadÄ±n vampir, xortdan
ğŸ§œ dÉ™niz adamÄ±, dÉ™niz kiÅŸisi, dÉ™niz qadÄ±nÄ±, su pÉ™risi
ğŸ§œâ€â™‚ dÉ™niz kiÅŸisi, Triton
ğŸ§œâ€â™€ dÉ™niz qadÄ±nÄ±, su pÉ™risi
ğŸ§ elf, sehrli
ğŸ§â€â™‚ kiÅŸi elf, sehrli
ğŸ§â€â™€ qadÄ±n elf, sehrli
ğŸ§ cin
ğŸ§â€â™‚ cin, kiÅŸi cin
ğŸ§â€â™€ cin, qadÄ±n cin
ğŸ§Ÿ gÉ™zÉ™n Ã¶lÃ¼, xortdan, zombi
ğŸ§Ÿâ€â™‚ gÉ™zÉ™n Ã¶lÃ¼, kiÅŸi zombi, xortdan
ğŸ§Ÿâ€â™€ gÉ™zÉ™n Ã¶lÃ¼, qadÄ±n zombi, xortdan
ğŸ’† masaj, salon, Ã¼z masajÄ±
ğŸ’†â€â™‚ kiÅŸi, masaj, Ã¼z, Ã¼zÃ¼nÉ™ masaj edÉ™n kiÅŸi
ğŸ’†â€â™€ masaj, qadÄ±n, Ã¼z, Ã¼zÃ¼nÉ™ masaj edÉ™n qadÄ±n
ğŸ’‡ bÉ™rbÉ™r, gÃ¶zÉ™llik, saÃ§ kÉ™simi
ğŸ’‡â€â™‚ kiÅŸi, saÃ§ kÉ™simi, saÃ§Ä±nÄ± kÉ™sdirÉ™n kiÅŸi
ğŸ’‡â€â™€ qadÄ±n, saÃ§ kÉ™simi, saÃ§Ä±nÄ± kÉ™sdirÉ™n qadÄ±n
ğŸš¶ gÉ™zinti, gÉ™zmÉ™k, piyada, yÃ¼rÃ¼ÅŸ
ğŸš¶â€â™‚ gÉ™zÉ™n kiÅŸi, gÉ™zinti, kiÅŸi, yÃ¼rÃ¼ÅŸ
ğŸš¶â€â™€ gÉ™zÉ™n qadÄ±n, gÉ™zinti, qadÄ±n, yÃ¼rÃ¼ÅŸ
ğŸ§ duran adam, durmaq
ğŸ§â€â™‚ duran, kiÅŸi
ğŸ§â€â™€ duran, qadÄ±n
ğŸ§ dizi Ã¼stÃ¼ndÉ™, dizi Ã¼stÃ¼ndÉ™ adam
ğŸ§â€â™‚ dizi Ã¼stÃ¼ndÉ™, dizi Ã¼stÃ¼ndÉ™ kiÅŸi, kiÅŸi
ğŸ§â€â™€ dizi Ã¼stÃ¼ndÉ™, dizi Ã¼stÃ¼ndÉ™ qadÄ±n, qadÄ±n
ğŸ§‘â€ğŸ¦¯ aÄŸ Ã§É™likli adam, gÃ¶rmÉ™ mÉ™hdudiyyÉ™tli, xÃ¼susi funksiyalar, zondlayan Ã§É™likli adam
ğŸ‘¨â€ğŸ¦¯ kiÅŸi, kor, zond ilÉ™ kiÅŸi
ğŸ‘©â€ğŸ¦¯ kor, qadÄ±n, zond ilÉ™ qadÄ±n
ğŸ§‘â€ğŸ¦¼ motorlu kresloda oturmuÅŸ adam, tÉ™kÉ™rli kreslo, xÃ¼susi funksiyalar
ğŸ‘¨â€ğŸ¦¼ kiÅŸi, motorlu, oturacaqda
ğŸ‘©â€ğŸ¦¼ motorlu, oturacaqda, qadÄ±n
ğŸ§‘â€ğŸ¦½ É™l arabasÄ±nda adam, É™lil arabasÄ±, É™lil arabasÄ±nda adam
ğŸ‘¨â€ğŸ¦½ kiÅŸi, manual, oturacaqda
ğŸ‘©â€ğŸ¦½ manual, oturacaqda, qadÄ±n
ğŸƒ atlet, marafon, qaÃ§Ä±ÅŸ
ğŸƒâ€â™‚ kiÅŸi, marafon, qaÃ§an kiÅŸi, qaÃ§Ä±ÅŸ, yarÄ±ÅŸ
ğŸƒâ€â™€ marafon, qaÃ§an qadÄ±n, qaÃ§Ä±ÅŸ, qadÄ±n, yarÄ±ÅŸ
ğŸ’ƒ qadÄ±n, rÉ™qs, rÉ™qs edÉ™n qadÄ±n
ğŸ•º É™ylÉ™nÉ™n kiÅŸilÉ™r, kiÅŸi, mahnÄ±, rÉ™qs
ğŸ•´ biznes, iÅŸgÃ¼zar kostyumlu kiÅŸi, kiÅŸi, kostyum
ğŸ‘¯ dovÅŸan, qadÄ±n, qÄ±z, qulaq, rÉ™qqasÉ™, ÅŸÉ™nlÉ™nÉ™n qadÄ±nlar
ğŸ‘¯â€â™‚ dovÅŸan qulaq, kiÅŸi, parti, rÉ™qqas, rÉ™qs edÉ™n kiÅŸi
ğŸ‘¯â€â™€ dovÅŸan qulaq, parti, qadÄ±n, rÉ™qqasÉ™, rÉ™qs edÉ™n qadÄ±nlar
ğŸ§– buxarlÄ± otaq, buxarlÄ± otaqda adam, sauna
ğŸ§–â€â™‚ buxarlÄ± otaq, buxarlÄ± otaqda kiÅŸi, sauna
ğŸ§–â€â™€ buxarlÄ± otaq, buxarlÄ± otaqda qadÄ±n, sauna
ğŸ§— dÄ±rmaÅŸan, dÄ±rmaÅŸan adam
ğŸ§—â€â™‚ dÄ±rmaÅŸan, dÄ±rmaÅŸan kiÅŸi
ğŸ§—â€â™€ dÄ±rmaÅŸan, dÄ±rmaÅŸan qadÄ±n
ğŸ¤º idman, qÄ±lÄ±nc, qÄ±lÄ±nc oynatma, yarÄ±ÅŸma
ğŸ‡ at, at yarÄ±ÅŸÄ±, jokey, yarÄ±ÅŸ, yarÄ±ÅŸ atÄ±
â›· qar, xizÉ™k, xizÉ™kÃ§i
ğŸ‚ qar, snouborder, snoubort, xizÉ™k
ğŸŒ qolf, qolf oynayan, top
ğŸŒâ€â™‚ kiÅŸi, qolf, qolfÃ§u kiÅŸi
ğŸŒâ€â™€ qadÄ±n, qolf, qolfÃ§u qadÄ±n
ğŸ„ sÃ¶rfer, sÃ¶rfinq
ğŸ„â€â™‚ kiÅŸi, sÃ¶rfÃ§Ã¼ kiÅŸi, sÃ¶rfinq
ğŸ„â€â™€ qadÄ±n, sÃ¶rfÃ§Ã¼ qadÄ±n, sÃ¶rfinq
ğŸš£ avarÃ§É™kmÉ™ qayÄ±ÄŸÄ±, nÉ™qliyyat, qayÄ±q
ğŸš£â€â™‚ avarlÄ± qayÄ±q, kiÅŸi, qayÄ±q, qayÄ±qÃ§Ä± kiÅŸi
ğŸš£â€â™€ avarlÄ± qayÄ±q, qadÄ±n, qayÄ±q, qayÄ±qÃ§Ä± qadÄ±n
ğŸŠ Ã¼zgÃ¼Ã§Ã¼, Ã¼zmÉ™k
ğŸŠâ€â™‚ kiÅŸi, Ã¼zgÃ¼Ã§Ã¼ kiÅŸi, Ã¼zmÉ™k
ğŸŠâ€â™€ qadÄ±n, Ã¼zgÃ¼Ã§Ã¼ qadÄ±n, Ã¼zmÉ™k
â›¹ top, toplu adam
â›¹â€â™‚ futbolÃ§u kiÅŸi, kiÅŸi, top
â›¹â€â™€ futbolÃ§u qadÄ±n, qadÄ±n, top
ğŸ‹ Ã§É™ki, ÅŸtanqÃ§Ä±
ğŸ‹â€â™‚ kiÅŸi, ÅŸtanqÃ§Ä±
ğŸ‹â€â™€ qadÄ±n, ÅŸtanqÃ§Ä±
ğŸš´ bayk, velosiped, velosipedÃ§i
ğŸš´â€â™‚ kiÅŸi, velosiped, velosiped sÃ¼rmÉ™k, velosipedÃ§i
ğŸš´â€â™€ qadÄ±n, velosiped, velosiped sÃ¼rmÉ™k, velosipedÃ§i
ğŸšµ bayk, daÄŸ, daÄŸ velosipedÃ§isi, velosiped, velosipedÃ§i
ğŸšµâ€â™‚ daÄŸ, daÄŸ velosipedÃ§isi kiÅŸi, kiÅŸi, velosiped, velosipedÃ§i
ğŸšµâ€â™€ daÄŸ, daÄŸ velosipedÃ§isi qadÄ±n, qadÄ±n, velosiped, velosiped sÃ¼rmÉ™k, velosipedÃ§i
ğŸ¤¸ akrobatik hÉ™rÉ™kÉ™t, akrobatika, hÉ™rÉ™kÉ™t, idman
ğŸ¤¸â€â™‚ akrobat, gimnast, idman, kiÅŸi, ÅŸÉ™xs
ğŸ¤¸â€â™€ akrobat, aktobat qadÄ±n, gimnast, idman, qadÄ±n, ÅŸÉ™xs
ğŸ¤¼ dÃ¶yÃ¼ÅŸ, gÃ¼lÉ™ÅŸ, idman
ğŸ¤¼â€â™‚ gÃ¼lÉ™ÅŸ, gÃ¼lÉ™ÅŸÃ§i kiÅŸi, idman, kiÅŸi, ÅŸÉ™xs
ğŸ¤¼â€â™€ gÃ¼lÉ™ÅŸ, gÃ¼lÉ™ÅŸÃ§i qadÄ±n, idman, qadÄ±n, ÅŸÉ™xs
ğŸ¤½ idman, polo, su, su polosu, top, yarÄ±ÅŸma
ğŸ¤½â€â™‚ idman, kiÅŸi, su poloÃ§usu kiÅŸi, su polosu
ğŸ¤½â€â™€ idman, qadÄ±n, su poloÃ§usu qadÄ±n, su polosu
ğŸ¤¾ hÉ™ndbol, idman, yarÄ±ÅŸma
ğŸ¤¾â€â™‚ hendbol, hÉ™ndbolÃ§u kiÅŸi, idman, kiÅŸi
ğŸ¤¾â€â™€ hendbol, hÉ™ndbolÃ§u qadÄ±n, idman, qadÄ±n
ğŸ¤¹ hoqqabaz, janqlyor
ğŸ¤¹â€â™‚ Ã§ox-tapÅŸÄ±rÄ±qlÄ±, jonqlyor, kiÅŸi
ğŸ¤¹â€â™€ Ã§ox-tapÅŸÄ±rÄ±qlÄ±, jonqlyor, qadÄ±n
ğŸ§˜ lotus pozisiyasÄ±nda adam, meditasiya, yoqa
ğŸ§˜â€â™‚ lotus pozisiyasÄ±nda kiÅŸi, meditasiya, yoqa
ğŸ§˜â€â™€ lotus pozisiyasÄ±nda qadÄ±n, meditasiya, yoqa
ğŸ›€ hamam, vanna, vanna qÉ™bul edÉ™n adam
ğŸ›Œ otel, yataqda uzanmÄ±ÅŸ adam, yatmaq
ğŸ§‘â€ğŸ¤â€ğŸ§‘ cÃ¼tlÃ¼k, É™l, É™l-É™lÉ™ tutan adamlar, É™l-É™lÉ™ tutmaq, tutmaq
ğŸ‘­ cÃ¼tlÃ¼k, É™l, É™l-É™lÉ™ tutan iki qadÄ±n, qadÄ±n, tutmaq
ğŸ‘« cÃ¼tlÃ¼k, É™l, É™l-É™lÉ™ tutan kiÅŸi vÉ™ qadÄ±n, É™l-É™lÉ™ tutmaq, kiÅŸi, qadÄ±n, tutmaq
ğŸ‘¬ cÃ¼tlÃ¼k, É™kizlÉ™r, É™l-É™lÉ™ tutan iki kiÅŸi, É™l-É™lÉ™ tutmaq, kiÅŸi, tutmaq, zodiak
ğŸ’ cÃ¼tlÃ¼k, Ã¶pÃ¼ÅŸ, romantika
ğŸ’‘ cÃ¼tlÃ¼k, romantika, sevgi, Ã¼rÉ™k, Ã¼rÉ™kli cÃ¼tlÃ¼k
ğŸ‘ª ailÉ™, ana, ata, uÅŸaq
ğŸ—£ baÅŸ, danÄ±ÅŸan, danÄ±ÅŸmaq, siluet, Ã¼z
ğŸ‘¤ bÃ¼st, bÃ¼st silueti, siluet
ğŸ‘¥ bÃ¼st, bÃ¼st siluetlÉ™ri, siluet
ğŸ«‚ qucaqlaÅŸan insanlar, qucaqlaÅŸma, saÄŸ ol, salam, tÉ™ÅŸÉ™kkÃ¼rlÉ™r
ğŸ‘£ ayaq izi, ayaq izlÉ™ri, geyim, iz
ğŸ¦° kÃ¼rÉ™n, qÄ±rmÄ±zÄ± saÃ§
ğŸ¦± afro, buruq, buruq saÃ§, zÃ¼lf
ğŸ¦³ aÄŸ, boz, qoca, saÃ§
ğŸ¦² keÃ§É™l, kimya terapiyasÄ±, qÄ±rxÄ±lmÄ±ÅŸ, saÃ§sÄ±z
ğŸµ meymun, meymun Ã¼zÃ¼, Ã¼z
ğŸ’ meymun
ğŸ¦ qorilla
ğŸ¦§ bÃ¶yÃ¼k meymun, oranqutanq
ğŸ¶ ev heyvanÄ±, it, it Ã¼zÃ¼, Ã¼z
ğŸ• ev heyvanÄ±, it
ğŸ¦® bÉ™lÉ™dÃ§i, bÉ™lÉ™dÃ§i it, kor
ğŸ•â€ğŸ¦º it, xidmÉ™tÃ§i
ğŸ© it, pudel
ğŸº canavar, canavar Ã¼zÃ¼, Ã¼z
ğŸ¦Š heyvan, sifÉ™t, tÃ¼lkÃ¼
ğŸ¦ hiylÉ™gÉ™r, maraq iÃ§indÉ™ olan, yenot
ğŸ± ev heyvanÄ±, piÅŸik, piÅŸik Ã¼zÃ¼, Ã¼z
ğŸˆ ev heyvanÄ±, piÅŸik
ğŸˆâ€â¬› piÅŸik, qara, uÄŸursuz
ğŸ¦ aslan, ÅŸir, ÅŸir Ã¼zÃ¼, Ã¼z, zodiak
ğŸ¯ pÉ™lÉ™ng, pÉ™lÉ™ng Ã¼zÃ¼, Ã¼z
ğŸ… pÉ™lÉ™ng
ğŸ† bÉ™bir
ğŸ´ at, at Ã¼zÃ¼, Ã¼z
ğŸ at, yarÄ±ÅŸ, yarÄ±ÅŸ atÄ±
ğŸ¦„ tÉ™kbuynuz, tÉ™kbuynuz Ã¼zÃ¼, Ã¼z
ğŸ¦“ zebra, zolaq
ğŸ¦Œ heyvan, maral
ğŸ¦¬ bizon, kÉ™l, sÃ¼rÃ¼, zubr
ğŸ® inÉ™k, inÉ™k Ã¼zÃ¼, Ã¼z
ğŸ‚ buÄŸa, Ã¶kÃ¼z, zodiak
ğŸƒ camÄ±ÅŸ, su, su camÄ±ÅŸÄ±
ğŸ„ inÉ™k
ğŸ· donuz, donuz Ã¼zÃ¼, Ã¼z
ğŸ– donuz, qar
ğŸ— donuz, qaban
ğŸ½ burun, donuz, donuz burnu, Ã¼z
ğŸ qoÃ§, qoyun, zodiak
ğŸ‘ diÅŸi qoyun, qoyun
ğŸ keÃ§i, oÄŸlaq, zodiak
ğŸª birhÃ¼rgÃ¼clÃ¼dÉ™vÉ™, dÉ™vÉ™, hÃ¶rgÃ¼c
ğŸ« baktrian, dÉ™vÉ™, hÃ¶rgÃ¼c, ikihÃ¼rgÃ¼clÃ¼ dÉ™vÉ™
ğŸ¦™ alpaka, lama, quanako, vikunya, yun
ğŸ¦’ lÉ™kÉ™lÉ™r, zÃ¼rafÉ™
ğŸ˜ fil
ğŸ¦£ bÃ¶yÃ¼k, diÅŸ, mamont, xovlu, yox olma
ğŸ¦ heyvan, kÉ™rgÉ™dan
ğŸ¦› hippo, hippopotam
ğŸ­ siÃ§an, siÃ§an Ã¼zÃ¼, Ã¼z
ğŸ siÃ§an
ğŸ€ siÃ§ovul
ğŸ¹ daÄŸsiÃ§anÄ±, ev heyvanÄ±, Ã¼z
ğŸ° dovÅŸan, dovÅŸan Ã¼zÃ¼, ev heyvanÄ±, Ã¼z
ğŸ‡ dovÅŸan, ev heyvanÄ±
ğŸ¿ brunduk, burunduk
ğŸ¦« diÅŸi, qunduz
ğŸ¦” kirpi, tikanlÄ±
ğŸ¦‡ vampir, yarasa
ğŸ» ayÄ±, ayÄ± Ã¼zÃ¼, Ã¼z
ğŸ»â€â„ aÄŸ, arktika, ayÄ±, qÃ¼tb ayÄ±sÄ±
ğŸ¨ ayÄ±, koala
ğŸ¼ panda, panda Ã¼zÃ¼, Ã¼z
ğŸ¦¥ tÉ™nbÉ™l, yavaÅŸ
ğŸ¦¦ balÄ±qtutma, oynamaÄŸa hÉ™vÉ™sli, samur
ğŸ¦¨ skunsk, Ã¼funÉ™t
ğŸ¦˜ Avstraliya, kenquru, kenquru balasÄ±, kisÉ™li, tullanma
ğŸ¦¡ porsuq, zÉ™hlÉ™tÃ¶kÉ™n
ğŸ¾ ayaq, iz, pÉ™ncÉ™, pÉ™ncÉ™ izlÉ™ri
ğŸ¦ƒ hinduÅŸka, quÅŸ
ğŸ” quÅŸ, toyuq
ğŸ“ quÅŸ, xoruz
ğŸ£ cÃ¼cÉ™, kÃ¶rpÉ™, yumurtadan Ã§Ä±xan cÃ¼cÉ™, yumurtadan Ã§Ä±xmaq
ğŸ¤ cÃ¼cÉ™, kÃ¶rpÉ™, quÅŸ
ğŸ¥ cÃ¼cÉ™, kÃ¶rpÉ™, qabaÄŸa baxan balaca cÃ¼cÉ™, quÅŸ
ğŸ¦ quÅŸ
ğŸ§ pinqvin, quÅŸ
ğŸ•Š gÃ¶yÉ™rÃ§in, quÅŸ, sÃ¼lh, uÃ§maq
ğŸ¦… qartal, quÅŸ
ğŸ¦† Ã¶rdÉ™k, quÅŸ
ğŸ¦¢ qu, qu balasÄ±, quÅŸ, suya girmÉ™
ğŸ¦‰ bayquÅŸ, mÃ¼drik, quÅŸ
ğŸ¦¤ bÃ¶yÃ¼k, dodo, Mavriki, yox olma
ğŸª¶ lÉ™lÉ™k, quÅŸ, tÃ¼k, uÃ§uÅŸ, yÃ¼ngÃ¼l
ğŸ¦© flaminqo, rÉ™ngli, tropik
ğŸ¦š farmazon, qÃ¼rrÉ™li, quÅŸ, tovuz
ğŸ¦œ pirat, quÅŸ, sÃ¶hbÉ™t, tutuquÅŸu
ğŸ¸ qurbaÄŸa, qurbaÄŸa Ã¼zÃ¼, Ã¼z
ğŸŠ timsah
ğŸ¢ baÄŸa, su tÄ±sbaÄŸasÄ±, tÄ±sbaÄŸa
ğŸ¦ kÉ™rtÉ™nkÉ™lÉ™, sÃ¼rÃ¼nÉ™n
ğŸ daÅŸÄ±yan, ilan, ilandaÅŸÄ±yan, zodiak
ğŸ² É™jdaha, É™jdaha Ã¼zÃ¼, naÄŸÄ±l, Ã¼z
ğŸ‰ É™jdaha, naÄŸÄ±l
ğŸ¦• braxiozavr, brontozavr, diplodok, sauropod
ğŸ¦– Tirannozavr Reks, Tireks
ğŸ³ balina, pÃ¼skÃ¼rtmÉ™k, su pÃ¼skÃ¼rdÉ™n balina, Ã¼z
ğŸ‹ balina, kit
ğŸ¬ delfin, Ã¼zgÉ™c
ğŸ¦­ dÉ™niÅŸ ÅŸiri, suiti
ğŸŸ balÄ±q, balÄ±qlar, zodiak
ğŸ  balÄ±q, tropik
ğŸ¡ balÄ±q, iynÉ™qarÄ±n balÄ±q
ğŸ¦ˆ akula, balÄ±q, yÄ±rtÄ±cÄ±
ğŸ™ osminoq
ğŸš balÄ±qqulaÄŸÄ±, spiral
ğŸŒ ilbiz
ğŸ¦‹ hÉ™ÅŸÉ™rat, kÉ™pÉ™nÉ™k, uÃ§an canlÄ±
ğŸ› bÃ¶cÉ™k, hÉ™ÅŸÉ™rat
ğŸœ hÉ™ÅŸÉ™rat, qarÄ±ÅŸqa
ğŸ arÄ±, bal arÄ±sÄ±, hÉ™ÅŸÉ™rat
ğŸª² bÃ¶cÉ™k, hÉ™ÅŸÉ™rat, tarakan
ğŸ bÃ¶cÉ™k, hÉ™ÅŸÉ™rat, parabizÉ™n, parabÃ¼zÉ™n
ğŸ¦— Ã§É™yirtkÉ™, cÄ±rcÄ±rama
ğŸª³ hÉ™ÅŸÉ™rat, mÉ™tbÉ™xqurdu, parazit, tarakan
ğŸ•· hÉ™ÅŸÉ™rat, hÃ¶rÃ¼mÃ§É™k
ğŸ•¸ hÃ¶rÃ¼mÃ§É™k, hÃ¶rÃ¼mÃ§É™k toru, tor
ğŸ¦‚ É™qrÉ™b, zodiak
ğŸ¦Ÿ aÄŸcaqanad, hÉ™ÅŸÉ™rat, malariya, qÄ±zdÄ±rma, virus, xÉ™stÉ™lik
ğŸª° Ã§Ã¼rÃ¼mÉ™, milÃ§É™k, sÃ¼rfÉ™, xÉ™stÉ™lik, ziyanverici
ğŸª± hÉ™lqÉ™vi qurd, soxulcan, torpaq qurdu
ğŸ¦  amÃ¶b, bakteriya, mikrob, virus
ğŸ’ buket, gÃ¼l
ğŸŒ¸ albalÄ±, albalÄ± Ã§iÃ§É™yi, bitki, Ã§iÃ§É™k, gÃ¼l
ğŸ’® aÄŸ gÃ¼l, gÃ¼l
ğŸµ bitki, rozetka
ğŸŒ¹ bitki, gÃ¼l, qÄ±zÄ±lgÃ¼l
ğŸ¥€ gÃ¼l, solmaq, solmuÅŸ gÃ¼l
ğŸŒº bitki, gÃ¼l, hibiskus
ğŸŒ» bitki, gÃ¼l, gÃ¼nÉ™baxan, gÃ¼nÉ™ÅŸ
ğŸŒ¼ bitki, Ã§iÃ§É™k, gÃ¼l
ğŸŒ· bitki, gÃ¼l, liliya
ğŸŒ± bitki, cavan, ÅŸitil
ğŸª´ becÉ™rmÉ™k, bitki, dibÃ§É™k bitkisi, ev, faydasÄ±z, qazma, yetiÅŸdirmÉ™
ğŸŒ² aÄŸac, bitki, hÉ™miÅŸÉ™yaÅŸÄ±l
ğŸŒ³ aÄŸac, bitki, enliyarpaqlÄ±, tÃ¶kmÉ™k
ğŸŒ´ aÄŸac, bitki, palma, palma aÄŸacÄ±
ğŸŒµ bitki, kaktus
ğŸŒ¾ bitki, dÃ¼yÃ¼, dÃ¼yÃ¼ sÃ¼nbÃ¼lÃ¼, qulaq
ğŸŒ¿ bitki, dÉ™rman bitkisi, yarpaq
â˜˜ bitki, yonca
ğŸ€ 4, bitki, dÃ¶rd, yarpaq, yonca
ğŸ aÄŸcaqayÄ±n, aÄŸcaqayÄ±n yarpaÄŸÄ±, bitki, tÃ¶kÃ¼lmÉ™k, yarpaq
ğŸ‚ bitki, tÃ¶kÃ¼lÉ™n yarpaq, tÃ¶kÃ¼lmÉ™k, yarpaq
ğŸƒ bitki, É™smÉ™k, kÃ¼lÉ™k, kÃ¼lÉ™kdÉ™ É™sÉ™n yarpaq, titrÉ™mÉ™k, yarpaq
ğŸ‡ meyvÉ™, Ã¼zÃ¼m
ğŸˆ meyvÉ™, yemiÅŸ
ğŸ‰ meyvÉ™, qarpÄ±z
ğŸŠ mandarin, meyvÉ™, portaÄŸal
ğŸ‹ limon, meyvÉ™, sitrus
ğŸŒ banan, meyvÉ™
ğŸ ananas, meyvÉ™
ğŸ¥­ manqo, meyvÉ™, tropik
ğŸ alma, meyvÉ™, qÄ±rmÄ±zÄ±
ğŸ alma, meyvÉ™, yaÅŸÄ±l
ğŸ armud, meyvÉ™
ğŸ‘ meyvÉ™, ÅŸaftalÄ±
ğŸ’ albalÄ±, bitki, meyvÉ™
ğŸ“ Ã§iyÉ™lÉ™k, gilÉ™meyvÉ™, meyvÉ™
ğŸ« gilÉ™meyvÉ™, qaragilÉ™, qaragilÉ™lÉ™r
ğŸ¥ kivi, meyvÉ™
ğŸ… meyvÉ™, pomidor, tÉ™rÉ™vÉ™z
ğŸ«’ meyvÉ™, zeytun
ğŸ¥¥ kokos, palma
ğŸ¥‘ avokado, meyvÉ™
ğŸ† badÄ±mcan, tÉ™rÉ™vÉ™z
ğŸ¥” kartof, tÉ™rÉ™vÉ™z
ğŸ¥• kÃ¶k, tÉ™rÉ™vÉ™z
ğŸŒ½ qarÄŸÄ±dalÄ±, qarÄŸÄ±dalÄ± qamÄ±ÅŸÄ±, qarÄŸÄ±dalÄ± sÃ¼nbÃ¼lÃ¼, sÃ¼nbÃ¼l
ğŸŒ¶ acÄ±, acÄ± bibÉ™r, bitki, istiot
ğŸ«‘ bibÉ™r, bolqar bibÉ™ri, ispan bibÉ™ri, tÉ™rÉ™vÉ™z
ğŸ¥’ tÉ™rÉ™vÉ™z, xiyar
ğŸ¥¬ gÃ¶yÉ™rti, kahÄ±, kÉ™lÉ™m, salat
ğŸ¥¦ brokkoli, yabanÄ± kÉ™lÉ™m
ğŸ§„ dadlandÄ±rma, sarÄ±msaq
ğŸ§… dadlandÄ±rma, soÄŸan
ğŸ„ gÃ¶bÉ™lÉ™k, milÃ§É™kqÄ±ran
ğŸ¥œ Ã§É™rÉ™z, yer fÄ±ndÄ±ÄŸÄ±
ğŸŒ° bitki, ÅŸabalÄ±d
ğŸ bulka, Ã§Ã¶rÉ™k
ğŸ¥ Ã§ay, kÃ¶kÉ™, kruasan, qÉ™lyanaltÄ±
ğŸ¥– Ã§Ã¶rÉ™k, kÉ™rpic Ã§Ã¶rÉ™k, tikÉ™, yemÉ™k
ğŸ«“ Ã§Ã¶rÉ™k, lavaÅŸ, yumru Ã§Ã¶rÉ™k
ğŸ¥¨ burulmuÅŸ, pretsel
ğŸ¥¯ bublik, bulki, Ã§Ã¶rÉ™kxana
ğŸ¥ blin, kÃ¶kÉ™, yemÉ™k
ğŸ§‡ dÉ™mir, qÉ™rarsÄ±z, vafli
ğŸ§€ pendir
ğŸ– É™t, sÃ¼mÃ¼k, sÃ¼mÃ¼kdÉ™ É™t
ğŸ— ayaq, cÃ¼cÉ™, ev quÅŸlarÄ±, sÃ¼mÃ¼k, toyuq budu
ğŸ¥© É™t tikÉ™si, steyk
ğŸ¥“ bekon, É™t
ğŸ” burger, hamburger
ğŸŸ fransÄ±z, kartof qÄ±zartmasÄ±, qÄ±zartma
ğŸ• dilim, pendir, pizza
ğŸŒ­ frankfurter, hot doq, hotdoq, sosiska
ğŸ¥ª Ã§Ã¶rÉ™k, sendviÃ§
ğŸŒ® meksika, tako
ğŸŒ¯ buritto, meksika
ğŸ«” dÃ¼rÃ¼m, meksika, tamal
ğŸ¥™ biÅŸirmÉ™k, qutab, yemÉ™k
ğŸ§† falafel, kÃ¼ftÉ™, noxud
ğŸ¥š yemÉ™k, yumurta
ğŸ³ biÅŸirmÉ™k, qÄ±zartmaq, tava, yumurta
ğŸ¥˜ dayaz, qazan, qida, yemÉ™k
ğŸ² qab, raqu, yemÉ™k qazanÄ±
ğŸ«• É™ridilmiÅŸ, fondyu, gÃ¼vÉ™c, Ä°sveÃ§rÉ™, pendir, ÅŸokolad
ğŸ¥£ dÉ™nÉ™vÉ™r, qaÅŸÄ±q ilÉ™ kasa, sÉ™hÉ™r yemÉ™yi
ğŸ¥— salat, tÉ™rÉ™vÉ™z, yaÅŸÄ±l
ğŸ¿ popkorn
ğŸ§ˆ kÉ™rÉ™ yaÄŸÄ±, sÃ¼d mÉ™hsulu
ğŸ§‚ duz, duzqabÄ±, É™dviyyat
ğŸ¥« konserv, konserv qida
ğŸ± bentu, bentu qutusu, qutu
ğŸ˜ dÃ¼yÃ¼, dÃ¼yÃ¼ krekeri, kreker
ğŸ™ dÃ¼yÃ¼, dÃ¼yÃ¼ kÃ¼ftÉ™si, kÃ¼ftÉ™, yapon
ğŸš biÅŸmiÅŸ, dÃ¼yÃ¼
ğŸ› dÃ¼yÃ¼, karri, karri dÃ¼yÃ¼sÃ¼
ğŸœ buÄŸlanan, buxarlanan kasa, É™riÅŸtÉ™, kasa, ramen
ğŸ makaron, spagetti
ğŸ  kartof, qÄ±zardÄ±lmÄ±ÅŸ, ÅŸirin
ğŸ¢ Ã§ubuq, dÉ™niz mÉ™hsulu, kabab, oden, ÅŸiÅŸ
ğŸ£ suÅŸi
ğŸ¤ krevet, qÄ±zardÄ±lmÄ±ÅŸ, qÄ±zardÄ±lmÄ±ÅŸ krivet, tempura
ğŸ¥ balÄ±q, burulÄŸan, piroq, spiralÅŸÉ™killi balÄ±q piroqu, xÉ™mir
ğŸ¥® ay piroqu, festival, payÄ±z, yuebin
ğŸ¡ Ã§ubuq, danqo, desert, ÅŸirin, ÅŸiÅŸ, yapon
ğŸ¥Ÿ empanada, gyoza, jiaozi, klyotek, pierogi, potsticker
ğŸ¥  bÉ™xt peÃ§enyesi, peyÄŸÉ™mbÉ™rlik
ğŸ¥¡ Ã¶zÃ¼nlÉ™ aparmaq qutusu, stridiya vedrÉ™si
ğŸ¦€ qÄ±rmÄ±zÄ± xÉ™rÃ§É™ng, xÉ™rÃ§É™ng, zodiak
ğŸ¦ caynaq, dÉ™niz mÉ™tbÉ™xi, lobster, xÉ™rÃ§É™ng É™ti
ğŸ¦ krevet, su canlÄ±sÄ±, xÉ™rÃ§É™ng
ğŸ¦‘ sÉ™kkiz ayaq, su canlÄ±sÄ±
ğŸ¦ª mirvari, stridiya, suyagirmÉ™
ğŸ¦ buz, desert, dondurma, krem, ÅŸirin, yumÅŸaq dondurma, yumuÅŸaq
ğŸ§ buz, desert, rÉ™ndÉ™lÉ™nmiÅŸ, rÉ™ndÉ™lÉ™nmiÅŸ dondurma, ÅŸirin
ğŸ¨ buz, desert, dondurma, krem, ÅŸirin
ğŸ© desert, ponÃ§ik, ÅŸirin
ğŸª desert, peÃ§enye, ÅŸirin
ğŸ‚ ad gÃ¼nÃ¼, ad gÃ¼nÃ¼ tortu, bayram, desert, ÅŸirin, tort, xÉ™mir
ğŸ° bir dilim tort, desert, dilim, ÅŸirin, tort, xÉ™mir
ğŸ§ Ã§Ã¶rÉ™kxana, keks, ÅŸirniyyat
ğŸ¥§ piroq, tort
ğŸ« desert, plitka, ÅŸirin, ÅŸokolad, ÅŸokolad plitkasÄ±
ğŸ¬ desert, konfet, ÅŸirin
ğŸ­ desert, konfet, ÅŸirin, ÅŸÃ¼ÅŸÉ™li karamel
ğŸ® biÅŸirilmiÅŸ krem, desert, pudinq, ÅŸirin
ğŸ¯ bal, bal qabÄ±, qab, ÅŸirin
ğŸ¼ iÃ§mÉ™k, kÃ¶rpÉ™, sÃ¼d, ÅŸÃ¼ÅŸÉ™, uÅŸaq ÅŸÃ¼ÅŸÉ™si
ğŸ¥› bir stÉ™kan sÃ¼d, iÃ§ki, stÉ™kan, sÃ¼d
â˜• buxarlanan, Ã§ay, iÃ§ki, iÃ§mÉ™k, isti, kofe
ğŸ«– Ã§ay, Ã§aynik, iÃ§mÉ™k, kupÉ™
ğŸµ Ã§ay, fincan, iÃ§ki, iÃ§mÉ™k, qulpsuz Ã§ay fincanÄ±
ğŸ¶ bar, fincan, iÃ§ki, iÃ§mÉ™k, sake, ÅŸÃ¼ÅŸÉ™
ğŸ¾ bar, dartmaq, iÃ§mÉ™k, ÅŸÃ¼ÅŸÉ™, tÄ±xac, tÄ±xacÄ± Ã§Ä±xan ÅŸÃ¼ÅŸÉ™
ğŸ· bar, iÃ§ki, iÃ§mÉ™k, ÅŸÉ™rab, ÅŸÉ™rab bakalÄ±, ÅŸÃ¼ÅŸÉ™
ğŸ¸ bar, iÃ§mÉ™k, kokteyl, kokteyl bakalÄ±, ÅŸÃ¼ÅŸÉ™
ğŸ¹ bar, iÃ§mÉ™k, tropik, tropik iÃ§ki
ğŸº bar, iÃ§mÉ™k, krujka, pivÉ™, pivÉ™ krujkasÄ±
ğŸ» bar, cingilti, iÃ§mÉ™k, krujka, pivÉ™, pivÉ™ krujkalarÄ±nÄ± toqquÅŸdurmaq
ğŸ¥‚ badÉ™, badÉ™lÉ™ri qaldÄ±rmaq, saÄŸlÄ±q demÉ™k, toqquÅŸdurmaq
ğŸ¥ƒ iÃ§ki, likÃ¶r, spirtli, viski stÉ™kanÄ±
ğŸ¥¤ borucuqlu stÉ™kan, ÅŸirÉ™, soda
ğŸ§‹ Ã§ay, kÃ¶pÃ¼k, kÃ¶pÃ¼klÃ¼ Ã§ay, mirvari, sÃ¼d
ğŸ§ƒ iÃ§ki qutusu, ÅŸirÉ™ qutusu
ğŸ§‰ iÃ§ki, mate
ğŸ§Š aysberq, buz kubu, soyuq
ğŸ¥¢ haÅŸi, yemÉ™k Ã§ubuqlarÄ±
ğŸ½ biÅŸirmÉ™k, bÄ±Ã§aq, boÅŸqab, Ã§É™ngÉ™l, Ã§É™ngÉ™l vÉ™ bÄ±Ã§aq ilÉ™ boÅŸqab
ğŸ´ biÅŸirmÉ™k, bÄ±Ã§aq, Ã§É™ngÉ™l, Ã§É™ngÉ™l vÉ™ bÄ±Ã§aq
ğŸ¥„ qaÅŸÄ±q, sÃ¼frÉ™, yemÉ™k
ğŸ”ª alÉ™t, biÅŸirmÉ™k, bÄ±Ã§aq, hoÃ§o, mÉ™tbÉ™x bÄ±Ã§aÄŸÄ±, silah
ğŸº alÉ™t, amfora, biÅŸirmÉ™k, dolÃ§a, iÃ§mÉ™k, silah, zodiak
ğŸŒ afrika, avropa, Avropa-AfrikanÄ± gÃ¶stÉ™rÉ™n qlobus, dÃ¼nya, qlobus, yer kÃ¼rÉ™si
ğŸŒ amerika, amerika-qitÉ™lÉ™rini gÃ¶stÉ™rÉ™n qlobus, dÃ¼nya, qlobus, yer kÃ¼rÉ™si
ğŸŒ asiya, asiya-avstraliya qitÉ™lÉ™rini gÃ¶stÉ™rÉ™n qlobus, avstraliya, dÃ¼nya, qlobus, yer kÃ¼rÉ™si
ğŸŒ dÃ¼nya, meridianlar, meridianlarÄ± olan qlobus, qlobus, yer kÃ¼rÉ™si
ğŸ—º dÃ¼nya, dÃ¼nya xÉ™ritÉ™si, xÉ™ritÉ™
ğŸ—¾ xÉ™ritÉ™, yaponiya, yaponiyanÄ±n xÉ™ritÉ™si
ğŸ§­ kompas, maqnit, naviqasiya, orientasiya
ğŸ” baÅŸÄ± qarla Ã¶rtÃ¼lmÃ¼ÅŸ daÄŸ, daÄŸ, qar, soyuq
â›° daÄŸ
ğŸŒ‹ daÄŸ, hava, pÃ¼skÃ¼rmÉ™, vulkan
ğŸ—» daÄŸ, fuji, fuji daÄŸÄ±
ğŸ• kempinq
ğŸ– Ã§É™tir, Ã§É™tirli Ã§imÉ™rlik, Ã§imÉ™rlik
ğŸœ sÉ™hra
ğŸ ada, sÉ™hra, tÉ™nha ada
ğŸ milli park, park
ğŸŸ stadion
ğŸ› bina, klassik
ğŸ— bina, bina tikintisi, tikinti
ğŸ§± divar, kÉ™rpic, sement
ğŸª¨ aÄŸÄ±r, bÉ™rk, daÅŸ, qaya, qaya parÃ§asÄ±
ğŸªµ aÄŸac, kÃ¶tÃ¼k, odun, taxta-ÅŸalban
ğŸ›– alaÃ§Ä±q, Ã§adÄ±r, depo, ev
ğŸ˜ bina, ev, ev binalarÄ±
ğŸš baxÄ±msÄ±z ev binasÄ±, bina, ev, tÉ™rk edilmiÅŸ
ğŸ  bina, ev, ev binasÄ±, mÉ™nzil
ğŸ¡ baÄŸ, baÄŸÄ± olan ev, bina, ev, mÉ™nzil
ğŸ¢ bina, ofis binasÄ±
ğŸ£ bina, poÃ§t, yapon, yapon poÃ§t idarÉ™si
ğŸ¤ Avropa, bina, poÃ§t, poÃ§t idarÉ™si
ğŸ¥ bina, hÉ™kim, tibb, xÉ™stÉ™xana
ğŸ¦ bank, bina
ğŸ¨ bina, otel
ğŸ© bina, otel, sevgi, sevgi oteli
ğŸª 7/24 aÃ§Ä±q olan maÄŸaza, bina, maÄŸaza, rahatlÄ±q
ğŸ« bina, mÉ™ktÉ™b
ğŸ¬ bina, maÄŸaza, ÅŸÃ¶bÉ™, univermaq
ğŸ­ bina, fabrik
ğŸ¯ bina, qÉ™sr, yapon, yapon qÉ™sri
ğŸ° avropa, bina, qÉ™sr
ğŸ’’ kilsÉ™, romantika, toy
ğŸ—¼ qala, tokio, tokiyo qalasÄ±
ğŸ—½ azadlÄ±q, azadlÄ±q heykÉ™li, heykÉ™l
â›ª bina, din, kilsÉ™, xaÃ§, xristian
ğŸ•Œ din, islam, mÉ™scid, mÃ¼sÉ™lman
ğŸ›• hindu, mÉ™bÉ™di
ğŸ• din, mÉ™bÉ™d, sinaqoq, yÉ™hudi
â›© din, mÉ™bÉ™d, sinto, sinto mÉ™bÉ™di
ğŸ•‹ din, islam, kÉ™bÉ™, mÃ¼sÉ™lman
â›² fontan
â›º Ã§adÄ±r, kempinq
ğŸŒ duman, dumanlÄ±, hava
ğŸŒƒ axÅŸam, hava, ulduz, ulduzlu gecÉ™
ğŸ™ bina, ÅŸÉ™hÉ™r, ÅŸÉ™hÉ™r mÉ™nzÉ™rÉ™si
ğŸŒ„ daÄŸ, daÄŸlardan qalxan gÃ¼nÉ™ÅŸ, gÃ¼nÉ™ÅŸ, gÃ¼nÉ™ÅŸin doÄŸmasÄ±, hava, sÉ™hÉ™r
ğŸŒ… gÃ¼n doÄŸumu, gÃ¼nÉ™ÅŸ, hava, sÉ™hÉ™r
ğŸŒ† bina, gÃ¼nÉ™ÅŸ, gÃ¼nÉ™ÅŸin batmasÄ±, hava qaralanda ÅŸÉ™hÉ™r mÉ™nzÉ™rÉ™si
ğŸŒ‡ bina, gÃ¼n batÄ±mÄ±, gÃ¼nÉ™ÅŸ, hava, toran
ğŸŒ‰ axÅŸam, gecÉ™ kÃ¶rpÃ¼, hava, kÃ¶rpÃ¼
â™¨ bulaqlar, buxarlanan, isti, qaynar bulaqlar
ğŸ  at, karusel
ğŸ¡ Ã§arx, lunapark, ÅŸeytan, ÅŸeytan Ã§arxÄ±
ğŸ¢ attraksion, Ã§arx, lunapark, maneÉ™li dÉ™mir yolu attraksionu
ğŸ’ˆ bÉ™rbÉ™r, saÃ§ dÃ¼zÃ¼mÃ¼, ÅŸlaqbaum, sÃ¼tun
ğŸª Ã§adÄ±r, sirk, sirk Ã§adÄ±rÄ±
ğŸš‚ buxar, dÉ™mir yolu, lokomotiv, mÃ¼hÉ™rrik, nÉ™qliyyat, qatar
ğŸšƒ dÉ™mir yolu, dÉ™mir yolu qatarÄ± vaqonu, elektrik, maÅŸÄ±n
ğŸš„ dÉ™mir yolu, nÉ™qliyyat, qatar, sÉ™rniÅŸin ekspressi, sÃ¼rÉ™t, yÃ¼ksÉ™k sÃ¼rÉ™tli qatar
ğŸš… dÉ™mir yolu, gÃ¼llÉ™, gÃ¼llÉ™yÉ™ bÉ™nzÉ™r ucluqlu yÃ¼ksÉ™k sÃ¼rÉ™t qatarÄ±, nÉ™qliyyat, qatar, sÉ™rniÅŸin ekspressi, sÃ¼rÉ™t
ğŸš† dÉ™mir yolu, nÉ™qliyyat, qatar
ğŸš‡ metro, nÉ™qliyyat
ğŸšˆ dÉ™mir yolu, iÅŸÄ±q qatarÄ±, nÉ™qliyyat
ğŸš‰ dÉ™mir yolu, nÉ™qliyyat, qatar, stansiya
ğŸšŠ nÉ™qliyyat, stritkar, trolleybus
ğŸš monorels, nÉ™qliyyat
ğŸš daÄŸ, daÄŸ yolu, dÉ™mir yolu, maÅŸÄ±n, nÉ™qliyyat
ğŸš‹ avtomobil, tramvay, tramvay vaqonu, trolleybus
ğŸšŒ avtobus, nÉ™qliyyat
ğŸš avtobus, nÉ™qliyyat, yaxÄ±nlaÅŸan avtobus, yaxÄ±nlaÅŸma
ğŸš avtobus, nÉ™qliyyat, tramvay, trolleybus
ğŸš avtobus, mini avtobus, nÉ™qliyyat
ğŸš‘ nÉ™qliyyat, tÉ™cili yardÄ±m maÅŸÄ±nÄ±
ğŸš’ mÃ¼hÉ™rrik, nÉ™qliyyat, yanÄŸÄ±n, yanÄŸÄ±nsÃ¶ndÃ¼rÉ™n, yÃ¼k maÅŸÄ±nÄ±
ğŸš“ maÅŸÄ±n, nÉ™qliyyat, patrul, polis, polis maÅŸÄ±nÄ±
ğŸš” maÅŸÄ±n, nÉ™qliyyat, polis, yaxÄ±nlaÅŸan polis maÅŸÄ±nÄ±, yaxÄ±nlaÅŸma
ğŸš• nÉ™qliyyat, taksi
ğŸš– nÉ™qliyyat, taksi, yaxÄ±nlaÅŸan taksi, yaxÄ±nlaÅŸma
ğŸš— avtomobil, maÅŸÄ±n, nÉ™qliyyat
ğŸš˜ avtomobil, maÅŸÄ±n, nÉ™qliyyat, yaxÄ±nlaÅŸan avtomobil, yaxÄ±nlaÅŸma
ğŸš™ nÉ™qliyyat, rekreasiya, rekreasiya avtomobili, rn
ğŸ›» pikap, pikap yÃ¼ngÃ¼l avtomobil, yÃ¼k avtomobili
ğŸšš Ã§atdÄ±rÄ±lma, nÉ™qliyyat, yÃ¼k maÅŸÄ±nÄ±
ğŸš› konteynerli maÅŸÄ±n, nÉ™qliyyat, yarÄ±m, yÃ¼k maÅŸÄ±nÄ±
ğŸšœ nÉ™qliyyat, traktor
ğŸ maÅŸÄ±n, yarÄ±ÅŸ, yarÄ±ÅŸ maÅŸÄ±nÄ±
ğŸ motosiklet, yarÄ±ÅŸ
ğŸ›µ motorlu, motosikl, skuter
ğŸ¦½ É™lveriÅŸlilik, manual tÉ™kÉ™rli kreslo
ğŸ¦¼ É™lveriÅŸlilik, motorlu tÉ™kÉ™rli kreslo
ğŸ›º avto-rikÅŸa, tuk-tuk
ğŸš² nÉ™qliyyat, velosiped
ğŸ›´ samokat, skuter
ğŸ›¹ bord, skeytbord
ğŸ›¼ diyircÉ™k, diyircÉ™kli konki, konki
ğŸš avtobus, avtobus dayanacaÄŸÄ±, dayanacaq, dayanmaq
ğŸ›£ ÅŸosse, yol
ğŸ›¤ dÉ™mir yolu, qatar
ğŸ›¢ neft, neft silindiri, silindir
â›½ boru, qaz, stansiya, yanacaq, yanacaq borusu
ğŸš¨ fÄ±rlanan, iÅŸÄ±q, maÅŸÄ±n, mayak, nÉ™qliyyat, polis, polis maÅŸÄ±nÄ±n iÅŸÄ±ÄŸÄ±
ğŸš¥ iÅŸÄ±q, nÉ™qliyyat, siqnal, Ã¼fÃ¼qi iÅŸÄ±qfor
ğŸš¦ iÅŸÄ±q, nÉ™qliyyat, ÅŸaquli iÅŸÄ±qfor, siqnal
ğŸ›‘ dayanmaq, dayanmaq iÅŸarÉ™si, yol iÅŸarÉ™si
ğŸš§ maneÉ™, tikinti
âš“ alÉ™t, gÉ™mi, lÃ¶vbÉ™r
â›µ dÉ™niz, kurort, nÉ™qliyyat, qayÄ±q, yaxta, yelkÉ™nli qayÄ±q
ğŸ›¶ qayÄ±q, sÃ¼rmÉ™
ğŸš¤ nÉ™qliyyat, qayÄ±q, sÃ¼rÉ™tli qayÄ±q
ğŸ›³ gÉ™mi, nÉ™qliyyat, sÉ™rniÅŸin, sÉ™rniÅŸin gÉ™misi
â›´ bÉ™rÉ™ gÉ™misi, qayÄ±q
ğŸ›¥ motorlu qayÄ±q, nÉ™qliyyat, qayÄ±q
ğŸš¢ gÉ™mi, nÉ™qliyyat
âœˆ nÉ™qliyyat, tÉ™yyarÉ™
ğŸ›© balaca tÉ™yyarÉ™, nÉ™qliyyat, tÉ™yyarÉ™
ğŸ›« nÉ™qliyyat, qeydiyyat, tÉ™yyarÉ™, tÉ™yyarÉ™ qalxÄ±r, uÃ§uÅŸ, uÃ§uÅŸlar
ğŸ›¬ daxilolma, daxilolmalar, eniÅŸ, nÉ™qliyyat, tÉ™yyarÉ™, tÉ™yyarÉ™ enir
ğŸª‚ paraÅŸÃ¼t, parayelkÉ™n, sÉ™ma dayvÄ±
ğŸ’º oturacaq, stul
ğŸš helikopter, nÉ™qliyyat
ğŸšŸ asÄ±lma, asma dÉ™mir yolu, dÉ™mir yolu, nÉ™qliyyat
ğŸš  daÄŸ, daÄŸ kanatÄ±, kabel, nÉ™qliyyat, qondola
ğŸš¡ hava, hava tramvayÄ±, kabel, kanat yol, maÅŸÄ±n
ğŸ›° kosmos, nÉ™qliyyat, peyk
ğŸš€ kosmos, nÉ™qliyyat, raket
ğŸ›¸ uÃ§an boÅŸqab, UFO
ğŸ› otel, xidmÉ™t zÉ™ngi, xidmÉ™tÃ§i, zÉ™ng
ğŸ§³ É™ÅŸyalarÄ± toplamaq, sÉ™yahÉ™t, yÃ¼k
âŒ› qum, qum saatÄ±, taymer
â³ qum, qum saatÄ±, qum tÃ¶kÃ¼lÉ™n qum saatÄ±, taymer
âŒš qol saatÄ±, saat
â° saat, siqnal, zÉ™ngli saat
â± saat, saniyÉ™Ã¶lÃ§É™n
â² saat, taymer
ğŸ•° buxarÄ± saat, saat
ğŸ•› 00, 12, 12 tamam, 12:00, on iki, saat
ğŸ•§ 12, 12:30, 30, birin yarÄ±sÄ±, on iki, otuz, saat
ğŸ• 00, 1, 1:00, bir, bir tamam, saat
ğŸ•œ 1, 1:30, 30, bir, ikinin yarÄ±sÄ±, otuz, saat
ğŸ•‘ 00, 2, 2:00, iki, iki tamam, saat
ğŸ• 2, 2:30, 30, iki, otuz, saat, Ã¼Ã§Ã¼n yarÄ±sÄ±
ğŸ•’ 00, 3, 3:00, saat, Ã¼Ã§, Ã¼Ã§ tamam
ğŸ• 3, 3:30, 30, dÃ¶rdÃ¼n yarÄ±sÄ±, otuz, saat, Ã¼Ã§
ğŸ•“ 00, 4, 4:00, dÃ¶rd, dÃ¶rd tamam, saat
ğŸ•Ÿ 30, 4, 4:30, beÅŸin yarÄ±sÄ±, dÃ¶rd, otuz, saat
ğŸ•” 00, 5, 5:00, beÅŸ, beÅŸ tamam, saat
ğŸ•  30, 5, 5:30, altÄ±nÄ±n yarÄ±sÄ±, beÅŸ, otuz, saat
ğŸ•• 00, 6, 6:00, altÄ±, altÄ± tamam, saat
ğŸ•¡ 30, 6, 6:30, altÄ±, otuz, saat, yeddinin yarÄ±sÄ±
ğŸ•– 00, 7, 7:00, saat, yeddi, yeddi tamam
ğŸ•¢ 30, 7, 7:30, otuz, saat, sÉ™kkizin yarÄ±sÄ±, yeddi
ğŸ•— 00, 8, 8:00, saat, sÉ™kkiz, sÉ™kkiz tamam
ğŸ•£ 30, 8, 8:30, doqquzun yarÄ±sÄ±, otuz, saat, sÉ™kkiz
ğŸ•˜ 00, 9, 9:00, doqquz, doqquz tamam, saat
ğŸ•¤ 30, 9, 9:30, doqquz, onun yarÄ±sÄ±, otuz, saat
ğŸ•™ 00, 10, 10:00, on, on tamam, saat
ğŸ•¥ 10, 10:30, 30, on, on birin yarÄ±sÄ±, otuz, saat
ğŸ•š 00, 11, 11:00, on bir, on bir tamam, saat
ğŸ•¦ 11, 11:30, 30, on bir, on ikinin yarÄ±sÄ±, otuz, saat
ğŸŒ‘ ay, hava, kosmos, tÃ¼nd, yeni ay
ğŸŒ’ ay, aypara, dÃ¶rddÉ™ bir, dÃ¶rddÉ™ bir aypara, hava, kosmos
ğŸŒ“ ay, ayÄ±n birinci dÃ¶rrdÉ™ bir hissÉ™si, dÃ¶rddÉ™ bir, hava, kosmos
ğŸŒ” ay, bÃ¶yÃ¼yÉ™n, dÃ¶rddÉ™ bir, dÃ¶rddÉ™ bir bÃ¶yÃ¼yÉ™n ay, hava, kosmos
ğŸŒ• ay, hava, kosmos, tam
ğŸŒ– ay, bÃ¶yÃ¼yÉ™n, hava, kosmos, sÃ¶nÉ™n
ğŸŒ— ay, ayÄ±n sonuncu dÃ¶rddÉ™ bir hissÉ™si, dÃ¶rddÉ™ bir, hava, kosmos
ğŸŒ˜ ay, aypara, hava, kosmos, sÃ¶nÉ™n
ğŸŒ™ ay, aypara, hava, kosmos
ğŸŒš ay, hava, kosmos, Ã¼z, yeni ay Ã¼zÃ¼
ğŸŒ› ay, ayÄ±n birinci dÃ¶rrdÉ™ bir hissÉ™sinin Ã¼zÃ¼, dÃ¶rddÉ™ bir, hava, kosmos, Ã¼z
ğŸŒœ ay, ayÄ±n sonuncu dÃ¶rddÉ™ bir hissÉ™sinin Ã¼zÃ¼, dÃ¶rddÉ™ bir, hava, kosmos, Ã¼z
ğŸŒ¡ hava, termometr
â˜€ gÃ¼nÉ™ÅŸ, gÃ¼nÉ™ÅŸli, hava, kosmos, parlaq, ÅŸÃ¼alar
ğŸŒ ay, hava, kosmos, parlaq, tam, Ã¼z, Ã¼zÃ¼ olan tam ay
ğŸŒ gÃ¼nÉ™ÅŸ, hava, kosmos, parlaq, Ã¼z, Ã¼zÃ¼ olan gÃ¼nÉ™ÅŸ
ğŸª saturn, Ã¼zÃ¼klÃ¼ planet
â­ aÄŸ orta ulduz, ulduz
ğŸŒŸ iÅŸÄ±q, parÄ±ldayan, parlaq, qÄ±ÄŸÄ±lcÄ±m, ulduz
ğŸŒ  dÃ¼ÅŸÉ™n ulduz, kosmos, parlama, tÃ¶kÃ¼lmÉ™k, ulduz
ğŸŒŒ hava, kosmos, sÃ¼d yolu
â˜ bulud, hava
â›… bulud, buludun arxasÄ±nda gÃ¼nÉ™ÅŸ, gÃ¼nÉ™ÅŸ, hava
â›ˆ bulud, hava, ildÄ±rÄ±m, ildÄ±rÄ±m vÉ™ yaÄŸÄ±ÅŸlÄ± bulud, yaÄŸÄ±ÅŸ
ğŸŒ¤ balaca buludun arxasÄ±na gÃ¼nÉ™ÅŸ, bulud, gÃ¼nÉ™ÅŸ, hava
ğŸŒ¥ bÃ¶yÃ¼k buludun arxasÄ±nda gÃ¼nÉ™ÅŸ, bulud, gÃ¼nÉ™ÅŸ, hava
ğŸŒ¦ bulud, gÃ¼nÉ™ÅŸ, hava, yaÄŸÄ±ÅŸ, yaÄŸÄ±ÅŸlÄ± buludun arxasÄ±nda gÃ¼nÉ™ÅŸ
ğŸŒ§ bulud, hava, yaÄŸÄ±ÅŸ, yaÄŸÄ±ÅŸlÄ± bulud
ğŸŒ¨ bulud, hava, qar, qarlÄ± bulud, soyuq
ğŸŒ© bulud, hava, ildÄ±rÄ±m, ildÄ±rÄ±mlÄ± bulud
ğŸŒª bulud, hava, qasÄ±rÄŸa
ğŸŒ« bulud, duman, hava
ğŸŒ¬ bulud, É™smÉ™k, hava, kÃ¼lÉ™k, kÃ¼lÉ™k Ã¼zÃ¼, Ã¼z
ğŸŒ€ baÅŸgicÉ™llÉ™nmÉ™, hava, qasÄ±rÄŸa, siklon, tufan
ğŸŒˆ gÃ¶yqurÅŸaÄŸÄ±, hava, yaÄŸÄ±ÅŸ
ğŸŒ‚ baÄŸlÄ± Ã§É™tir, Ã§imÉ™rlik, geyim, hava, yaÄŸÄ±ÅŸ
â˜‚ Ã§É™tir, geyim, hava, yaÄŸÄ±ÅŸ
â˜” Ã§imÉ™rlik, damcÄ±, geyim, hava, yaÄŸÄ±ÅŸ, yaÄŸÄ±ÅŸ damcÄ±larÄ± dÃ¼ÅŸÉ™n Ã§É™tir
â›± Ã§imÉ™rlik, gÃ¼nÉ™ÅŸ, hava, yaÄŸÄ±ÅŸ, yerdÉ™ Ã§É™tir
âš¡ elektrik, ildÄ±rÄ±m, tÉ™hlÃ¼kÉ™, toqquÅŸma, voltaj, yÃ¼ksÉ™k voltaj
â„ hava, qar, qara dÉ™nÉ™ciyi, soyuq
â˜ƒ hava, qar, qar adam, soyuq
â›„ hava, qar, qar adam, qarsÄ±z qar adam, soyuq
â˜„ kometa, kosmos
ğŸ”¥ alÉ™t, alov
ğŸ’§ damcÄ±, hava, komik, soyuq, tÉ™r
ğŸŒŠ dalÄŸa, hava, okean, su, su dalÄŸasÄ±
ğŸƒ bayram, cek, fÉ™nÉ™r, hellouin, Hellouin balqabaÄŸÄ±
ğŸ„ aÄŸac, bayram, milad, milad aÄŸacÄ±
ğŸ† bayram, fiÅŸÉ™nglÉ™r
ğŸ‡ bayram, fiÅŸÉ™ng, qÄ±ÄŸÄ±lcÄ±m, qÄ±ÄŸÄ±lclm
ğŸ§¨ dinamit, feyerverk, partlama
âœ¨ qÄ±ÄŸÄ±lcÄ±m, qÄ±ÄŸÄ±lcÄ±mlar, ulduz
ğŸˆ bayram, ÅŸar
ğŸ‰ bayram, qonaqlÄ±q, qonaqlÄ±q stimullaÅŸdÄ±rÄ±cÄ±sÄ±, stimullaÅŸdÄ±rÄ±cÄ±, tada
ğŸŠ bayram, konfetti, konfetti topu, top
ğŸ‹ aÄŸac, banner, bayram, tanabata aÄŸacÄ±, yapon
ğŸ bambuk, bayram, bitki, ÅŸam, ÅŸam aÄŸacÄ± bÉ™zÉ™yi, yapon
ğŸ bayram, festival, gÉ™lincik, yapon, yapon gÉ™linciklÉ™ri
ğŸ bayram, karp, karp-uÃ§urtma, uÃ§urtma
ğŸ bayram, kÃ¼lÉ™k, kÃ¼lÉ™k zÉ™ngi, zÉ™ng, zÉ™ng sÉ™si
ğŸ‘ ay, ay mÉ™rasimi, bayram, mÉ™rasim
ğŸ§§ bÉ™xt, hÉ™diyyÉ™, honbao, pul, qÄ±rmÄ±zÄ± zÉ™rf
ğŸ€ bayram, lent
ğŸ bayram, bÃ¼kÃ¼lmÃ¼ÅŸ, hÉ™diyyÉ™, hÉ™diyyÉ™ etmÉ™k, qutu
ğŸ— bayram, lent, xatÄ±rlatma, xatÄ±rlatma lenti
ğŸŸ bilet, giriÅŸ biletlÉ™ri, giriÅŸ haqqÄ±
ğŸ« bilet, giriÅŸ haqqÄ±
ğŸ– bayram, hÉ™rbi, medal
ğŸ† kubok, mÃ¼kafat
ğŸ… idman medalÄ±, medal
ğŸ¥‡ 1-ci yer, qalib, qÄ±zÄ±l medal, yarÄ±ÅŸma
ğŸ¥ˆ 2-ci yer, gÃ¼mÃ¼ÅŸ medal, qalib, yarÄ±ÅŸma
ğŸ¥‰ 3-cÃ¼ yer, bÃ¼rÃ¼nc medal, qalib, yarÄ±ÅŸma
âš½ futbol, futbol topu, top
âš¾ beysbol, top
ğŸ¥ É™lÃ§É™k, qoltuqaltÄ±, softbol, top
ğŸ€ basketbol, halqa, top
ğŸ oyun, top, voleybol
ğŸˆ amerika, amerikan futbolu, futbol, top
ğŸ‰ futbol, reqbi, top
ğŸ¾ tennis, top
ğŸ¥ sonuncu, uÃ§an disk
ğŸ³ boulinq, oyun, top
ğŸ dÉ™yÉ™nÉ™k, kriket, oyun, top
ğŸ‘ Ã§ubuq, oyun, sahÉ™, sahÉ™ xokkeyi, top, xokkey
ğŸ’ buz, buz xokkeyi Ã§ubuÄŸu vÉ™ ÅŸaybasÄ±, Ã§ubuq, oyun, ÅŸayba, xokkey
ğŸ¥ Ã§ubuq, lakross, qol, top
ğŸ“ dÉ™yÉ™nÉ™k, oyun, pinq ponq, raketka, stolÃ¼stÃ¼ tennis, top
ğŸ¸ badminton, bÃ¶di, oyun, tennis
ğŸ¥Š boks, boks É™lcÉ™yi, dÃ¶yÃ¼ÅŸ, É™lcÉ™k
ğŸ¥‹ cÃ¼do, dÃ¶yÃ¼ÅŸ, dÃ¶yÃ¼ÅŸ idmanÄ± geyimi, idman, karate
ğŸ¥… darvaza, futbol, idman, qapÄ±, top
â›³ dÉ™lik, dÉ™likdÉ™ bayraq, qolf
â›¸ buz, buz konkisi, konki
ğŸ£ balÄ±q, balÄ±q tilovu, tilov
ğŸ¤¿ akvalanq, dalÄŸÄ±c, dalÄŸÄ±c maskasÄ±
ğŸ½ atlet kÃ¶ynÉ™yi, kÉ™mÉ™r, kÃ¶ynÉ™k, qaÃ§Ä±ÅŸ
ğŸ¿ qar, xizÉ™k
ğŸ›· kirÅŸÉ™, sanka, xizÉ™k
ğŸ¥Œ oyun, qaya, qÄ±vrÄ±m daÅŸ
ğŸ¯ birbaÅŸa atÄ±ÅŸ, gÃ¶z, hÉ™dÉ™f, niÅŸan, ox, oyun, vur
ğŸª€ dalÄŸalanma, oyuncaq, yo-yo
ğŸª Ã§É™rpÉ™lÉ™ng, havada Ã¼zmÉ™, uÃ§uÅŸ
ğŸ± 8, bilyard, oyun, sÉ™kkiz, top
ğŸ”® alÉ™t, fantastika, kristal, kristal kÃ¼rÉ™, naÄŸÄ±l, top, var-dÃ¶vlÉ™t
ğŸª„ cadugÉ™r, falÃ§Ä±, sehrli, sehrli Ã§ubuq
ğŸ§¿ gÃ¶zdÉ™ymÉ™, gÃ¶zmuncuÄŸu, gÃ¶zmÃ¼ncuÄŸu, muncuq, talisman
ğŸ® kontroller, oyun, video oyun
ğŸ•¹ coystik, oyun, video oyun
ğŸ° avtomat, avtomat maÅŸÄ±n, oyun
ğŸ² oyun, oyun zÉ™ri, zÉ™r
ğŸ§© baÅŸsÄ±ndÄ±rma, ipucu, parÃ§a, pazl
ğŸ§¸ oyuncaq, plÃ¼ÅŸ, plÃ¼ÅŸ ayÄ±, yumÅŸaq
ğŸª… bayram, pinyata, ÅŸÉ™nlik
ğŸª† gÉ™lincik, matryoÅŸkalar, Rusiya, yuva
â™  dÉ™st, kart, oyun, qaratoxmaq, qaratoxmaq dÉ™sti
â™¥ dÉ™st, kart, oyun, Ã¼rÉ™k, Ã¼rÉ™k dÉ™sti, Ã¼rÉ™klÉ™r
â™¦ dÉ™st, kart, oyun, romb, romb dÉ™sti, romblar
â™£ dÉ™st, kart, klub, klub dÉ™sti, klublar, oyun
â™Ÿ É™fÉ™l, geniÅŸlÉ™nÉ™n, ÅŸahmat, ÅŸahmat piyadasÄ±
ğŸƒ joker, kart, oynamaq, oyun
ğŸ€„ maconq, maconq qÄ±rmÄ±zÄ± É™jdaha, oyun, qÄ±rmÄ±zÄ±
ğŸ´ gÃ¼l, gÃ¼l oyun kartlarÄ±, kart, oynamaq, oyun, yapon
ğŸ­ icra etmÉ™k, incÉ™sÉ™nÉ™t, maska, teatr, teatr incÉ™sÉ™nÉ™ti
ğŸ–¼ Ã§É™kmÉ™k, Ã§É™rÃ§ivÉ™, incÉ™sÉ™nÉ™t, muzey, ÅŸÉ™kil, ÅŸÉ™killi Ã§É™rÃ§ivÉ™
ğŸ¨ Ã§É™kmÉ™k, incÉ™sÉ™nÉ™t, muzey, palitra, rÉ™ssam palitrasÄ±
ğŸ§µ iynÉ™, kÉ™lÉ™fÃ§É™, sap, tikiÅŸ
ğŸª¡ dÉ™rzilik, ilgÉ™klÉ™r, iynÉ™, naxÄ±ÅŸ, tikiÅŸ, tikiÅŸ maÅŸÄ±nÄ±nÄ±n iynÉ™si, tikiÅŸ yollarÄ±
ğŸ§¶ iplik, top, toxuma
ğŸª¢ dÃ¼yÃ¼n, ip, kÉ™ndir, qarÄ±ÅŸÄ±q-dolaÅŸÄ±q, sapma
ğŸ‘“ eynÉ™k, geyim, gÃ¶z, gÃ¼n eynÉ™yi
ğŸ•¶ eynÉ™k, gÃ¶z, gÃ¼n eynÉ™yi, tÃ¼nd
ğŸ¥½ gÃ¶z mÃ¼dafiyÉ™si, qaynaq, su eynÉ™yi, Ã¼zmÉ™k
ğŸ¥¼ hÉ™kim, laboratoriya geyimi, qaynaq, tÉ™crÃ¼bÉ™
ğŸ¦º gÃ¼vÉ™nlik, gÃ¼vÉ™nlik jaketi, jaket, tÉ™cililik
ğŸ‘” geyim, qalstuk
ğŸ‘• futbolka, geyim, kÃ¶ynÉ™k
ğŸ‘– cins, geyim, ÅŸalvar
ğŸ§£ boyun, ÅŸÉ™rf
ğŸ§¤ É™l, É™lcÉ™klÉ™r
ğŸ§¥ palto, pencÉ™k
ğŸ§¦ corablar, stoker
ğŸ‘— don, geyim
ğŸ‘˜ geyim, kimono
ğŸ¥» geyim, paltar, sari
ğŸ©± bir hissÉ™li Ã¼zgÃ¼Ã§Ã¼lÃ¼k geyimi, hamam geyimi
ğŸ©² alt paltar, hamam geyimi, trusik, Ã¼zgÃ¼Ã§Ã¼lÃ¼k geyimi
ğŸ©³ alt paltar, hamam geyimi, ÅŸalvar, ÅŸort
ğŸ‘™ bikini, geyim, Ã¼zmÉ™k
ğŸ‘š geyim, qadÄ±n, qadÄ±n paltarÄ±
ğŸ‘› geyim, pul kisÉ™si, qÉ™pik
ğŸ‘œ Ã§anta, É™l Ã§antasÄ±, geyim
ğŸ‘ Ã§anta, geyim, torba
ğŸ› alÄ±ÅŸ-veriÅŸ Ã§antalarÄ±, Ã§anta, otel, ÅŸoppinq
ğŸ’ bel Ã§antasÄ±, Ã§anta, mÉ™ktÉ™b, mÉ™ktÉ™bli bel Ã§antasÄ±
ğŸ©´ Ã§imÉ™rlik sÉ™ndÉ™llÉ™ri, rezin vyetnamka, sÉ™ndÉ™llÉ™r, vyetnamka, vyetnamkalar, zori
ğŸ‘ ayaqqabÄ±, geyim, kiÅŸi, kiÅŸi ayaqqabÄ±sÄ±
ğŸ‘Ÿ atletik, ayaqqabÄ±, geyim, krossovka, qaÃ§Ä±ÅŸ ayaqqabÄ±sÄ±
ğŸ¥¾ botinka, É™ÅŸyalarÄ± yÄ±ÄŸmaq, gÉ™zinti, gÉ™zinti botinkasÄ±, kempinq
ğŸ¥¿ botinka, É™ÅŸyalarÄ± yÄ±ÄŸmaq, gÉ™zinti, kempinq, yastÄ± ayaqqabÄ±
ğŸ‘  ayaqqabÄ±, daban, geyim, hÃ¼ndÃ¼r daban ayaqqabÄ±, qadÄ±n
ğŸ‘¡ ayaqqabÄ±, geyim, qadÄ±n, qadÄ±n sÉ™ndÉ™li, sÉ™ndÉ™l
ğŸ©° balet, balet ayaqqabÄ±larÄ±, rÉ™qs
ğŸ‘¢ ayaqqabÄ±, Ã§É™kmÉ™, geyim, qadÄ±n, qadÄ±n Ã§É™kmÉ™si
ğŸ‘‘ geyim, kral, kraliÃ§a, tac
ğŸ‘’ geyim, papaq, qadÄ±n, qadÄ±n ÅŸlyapasÄ±
ğŸ© baÅŸ, geyim, papaq, silindr papaq, silindr ÅŸlyapa
ğŸ“ bayram, geyim, kepka, mÉ™zuniyyÉ™t, mÉ™zuniyyÉ™t papaÄŸÄ±, papaq
ğŸ§¢ beysbol kepkasÄ±, kepka
ğŸª– dÉ™bilqÉ™, dÃ¶yÃ¼ÅŸÃ§Ã¼, É™sgÉ™r, hÉ™rbi, ordu
â›‘ aÄŸ xaÃ§lÄ± dÉ™bilqÉ™, dÉ™bilqÉ™, kÃ¶mÉ™k, papaq, Ã¼z, xaÃ§
ğŸ“¿ abid, boyunbaÄŸÄ±, din, geyim, muncuq, tÉ™sbeh
ğŸ’„ dodaq boyasÄ±, kosmetika, makiyaj
ğŸ’ brilyant, romantika, Ã¼zÃ¼k
ğŸ’ brilyant, daÅŸ-qaÅŸ, qiymÉ™tli daÅŸ, romantika
ğŸ”‡ sakit, sÉ™s, sÉ™ssiz, sÉ™sucaldan, sÉ™sucaldan sÃ¶nÃ¼lÃ¼dÃ¼r
ğŸ”ˆ sÉ™s, sÉ™sucaldan
ğŸ”‰ aÅŸaÄŸÄ±, dalÄŸa, sÉ™s, sÉ™sucaldan, sÉ™sucaldan aktivdir
ğŸ”Š 3, sÉ™s, sÉ™sucaldan, sÉ™sucaldan yÃ¼ksÉ™kdir, Ã¼Ã§, uca, yÃ¼ksÉ™k
ğŸ“¢ ictimai Ã¼nvan, sÉ™sucaldÄ±cÄ±, uca
ğŸ“£ meqafon, salamlama
ğŸ“¯ poÃ§t, poÃ§t ÅŸeypuru, ÅŸeypur
ğŸ”” zÉ™ng
ğŸ”• qadaÄŸa, qadaÄŸan olunmuÅŸ, sakit, sÉ™ssiz, Ã¼stÃ¼ndÉ™n xÉ™tt Ã§É™kilmiÅŸ zÉ™ng
ğŸ¼ musiqi, musiqi partiturasÄ±, partitura
ğŸµ musiqi, musiqi notu, not
ğŸ¶ musiqi, musiqi notlarÄ±, not, notlar
ğŸ™ mik, mikrofon, musiqi, studio, studiya mikrafonu
ğŸš musiqi, sÉ™viyyÉ™, sÉ™viyyÉ™ slayderi, slayder
ğŸ› dÃ¼ymÉ™, idarÉ™, idarÉ™ dÃ¼ymÉ™lÉ™ri, musiqi
ğŸ¤ karaoke, mik, mikrofon
ğŸ§ qulaqlÄ±q
ğŸ“» radio, video
ğŸ· alÉ™t, musiqi, saks, saksofon
ğŸª— akkordeon, akkordion, konsertino, qarmon
ğŸ¸ alÉ™t, gitara, musiqi
ğŸ¹ alÉ™t, klaviatura, musiqi, musiqi klaviaturasÄ±, piano
ğŸº alÉ™t, musiqi, ÅŸeypur
ğŸ» alÉ™t, musiqi, skripka
ğŸª• banco, musiqi, simli alÉ™t
ğŸ¥ davul, dÉ™f, naÄŸara
ğŸª˜ konqa, ritm, tÉ™bil, uzun baraban, vurmaq
ğŸ“± mobil, telefon
ğŸ“² mobil, ox, oxlu mobil telefon, qÉ™bul etmÉ™k, telefon, zÉ™ng
â˜ telefon
ğŸ“ qÉ™buledÉ™n, telefon, telefon dÉ™stÉ™yi
ğŸ“Ÿ peycer
ğŸ“  faks, faks aparatÄ±
ğŸ”‹ batareya
ğŸ”Œ elektrik, elektrik ÅŸtepseli, ÅŸtepsel
ğŸ’» kompÃ¼ter, pk, ÅŸÉ™xsi
ğŸ–¥ kompÃ¼ter, masaÃ¼stÃ¼
ğŸ–¨ kompÃ¼ter, printer
âŒ¨ klaviatura, kompÃ¼ter
ğŸ–± 3, dÃ¼ymÉ™, kompÃ¼ter, kompÃ¼ter siÃ§anÄ±, siÃ§an, Ã¼Ã§
ğŸ–² kompÃ¼ter, kÃ¼rÉ™ÅŸÉ™killi manipulyator
ğŸ’½ disk, kompÃ¼ter, mini disk, minidisk, optik
ğŸ’¾ Ã§evik, disk, kompÃ¼ter
ğŸ’¿ blu-rey, cd, disk, dvd, kompÃ¼ter, optik
ğŸ“€ blu-rey, cd, disk, dvd, kompÃ¼ter, optik
ğŸ§® Ã§Ã¶tkÉ™, hesablama
ğŸ¥ film, kamera, kino, kino kamerasÄ±
ğŸ film, film kadrlarÄ±, kadr, kino
ğŸ“½ film, kino, kino projektoru, kinofilm, projector, video
ğŸ¬ film, numerator
ğŸ“º televizor, tv, video
ğŸ“· kamera, video
ğŸ“¸ iÅŸÄ±q, iÅŸÄ±qlÄ± kamera, kamera, video
ğŸ“¹ kamera, video
ğŸ“¼ kasset, vhs, video, video kaset
ğŸ” alÉ™t, axtarmaq, bÃ¶yÃ¼dÃ¼cÃ¼, sola yÃ¶nÉ™lmiÅŸ bÃ¶yÃ¼dÃ¼cÃ¼ ÅŸÃ¼ÅŸÉ™, ÅŸÃ¼ÅŸÉ™
ğŸ” alÉ™t, axtarmaq, bÃ¶yÃ¼dÃ¼cÃ¼, saÄŸa yÃ¶nÉ™lmiÅŸ bÃ¶yÃ¼dÃ¼cÃ¼ ÅŸÃ¼ÅŸÉ™, ÅŸÃ¼ÅŸÉ™
ğŸ•¯ iÅŸÄ±q, ÅŸam
ğŸ’¡ elektrik, ideya, iÅŸÄ±q, iÅŸÄ±q lampasÄ±, komik, lampa
ğŸ”¦ alÉ™t, elektrik, fÉ™nÉ™r, iÅŸÄ±q
ğŸ® bar, fÉ™nÉ™r, iÅŸÄ±q, qÄ±rmÄ±zÄ±, qÄ±rmÄ±zÄ± kaÄŸÄ±z fÉ™nÉ™r, yapon
ğŸª” lampa, yaÄŸ, yaÄŸ lampasÄ±
ğŸ“” bÉ™zÉ™kli cildli dÉ™ftÉ™r, bÉ™zÉ™nmiÅŸ, cild, dÉ™ftÉ™r, kitab
ğŸ“• baÄŸlÄ±, kitab
ğŸ“– aÃ§Ä±q, kitab
ğŸ“— kitab, yaÅŸÄ±l
ğŸ“˜ kitab, mavi
ğŸ“™ kitab, narÄ±ncÄ±
ğŸ“š kitab, kitablar
ğŸ““ bloknot
ğŸ“’ dÉ™ftÉ™r, mÃ¼hasibatlÄ±q kitabÄ±
ğŸ“ƒ qatlanmÄ±ÅŸ sÉ™hifÉ™, sÉ™hifÉ™, sÉ™nÉ™d, spiral
ğŸ“œ kaÄŸÄ±z, lÃ¼lÉ™ halÄ±nda bÃ¼kÃ¼lmÃ¼ÅŸ kaÄŸÄ±z
ğŸ“„ sÉ™hifÉ™, sÉ™nÉ™d, Ã¼zÃ¼yuxarÄ± sÉ™hifÉ™
ğŸ“° kaÄŸÄ±z, qÉ™zet, xÉ™bÉ™r
ğŸ— bÃ¼kÃ¼lmÃ¼ÅŸ qÉ™zet, burulmuÅŸ, kaÄŸÄ±z, qÉ™zet, xÉ™bÉ™r
ğŸ“‘ É™lfÉ™cin, É™lfÉ™cin tablarÄ±, iÅŸarÉ™, marker, tablar
ğŸ”– É™lfÉ™cin, iÅŸarÉ™
ğŸ· etiket
ğŸ’° Ã§anta, dollar, kisÉ™, pul, pul torbasÄ±
ğŸª™ gÃ¼mÃ¼ÅŸ, metal, pul, qÄ±zÄ±l, xÉ™zinÉ™, xÄ±rda pul
ğŸ’´ bank, banknot, hesab, iena, iena banknotu, yen banknotu
ğŸ’µ bank, banknot, dollar, dollar É™skinazÄ±
ğŸ’¶ avro, avro É™skinazÄ±, bank, banknot
ğŸ’· bank, É™skinaz, funt, funt É™skinazÄ±
ğŸ’¸ bank, dollar, É™skinaz, hesab, not, qanadlÄ± pullar
ğŸ’³ bank, kart, kredit, kredit kartÄ±, pul
ğŸ§¾ dÉ™lil, mÃ¼hasibat, mÃ¼hasibatlÄ±q, qÉ™bz, sÃ¼but
ğŸ’¹ artÄ±m, artmaq, bank, bazar, cÉ™dvÉ™l, ien ilÉ™ qalxan qrafik
âœ‰ e-poÃ§t, elektron poÃ§t, zÉ™rf
ğŸ“§ e-poÃ§t, mÉ™ktub, poÃ§t
ğŸ“¨ e-poÃ§t, elektron poÃ§t, gÉ™lÉ™n, mÉ™ktub, poÃ§t, qÉ™bul etmÉ™k, zÉ™rf
ğŸ“© aÅŸaÄŸÄ±, e-poÃ§t, gedÉ™n, gÃ¶ndÉ™rmÉ™k, mÉ™ktub, oxlu zÉ™rf
ğŸ“¤ gedÉ™n, gedÉ™nlÉ™r qutusu, gÃ¶ndÉ™rmÉ™k, mÉ™ktub, poÃ§t, qutu
ğŸ“¥ gÉ™lÉ™n, gÉ™lÉ™nlÉ™r qutusu, mÉ™ktub, poÃ§t, qÉ™bul etmÉ™k, qutu
ğŸ“¦ baÄŸlama, qutu
ğŸ“« baÄŸlÄ±, poÃ§t, poÃ§t qutusu, qaldÄ±rÄ±lmÄ±ÅŸ bayraqlÄ± baÄŸlÄ± poÃ§t qutusu
ğŸ“ª aÅŸaÄŸÄ±, baÄŸlÄ±, endirilmiÅŸ bayraqlÄ± baÄŸlÄ± poÃ§t qutusu, poÃ§t, poÃ§t qutusu
ğŸ“¬ aÃ§Ä±q, poÃ§t, poÃ§t qutusu, qaldÄ±rÄ±lmÄ±ÅŸ bayraqlÄ± aÃ§Ä±q poÃ§t qutusu
ğŸ“­ aÃ§Ä±q, aÅŸaÄŸÄ±, endirilmiÅŸ bayraqlÄ± aÃ§Ä±q poÃ§t qutusu, poÃ§t, poÃ§t qutusu
ğŸ“® poÃ§t, poÃ§t qutusu
ğŸ—³ qutu, seÃ§ki, sÉ™svermÉ™ kaÄŸÄ±zÄ± olan seÃ§ki qutusu
âœ karandaÅŸ
âœ’ qara qÉ™lÉ™m, qÉ™lÉ™m, qÉ™lÉ™m ucu
ğŸ–‹ avto, qÉ™lÉ™m
ğŸ–Š diyircÉ™kli qÉ™lÉ™m, qÉ™lÉ™m
ğŸ–Œ Ã§É™kmÉ™k, fÄ±rÃ§a
ğŸ– karandaÅŸ, yaÄŸlÄ± karandaÅŸ
ğŸ“ karandaÅŸ, yaddaÅŸ qeydi
ğŸ’¼ Ã§emodan
ğŸ“ fayl, fayl qovluÄŸu, qovluq
ğŸ“‚ aÃ§Ä±q, aÃ§Ä±q fayl qovluÄŸu, fayl, qovluq
ğŸ—‚ arakÉ™smÉ™, iÅŸarÉ™, kart, kart indeksi arakÉ™smÉ™lÉ™ri
ğŸ“… tarix, tÉ™qvim
ğŸ“† tÉ™qvim, tÉ™qvimi cÄ±rmaq
ğŸ—’ bloknot, qeyd, spiral, spiral dÉ™ftÉ™r
ğŸ—“ bloknot, spiral, tÉ™qvim
ğŸ“‡ iÅŸarÉ™, kart, kart indeksi, rolodeks
ğŸ“ˆ artÄ±m, cÉ™dvÉ™l, qalxan qrafik, qrafik, trend, yuxarÄ±
ğŸ“‰ aÅŸaÄŸÄ±, cÉ™dvÉ™l, dÃ¼ÅŸÉ™n qrafik, qrafik, trend
ğŸ“Š bar, cÉ™dvÉ™l, diaqram, qrafik
ğŸ“‹ lÃ¶vhÉ™
ğŸ“Œ lÃ¶hvÉ™ dÃ¼ymÉ™si, sancaq
ğŸ“ basmadÃ¼ymÉ™, dairÉ™vi sancaq, sancaq
ğŸ“ skrepka
ğŸ–‡ birlÉ™ÅŸmiÅŸ sancaqlar, É™laqÉ™, sancaq
ğŸ“ dÃ¼z kÉ™narlÄ±, dÃ¼z xÉ™tkeÅŸ, xÉ™tkeÅŸ
ğŸ“ dÉ™st, Ã¼Ã§bucaq, Ã¼cbucaq xÉ™tkeÅŸ, xÉ™tkeÅŸ
âœ‚ alÉ™t, qayÃ§Ä±
ğŸ—ƒ fayl, kart, kart faylÄ± qutusu, qutu
ğŸ—„ fayl, fayl ÅŸkafÄ±, kabinet
ğŸ—‘ zibilqabÄ±
ğŸ”’ baÄŸlÄ±, kilid
ğŸ”“ aÃ§Ä±q, kilid, kilidi aÃ§maq
ğŸ” kilid, mÉ™xfi, mÃ¼rÉ™kkÉ™b, qÉ™lÉ™m, qÉ™lÉ™m ucu, qÉ™lÉ™mli kilid
ğŸ” aÃ§ar, aÃ§arla baÄŸlanmÄ±ÅŸ kilid, baÄŸlÄ±, kilid, secure
ğŸ”‘ aÃ§ar, kilid, parol
ğŸ— aÃ§ar, kilid, kÃ¶hnÉ™
ğŸ”¨ alÉ™t, Ã§É™kic
ğŸª“ balta, bÃ¶lmÉ™k, doÄŸramaq, kÉ™smÉ™k, taxta
â› alÉ™t, kÃ¼lÃ¼ng, mÉ™dÉ™n
âš’ alÉ™t, Ã§É™kic, Ã§É™kic vÉ™ kÃ¼lÃ¼ng, kÃ¼lÃ¼ng
ğŸ›  aÃ§ar, alÉ™t, Ã§É™kic, Ã§É™kic vÉ™ aÃ§ar
ğŸ—¡ bÄ±Ã§aq, silah, xÉ™ncÉ™r
âš” kÉ™siÅŸÉ™n, qÄ±lÄ±nclar, silah
ğŸ”« alÉ™t, revolver, silah, tapanÃ§a
ğŸªƒ avstraliya, bumeranq, É™ksetmÉ™, rikoÅŸet
ğŸ¹ alÉ™t, ox, ox vÉ™ kaman, oxatan, silah, tÉ™nzim etmÉ™k, zodiak
ğŸ›¡ qalxan, silah
ğŸªš alÉ™t, bÄ±Ã§qÄ±, dÃ¼lgÉ™r, É™l miÅŸarÄ±, taxta-ÅŸalban
ğŸ”§ alÉ™t, tÉ™mir aÃ§arÄ±
ğŸª› alÉ™t, vint, vintaÃ§an
ğŸ”© alÉ™t, bolt, bolt vÉ™ qayka, qayka
âš™ alÉ™t, mexanizm
ğŸ—œ alÉ™t, kÉ™lbÉ™tin, sÄ±xma
âš– balans, Ã§É™ki, É™dalÉ™t, libra, tarazlÄ±q tÉ™rÉ™zisi
ğŸ¦¯ É™lveriÅŸlilik, kor, zond
ğŸ”— zÉ™ncir
â›“ zÉ™ncir, zÉ™ncirlÉ™r
ğŸª cÉ™ftÉ™, É™yri, qarmaq, satÄ±ÅŸ nÃ¶qtÉ™si, tÉ™lÉ™yÉ™ salmaq, tutmaq
ğŸ§° alÉ™t, alÉ™tlÉ™r qutusu, Ã§anta, mexanik
ğŸ§² cazibÉ™, maqnit, nal
ğŸªœ addÄ±m, dÄ±rmaÅŸma, nÉ™rdivan, pillÉ™
âš— alÉ™t, distillÉ™ qazanÄ±, kimya
ğŸ§ª eksperiment, elm, kimya, kimyaÃ§Ä±, laboratoriya, sÄ±naq ÅŸÃ¼ÅŸÉ™si
ğŸ§« bakteriya, biologiya, bioloq, kultura, laboratoriya, Petri qabÄ±
ğŸ§¬ bioloq, dnt, gen, genetika, tÉ™kamÃ¼l, yaÅŸam
ğŸ”¬ alÉ™t, mikroskop
ğŸ”­ alÉ™t, teleskop
ğŸ“¡ antena, Ã§anaq antenasÄ±, peyk, peyk antenasÄ±
ğŸ’‰ alÉ™t, Ã§É™kmÉ™k, hÉ™kim, iynÉ™, naxoÅŸ, ÅŸpris, tibb
ğŸ©¸ aybaÅŸÄ±, qan damlasÄ±, qan donoru, tibb
ğŸ’Š hÉ™b, hÉ™kim, naxoÅŸ, tibb
ğŸ©¹ bandaj, yapÄ±ÅŸan bandaj
ğŸ©º doktor, stetoskop, tibb, Ã¼rÉ™k
ğŸšª qapÄ±
ğŸ›— É™lveriÅŸlilik, lift, qaldÄ±rÄ±cÄ±, qaldÄ±rmaq
ğŸª É™ksetdirmÉ™, gÃ¼zgÃ¼, reflektor
ğŸªŸ aÃ§Ä±lÄ±r, Ã§É™rÃ§ivÉ™, gÃ¶rÃ¼nÃ¼ÅŸ, pÉ™ncÉ™rÉ™, ÅŸÉ™ffaf, tÉ™miz hava
ğŸ› otel, yataq, yatmaq
ğŸ›‹ divan, divan vÉ™ lampa, lampa, otel
ğŸª‘ oturacaq, oturmaq, stul
ğŸš½ tualet
ğŸª  lehimÃ§i, porÅŸen, sorma, tualet, vantuz
ğŸš¿ duÅŸ, su
ğŸ› hamam, vanna
ğŸª¤ siÃ§an tÉ™lÉ™si, tÉ™lÉ™, tÉ™lÉ™ yemi, tutmaq
ğŸª’ iti, kÉ™sici, Ã¼lgÃ¼c
ğŸ§´ gÃ¼n kremi, losyon, losyon ÅŸÃ¼ÅŸÉ™si, nÉ™mlÉ™ndirici, ÅŸampun
ğŸ§· pank rok, ped, sancaq
ğŸ§¹ cadugÉ™r, sÃ¼pÃ¼rgÉ™, sÃ¼pÃ¼rmÉ™, tÉ™mizlÉ™mÉ™
ğŸ§º paltar sÉ™bÉ™ti, piknik, sÉ™bÉ™t
ğŸ§» kaÄŸÄ±z rulonu, tualet kaÄŸÄ±zÄ±
ğŸª£ bak, boÃ§ka, Ã§É™llÉ™k, vedrÉ™
ğŸ§¼ Ã§immÉ™k, sabun, sabunqabÄ±, tÉ™mizlÉ™nmÉ™k
ğŸª¥ diÅŸ, diÅŸ fÄ±rÃ§asÄ±, diÅŸlÉ™r, fÄ±rÃ§a, gigiyena, tÉ™miz, vanna otaÄŸÄ±
ğŸ§½ hopdurmaq, mÉ™samÉ™li, sÃ¼ngÉ™r, tÉ™mizlÉ™mÉ™k
ğŸ§¯ alov, alov sÃ¶ndÃ¼rÉ™n, ocaq, sÃ¶ndÃ¼rmÉ™k
ğŸ›’ alÄ±ÅŸ-veriÅŸ, alÄ±ÅŸ-veriÅŸ arabasÄ±, araba, kisÉ™
ğŸš¬ siqaret
âš° Ã¶lÃ¼m, tabut
ğŸª¦ baÅŸdaÅŸÄ±, mÉ™zar, mÉ™zarlÄ±q, qÉ™birdaÅŸÄ±, qÉ™biristanlÄ±q
âš± cÉ™nazÉ™, cÉ™nazÉ™ urnasÄ±, Ã¶lÃ¼m, urna
ğŸ—¿ heykÉ™l, moai, Ã¼z
ğŸª§ etiraz, iÅŸarÉ™, nÃ¼mayiÅŸ, paya, plakat
ğŸ§ avtomat, bank, bankomat, Bankomat iÅŸarÉ™si, kassir
ğŸš® zibil, zibil qutusu, zibili qutuya atÄ±n iÅŸarÉ™si
ğŸš° iÃ§mÉ™k, iÃ§mÉ™li, su
â™¿ É™lil arabasÄ±, giriÅŸ
ğŸš¹ ayaqyolu, kiÅŸi, kiÅŸi tualeti, tualet, wc
ğŸšº ayaqyolu, qadÄ±n, qadÄ±n tualeti, tualet, wc
ğŸš» ayaqyolu, wc
ğŸš¼ dÉ™yiÅŸiklik, kÃ¶rpÉ™, kÃ¶rpÉ™ simvolu
ğŸš¾ ayaqyolu, su, tualet, wc
ğŸ›‚ idarÉ™, pasport, pasport yoxlamasÄ±
ğŸ›ƒ gÃ¶mrÃ¼k
ğŸ›„ baqaj, baqaj tÉ™lÉ™bi, tÉ™lÉ™b
ğŸ›… baqaj, saxlama kamerasÄ±, ÅŸkaf, yÃ¼k
âš  hÉ™yÉ™can, xÉ™bÉ™rdarlÄ±q
ğŸš¸ keÃ§mÉ™k, nÉ™qliyyat, piyada, uÅŸaq, uÅŸaqlar yol keÃ§ir
â›” giriÅŸ, giriÅŸ yoxdur, nÉ™qliyyat, qadaÄŸa, qadaÄŸan olunmuÅŸ, xeyr, yox
ğŸš« giriÅŸ, qadaÄŸan olunmuÅŸ, qadaÄŸandÄ±r, xeyr, yox
ğŸš³ bayk, nÉ™qliyyat, qadaÄŸa, qadaÄŸan olunmuÅŸ, velosiped, velosiped sÃ¼rmÉ™k olmaz
ğŸš­ qadaÄŸa, qadaÄŸan olunmuÅŸ, siqaret, siqaret Ã§É™kmÉ™k olmaz, xeyr, yox
ğŸš¯ qadaÄŸa, qadaÄŸan olunmuÅŸ, xeyr, yox, zibil, zibil atmaq olmaz
ğŸš± iÃ§mÉ™k, iÃ§mÉ™li, qadaÄŸa, qadaÄŸan olunmuÅŸ, su iÃ§mÉ™li deyil
ğŸš· piyada, piyadalara keÃ§mÉ™k olmaz, qadaÄŸa, qadaÄŸan olunmuÅŸ, xeyr, yox
ğŸ“µ mobil, mobil telefondan istifadÉ™ etmÉ™k olmaz, qadaÄŸa, qadaÄŸan olunmuÅŸ, telefon, xeyr, yox
ğŸ” 18 yaÅŸÄ±ndan aÅŸaÄŸÄ± olanlara olmaz, on sÉ™kkiz, qadaÄŸa
â˜¢ iÅŸarÉ™, radioaktiv
â˜£ biotÉ™hlÃ¼kÉ™li, iÅŸarÉ™
â¬† É™sas, istiqamÉ™t, ox, ÅŸimal, Ã¼zÃ¼yuxarÄ± ox
â†— interkardinal, istiqamÉ™t, ox, ÅŸimal ÅŸÉ™rq, Ã¼zÃ¼yuxarÄ± saÄŸa yÃ¶nÉ™lmiÅŸ ox
â¡ É™sas, istiqamÉ™t, ox, saÄŸa ox, ÅŸÉ™rq
â†˜ cÉ™nub ÅŸÉ™rq, interkardinal, istiqamÉ™t, ox, Ã¼zÃ¼aÅŸaÄŸÄ± saÄŸa yÃ¶nÉ™lmiÅŸ ox
â¬‡ aÅŸaÄŸÄ±, cÉ™nub, É™sas, istiqamÉ™t, ox, Ã¼zÃ¼aÅŸaÄŸÄ± ox
â†™ cÉ™nub qÉ™rb, interkardinal, istiqamÉ™t, ox, Ã¼zÃ¼aÅŸaÄŸÄ± sola yÃ¶nÉ™lmiÅŸ ox
â¬… istiqamÉ™t, kardinal, ox, qÉ™rb, sola ox
â†– interkardinal, istiqamÉ™t, ox, ÅŸimal qÉ™rb, Ã¼zÃ¼yuxarÄ± sola yÃ¶nÉ™lmiÅŸ ox
â†• ox, Ã¼zÃ¼ aÅŸaÄŸÄ±-yuxarÄ± ox
â†” ox, sola-saÄŸa ox
â†® soldan saÄŸa ox xÉ™tti
â†© ox, sola dÃ¶nÉ™n saÄŸ ox
â†ª ox, saÄŸa dÃ¶nÉ™n sol ox
â¤´ ox, yuxarÄ± dÃ¶nÉ™n saÄŸ ox
â¤µ aÅŸaÄŸÄ±, aÅŸaÄŸÄ± dÃ¶nÉ™n saÄŸ ox, ox
ğŸ”ƒ ox, saat istiqamÉ™ti, saat istiqamÉ™tindÉ™ yÃ¶nÉ™lmiÅŸ ÅŸaquli ox, yenidÉ™n yÃ¼klÉ™
ğŸ”„ ox, saat istiqamÉ™ti É™ksinÉ™, saat istiqamÉ™tinin É™ksinÉ™ yÃ¶nÉ™lmiÅŸ oxlar dÃ¼ymÉ™si
ğŸ”™ arxa, geriyÉ™ yÃ¶nÉ™lmiÅŸ ox, ox
ğŸ”š ox, son, sona yÃ¶nÉ™lmiÅŸ ox
ğŸ”› aktivdir! oxu, iÅŸarÉ™, ox, Ã¼stÃ¼ndÉ™
ğŸ”œ ox, tezliklÉ™, tezliklÉ™ oxu
ğŸ” ox, Ã¼st, yuxarÄ±, yuxarÄ± yÃ¶nÉ™lmiÅŸ ox
ğŸ› din, tapÄ±naq, tapÄ±nmaq
âš› ateist, atom, atom simvolu
ğŸ•‰ din, hindu, om
âœ¡ davud, davud ulduzu, din, ulduz, yÉ™hudi
â˜¸ buddist, Ã§arx, dharma, dharma Ã§arxÄ±, din
â˜¯ dao, daoist, din, in, yan
âœ din, latÄ±n xaÃ§Ä±, xaÃ§, xristian
â˜¦ din, ortodoks xaÃ§Ä±, xaÃ§, xristian
â˜ª din, islam, mÃ¼sÉ™lman, ulduz vÉ™ aypara
â˜® sÃ¼lh, sÃ¼lh simvolu
ğŸ• din, hanukiya, kandelyabr, ÅŸamdan
ğŸ”¯ nÃ¶qtÉ™li altÄ±guÅŸÉ™li ulduz, ulduz, var-dÃ¶vlÉ™t
â™ˆ qoÃ§, qoÃ§ bÃ¼rcÃ¼, zodiak
â™‰ buÄŸa, Ã¶kÃ¼z, ox, zodiak
â™Š É™kizlÉ™r, zodiak
â™‹ xÉ™rÃ§É™ng, zodiak
â™Œ aslan, ÅŸir, zodiak
â™ bakirÉ™, qÄ±z, zodiak
â™ balans, É™dalÉ™t, tÉ™rÉ™zi, zodiak
â™ É™qrÉ™b, É™qrÉ™b bÃ¼rcÃ¼, zodiak
â™ oxatan, zodiak
â™‘ keÃ§i, oÄŸlaq, zodiak
â™’ daÅŸÄ±yan, dolÃ§a, su, zodiak
â™“ balÄ±q, balÄ±qlar, zodiak
â› daÅŸÄ±yan, ilan, ilandaÅŸÄ±yan, zodiak
ğŸ”€ kÉ™siÅŸÉ™n, ox, treklÉ™ri qarÄ±ÅŸdÄ±r dÃ¼ymÉ™si
ğŸ” ox, saat istiqamÉ™ti, tÉ™krarla, tÉ™krarla dÃ¼ymÉ™si
ğŸ”‚ bir, bir dÉ™fÉ™ tÉ™krarla dÃ¼ymÉ™si, ox, saat istiqamÉ™ti
â–¶ iÅŸÉ™ sal, iÅŸÉ™ sal dÃ¼ymÉ™si, ox, saÄŸ, Ã¼Ã§bucaq
â© ikiqat, irÉ™li, ox, sÃ¼rÉ™tli, sÃ¼rÉ™tli irÉ™liyÉ™ Ã§É™k dÃ¼ymÉ™si
â­ nÃ¶vbÉ™ti sÉ™hnÉ™, nÃ¶vbÉ™ti trek, nÃ¶vbÉ™ti trek dÃ¼ymÉ™si, ox, Ã¼Ã§bucaq
â¯ fasilÉ™, iÅŸÉ™ sal, iÅŸÉ™ sal vÉ™ ya fasilÉ™ et dÃ¼ymÉ™si, ox, saÄŸ, Ã¼Ã§bucaq
â—€ É™ks, geriyÉ™ dÃ¼ymÉ™si, ox, sol, Ã¼Ã§bucaq
âª ikiqat, ox, rekÃ¼lÉ™k, sÃ¼rÉ™tlÉ™ geriyÉ™ Ã§É™k dÃ¼ymÉ™si
â® É™vvÉ™lki sÉ™hnÉ™, É™vvÉ™lki trek, ox, sonuncu trek dÃ¼ymÉ™si, Ã¼Ã§bucaq
ğŸ”¼ dÃ¼ymÉ™, ox, qÄ±rmÄ±zÄ±, yuxarÄ± dÃ¼ymÉ™si
â« ikiqat, ox, sÃ¼rÉ™tlÉ™ yuxarÄ± keÃ§ dÃ¼ymÉ™si
ğŸ”½ aÅŸaÄŸÄ±, aÅŸaÄŸÄ± dÃ¼ymÉ™si, dÃ¼ymÉ™, ox, qÄ±rmÄ±zÄ±
â¬ aÅŸaÄŸÄ±, ikiqat, ox, sÃ¼rÉ™tlÉ™ aÅŸaÄŸÄ± keÃ§ dÃ¼ymÉ™si
â¸ fasilÉ™, fasilÉ™ et dÃ¼ymÉ™si, ikiqat, ÅŸaquli, ÅŸkala
â¹ dayan, dayandÄ±r dÃ¼ymÉ™si, kvadrat
âº dairÉ™, yaz, yaz dÃ¼ymÉ™si
â Ã§Ä±xart, Ã§Ä±xart dÃ¼ymÉ™si
ğŸ¦ film, kamera, kino
ğŸ”… aÅŸaÄŸÄ±, parlaqlÄ±q, tutqun, tutqunluq dÃ¼ymÉ™si
ğŸ”† parlaq, parlaqlÄ±q, parlaqlÄ±q dÃ¼ymÉ™si
ğŸ“¶ antena, antena siqnallarÄ±, mobil telefon, mobile, siqnal, ÅŸkala, telefon
ğŸ“³ mobil, rejim, telefon, vibrasiya, vibrasiya rejimi
ğŸ“´ mobil, mobil telefonu sÃ¶ndÃ¼rÃ¼n, sÃ¶nÃ¼lÃ¼, telefon
â™€ qadÄ±n, qadÄ±n iÅŸarÉ™si
â™‚ kiÅŸi, kiÅŸi iÅŸarÉ™si
âš§ transgender, transgender simvolu
âœ– Ã—, iÅŸarÉ™, lÉ™ÄŸv et, qalÄ±n vurma x, vur, vurma
â• plus, qalÄ±n plus iÅŸarÉ™si, riyaziyyat
â– minus, qalÄ±n minus iÅŸarÉ™si, riyaziyyat
â— bÃ¶lmÉ™, qalÄ±n bÃ¶lmÉ™ iÅŸarÉ™si, riyaziyyat
â™¾ hÉ™miÅŸÉ™lik, limitsiz, sonsuzluq, universal
â€¼ durÄŸu iÅŸarÉ™si, iÅŸarÉ™, nida, qoÅŸa nida, qoÅŸa nida iÅŸarÉ™si
â‰ durÄŸu iÅŸarÉ™si, iÅŸarÉ™, nida, nida vÉ™ sual iÅŸarÉ™lÉ™rinin liqaturasÄ±, nida vÉ™ sual iÅŸarÉ™si, sual
â“ durÄŸu iÅŸarÉ™si, iÅŸarÉ™, sual, sual iÅŸarÉ™si
â” aÄŸ sual iÅŸarÉ™si, durÄŸu iÅŸarÉ™si, iÅŸarÉ™, qeyd edilmiÅŸ, sual
â• aÄŸ nida iÅŸarÉ™si, durÄŸu iÅŸarÉ™si, iÅŸarÉ™, nida, qeyd edilmiÅŸ
â— durÄŸu iÅŸarÉ™si, iÅŸarÉ™, nida, nida iÅŸarÉ™si
ã€° dalÄŸalÄ± tire, dalÄŸavari, durÄŸu iÅŸarÉ™si, tire
ğŸ’± bank, mÃ¼badilÉ™, pul, valyuta, valyuta mÃ¼badilÉ™si
ğŸ’² dollar, pul, qalÄ±n dollar iÅŸarÉ™si, valyuta
âš• eskulap, heyÉ™t, tibb, tibb iÅŸarÉ™si
â™» tÉ™krar istifadÉ™, tÉ™krar istifadÉ™ simvolu
âšœ zanbaq
ğŸ”± alÉ™t, emblem, gÉ™mi, lÃ¶vbÉ™r, Ã¼Ã§diÅŸ
ğŸ“› ad, ad niÅŸanÄ±, niÅŸan
ğŸ”° alÉ™t, baÅŸlayan, sarÄ±, ÅŸevron, yapon, yaponlarÄ±n baÅŸlayan Ã¼Ã§Ã¼n simvolu
â­• dairÉ™, o, qalÄ±n bÃ¶yÃ¼k dairÉ™
âœ… aÄŸ qalÄ±n tÉ™sdiq iÅŸarÉ™si, iÅŸarÉ™, iÅŸarÉ™lÉ™
â˜‘ iÅŸarÉ™lÉ™, qutu, seÃ§ki, tÉ™sdiqlÉ™nmiÅŸ seÃ§ki qutusu
âœ” iÅŸarÉ™, iÅŸarÉ™lÉ™, qalÄ±n tÉ™sdiq iÅŸarÉ™si
âŒ Ã§arpazlamaq iÅŸarÉ™si, iÅŸarÉ™, lÉ™ÄŸv et, vurma, vurmaq, x
â Ã§arpazlamaq dÃ¼ymÉ™si, iÅŸarÉ™, kvadrat
â° ilmÉ™, spiral
â¿ ikiqat, ilmÉ™, spiral
ã€½ hissÉ™, hissÉ™lÉ™ri bir-birindÉ™n ayÄ±rmaq iÅŸarÉ™si, iÅŸarÉ™
âœ³ sÉ™kkiz tÉ™rÉ™fli ulduz, ulduz
âœ´ sÉ™kkiz guÅŸÉ™li ulduz, ulduz
â‡ qÄ±ÄŸÄ±lcÄ±m
Â© mÃ¼É™llif hÃ¼ququ
Â® qeydiyyata alÄ±nmÄ±ÅŸ, qeydiyyatlÄ±
â„¢ iÅŸarÉ™, ticarÉ™t niÅŸanÄ±, tn
ğŸ”  bÃ¶yÃ¼k hÉ™rf, bÃ¶yÃ¼k hÉ™rflÉ™rlÉ™ latÄ±n daxiletmÉ™si, daxiletmÉ™, hÉ™rflÉ™r, latÄ±n
ğŸ”¡ abcd, daxiletmÉ™, hÉ™rflÉ™r, kiÃ§ik hÉ™rf, kiÃ§ik hÉ™rflÉ™rlÉ™ latÄ±n daxiletmÉ™si, latÄ±n
ğŸ”¢ 1234, daxiletmÉ™, daxiletmÉ™ rÉ™qÉ™mlÉ™ri, rÉ™qÉ™mlÉ™r
ğŸ”£ daxiletmÉ™, daxiletmÉ™ simvollarÄ±
ğŸ”¤ abc, daxiletmÉ™, É™lifba, hÉ™rflÉ™r, latÄ±n, latÄ±n hÉ™rflÉ™ri daxiletmÉ™si
ğŸ…° a, a dÃ¼ymÉ™si, qan
ğŸ† ab, ab dÃ¼ymÉ™si, qan
ğŸ…± b, b dÃ¼ymÉ™si, qan
ğŸ†‘ cl, kvadrat cl dÃ¼ymÉ™si
ğŸ†’ É™la, kvadrat É™la dÃ¼ymÉ™si
ğŸ†“ kvadrat Ã¶dÉ™niÅŸsiz, Ã¶dÉ™niÅŸsiz
â„¹ i, informasiya mÉ™lumatÄ±, mÉ™lumat
ğŸ†” id, kimlik, kvadrat kimlik
â“‚ dairÉ™, dairÉ™vi m hÉ™rfi, m
ğŸ†• kvadrat yeni, yeni
ğŸ†– kvadrat ng, ng
ğŸ…¾ o, o dÃ¼ymÉ™si, qan
ğŸ†— kvadrat ok, ok
ğŸ…¿ p dÃ¼ymÉ™si, parkinq
ğŸ†˜ kÃ¶mÉ™k, kvadrat sos, sos
ğŸ†™ iÅŸarÉ™, up! button, yuxarÄ±
ğŸ†š kvadrat vs, qarÅŸÄ±, vs
ğŸˆ kvadrat katakana koko, yapon
ğŸˆ‚ kvadrat katakana sa, yapon
ğŸˆ· kvadrat ay ideoqramÄ±, yapon
ğŸˆ¶ kvadrat Ã§Ä±xÄ±ÅŸ ideoqramÄ±, yapon
ğŸˆ¯ kvadrat barmaq ideoqramÄ±, yapon
ğŸ‰ dairÉ™ Ã¼stÃ¼nlÃ¼k ideoqramÄ±, yapon
ğŸˆ¹ kvadrat bÃ¶lmÉ™ ideoqramÄ±, yapon
ğŸˆš kvadrat inkar ideoqramÄ±, yapon
ğŸˆ² kvadrat qadaÄŸa ideoqramÄ±, yapon
ğŸ‰‘ Ã§in, dairÉ™ qÉ™bul etmÉ™k ideoqramÄ±
ğŸˆ¸ Ã§in, kvadrat tÉ™tbiq ideoqramÄ±
ğŸˆ´ Ã§in, kvadrat birlikdÉ™ ideoqramÄ±
ğŸˆ³ Ã§in, kvadrat boÅŸ ideoqramÄ±
ãŠ— Ã§in, dairÉ™ tÉ™brik ideoqramÄ±, ideoqram, tÉ™brik
ãŠ™ Ã§in, dairÉ™ sirr ideoqramÄ±, ideoqram, sirr
ğŸˆº Ã§in, kvadrat idarÉ™ ideoqramÄ±
ğŸˆµ Ã§in, kvadrat dolÄŸunluq ideoqramÄ±
ğŸ”´ dairÉ™, hÉ™ndÉ™si, qÄ±rmÄ±zÄ±
ğŸŸ  Ã§evrÉ™, narÄ±ncÄ±
ğŸŸ¡ Ã§evrÉ™, sarÄ±
ğŸŸ¢ Ã§evrÉ™, yaÅŸÄ±l
ğŸ”µ dairÉ™, hÉ™ndÉ™si, mavi
ğŸŸ£ bÉ™nÃ¶vÅŸÉ™yi, Ã§evrÉ™
ğŸŸ¤ Ã§evrÉ™, qÉ™hvÉ™yi
âš« dairÉ™, hÉ™ndÉ™si, qara dairÉ™
âšª aÄŸ dairÉ™, dairÉ™, hÉ™ndÉ™si
ğŸŸ¥ Ã§evrÉ™, qÄ±rmÄ±zÄ±, qÄ±rmÄ±zÄ± kvadrat
ğŸŸ§ kvadrat, narÄ±ncÄ±
ğŸŸ¨ kvadrat, sarÄ±
ğŸŸ© kvadrat, yaÅŸÄ±l
ğŸŸ¦ gÃ¶y, kvadrat
ğŸŸª bÉ™nÃ¶vÅŸÉ™yi, kvadrat
ğŸŸ« kvadrat, qÉ™hvÉ™yi
â¬› hÉ™ndÉ™si, kvadrat, qara bÃ¶yÃ¼k kvadrat
â¬œ aÄŸ bÃ¶yÃ¼k kvadrat, hÉ™ndÉ™si, kvadrat
â—¼ hÉ™ndÉ™si, kvadrat, qara orta Ã¶lÃ§Ã¼lÃ¼ kvadrat
â—» aÄŸ orta Ã¶lÃ§Ã¼lÃ¼ kvadrat, hÉ™ndÉ™si, kvadrat
â—¾ hÉ™ndÉ™si, kvadrat, qara orta kiÃ§iklikdÉ™ kvadrat
â—½ aÄŸ orta kiÃ§iklikdÉ™ kvadrat, hÉ™ndÉ™si, kvadrat
â–ª hÉ™ndÉ™si, kvadrat, qara balaca kvadrat
â–« aÄŸ balaca kvadrat, hÉ™ndÉ™si, kvadrat
ğŸ”¶ bÃ¶yÃ¼k narÄ±ncÄ± romb, brilyant, hÉ™ndÉ™si, narÄ±ncÄ±
ğŸ”· bÃ¶yÃ¼k mavi romb, hÉ™ndÉ™si, mavi, romb
ğŸ”¸ balaca narÄ±ncÄ± romb, brilyant, hÉ™ndÉ™si, narÄ±ncÄ±
ğŸ”¹ balaca mavi romb, hÉ™ndÉ™si, mavi, romb
ğŸ”º hÉ™ndÉ™si, qÄ±rmÄ±zÄ±, yuxarÄ± yÃ¶nÉ™lmiÅŸ qÄ±rmÄ±zÄ± Ã¼Ã§bucaq
ğŸ”» aÅŸaÄŸÄ±, aÅŸaÄŸÄ± yÃ¶nÉ™lmiÅŸ qÄ±rmÄ±zÄ± Ã¼Ã§bucaq, hÉ™ndÉ™si, qÄ±rmÄ±zÄ±
ğŸ’  daxili, hÉ™ndÉ™si, komik, nÃ¶qtÉ™li romb, romb
ğŸ”˜ dÃ¼ymÉ™, hÉ™ndÉ™si, radio, radio dÃ¼ymÉ™si
ğŸ”³ aÄŸ kvadrat dÃ¼ymÉ™, dÃ¼ymÉ™, gÃ¶stÉ™rilmiÅŸ, hÉ™ndÉ™si, kvadrat
ğŸ”² dÃ¼ymÉ™, hÉ™ndÉ™si, kvadrat, qara kvadrat dÃ¼ymÉ™
ğŸ dama-dama, damalÄ±, damalÄ± bayraq, yarÄ±ÅŸ
ğŸš© poÃ§t, Ã¼Ã§bucaq bayraq
ğŸŒ bayram, kÉ™siÅŸÉ™n, kÉ™siÅŸÉ™n bayraqlar, xaÃ§, yapon
ğŸ´ dalÄŸalanan, dalÄŸalanan qara bayraq
ğŸ³ dalÄŸalanan, dalÄŸalanan aÄŸ bayraq
ğŸ³â€ğŸŒˆ bayraq, gÃ¶y qurÅŸaÄŸÄ±, gÃ¶y qurÅŸaÄŸÄ± bayraÄŸÄ±
ğŸ³â€âš§ bayraq, gÃ¶y, Ã§É™hrayÄ± vÉ™ aÄŸ bayraq, transgender
ğŸ´â€â˜  cÉ™vahirat, pirat, quldur, quldur bayraÄŸÄ±, ÅÉ™n Roger
Â¢ sent
$ dollar, peso, pul, USD
Â£ EGP, funt, GBP, valyuta
Â¥ CNY, JPY, valyuta, yen, yuan
â‚¥ mil, mill
â‚© KPW, KRW, von
â‚¬ avro, EUR, valyuta
â‚± peso, peso iÅŸarÉ™si
â‚¹ Hindistan rupisi, rupi, valyuta
â‚½ rubl, valyuta
â‚¿ bitkoin, BTC
Â¹ bir, Ã¼stdÉ™ bir, Ã¼stdÉ™ yazÄ±lan
Â² iki, kvadrata yÃ¼ksÉ™lmiÅŸ, Ã¼stdÉ™ iki, Ã¼stdÉ™ yazÄ±lan
Â³ kuba yÃ¼ksÉ™lmiÅŸ, Ã¼Ã§, Ã¼stdÉ™ Ã¼Ã§, Ã¼stdÉ™ yazÄ±lan
Âµ mikro iÅŸarÉ™si, mkro iÅŸarÉ™si, Ã¶lÃ§Ã¼
