{ otvorena vitiÄasta zagrada, vitiÄasta zagrada, zagrada
ğŸ» boja koÅ¾e, svijetla boja koÅ¾e, tip 1â€“2
ğŸ¼ boja koÅ¾e, tip 3, umjereno svijetla boja koÅ¾e
ğŸ½ boja koÅ¾e, tip 4, umjerena boja koÅ¾e
ğŸ¾ boja koÅ¾e, tip 5, umjereno tamna boja koÅ¾e
ğŸ¿ boja koÅ¾e, tamna boja koÅ¾e, tip 6
â€¾ linija zaglavlja, prescrtavanje, spojna crta
_ crta, donja crta, linija
- crta, crtica, minus
â€ crtica, povlaka
â€“ crtica, povlaka
â€” crta, povlaka
â€• crta, crtica, horizontalna crta, linija
ãƒ» katakana, srednja taÄka, srednja taÄka u katakana pismu, taÄke
, zarez
ØŒ arapski, zarez
ã€ ideografski, zarez
; taÄka zarez
Ø› arapska taÄka zarez, arapski, taÄka zarez
: dvotaÄka
! uskliÄnik, usklik, uzviÄnik, uzvik
Â¡ obrnuti, uskliÄnik, usklik, uzviÄnik, uzvik
? pitanje, upitnik
Â¿ obrnuti, pitanje, upitnik
ØŸ arapski, pitanje, upitnik
â€½ uzviÄnik-upitnik
. taÄka, taÄka na kraju reÄenice
â€¦ elipsa, izostavljanje, taÄke, tri taÄke
ã€‚ ideografsko pismo, taÄka, taÄka u ideografskom pismu
Â· interpunkt, sredina, srednja taÄka, taÄka
' apostrof, jednostruki navod, navod, vertikalni apostrof
â€˜ apostrof, jednostruki navodnici, lijevi apostrof, navod, navodnici, zaobljeni navodnici
â€™ apostrof, desni apostrof, jednostruki navodnici, navod, navodnici, zaobljeni navodnici
â€š apostrof, donji desni apostrof, donji navod, navod
â€œ dvostruki navod, lijevi navodnik, navod, navodnik, zaobljeni navodnik
â€ desni navodnik, dvostruki navod, navod, navodnik, zaobljeni navodnik
â€ dojni navodnik, donji desni navodnik, dvostruki navod, navod, navodnik, zaobljeni navodnik
Â« karet, lijevi uglasti navodnik, lijevo, navod, Å¡evron, ugao, zagrade
Â» desni uglasti navodnik, desno, karet, navod, Å¡evron, ugao, zagrade
) desna zagrada, obla zagrada, zagrada, zatvorena zagrada
[ lijeva uglasta zagrada, otvorena uglasta zagrada, uglasta zagrada, zagrada
] desna uglasta zagrada, uglasta zagrada, zagrada, zatvorena uglasta zagrada
} vitiÄasta zagrada, zagrada, zatvorena vitiÄasta zagrada
ã€ˆ dijamant zagrada, izlomljena zagrada, otvorena izlomljena zagrada, Å¡evron, Å¡picasta zagrada, torka, zagrada
ã€‰ dijamant zagrada, izlomljena zagrada, Å¡evron, Å¡picasta zagrada, torka, zagrada, zatvorena izlomljena zagrada
ã€Š dvostruka izlomljena zagrada, otvorena dvostruka izlomljena zagrada, zagrada
ã€‹ dvostruka izlomljena zagrada, zagrada, zatvorena dvostruka izlomljena zagrada
ã€Œ otvorena zagrada u uglu, zagrada, zagrada u uglu
ã€ zagrada, zagrada u uglu, zatvorena zagrada u uglu
ã€ otvorena Å¡uplja zagrada u uglu, Å¡uplja zagrada u uglu, zagrada
ã€ Å¡uplja zagrada u uglu, zagrada, zatvorena Å¡uplja zagrada u uglu
ã€ leÄ‡asta zagrada, lentikularna zagrada, otvorena crna leÄ‡asta zagrada, zagrada
ã€‘ leÄ‡asta zagrada, lentikularna zagrada, zagrada, zatvorena crna leÄ‡asta zagrada
ã€” otvorena japanska viÅ¡eugaona zagrada, viÅ¡eugaona, zagrada
ã€• viÅ¡eugaona, zagrada, zatvorena japanska viÅ¡eugaona zagrada
ã€– otvorena Å¡uplja leÄ‡asta zagrada, Å¡uplja leÄ‡asta zagrada, Å¡uplja lentikularna zagrada, zagrada
ã€— Å¡uplja leÄ‡asta zagrada, Å¡uplja lentikularna zagrada, zagrada, zatvorena Å¡uplja leÄ‡asta zagrada
Â§ dio, odlomak, paragraf
Â¶ odlomak, oznaka za paragraf, paragraf, pasus, stavak
@ ludo a, manki
* asterisk, zvjezdica
/ kosa crta, kosa linija, potez
\ obrnuta kosa crta, obrnuta kosa linija
& ampersand, et, i, znak &amp;
# broj, hashtag, heÅ¡, heÅ¡teg, ljestve, taraba, znak ljestve
% posto, postotak, procenat
â€° potisuÄ‡ak, promil
â€  obelisk, znak za bodeÅ¾
â€¡ bodeÅ¾, dvostruki, dvostruki znak za bodeÅ¾, obelisk
â€¢ taÄka, znak za isticanje
â€§ crta, crtica, taÄka, taÄka za rastavljanje
â€² polunavodnik
â€³ dvostruki polunavodnik, polunavodnik
â€´ polunavodnik, trostruki polunavodnik
â€¸ znak za umetanje
â€» oznaka za referencu, referenca
â‚ asterizam, tri zvjezdice, zvjezdice
` kratkouzlazni, naglasak, ton
Â´ dugouzlazni, naglasak, ton
^ cirkumfleks, dugosilazni, naglasak
Â¨ dijareza, trema, umlaut
Â° jaÄine, sati, stepen
â„— autorsko pravo, autorsko pravo za zvuÄni snimak, snimak, zvuk
â† lijevo, strelica, strelica prema lijevo
â†š precrtana strelica ulijevo
â†’ desno, strelica, strelica prema desno
â†› precrtana strelica udesno
â†‘ gore, strelica, strelica prema gore
â†“ dolje, strelica, strelica prema dolje
â†œ valovita strelica ulijevo
â† valovita strelica udesno
â† dvoglava strelica ulijevo
â†Ÿ dvoglava strelica nagore
â†  dvoglava strelica udesno
â†¡ dvoglava strelica nadolje
â†¢ strelica s repom ulijevo
â†£ strelica s repom udesno
â†¤ strelica s crtom ulijevo
â†¥ strelica s crtom nagore
â†¦ strelica s crtom udesno
â†§ strelica s crtom nadolje
â†¨ strelica nagore-nadolje s bazom
â†« strelica s petljom ulijevo
â†¬ strelica s petljom udesno
â†­ valovita strelica ulijevo-udesno
â†¯ cikcak, cikcak strelica nadolje
â†° strelica nagore s vrhom ulijevo
â†± strelica nagore s vrhom udesno
â†² strelica nadolje s vrhom ulijevo
â†³ strelica nadolje s vrhom udesno
â†´ strelica udesno s uglom nadolje
â†µ strelica nadolje s uglom ulijevo
â†¶ polukruÅ¾na strelica suprotno od kazaljke na satu
â†· polukruÅ¾na strelica u smjeru kazalje na satu
â†¸ strelica sjever-zapad s durgom trakom
â†¹ strelica sa crtom ulijevo preko strelice sa crtom udesno
â†º otvorena kruÅ¾na strelica suprotno od kazaljke na satu
â†» otvorena kruÅ¾na strelica u smjeru kazaljke na satu
â†¼ bodlja, harpun strelica ulijevo s bodljom nagore
â†½ harpun strelica ulijevo s bodljom nadolje
â†¾ bodlja, harpun strelica nagore s bodljom udesno
â†¿ bodlja, harpun strelica nagore s bodljom ulijevo
â‡€ bodlja, harpun strelica udesno s bodljom nagore
â‡ bodlja, harpun strelica udesno s bodljom nadolje
â‡‚ bodlja, harpun strelica nadolje s bodljom udesno
â‡ƒ bodlja, harpun strelica nadolje s bodljom ulijevo
â‡„ strelica udesno preko strelice ulijevo
â‡… dolje, gore, strelica, strelice prema gore i prema dolje
â‡† desno, lijevo, strelica, strelica gore preko strelice dolje, strelica prema gore preko strelice prema dolje, strelice
â‡‡ uparene strelice ulijevo
â‡ˆ uparene strelice nagore
â‡‰ uparene strelice udesno
â‡Š uparene strelice nadolje
â‡‹ harpun strelica ulijevo preko harpun strelice udesno
â‡Œ harpun strelica udesno preko harpun strelice ulijevo
â‡ dvostruka strelica ulijevo
â‡ precrtana dvostruka strelica ulijevo
â‡‘ dvostruka strelica nagore
â‡’ dvostruka strelica udesno
â‡ precrtana dvostruka strelica udesno
â‡“ dvostruka strelica nadolje
â‡” dvostruka strelica ulijevo-udesno
â‡ precrtana dvostruka strelica ulijevo-udesno
â‡– dvostruka strelica sjever-zapad
â‡— dvostruka strelica sjever-istok
â‡˜ dvostruka strelica jug-istok
â‡™ dvostruka strelica jug-zapad
â‡š trostruka strelica ulijevo
â‡› trostruka strelica udesno
â‡œ vijugava strelica ulijevo
â‡ vijugava strelica udesno
â‡ dvostruko precrtana strelica nagore
â‡Ÿ dvostruko precrtana strelica nadolje
â‡  isprekidana strelica ulijevo
â‡¡ isprekidana strelica nagore
â‡¢ isprekidana strelica udesno
â‡£ isprekidana strelica nadolje
â‡¤ strelica ulijevo s crtom
â‡¥ strelica udesno s crtom
â‡¦ Å¡uplja strelica ulijevo
â‡§ Å¡uplja strelica nagore
â‡¨ Å¡uplja strelica udesno
â‡© Å¡uplja strelica nadolje
â‡ª Å¡uplja strelica nagore od crte
â‡µ strelica nadolje strelica nagore
âˆ€ svaki, univerzalno, za svaki
âˆ‚ diferencijal, parcijalni diferencijal
âˆƒ postoji
âˆ… matematika, operator skupa, prazan skup
âˆ† inkrement, trougao
âˆ‡ nabla, trougao
âˆˆ Älanstvo, element, element od, sadrÅ¾i, skup
âˆ‰ element, nije element
âˆ‹ element, sadrÅ¾i kao Älan
âˆ Halmosov simbol konaÄnosti, kraj dokaza, q.e.d.
âˆ Kartezijev prozvod, logika, proizvod
âˆ‘ matematika, zbir, zbir neograniÄenog broja operanada
+ dodaj, plus
Â± plus-minus
Ã· dijeljenje, obelus, podijeliti, znak za dijeljenje
Ã— mnoÅ¾enje, pomnoÅ¾iti, puta, znak za mnoÅ¾enje
< manje od, oznaka, poÄetna oznaka
â‰® matematika, ne manje od, nejednakost
= iznosi, je jednako, jednako, jest jednako
â‰  nejednakost, nije jednako
> oznaka, veÄ‡e od, zavrÅ¡na oznaka
â‰¯ matematika, ne veÄ‡e od, nejednakost
Â¬ ne, negacija
| cijev, crta, linija, traka, vertikalna crta, vertikalna linija
~ tilda
âˆ’ minus, oduzmi
â» eksponent, eksponentni minus, minus
âˆ“ minus ili plus, plus-minus
âˆ• crta, kosa crta, kosa crta za dijeljenje
â„ crta, kosa crta, kosa crta za odlomak
âˆ— zvjezdica, zvjezdica operator
âˆ˜ operator, prstenasti operator, sastavljanje
âˆ™ operator, taÄkasti operator
âˆš iracionalan, korijen, kvadratni, radikal, radikand
âˆ proporcionalno, proporcionalnost
âˆ beskonaÄnost, znak za beskonaÄnost
âˆŸ desni ugao, matematika
âˆ  oÅ¡tar, ugao
âˆ£ dijeliti, djelilac
âˆ¥ paralelno
âˆ§ logiÄka konjukcija, logiÄko &quot;i&quot;
âˆ© presjek, skup
âˆª skup, unija, zbirka
âˆ« integral, raÄun
âˆ¬ dvostruki integral, raÄun
âˆ® konturni integral
âˆ´ logika, zato
âˆµ logika, zbog toga
âˆ¶ omjer
âˆ· proporcionalnost, udio
âˆ¼ operator, tilda operator
âˆ½ obrnuta tilda, tilda
âˆ¾ obrnuto lijeno s
â‰ƒ asimptota, asimptotski jednako, matematika
â‰… izomorfizam, jednakost, kongurencija, matematika, podudaranje, pribliÅ¾no jednako
â‰ˆ otprilike, pribliÅ¾no
â‰Œ jednakost, matematika, sve jednako
â‰’ otprilike jednako slici
â‰– jednakost, matematika, prsten u jednakosti
â‰¡ identiÄno, taÄno, trostruko
â‰£ jednakost, matematika, strogo jednako
â‰¤ jednako, jednakost, manje od, manje od ili jednako, nejednakost
â‰¥ jednako, jednakost, nejednakost, veÄ‡e od, veÄ‡e od ili jednako
â‰¦ manje od preko jednako, matematika, nejednakost
â‰§ matematika, nejednakost, veÄ‡e od preko jednako
â‰ª matematika, mnogo manje od, nejednakost
â‰« matematika, mnogo veÄ‡e od, nejednakost
â‰¬ izmeÄ‘u
â‰³ matematika, nejednakost, veÄ‡e od ekvivalenta
â‰º matematika, operator skupa, prethodi
â‰» matematika, operator skupa, slijedi
âŠ matematika, ne slijedi, operator skupa
âŠ‚ podskup, skup
âŠƒ matematika, nadskup, operator skupa
âŠ† podskup jednak
âŠ‡ jednakost, matematika, nadskup jednak
âŠ• plus, zaokruÅ¾eni plus
âŠ– erozija, simetriÄna razlika, zaokruÅ¾eni minus
âŠ— proizvod, tenzor, zaokruÅ¾eno puta
âŠ˜ matematika, nalik dijeljenju, zaokruÅ¾ena kosa crta za dijeljenje
âŠ™ operator, operator kao zaokruÅ¾ena taÄka, XNOR
âŠš operator kao zaokruÅ¾eni prsten
âŠ› operator, operator kao zaokruÅ¾ena zvjezdica, zvjezdica
âŠ matematika, nalik sabiranju, plus u kvadratu
âŠŸ matematika, minus u kvadratu, nalik dijeljenju
âŠ¥ falsum, neistina
âŠ® ne forsira
âŠ° matematika, operator skupa, prethodi ispod relacije
âŠ± matematika, operator skupa, slijedi ispod relacije
â‹­ matematika, ne sadrÅ¾i kao normalnu podgrupu jednaku, teorija grupa
âŠ¶ original
âŠ¹ Ermitska matrica, kvadratna matrica, matematika, samoadjungovana matrica
âŠ¿ desni trougao, matematika
â‹ disjunkcija, logiÄki simbol &quot;ili&quot;, logika
â‹‚ matematika, operator skupa, presjek, presjek neograniÄenog broja operanada
â‹ƒ matematika, operator skupa, unija, unija neograniÄenog broja operanada
â‹… operator, operator kao taÄka
â‹† operator, operator kao zvijezda
â‹ˆ binarni operator, leptir maÅ¡na, prirodni spoj
â‹’ dvostruki presjek, matematika, operator skupa, presjek
â‹˜ matematika, nejednakost, veoma mnogo manje od
â‹™ matematika, nejednakost, veoma mnogo veÄ‡e od
â‹® elipsa, matematika, vertikalna elipsa
â‹¯ elipsa, srednja horizontalna elipsa
â‹° dijagonalna elipsa nagore, elipsa, matematika
â‹± dijagonalna elipsa nadolje, elipsa, matematika
â–  ispunjeni kvadrat
â–¡ Å¡uplji kvadrat
â–¢ Å¡uplji kvadrat sa zaobljenim uglovima
â–£ Å¡uplji kvadrat koji sadrÅ¾i ispunjeni kvadrat
â–¤ kvadrat s horizontalnim ispunom
â–¥ kvadrat s vertikalnim ispunom
â–¦ kvadrat s ortogonalnim ispresjecanim ispunom
â–§ kvadrat s ispunom od gore lijevo ka dole desno
â–¨ kvadrat s ispunom od gore desno dole lijevo
â–© kvadrat s dijagonalnim ispresjecanim ispunom
â–¬ ispunjeni pravougaonik
â–­ Å¡uplji pravougaonik
â–® ispunjeni vertikalni pravougaonik
â–° ispunjeni paralelogram
â–² gore, ispunjeni trougao prema gore, ispunjeno, strelica, trougao
â–³ Å¡uplji trougao pokazuje nagore
â–´ ispunjeni mali trougao pokazuje nagore
â–µ Å¡uplji mali trougao pokazuje nagore
â–· Å¡uplji trougao pokazuje udesno
â–¸ ispunjeni mali trougao pokazuje udesno
â–¹ Å¡uplji mali trougao pokazuje udesno
â–º ispunjeni pokazivaÄ pokazuje udesno
â–» Å¡uplji pokazivaÄ pokazuje udesno
â–¼ dolje, ispunjeni trougao prema dolje, ispunjeno, strelica, trougao
â–½ Å¡uplji trougao pokazuje nadolje
â–¾ ispunjeni mali trougao pokazuje nadolje
â–¿ Å¡uplji mali trougao pokazuje nadolje
â— Å¡uplji trougao pokazuje ulijevo
â—‚ ispunjeni mali trougao pokazuje ulijevo
â—ƒ Å¡uplji mali trougao pokazuje ulijevo
â—„ ispunjeni pokazivaÄ pokazuje ulijevo
â—… Å¡uplji pokazivaÄ pokazuje ulijevo
â—† ispunjeni dijamant
â—‡ Å¡uplji dijamant
â—ˆ Å¡uplji dijamant sadrÅ¾i ispunjeni dijamant
â—‰ Å¡uplji krug sadrÅ¾i ispunjeni krug
â—Š dijamant, romb
â—‹ krug, prazni krug, prsten
â—Œ taÄkasti krug
â— krug s vertikalnim ispunom
â— dvostruki krug, koncentriÄni krugovi, meta
â— ispunjeni krug, krug
â— krug s ispunjenom lijevom polovicom
â—‘ krug s ispunjenom desnom polovicom
â—’ krug s ispunjenom donjom polovicom
â—“ krug s ispunjenom gornjom polovicom
â—” krug s ispunjenim gornjim desnim kvadrantom
â—• krug s ispunjenim svim kvadrantima osim gornjeg lijevog
â—– lijeva ispunjena polovica kruga
â—— desna ispunjena polovica kruga
â—˜ obrnuta taÄka
â—™ ispunjeni kvadrat sadrÅ¾i Å¡upllji krug, obrnuti Å¡uplji krug
â—œ kruÅ¾ni luk gornjeg lijevog kvadanta
â— kruÅ¾ni luk gornjeg desnog kvadanta
â— kruÅ¾ni luk donjeg desnog kvadanta
â—Ÿ kruÅ¾ni luk donjeg lijevog kvadanta
â—  gornja polovica kruga
â—¡ donja polovica kruga
â—¢ ispunjeni donji desni trougao
â—£ ispunjeni donji lijevi trougao
â—¤ ispunjeni gornji lijevi trougao
â—¥ ispunjeni gornji desni trougao
â—¦ Å¡uplja taÄka
â—¯ krug, prsten, veliki prazni krug
â—³ Å¡uplji kvadrat s gornjim desnim kvadrantom
â—· Å¡uplji krug s gornjim desnim kvadrantom
â—¿ donji desni trougao
â™ª muzika, nota, osminka
â¨§ plus i broj dva napisan ispod
â¨¯ vektorski proizvod
â¨¼ interni proizvod
â©£ logiÄno &quot;ili&quot; s dvostrukom linijom ispod
â©½ nakoÅ¡eno manje od jednako
âª manje od preko sliÄno jednak
âªš dvostruka linija jednaka veÄ‡e od, matematika, nejednakost
âªº slijedi preko nije gotovo jednako
â™­ muzika, predznak, snizilica
â™¯ muzika, nota, povisilica, predznak
ğŸ˜€ cerenje, lice
ğŸ˜ƒ kez, lice, osmijeh, otvorena usta
ğŸ˜„ kez sa Å¡kiljenjem, lice, oÄi, osmijeh, usta
ğŸ˜ cerenje, cerenje sa Å¡kiljenjem, lice, oÄi, osmijeh, Å¡kiljenje
ğŸ˜† kez Å¾mireÄ‡i, lice, smijeh, zadovoljstvo
ğŸ˜… hladan znoj, kez uz hladan znoj, lice, osmijeh
ğŸ¤£ lice, pod, smijeh, valjanje, valjanje od smijeha
ğŸ˜‚ lice, plakanje od smijeha, radost, smijeh, suza
ğŸ™‚ diskretni osmijeh, lice, osmijeh
ğŸ™ƒ lice, naglavaÄke, obrnuto
ğŸ˜‰ lice, mig, namigivanje
ğŸ˜Š lice, oko, osmijeh, rumen, Å¡irok osmijeh
ğŸ˜‡ anÄ‘eo, fantazija, lice, nevin, oreol, oreol iznad glave
ğŸ¥° nasmijano lice sa srcima, oboÅ¾avanje, zaljubiti se, zaljubljenost
ğŸ˜ lice, ljubav, osmijeh, osmijeh sa srcima u oÄima, srce
ğŸ¤© cerenje, lice, oÄi, zvijezda, zvjezdane oÄi
ğŸ˜˜ lice, poljubac, slanje poljupca, srce
ğŸ˜— davanje poljupca, lice, poljubac
â˜º lice, ocrtano, opuÅ¡ten, osmijeh
ğŸ˜š lice, oko, poljubac, poljubac Å¾mireÄ‡i, Å¾mirenje
ğŸ˜™ lice, oko, osmijeh, poljubac, poljubac sa Å¡kiljenjem
ğŸ¥² dirnutost, nasmijano lice sa suzom, olakÅ¡anje, ponos, smijeÅ¡ak, suza, zahvalnost
ğŸ˜‹ lice, njam njam, oblizivanje, ukusno, Å¾deranje
ğŸ˜› isplaÅ¾en, jezik, lice, ruganje
ğŸ˜œ jezik, lice, mig, ruganje s namigivanjem, Å¡ala
ğŸ¤ª ludilo, malo, oko, veliko
ğŸ˜ lice, oko, ruganje Å¾mireÄ‡i, straÅ¡an, ukus
ğŸ¤‘ lice, lice s novÄanicama, novÄanice, pare
ğŸ¤— lice, zagrliti, zagrljaj
ğŸ¤­ opa, ruka preko usta, ups
ğŸ¤« psst, Å¡uti, tiÅ¡ina, uÅ¡utkivanje
ğŸ¤” lice, razmiÅ¡ljanje
ğŸ¤ lice, Å¡uti ko zaliven, usta, zaÄepljena
ğŸ¤¨ nepovjerljiv, podignuta obrva, skeptiÄan
ğŸ˜ indiferentno, indiferentnost, lice, neutralno
ğŸ˜‘ bezizraÅ¾ajan, bezizraÅ¾ajnost, lice
ğŸ˜¶ lice, lice bez usta, Å¡utnja, tiho, usta
ğŸ˜¶â€ğŸŒ« glava u oblacima, lice u magli, lice u oblacima, rasijan
ğŸ˜ lice, smjeÅ¡kanje, zlobno
ğŸ˜’ lice, nesretan, nezainteresovanost, smor, smorenost
ğŸ™„ kolutanje, kolutanje oÄima, lice, oÄi
ğŸ˜¬ grimasa, lice
ğŸ˜®â€ğŸ’¨ dahtanje, izdisanje, lice izdiÅ¡e, odahnuti, Å¡aptati, stenjanje, zviÅ¾dati
ğŸ¤¥ laganje, laÅ¾, lice, pinokio
ğŸ˜Œ lice, olakÅ¡anje, rastereÄ‡enje
ğŸ˜” bezvoljan, potiÅ¡ten, utuÄen, zamiÅ¡ljen, zamiÅ¡ljenost
ğŸ˜ª lice, pospanost, umor
ğŸ¤¤ lice, slina, slinjenje
ğŸ˜´ lice, lice koje spava, spavanje, zzz
ğŸ˜· bolest, doktor, maska, nosi medicinsku masku
ğŸ¤’ bolestan, lice, nezdrav, toplomjer, toplomjer u ustima
ğŸ¤• bol, lice, povreda, zavoj, zavoj na glavi
ğŸ¤¢ lice, muka, povraÄ‡anje
ğŸ¤® muka, povraÄ‡anje
ğŸ¤§ kihanje, lice, nazdravlje
ğŸ¥µ crveno lice, groznica, pregrijano lice, toplotni udar, vruÄ‡e, znoj
ğŸ¥¶ hladnoÄ‡a, ledenice, ledeno lice, plavo lice, promrzlina, smrzavanje
ğŸ¥´ intoksikacija, iskrivljena usta, nejednake oÄi, oÅ¡amuÄ‡eno lice, pripitost, vrtoglavica
ğŸ˜µ lice, vrtoglavica
ğŸ˜µâ€ğŸ’« hipnotiziran, lice sa sprialnim oÄima, nevolja, oho, spiralno, vrtoglavica
ğŸ¤¯ eksplodirajuÄ‡a glava, Å¡ok
ğŸ¤  kauboj, lice, lice s kaubojskim Å¡eÅ¡irom, Å¡eÅ¡ir
ğŸ¥³ lice koje se zabavlja, party, proslava, Å¡eÅ¡ir, slavlje, zabava
ğŸ¥¸ inkognito, lice, naoÄale, nos, preruÅ¡avanje, preruÅ¡eno lice
ğŸ˜ fora, naoÄale, osmijeh sa sunÄanim naoÄalama, sunÄane naoÄale, svjetlost
ğŸ¤“ Äudak, lice, Å¡treber
ğŸ§ lice s monoklom, monokl, zaÄepljen
ğŸ˜• lice, zbunjen, zbunjenost
ğŸ˜Ÿ lice, zabrinutost
ğŸ™ diskretna namrÅ¡tenost, lice, mrÅ¡tenje
â˜¹ lice, mrÅ¡tenje, namrÅ¡tenost
ğŸ˜® lice, Å¡okiranost, usta, zinuo
ğŸ˜¯ iznenaÄ‘en, lice, nijem, zanijemio, zapanjen
ğŸ˜² lice, totalno, zapanjen, zapanjenost, zateÄen
ğŸ˜³ ispran, ispranost, lice, omama, oÅ¡amuÄ‡en
ğŸ¥º milost, moleÄ‡iv, moleÄ‡ivo lice, pseÄ‡i pogled
ğŸ˜¦ mrÅ¡tenje, namrÅ¡tenost s otvorenim ustima, otvorena, usta
ğŸ˜§ izmuÄenost, lice, muÄenje
ğŸ˜¨ plaÅ¡enje, plaÅ¡ljivost, prepad, strah
ğŸ˜° hladan, otvorena usta i hladan znoj, plav, usta, znoj
ğŸ˜¥ lice, olakÅ¡anje, olakÅ¡avajuÄ‡e razoÄarenje, razoÄarenje
ğŸ˜¢ lice, plaÄ, plakanje, suza, tuga
ğŸ˜­ glasan plaÄ, jecanje, lice, plakanje, tuga
ğŸ˜± lice, prestraÅ¡en, strah, straÅ¡ljiv, vrisak, vriÅ¡tanje od straha
ğŸ˜– lice, potpuna rezigniranost, rezigniranost
ğŸ˜£ lice, ustrajni pogled, ustrajnost
ğŸ˜ lice, razoÄaranost, razoÄarenje
ğŸ˜“ hladan, lice, oblivenost hladnim znojem, znoj
ğŸ˜© iscrpljen, iscrpljenost, lice, umoran
ğŸ˜« lice, umor, umoran
ğŸ¥± dosada, umor, zijevanje
ğŸ˜¤ bijes, huja, lice, ljutnja, pobjeda
ğŸ˜¡ bijes, crven, durenje, ljutnja, lud
ğŸ˜  lice, ljut, ljutnja
ğŸ¤¬ psovke, znakovi na ustima
ğŸ˜ˆ bajka, fantazija, rogovi, smijeÅ¡ak, vragolasto smjeÅ¡kanje
ğŸ‘¿ Ä‘avo, Ä‘avoljak, fantazija, lice, vrag
ğŸ’€ bajka, ÄudoviÅ¡te, lice, lobanja, smrt
â˜  ÄudoviÅ¡te, kosti, lice, lobanja, lobanja i ukrÅ¡tene kosti, smrt
ğŸ’© ÄudoviÅ¡te, humor, izmet, kaka, lice
ğŸ¤¡ klaun, lice
ğŸ‘¹ bajka, ÄudoviÅ¡te, fantazija, japansko, ljudoÅ¾der, stvorenje
ğŸ‘º bajka, ÄudoviÅ¡te, fantazija, goblin, japansko, lice, stvorenje
ğŸ‘» bajka, ÄudoviÅ¡te, duh, fantazija, lice, stvorenje
ğŸ‘½ fantazija, lice, nlo, stvorenje, svemir, vanzemaljac
ğŸ‘¾ lice, nlo, stvorenje, svemir, vanzemaljac, vanzemaljsko ÄudoviÅ¡te
ğŸ¤– ÄudoviÅ¡te, lice, robot
ğŸ˜º lice, maca s otvorenim ustima, maÄka, osmijeh, otvorena, usta
ğŸ˜¸ cerenje, lice, maca koja se ceri, maÄka, oko, osmijeh
ğŸ˜¹ lice, maca koja plaÄe od smijeha, maÄka, oko, radost, suza
ğŸ˜» lice, ljubav, maca sa srcima u oÄima, maÄka, oko, osmijeh, srce
ğŸ˜¼ ironija, iskrivljen, kiseo, lice, maca s kiselim osmijehom, maÄka
ğŸ˜½ lice, maca Å¡alje poljubac zatvorenih oÄiju, maÄka, oko, poljubac
ğŸ™€ iscrpljen, iscrpljena maca, lice, maÄka, uh, umoren
ğŸ˜¿ lice, maca plaÄe, maÄka, plakanje, suza, tuÅ¾na
ğŸ˜¾ durenje, lice, maca se duri, maÄka
ğŸ™ˆ lice, majmun, ne vidim, zabranjeno, zlo
ğŸ™‰ lice, majmun, ne Äujem, zabranjeno, zlo
ğŸ™Š lice, majmun, ne govorim, zabranjeno, zlo
ğŸ’‹ otisak poljupca, poljubac, usne
ğŸ’Œ ljubav, ljubavno pismo, pismo, srce
ğŸ’˜ kupid, srce, srce probodeno strijelom, strijela
ğŸ’ maÅ¡nica, srce, srce s maÅ¡nicom
ğŸ’– iskra, srce, svjetlucavo srce, uzbuÄ‘enje
ğŸ’— nervoza, puls, raste, uveÄ‡ano srce, uzbuÄ‘enje
ğŸ’“ otkucaji srca, pulsiranje, srce, srce koje kuca
ğŸ’ kretanje, srca, viÅ¡e srca se okreÄ‡e
ğŸ’• dva srca, ljubav, srce
ğŸ’Ÿ srce, srce ukras
â£ simbol, srce, uzviÄnik, uzviÄnik u obliku srca, znak
ğŸ’” patnja, slomljeno, srce
â¤â€ğŸ”¥ goriti, ljubav, poÅ¾uda, srce, sveto srce, zapaljeno srce
â¤â€ğŸ©¹ dobro, lijeÄenje, lijeÄenje srca, oporavak, ozdravljenje, poboljÅ¡anje, zdravije
â¤ crveno srce, srce
ğŸ§¡ narandÅ¾asta, narandÅ¾asto srce, srce
ğŸ’› srce, Å¾uta, Å¾uto srce
ğŸ’š srce, zelena, zeleno srce
ğŸ’™ plava, plavo srce, srce
ğŸ’œ ljubiÄasta, ljubiÄasto srce, srce
ğŸ¤ smeÄ‘a, smeÄ‘e srce, srce
ğŸ–¤ crno, iskvareno, srce, zlo
ğŸ¤ bijela, bijelo srce, srce
ğŸ’¯ 100, poeni, pun, sto, sto poena
ğŸ’¢ bijes, ljutnja, simbol ljutnje, stripovi
ğŸ’¥ eksplozija, stripovi
ğŸ’« oÅ¡amuÄ‡en, oÅ¡amutiti, stripovi
ğŸ’¦ kapljice znoja, prskanje, stripovi, znoj
ğŸ’¨ bjeÅ¾anje, pobjeÄ‡i, stripovi
ğŸ•³ rupa
ğŸ’£ bomba, stripovi
ğŸ’¬ dijalog, oblaÄiÄ‡, oblaÄiÄ‡ razgovora, razgovor, stripovi
ğŸ‘â€ğŸ—¨ motrenje, oblaÄiÄ‡ razgovora, oko, oko u oblaÄiÄ‡u razgovora
ğŸ—¨ dijalog, oblaÄiÄ‡ razgovora okrenut nalijevo, razgovor
ğŸ—¯ dijalog, ljutnja, oblaÄiÄ‡, oblaÄiÄ‡ ljutitog razgovora okrenut nadesno, razgovor
ğŸ’­ dijalog, oblaÄiÄ‡, oblaÄiÄ‡ razmiÅ¡ljanja, razmiÅ¡ljanje, stripovi
ğŸ’¤ spavanje, stripovi, zzz
ğŸ‘‹ mahanje, mahanje rukom, mahanje rukom ruka
ğŸ¤š dlan, podignuto, ruka, ruka gore, uspravno
ğŸ– podignuta Å¡aka s raÅ¡irenim prstima, pokazivanje, prsti, raÅ¡ireno, ruka
âœ‹ podignuta Å¡aka, pokazivanje, prsti, ruka
ğŸ–– pozdrav, ruka, spock, vulkanac, vulkanski pozdrav
ğŸ‘Œ ok, prsti pokazuju ok
ğŸ¤Œ gest rukom, ispitivanje, prsti, sarkastiÄno, skupljeni prsti, uÅ¡tinuti
ğŸ¤ ruka koja Å¡tipa, ruka pokazuje malo
âœŒ dva prsta, dva prsta u znaku pobjede, pobjeda
ğŸ¤ drÅ¾anje palÄeva, drÅ¾ati, fige, palac, sreÄ‡a
ğŸ¤Ÿ ruka, volim, volim te, VT
ğŸ¤˜ pokazivanje, rogovi, ruka, znak, znak rogova
ğŸ¤™ nazovi, poziv, ruka
ğŸ‘ˆ kaÅ¾iprst, lijevo, nadlanica, pokazivanje, pokazivanje kaÅ¾iprstom ulijevo, prst, ruka
ğŸ‘‰ desno, kaÅ¾iprst, nadlanica, pokazivanje, pokazivanje kaÅ¾iprstom udesno, prst, ruka
ğŸ‘† gore, kaÅ¾iprst, nadlanica, pokazivanje, pokazivanje kaÅ¾iprstom gore, prst, ruka
ğŸ–• gore, nadlanica, pokazivanje, srednji prst
ğŸ‘‡ dolje, kaÅ¾iprst, nadlanica, pokazivanje, prst, ruka
â˜ dlan, gore, kaÅ¾iprst, kaÅ¾iprst pokazuje gore, pokazivanje, pokazivanje kaÅ¾iprstom gore s okrenutim dlanom
ğŸ‘ +1, gore, palac, ruka
ğŸ‘ -1, dolje, palac, ruka
âœŠ pesnica, podignuta pesnica, podignuta Å¡aka, ruka
ğŸ‘Š nabacivanje pesnicom, pesnica, ruka
ğŸ¤› Å¡aka, ulijevo
ğŸ¤œ Å¡aka, udesno
ğŸ‘ aplaudiranje, aplauz, dlanovi, ruke
ğŸ™Œ dlanovi, gestikulacija, radovanje, ruke, ruke podignute u zrak
ğŸ‘ dlanovi, otvoreni dlanovi, ruke
ğŸ¤² dlanovi spojeni prema gore, molitva
ğŸ¤ dogovor, ruka, rukovanje, sastanak, stisak
ğŸ™ gestikulacija, molba, molitva, sastavljeni dlanovi, zahvalnost
âœ pisanje, ruka, ruka koja piÅ¡e
ğŸ’… kozmetika, lak za nokte, lakiranje noktiju, nokti, uljepÅ¡avanje
ğŸ¤³ fotoaparat, selfi, slikanje, telefon
ğŸ’ª bicepsi, miÅ¡iÄ‡i, pokazivanje bicepsa, stripovi
ğŸ¦¾ mehaniÄka ruka, pomagalo, proteza, ruka
ğŸ¦¿ mehaniÄka noga, noga, pomagalo, proteza
ğŸ¦µ noga, Å¡utirati, udarati nogom
ğŸ¦¶ korak, stopalo, udarac
ğŸ‘‚ dio tijela, uho
ğŸ¦» oteÅ¾an sluh, pomagalo, uho sa sluÅ¡nim aparatom
ğŸ‘ƒ dio tijela, nos
ğŸ§  inteligentan, mozak
ğŸ«€ centar, kardiologija, organ, otkucaj srca, puls, srce organ
ğŸ« dah, disanje, izdisaj, organ, pluÄ‡a, udisaj
ğŸ¦· stomatolog, zub
ğŸ¦´ kost, kostur
ğŸ‘€ lice, oÄi, oko
ğŸ‘ oko, tijelo
ğŸ‘… jezik, tijelo
ğŸ‘„ usne, usta
ğŸ‘¶ beba, mlado
ğŸ§’ dijete, mlado, neodreÄ‘eni spol, srednji rod
ğŸ‘¦ djeÄak, mladiÄ‡
ğŸ‘§ Djevica, djevojÄica, djevojka, horoskop
ğŸ§‘ neodreÄ‘eni spol, odrasla osoba, osoba, srednji rod
ğŸ‘± kosa, osoba s plavom kosom, plavo
ğŸ‘¨ muÅ¡karac, muÅ¡ko, odrasla osoba
ğŸ§” brada, muÅ¡karac s bradom, osoba s bradom
ğŸ§”â€â™‚ brada, muÅ¡karac, muÅ¡karac s bradom, muÅ¡karac: s bradom
ğŸ‘±â€â™‚ kosa, muÅ¡karac, muÅ¡karac s plavom kosom, plavo, plavuÅ¡an
ğŸ‘© odrasla osoba, Å¾ena
ğŸ§”â€â™€ brada, Å¾ena, Å¾ena: brada
ğŸ‘±â€â™€ kosa, plavo, plavuÅ¡a, Å¾ena, Å¾ena s plavom kosom
ğŸ§“ neodreÄ‘en spol, srednji rod, starija odrasla osoba, staro
ğŸ‘´ muÅ¡karac, odrasla osoba, star, starac
ğŸ‘µ odrasla osoba, starica, Å¾ena
ğŸ™ gestikulacija, izraz lica, mrÅ¡tenje, namrÅ¡tena osoba
ğŸ™â€â™‚ gestikulacija, mrÅ¡tenje, muÅ¡karac, namrÅ¡ten muÅ¡karac
ğŸ™â€â™€ gestikulacija \ mrÅ¡tenje, namrÅ¡tena Å¾ena, Å¾ena
ğŸ™ durenje, gestikulacija, izraz lica, nadurena osoba
ğŸ™â€â™‚ durenje, gestikulacija, muÅ¡karac, naduren muÅ¡karac
ğŸ™â€â™€ durenje, gestikulacija, nadurena Å¾ena, Å¾ena
ğŸ™… gestikulacija, neslaganje, osoba pokazuje ne, prekriÅ¾eno, zabranjeno
ğŸ™…â€â™‚ gestikulacija, muÅ¡karac, muÅ¡karac pokazuje ne, neslaganje, zabranjeno
ğŸ™…â€â™€ gestikulacija, neslaganje, zabranjeno, Å¾ena, Å¾ena pokazuje ne
ğŸ™† gestikulacija, odobravanje, osoba pokazuje ok, ruke, slaganje
ğŸ™†â€â™‚ gestikulacija, muÅ¡karac, muÅ¡karac pokazuje ok, muÅ¡karac pokazuje OK, odobravanje, slaganje
ğŸ™†â€â™€ gestikulacija, odobravanje, slaganje, Å¾ena, Å¾ena pokazuje ok, Å¾ena pokazuje OK
ğŸ’ gestikulacija, informacija, osoba otkriva namjere, pomoÄ‡, ruke
ğŸ’â€â™‚ gestikulacija, informacija, muÅ¡karac, muÅ¡karac otkriva namjere, ruke
ğŸ’â€â™€ gestikulacija, informacija, ruke, Å¾ena, Å¾ena otkriva namjere
ğŸ™‹ gestikulacija, informacije, osoba podiÅ¾e ruku, ruke, sretan
ğŸ™‹â€â™‚ gestikulacija, muÅ¡karac, muÅ¡karac podiÅ¾e ruku
ğŸ™‹â€â™€ gestikulacija, Å¾ena, Å¾ena podiÅ¾e ruku
ğŸ§ gluha osoba, gluhoÄ‡a, pomagalo, sluh, uho
ğŸ§â€â™‚ gluh, muÅ¡karac
ğŸ§â€â™€ gluha, Å¾ena
ğŸ™‡ gestikulacija, izvinjenje, naklon, osoba se naklanja, poniznost
ğŸ™‡â€â™‚ gestikulacija, izvinjenje, muÅ¡karac, muÅ¡karac se naklanja, naklon
ğŸ™‡â€â™€ gestikulacija, izvinjenje, naklon, Å¾ena, Å¾ena se naklanja
ğŸ¤¦ dlan, lice, nevjerica, osoba s rukom na Äelu
ğŸ¤¦â€â™‚ gestikulacija, muÅ¡karac s rukom na Äelu, nevjerica, ogorÄenje, razoÄaranje
ğŸ¤¦â€â™€ gestikulacija, nevjerica, ogorÄenje, razoÄaranje, Å¾ena s rukom na Äelu
ğŸ¤· nezainteresiranost, neznanje, slijeganje ramenima, sumnja
ğŸ¤·â€â™‚ gestikulacija, muÅ¡karac, muÅ¡karac slijeÅ¾e ramenima, neznanje, ravnoduÅ¡nost
ğŸ¤·â€â™€ gestikulacija, neznanje, ravnoduÅ¡nost, Å¾ena, Å¾ena slijeÅ¾e ramenima
ğŸ§‘â€âš• doktor, medicinska sestra, terapeut, zdravstvena njega, zdravstveni radnik
ğŸ‘¨â€âš• doktor, lijeÄnik, ljekar, medicinski tehniÄar, zdravstveni radnik, zdravstveni radnik muÅ¡karac
ğŸ‘©â€âš• doktorica, lijeÄnica, ljekarka, medicinska sestra, zdravstvena radnica
ğŸ§‘â€ğŸ“ diplomirani, student
ğŸ‘¨â€ğŸ“ diplomirani, muÅ¡karac, student
ğŸ‘©â€ğŸ“ diplomirani, student, studentica, Å¾ena
ğŸ§‘â€ğŸ« instruktor, profesor, uÄitelj
ğŸ‘¨â€ğŸ« muÅ¡karac, nastavnik, profesor, uÄitelj
ğŸ‘©â€ğŸ« nastavnik, profesor, profesorica, uÄitelj, Å¾ena
ğŸ§‘â€âš– sudija, vaga s dva tasa
ğŸ‘¨â€âš– muÅ¡karac, pravda, sudija, vaga
ğŸ‘©â€âš– sudija, vaga, Å¾ena
ğŸ§‘â€ğŸŒ¾ farmer, poljoprivrednik, vrtlar
ğŸ‘¨â€ğŸŒ¾ farmer, muÅ¡karac, poljoprivrednik, ranÄer
ğŸ‘©â€ğŸŒ¾ farmer, poljoprivrednica, poljoprivrednik, ranÄerica, Å¾ena
ğŸ§‘â€ğŸ³ kuhar, Å¡ef kuhinje
ğŸ‘¨â€ğŸ³ kuhar, muÅ¡karac, Å¡ef kuhinje
ğŸ‘©â€ğŸ³ kuhar, kuharica, Å¡ef kuhinje
ğŸ§‘â€ğŸ”§ elektriÄar, fiziÄki radnik, mehaniÄar, vodoinstalater
ğŸ‘¨â€ğŸ”§ elektriÄar, mehaniÄar, muÅ¡karac, trgovac, vodoinstalater
ğŸ‘©â€ğŸ”§ elektriÄarka, mehaniÄarka, trgovkinja, vodoinstalaterka, Å¾ena
ğŸ§‘â€ğŸ­ fabrika, industrija, montaÅ¾a, radnik, radnik u fabrici
ğŸ‘¨â€ğŸ­ fabrika, industrija, montaÅ¾a, muÅ¡karac, radnik, radnik u fabrici, radnik u fabrici muÅ¡karac
ğŸ‘©â€ğŸ­ fabrika, industrija, montaÅ¾a, radnica u fabrici, radnik
ğŸ§‘â€ğŸ’¼ arhitekta, bijela kragna, menadÅ¾er, poslovanje, radnik u kancelariji
ğŸ‘¨â€ğŸ’¼ bijela kragna, menadÅ¾er, muÅ¡karac u kancelariji, posao
ğŸ‘©â€ğŸ’¼ arhitekta, bijela kragna, menadÅ¾er, posao, Å¾ena, Å¾ena u kancelariji
ğŸ§‘â€ğŸ”¬ biolog, fiziÄar, hemiÄar, inÅ¾injer, nauÄnik
ğŸ‘¨â€ğŸ”¬ biolog, fiziÄar, hemiÄar, inÅ¾injer, nauÄnik, nauÄnik muÅ¡karac
ğŸ‘©â€ğŸ”¬ biologinja, fiziÄarka, hemiÄarka, inÅ¾injerka, nauÄnica
ğŸ§‘â€ğŸ’» inovator, koder, programer, softver, tehnolog, tehnologija
ğŸ‘¨â€ğŸ’» koder, muÅ¡karac, programer, pronalazaÄ, softver, tehnolog
ğŸ‘©â€ğŸ’» koderka, programerka, pronalazaÄica, softver, Å¾ena, Å¾ena tehnolog
ğŸ§‘â€ğŸ¤ glumac, pjevaÄ, rocker, zabavljaÄ, zvijezda
ğŸ‘¨â€ğŸ¤ izvoÄ‘aÄ, pjevaÄ, pjevaÄ muÅ¡karac, roker, zabavljaÄ, zvijezda
ğŸ‘©â€ğŸ¤ izvoÄ‘aÄ, pjevaÄica, roker, zabavljaÄ, zvijezda
ğŸ§‘â€ğŸ¨ slikarska paleta, umjetnik
ğŸ‘¨â€ğŸ¨ muÅ¡karac, paleta, umjetnik
ğŸ‘©â€ğŸ¨ paleta, umjetnica, Å¾ena
ğŸ§‘â€âœˆ avion, pilot
ğŸ‘¨â€âœˆ avion, muÅ¡karac, pilot
ğŸ‘©â€âœˆ avion, pilot, Å¾ena
ğŸ§‘â€ğŸš€ astronaut, raketa
ğŸ‘¨â€ğŸš€ astronaut, muÅ¡karac, raketa
ğŸ‘©â€ğŸš€ astronautkinja, raketa, Å¾ena
ğŸ§‘â€ğŸš’ vatrogasac, vatrogasno vozilo
ğŸ‘¨â€ğŸš’ muÅ¡karac, vatrogasac, vatrogasna kola
ğŸ‘©â€ğŸš’ vatrogasac, vatrogasna kola, Å¾ena
ğŸ‘® policajac, policija, policijski sluÅ¾benik
ğŸ‘®â€â™‚ muÅ¡karac, policajac, policija, sluÅ¾benik
ğŸ‘®â€â™€ policajac, policija, Å¾ena
ğŸ•µ detektiv, muÅ¡karac, Å¡pijun
ğŸ•µâ€â™‚ detektiv, detektiv muÅ¡karac, muÅ¡karac detektiv, Å¡pijun
ğŸ•µâ€â™€ detektiv, detektivka, Å¡pijun, Å¾ena
ğŸ’‚ straÅ¾a, straÅ¾ar
ğŸ’‚â€â™‚ muÅ¡karac, muÅ¡karac straÅ¾ar, straÅ¾a
ğŸ’‚â€â™€ straÅ¾a, straÅ¾arka
ğŸ¥· borac, nindÅ¾a, prikradanje, sakrivanje
ğŸ‘· graÄ‘evina, graÄ‘evinski radnik, graÄ‘evinski radovi, radnik, Å¡ljem
ğŸ‘·â€â™‚ graÄ‘evina, graÄ‘evinski radnik, graÄ‘evinski radnik muÅ¡ko, graÄ‘evinski radovi, radnik, Å¡ljem
ğŸ‘·â€â™€ graÄ‘evina, graÄ‘evinska radnica, graÄ‘evinski radovi, radnik, Å¡ljem
ğŸ¤´ princ
ğŸ‘¸ bajka, fantazija, princeza
ğŸ‘³ osoba s turbanom, turban
ğŸ‘³â€â™‚ muÅ¡karac, muÅ¡karac s turbanom, turban
ğŸ‘³â€â™€ turban, Å¾ena, Å¾ena s turbanom
ğŸ‘² gua pi mao, kaÄket, muÅ¡karac, muÅ¡karac s kineskom kapom
ğŸ§• hidÅ¾ab, pokrivalo, pokrivena Å¾ena, Å¡al
ğŸ¤µ mladoÅ¾enja, muÅ¡karac u smokingu, odijelo, osoba u smokingu, smoking
ğŸ¤µâ€â™‚ muÅ¡karac, muÅ¡karac u smokingu, smoking
ğŸ¤µâ€â™€ smoking, Å¾ena, Å¾ena u smokingu
ğŸ‘° mlada, osoba, osoba s velom, veo, vjenÄanje
ğŸ‘°â€â™‚ muÅ¡karac, muÅ¡karac s velom, veo
ğŸ‘°â€â™€ veo, Å¾ena, Å¾ena s velom
ğŸ¤° trudnica, Å¾ena
ğŸ¤± beba, dojenÄe, dojenje, hranjenje
ğŸ‘©â€ğŸ¼ beba, dojenje, hranjenje, Å¾ena, Å¾ena doji bebu
ğŸ‘¨â€ğŸ¼ beba, dojenje, hranjenje, muÅ¡karac, muÅ¡karac doji bebu
ğŸ§‘â€ğŸ¼ beba, dojenje, hranjenje, osoba, osoba doji bebu, osoba hrani bebu
ğŸ‘¼ anÄ‘elak, anÄ‘eo, bajka, beba, fantazija
ğŸ… boÅ¾iÄ‡, djed mraz, nova godina, praznici
ğŸ¤¶ Baka Mraz, BoÅ¾iÄ‡, Djeda Mraz, Å¾ena
ğŸ§‘â€ğŸ„ Djeda Mraz, boÅ¾iÄ‡, g. Mraz
ğŸ¦¸ dobro, heroina, heroj, superheroj, supermoÄ‡
ğŸ¦¸â€â™‚ dobro, heroj, muÅ¡karac, superheroj muÅ¡karac, supermoÄ‡
ğŸ¦¸â€â™€ dobro, heroina, heroj, superheroj Å¾ena, supermoÄ‡
ğŸ¦¹ kriminalac, super zlikovac, supermoÄ‡, zlikovac, zlo
ğŸ¦¹â€â™‚ kriminalac, muÅ¡karac, muÅ¡karac super zlikovac, supermoÄ‡, zlikovac, zlo
ğŸ¦¹â€â™€ kriminalac, supermoÄ‡, Å¾ena super zlikovac, zlikovac, zlo
ğŸ§™ Äarobnjak, Äarobnjakinja, mag, vjeÅ¡tica, vraÄ
ğŸ§™â€â™‚ Äarobnjak, mag, muÅ¡karac Äarobnjak
ğŸ§™â€â™€ Äarobnica, vjeÅ¡tica, Å¾ena Äarobnjak
ğŸ§š Oberon, Puck, Titania, vila
ğŸ§šâ€â™‚ Oberon, Puck, vilenjak
ğŸ§šâ€â™€ Titania, Å¾ena vila
ğŸ§› Drakula, vampir, Å¾ivi mrtvac
ğŸ§›â€â™‚ Drakula, muÅ¡karac vampir, Å¾ivi mrtvac
ğŸ§›â€â™€ vampirica, Å¾ivi mrtvac
ğŸ§œ muÅ¡karac, sirena, Å¾ena
ğŸ§œâ€â™‚ muÅ¡karac sirena, Triton
ğŸ§œâ€â™€ sirena, Å¾ena
ğŸ§ magija, patuljak
ğŸ§â€â™‚ magija, muÅ¡karac patuljak
ğŸ§â€â™€ magija, Å¾ena patuljak
ğŸ§ duh iz boce, dÅ¾in
ğŸ§â€â™‚ dÅ¾in, muÅ¡karac duh iz boce
ğŸ§â€â™€ dÅ¾in, Å¾ena duh iz boce
ğŸ§Ÿ hodajuÄ‡i mrtvac, Å¾ivi mrtvac, zombi
ğŸ§Ÿâ€â™‚ hodajuÄ‡i mrtvac, muÅ¡karac zombi, Å¾ivi mrtvac
ğŸ§Ÿâ€â™€ hodajuÄ‡i mrtvac, Å¾ena zombi, Å¾ivi mrtvac
ğŸ’† lice, masaÅ¾a, osoba prima masaÅ¾u, salon
ğŸ’†â€â™‚ lice, masaÅ¾a, muÅ¡karac, muÅ¡karac prima masaÅ¾u, muÅ¡karac prima masaÅ¾u lica
ğŸ’†â€â™€ lice, masaÅ¾a, Å¾ena, Å¾ena prima masaÅ¾u, Å¾ena prima masaÅ¾u lica
ğŸ’‡ berber, frizer, frizura, Å¡iÅ¡anje osobe, uljepÅ¡avanje
ğŸ’‡â€â™‚ frizura, muÅ¡karac, Å¡iÅ¡anje muÅ¡karca
ğŸ’‡â€â™€ frizura, Å¡iÅ¡anje Å¾ene, Å¾ena
ğŸš¶ hodanje, osoba hoda, Å¡etanje
ğŸš¶â€â™‚ hodanje, muÅ¡karac, muÅ¡karac hoda, Å¡etanje
ğŸš¶â€â™€ hodanje, Å¡etanje, Å¾ena, Å¾ena hoda
ğŸ§ osoba stoji, stojanje, stojati
ğŸ§â€â™‚ Äovjek, stoji
ğŸ§â€â™€ stoji, Å¾ena
ğŸ§ kleÄanje, kleÄati, osoba kleÄi
ğŸ§â€â™‚ kleÄi, muÅ¡karac
ğŸ§â€â™€ Å¾ena kleÄi
ğŸ§‘â€ğŸ¦¯ osoba sa Å¡tapom za hodanje, pomagalo, sljepoÄ‡a
ğŸ‘¨â€ğŸ¦¯ muÅ¡karac, muÅ¡karac sa Å¡tapom za hodanje, pomagalo, slijep
ğŸ‘©â€ğŸ¦¯ pomagalo, slijepa, Å¾ena, Å¾ena sa Å¡tapom za hodanje
ğŸ§‘â€ğŸ¦¼ invalidska kolica, osoba u motornim invalidskim kolicima, pomagalo
ğŸ‘¨â€ğŸ¦¼ motorna invalidska kolica, muÅ¡karac, muÅ¡karac u motornim invalidskim kolicima, pomagalo
ğŸ‘©â€ğŸ¦¼ motorna invalidska kolica, pomagalo, Å¾ena, Å¾ena u motornim invalidskim kolicima
ğŸ§‘â€ğŸ¦½ invalidska kolica, osoba u invalidskim kolicima, pomagalo
ğŸ‘¨â€ğŸ¦½ invalidska kolica, muÅ¡karac, muÅ¡karac u invalidskim kolicima, pomagalo
ğŸ‘©â€ğŸ¦½ invalidska kolica, pomagalo, Å¾ena, Å¾ena u invalidskim kolicima
ğŸƒ maraton, osoba trÄi, trÄanje, trka
ğŸƒâ€â™‚ maraton, muÅ¡karac, muÅ¡karac trÄi, trÄanje, trka
ğŸƒâ€â™€ maraton, trÄanje, trka, Å¾ena, Å¾ena trÄi
ğŸ’ƒ ples, plesanje, Å¾ena pleÅ¡e
ğŸ•º Äovjek, plesanje
ğŸ•´ odijelo, osoba, osoba u odijelu levitira, posao
ğŸ‘¯ grupa, osobe u provodu, ples, provod
ğŸ‘¯â€â™‚ muÅ¡karac, muÅ¡karac u provodu, muÅ¡karci u provodu, ples, provod
ğŸ‘¯â€â™€ ples, provod, Å¾ena, Å¾ena u provodu, Å¾ene u provodu
ğŸ§– osoba u prostoriji s parom, para, sauna
ğŸ§–â€â™‚ muÅ¡karac u prostoriji s parom, para, sauna
ğŸ§–â€â™€ para, sauna, Å¾ena u prostoriji s parom
ğŸ§— osoba koja se penje, penjaÄ
ğŸ§—â€â™‚ muÅ¡karac koji se penje, penjaÄ
ğŸ§—â€â™€ penjaÄica, Å¾ena koja se penje
ğŸ¤º maÄ, maÄevalac, maÄevanje, osoba, sport
ğŸ‡ konj, konjska trka, trka konja, trkaÄ‡i konj
â›· skijanje, skijaÅ¡, snijeg, sport
ğŸ‚ daska, daskanje, daskanje na snijegu, snijeg
ğŸŒ golf, osoba igra golf
ğŸŒâ€â™‚ golf, golfer, muÅ¡karac
ğŸŒâ€â™€ golf, golferka, Å¾ena
ğŸ„ osoba surfa, surfanje
ğŸ„â€â™‚ surfanje, surfer
ğŸ„â€â™€ surfanje, surferka
ğŸš£ Äamac, osoba vesla, veslanje
ğŸš£â€â™‚ Äamac, muÅ¡karac, veslaÄ, veslanje
ğŸš£â€â™€ Äamac, veslaÄica, veslanje, Å¾ena
ğŸŠ osoba pliva, plivanje
ğŸŠâ€â™‚ muÅ¡karac, plivaÄ, plivanje
ğŸŠâ€â™€ plivaÄica, plivanje, Å¾ena
â›¹ lopta, osoba s loptom
â›¹â€â™‚ lopta, muÅ¡karac, muÅ¡karac s loptom
â›¹â€â™€ lopta, Å¾ena, Å¾ena s loptom
ğŸ‹ dizaÄ tegova, osoba diÅ¾e tegove, tegovi, teÅ¾ina
ğŸ‹â€â™‚ dizaÄ tegova, muÅ¡karac, tegovi, teÅ¾ina
ğŸ‹â€â™€ dizaÄ tegova, dizaÄica tegova, tegovi, teÅ¾ina, Å¾ena
ğŸš´ bicikl, biciklizam, osoba na biciklu
ğŸš´â€â™‚ bicikl, biciklista, biciklizam, muÅ¡karac
ğŸš´â€â™€ bicikl, biciklistkinja, biciklizam, Å¾ena
ğŸšµ bicikl, biciklizam, brdski, osoba u brdskom biciklizmu
ğŸšµâ€â™‚ bicikl, biciklizam, brdski bicklista, muÅ¡karac, planina
ğŸšµâ€â™€ bicikl, biciklizam, brdska bicklistkinja, planina, Å¾ena
ğŸ¤¸ gimnastika, osoba, osoba pravi premet, sport, zvijezda
ğŸ¤¸â€â™‚ gimnastika, muÅ¡karac, muÅ¡karac pravi premet, premet
ğŸ¤¸â€â™€ gimnastika, premet, Å¾ena, Å¾ena pravi premet
ğŸ¤¼ hrvaÄ, hrvanje, osoba, sport
ğŸ¤¼â€â™‚ hrvaÄ, hrvanje, muÅ¡karac
ğŸ¤¼â€â™€ hrvaÄica, hrvanje, Å¾ena
ğŸ¤½ osoba, polo, sport, vaterpolo, voda
ğŸ¤½â€â™‚ lopta, muÅ¡karac, vaterpolista, vaterpolo, voda
ğŸ¤½â€â™€ lopta, vaterpolistkinja, vaterpolo, voda, Å¾ena
ğŸ¤¾ lopta, osoba, osoba igra rukomet, rukomet, sport
ğŸ¤¾â€â™‚ lopta, muÅ¡karac, muÅ¡karac igra rukomet, rukomet
ğŸ¤¾â€â™€ lopta, rukomet, Å¾ena, Å¾ena igra rukomet
ğŸ¤¹ balansiranje, multitasking, vjeÅ¡tina, Å¾ongliranje
ğŸ¤¹â€â™‚ cirkus, Å¾ongler, Å¾ongliranje
ğŸ¤¹â€â™€ cirkus, Å¾onglerka, Å¾ongliranje
ğŸ§˜ joga, meditacija, osoba u poloÅ¾aju lotosa
ğŸ§˜â€â™‚ joga, meditacija, muÅ¡karac u poloÅ¾aju lotosa
ğŸ§˜â€â™€ joga, meditacija, Å¾ena u poloÅ¾aju lotosa
ğŸ›€ kada, kupanje
ğŸ›Œ hotel, osoba u krevetu, spavanje
ğŸ§‘â€ğŸ¤â€ğŸ§‘ drÅ¾anje za ruke, ljudi se drÅ¾e za ruke, par, ruka
ğŸ‘­ drÅ¾anje za ruke, par, Å¾ene, Å¾ene se drÅ¾e za ruke
ğŸ‘« drÅ¾anje za ruke, muÅ¡karac, muÅ¡karac i Å¾ena se drÅ¾e za ruke, par, Å¾ena
ğŸ‘¬ blizanci, drÅ¾anje za ruke, dva muÅ¡karca se drÅ¾e za ruke, muÅ¡karac, muÅ¡karci se drÅ¾e za ruke, par
ğŸ’ par, poljubac
ğŸ’‘ ljubav, par, par i srce, srce
ğŸ‘ª dijete, majka, otac, porodica
ğŸ—£ govor, silueta, silueta glave koja govori
ğŸ‘¤ glava, ramena, silueta, silueta glave s ramenima
ğŸ‘¥ glava, ramena, silueta, siluete glave s ramenima
ğŸ«‚ doviÄ‘enja, grljenje, ljudi se grle, pozdrav, zahvaljivanje
ğŸ‘£ dio tijela, otisak, otisci stopala, stopala
ğŸ¦° crvena kosa, crvenokos, crvenokosa, riÄ‘a, riÄ‘ast
ğŸ¦± afro, kovrdÅ¾av, kovrdÅ¾ava, kovrdÅ¾ava kosa, kovrdÅ¾e, uvojci
ğŸ¦³ sijed, sijeda, sijeda kosa, sivo, star, stara
ğŸ¦² bez kose, Ä‡elavo, hemoterapija, obrijan, obrijana, obrijano
ğŸµ glava, glava majmuna, majmun
ğŸ’ majmun
ğŸ¦ gorila, Å¾ivotinja
ğŸ¦§ bezrepi majmun, majmun, orangutan
ğŸ¶ glava, glava psa, ljubimac, pas
ğŸ• ljubimac, pas
ğŸ¦® pas vodiÄ, pristup, slijep, vodiÄ
ğŸ•â€ğŸ¦º pas, pomagaÄ, pomoÄ‡, pristup
ğŸ© pas, pudlica
ğŸº lice, vuk
ğŸ¦Š lice, lisica
ğŸ¦ lisica, lukav, rakun, znatiÅ¾eljan
ğŸ± glava, glava maÄke, ljubimac, maÄka
ğŸˆ ljubimac, maÄka
ğŸˆâ€â¬› crna maÄka, crno, loÅ¡a sreÄ‡a, maÄka
ğŸ¦ glava lava, horoskop, lav
ğŸ¯ glava, glava tigra, tigar
ğŸ… tigar
ğŸ† leopard
ğŸ´ glava, glava konja, konj
ğŸ konj, trkaÄi konj, trkanje
ğŸ¦„ glava, jednorog
ğŸ¦“ linije, zebra
ğŸ¦Œ jelen, Å¾ivotinja
ğŸ¦¬ bizon, divlji vo, evropski bizon, stado
ğŸ® glava, glava krave, krava
ğŸ‚ bik, horoskop, vo
ğŸƒ bivo, voda
ğŸ„ krava
ğŸ· glava, glava svinje, svinja
ğŸ– krmaÄa, svinja
ğŸ— svinja, vepar
ğŸ½ nos, svinja, svinjski nos
ğŸ horoskop, muÅ¾jak, ovan
ğŸ‘ ovca, Å¾enka
ğŸ jarac, koza
ğŸª grba, jednogrba kamila, kamila
ğŸ« dvogrba kamila, grba, kamila
ğŸ¦™ alpaka, guanaco, lama, vicuna, vuna
ğŸ¦’ taÄke, Å¾irafa
ğŸ˜ slon
ğŸ¦£ izumiranje, kljova, mamut, veliko, vuneno
ğŸ¦ nosorog, Å¾ivotinja
ğŸ¦› hippo, hippopotamus, nilski konj
ğŸ­ glava, glava miÅ¡a, miÅ¡
ğŸ miÅ¡
ğŸ€ pacov
ğŸ¹ glava hrÄka, hrÄak, ljubimac
ğŸ° glava zeca, ljubimac, zec, zeko
ğŸ‡ ljubimac, zec, zeko
ğŸ¿ vjeverica
ğŸ¦« brana, dabar
ğŸ¦” bodlje, jeÅ¾
ğŸ¦‡ Å¡iÅ¡miÅ¡, vampir, Å¾ivotinja
ğŸ» glava medvjeda, medvjed
ğŸ»â€â„ arktiÄki, bijelo, medvjed, polarni medvjed
ğŸ¨ koala, medvjed
ğŸ¼ glava pande, panda
ğŸ¦¥ lijen, ljenivac, spor, trom
ğŸ¦¦ lovljenje riba, razigranost, vidra
ğŸ¦¨ smrad, tvor
ğŸ¦˜ Australija, kengur, skok, torbar
ğŸ¦¡ jazavac, medojedni jazavac, Å¡tetoÄina
ğŸ¾ otisak, otisci Å¡apa, Å¡apa, stopalo
ğŸ¦ƒ Ä‡urka, ptica
ğŸ” kokoÅ¡, ptica
ğŸ“ pijetao, ptica
ğŸ£ beba, izleglo, pile, ptica
ğŸ¤ beba, pile, ptica
ğŸ¥ beba, pile, portet pileta
ğŸ¦ ptica
ğŸ§ pingvin, ptica
ğŸ•Š golubica, let, mir, ptica
ğŸ¦… orao, ptica
ğŸ¦† patka, ptica
ğŸ¦¢ labud, mladi labud, ptica, ruÅ¾no paÄe
ğŸ¦‰ mudrost, ptica, sova
ğŸ¦¤ dodo, izumiranje, Mauricijus, veliki dodo
ğŸª¶ lagano, let, perje, pero, ptica
ğŸ¦© flamingo, kitnjast, tropska ptica, tropski
ğŸ¦š hvalisav, paun, ponosan, ptica, Å¡epurenje
ğŸ¦œ papagaj, papiga, priÄanje, ptica
ğŸ¸ glava Å¾abe, Å¾aba
ğŸŠ krokodil
ğŸ¢ kornjaÄa
ğŸ¦ guÅ¡ter, reptil
ğŸ horoskopski znak, nositelj, zmija, zmijonosac
ğŸ² bajka, glava zmaja, lice, zmaj
ğŸ‰ bajka, zmaj
ğŸ¦• brahiosaurus, brontosaurus, diplodok, sauropod
ğŸ¦– T-Rex, Tiranosaurus Reks
ğŸ³ izdiÅ¡e, kit, kit koji izdiÅ¡e
ğŸ‹ kit
ğŸ¬ delfin
ğŸ¦­ foka, morski lav
ğŸŸ riba, ribe
ğŸ  riba, tropska
ğŸ¡ napuhaÄa, riba
ğŸ¦ˆ ajkula, riba
ğŸ™ hobotnica
ğŸš Å¡koljka, spirala, spiralna Å¡koljka
ğŸŒ puÅ¾
ğŸ¦‹ insekt, leptir, ljepota
ğŸ› buba, insekt
ğŸœ insekt, mrav
ğŸ insekt, pÄela
ğŸª² buba, insekt, tvrdokrilac
ğŸ buba, bubamara, insekt
ğŸ¦— cvrÄak, skakavac
ğŸª³ bubaÅ¡vaba, insekt, Å¡tetoÄina, Å¾ohar
ğŸ•· insekt, pauk
ğŸ•¸ mreÅ¾a, pauk, paukova mreÅ¾a
ğŸ¦‚ horoskopski znak, Å¡korpija, Å¡korpion
ğŸ¦Ÿ bolest, groznica, komarac, malarija, virus
ğŸª° bolest, larva, muha, Å¡tetoÄina, truljenje
ğŸª± crv, glista, kiÅ¡na glista, kiÅ¡ni crv, parazit, prstenasta glista, prstenasti crv
ğŸ¦  ameba, bakterija, mikrob, virus
ğŸ’ biljka, buket, cvijet
ğŸŒ¸ behar, biljka, cvijet, cvijet viÅ¡nje
ğŸ’® bijeli cvijet, cvijet
ğŸµ biljka, rozeta
ğŸŒ¹ biljka, cvijet, ruÅ¾a
ğŸ¥€ cvijet, uveli cvijet, uvelo
ğŸŒº biljka, cvijet, hibiskus
ğŸŒ» biljka, cvijet, sunce, suncokret
ğŸŒ¼ biljka, cvijet, procvjetati
ğŸŒ· biljka, cvijet, tulipan
ğŸŒ± biljka, rasad, sjeme
ğŸª´ beskorisno, biljka, biljka u saksiji, dosadno, kuÄ‡a, raste, zalijevanje
ğŸŒ² biljka, drvo, zimzelen
ğŸŒ³ bjelogorica, bjelogoriÄno drvo, drvo, hrast, listopadno
ğŸŒ´ drvo, palma
ğŸŒµ biljka, kaktus
ğŸŒ¾ biljka, riÅ¾a, snop, snop riÅ¾e, zrno
ğŸŒ¿ bijka, list, ljekovita biljka
â˜˜ biljka, djetelina
ğŸ€ biljka, Äetiri, djetelina, djetelina s Äetiri lista, list
ğŸ hrast, javor, javorov list, list, opada
ğŸ‚ biljka, liÅ¡Äe, opada, opao list
ğŸƒ leprÅ¡anje, list, list leprÅ¡a, puhanje, vjetar
ğŸ‡ biljka, grozd, groÅ¾Ä‘e, voÄ‡e
ğŸˆ biljka, dinja, voÄ‡e
ğŸ‰ biljka, lubenica, voÄ‡e
ğŸŠ biljka, mandarina, narandÅ¾a, voÄ‡e
ğŸ‹ biljka, citrus, limun, voÄ‡e
ğŸŒ banana, biljka, voÄ‡e
ğŸ ananas, biljka, voÄ‡e
ğŸ¥­ mango, tropsko, voÄ‡e
ğŸ biljka, crvena, jabuka, voÄ‡e
ğŸ biljka, jabuka, voÄ‡e, zelena
ğŸ biljka, kruÅ¡ka, voÄ‡e
ğŸ‘ biljka, breskva, voÄ‡e
ğŸ’ biljka, treÅ¡nja, treÅ¡nje, voÄ‡e
ğŸ“ biljka, bobica, jagoda, voÄ‡e
ğŸ« bobica, bobiÄasto voÄ‡e, borovnica, borovnice, plavo
ğŸ¥ hrana, kivi, voÄ‡e
ğŸ… biljka, paradajz, povrÄ‡e
ğŸ«’ hrana, maslina
ğŸ¥¥ kokos, palma, pinja kolada
ğŸ¥‘ avokado, hrana, voÄ‡e
ğŸ† biljka, patlidÅ¾an, plavi, povrÄ‡e
ğŸ¥” hrana, krompir, povrÄ‡e
ğŸ¥• hrana, mrkva, povrÄ‡e
ğŸŒ½ biljka, klas, kukuruz
ğŸŒ¶ feferon, ljuta paprika, ljuti feferon
ğŸ«‘ babura, paprika, povrÄ‡e
ğŸ¥’ hrana, kiseli krastavac, krastavac, povrÄ‡e
ğŸ¥¬ kelj, kupus, lisnato povrÄ‡e, zelena salata
ğŸ¥¦ brokula, divlji kupus
ğŸ§„ bijeli luk, zaÄinjavanje hrane
ğŸ§… luk, zaÄinjavanje hrane
ğŸ„ biljka, gljiva
ğŸ¥œ grickalice, hrana, kikiriki, povrÄ‡e
ğŸŒ° biljka, kesten
ğŸ hljeb, Å¡truca
ğŸ¥ doruÄak, francusko, hljeb, hrana, kifla, kroasan
ğŸ¥– baget, francuski, hljeb, hrana
ğŸ«“ hrskave lepinice, lepine, lepinica, lepinice, zemiÄke
ğŸ¥¨ perec, savijeno
ğŸ¥¯ Ä‘evrek, doruÄak, pecivo, zemiÄka
ğŸ¥ crepe, doruÄak, hrana, palaÄinke
ğŸ§‡ blebetanje, doruÄak, neodluÄnost, vafl
ğŸ§€ komad sira, sir
ğŸ– kost, meso, meso na kostima
ğŸ— batak, kost, noga, perad, piletina
ğŸ¥© janjeÄ‡i odrezak, odrezak, odrezak mesa, stejk, svinjski odrezak
ğŸ¥“ doruÄak, hrana, meso, slanina
ğŸ” burger, hamburger
ğŸŸ pomfrit
ğŸ• komad, pizza, sir
ğŸŒ­ hot dog, hrenovka, kobasica
ğŸ¥ª hljeb, sendviÄ
ğŸŒ® meksiÄka, tortilja
ğŸŒ¯ burito, meksiÄka
ğŸ«” meksiÄka kuhinja, smotuljci, tamale
ğŸ¥™ falafel, giros, hrana, kebab, lepinja, punjeno
ğŸ§† falafel, leblebije, okruglice od leblebija
ğŸ¥š doruÄak, hrana, jaje
ğŸ³ doruÄak, jaje, kuhanje, peÄenje, tava
ğŸ¥˜ hrana, plitko, tava, tava s hranom, tepsija
ğŸ² lonac, lonac hrane, paprikaÅ¡
ğŸ«• Äokolada, fondue, istopljeno, lonac, sir, Å¡vicarska kuhinja
ğŸ¥£ doruÄak, zdjela s kaÅ¡ikom, Å¾itarice
ğŸ¥— hrana, salata, zelena salata
ğŸ¿ kokice
ğŸ§ˆ mlijeÄni proizvodi, puter
ğŸ§‚ slanik, so, zaÄin
ğŸ¥« konzerva, konzervirana hrana
ğŸ± bento, kutija
ğŸ˜ kreker, kreker od riÅ¾e
ğŸ™ japanska, kugla, kugla od riÅ¾e, riÅ¾a
ğŸš kuhana, riÅ¾a
ğŸ› kari, riÅ¾a
ğŸœ Äinija, knedla, posuda, posuda na paru, rezanci
ğŸ pasta, Å¡pageti
ğŸ  krompir, peÄeni, slatki
ğŸ¢ kebab, oden, plodovi mora, raÅ¾njiÄ‡
ğŸ£ suÅ¡i
ğŸ¤ kozice, prÅ¾eni Å¡kampi, prÅ¾eno, Å¡kampi, tempura
ğŸ¥ kolaÄ, riba, riblji rolat, smotuljak, spirala
ğŸ¥® festival, jesen, mjeseÄev kolaÄ, yuebing
ğŸ¡ dango, desert, japanski, slatko, Å¡tapiÄ‡
ğŸ¥Ÿ knedla, okruglica
ğŸ¥  kolaÄiÄ‡ sreÄ‡e, proroÄanstvo
ğŸ¥¡ kutija, kutija s hranom za ponijeti, pakovanje
ğŸ¦€ horoskopski znak, rak
ğŸ¦ jastog, kljeÅ¡ta, morski plodovi
ğŸ¦ hrana, raÄiÄ‡, Å¡kamp, Å¡koljka
ğŸ¦‘ hrana, lignja, mekuÅ¡ac
ğŸ¦ª biser, kamenica, ronjenje, Å¡koljka
ğŸ¦ desert, krema, led, sladoled, sladoled na toÄenje
ğŸ§ desert, havajski sladoled, led, sladoled
ğŸ¨ desert, krema, sladoled, slatko
ğŸ© desert, doruÄak, krofna, slatko
ğŸª desert, kolaÄiÄ‡, slatko
ğŸ‚ desert, roÄ‘endan, roÄ‘endanska torta, slavlje, torta
ğŸ° kolaÄ, kolaÄ s biskvitom, komad, slatko, torta
ğŸ§ kolaÄi, mafin, slatkiÅ¡i
ğŸ¥§ fil, kolaÄ, pecivo, slatka pita
ğŸ« Äokolada, Äokoladica, desert, slatko
ğŸ¬ bombona, desert, slatko
ğŸ­ desert, lizalo, slatkiÅ¡, slatko
ğŸ® desert, krema, puding, slatko
ğŸ¯ med, slatko, tegla, tegla meda
ğŸ¼ beba, flaÅ¡ica, flaÅ¡ica za bebu, mlijeko, piÄ‡e
ğŸ¥› ÄaÅ¡a, ÄaÅ¡a mlijeka, mlijeko, piÄ‡e
â˜• Äaj, kafa, napitak, para, topli napitak, toplo
ğŸ«– Äaj, Äajnik, napitak, topli napitak
ğŸµ Äaj, napitak, Å¡olja, Å¡olja za Äaj, Å¡olja za Äaj bez drÅ¡ke
ğŸ¶ boca, napitak, piÄ‡e, sake, Å¡olja
ğŸ¾ boca, boca s plutanim Äepom koji iskaÄe, Äep, piÄ‡e, Å¡ank
ğŸ· ÄaÅ¡a, ÄaÅ¡a vina, piÄ‡e, Å¡ank, vino
ğŸ¸ ÄaÅ¡a, koktel, piÄ‡e, Å¡ank
ğŸ¹ piÄ‡e, Å¡ank, tropsko
ğŸº krigla, krigla piva, piÄ‡e, pivo, Å¡ank
ğŸ» krigla, kuckanje, nazdravljanje kriglama piva, piÄ‡e, pivo
ğŸ¥‚ ÄaÅ¡a, kucnuti, piÄ‡e, slavlje, uzdravlje
ğŸ¥ƒ ÄaÅ¡a, ÄaÅ¡ica za Å¾estoko piÄ‡e, piÄ‡e, viski, Å¾estoko
ğŸ¥¤ ÄaÅ¡a sa slamkom, sok
ğŸ§‹ boba Äaj, Äaj, kuglice, mjehuriÄ‡i, mlijeko
ğŸ§ƒ gusti sok u tetrapaku, piÄ‡e, slamka, slatko, sok u tetrapaku
ğŸ§‰ mate Äaj, topli napitak
ğŸ§Š kocka leda, ledeno
ğŸ¥¢ haÅ¡i, Å¡tapiÄ‡i
ğŸ½ kuhanje, noÅ¾, tanjir, viljuÅ¡ka, viljuÅ¡ka i noÅ¾ uz tanjir
ğŸ´ escajg, kuhanje, noÅ¾, viljuÅ¡ka, viljuÅ¡ka i noÅ¾
ğŸ¥„ escajg, kaÅ¡ika
ğŸ”ª alat, kuhanje, kuhinjski noÅ¾, noÅ¾, oruÅ¾je
ğŸº amfora, Ä‡up, horoskopski znak, kuhanje, piÄ‡e
ğŸŒ globus, globus prikazuje Evropu i Afriku, kugla, svijet, Zemlja
ğŸŒ Amerika, globus prikazuje Sjevernu i JuÅ¾nu Ameriku, svijet, zemaljska kugla, Zemlja
ğŸŒ globus, globus pokazuje Aziju i Australiju, svijet, zemaljska kugla, Zemlja
ğŸŒ globus s meridijanima, meridijani, svijet, zemaljska kugla, Zemlja
ğŸ—º karta, karta svijeta, mapa, svijet
ğŸ—¾ Japan, karta, karta Japana
ğŸ§­ kompas, navigacija, orijentacija
ğŸ” hladan, planina, snijeg, snijeÅ¾ni planinski vrh
â›° planina
ğŸŒ‹ erupcija, planina, vrijeme, vulkan
ğŸ—» fudÅ¾i, planina
ğŸ• kamp, kampovanje
ğŸ– plaÅ¾a, plaÅ¾a sa suncobranom, suncobran
ğŸœ pustinja
ğŸ otok, pusti otok, pustinja
ğŸ nacionalni park, park
ğŸŸ stadion
ğŸ› klasiÄna zgrada, klasika, zgrada
ğŸ— graÄ‘evina, zgrada
ğŸ§± cigla, cigle, glina, malter, zid
ğŸª¨ Ävrsto, gromada, kamen, stijena, teÅ¡ko
ğŸªµ cjepanica, drvo, greda, klada
ğŸ›– koliba, kuÄ‡a, kuÄ‡a od slame, slamnata kuÄ‡a
ğŸ˜ kuÄ‡a, kuÄ‡e, zgrada
ğŸš kuÄ‡a, napuÅ¡tena, zgrada
ğŸ  dom, kuÄ‡a, zgrada
ğŸ¡ baÅ¡ta, dom, kuÄ‡a, kuÄ‡a s okuÄ‡nicom, zgrada
ğŸ¢ poslovna zgrada, zgrada
ğŸ£ japanska, poÅ¡ta, zgrada
ğŸ¤ evropska, poÅ¡ta, zgrada
ğŸ¥ bolnica, doktor, medicina, zgrada
ğŸ¦ banka, zgrada
ğŸ¨ hotel, zgrada
ğŸ© hotel, javna kuÄ‡a, ljubav
ğŸª dragstor, prodavnica
ğŸ« Å¡kola, zgrada
ğŸ¬ kuÄ‡a, robna, zgrada
ğŸ­ fabrika, tvornica, zgrada
ğŸ¯ japanski, zamak, zgrada
ğŸ° dvorac, evropski, zgrada
ğŸ’’ kapela, romantika, vjenÄanje
ğŸ—¼ tokijski toranj, tokio, toranj
ğŸ—½ kip, kip slobode, sloboda
â›ª crkva, katolicizam, krst, religija, zgrada
ğŸ•Œ dÅ¾amija, islam, musliman, religija
ğŸ›• hinduistiÄki hram, hinduizam, hram
ğŸ• hram, religija, sinagoga, Å¾idov
â›© oltar, religija, shinto
ğŸ•‹ islam, kaba, musliman, religija
â›² fontana
â›º kampovanje, Å¡ator
ğŸŒ magla, maglovito, vrijeme
ğŸŒƒ noÄ‡, vrijeme, zvijezda, zvjezdana noÄ‡
ğŸ™ grad, pogled na grad, zgrada
ğŸŒ„ izlazak sunca, izlazak sunca preko planina, jutro, planina, sunce
ğŸŒ… izlazak sunca, jutro, sunce, vrijeme
ğŸŒ† grad, pejzaÅ¾, pogled na grad u sumrak, sumrak, veÄer
ğŸŒ‡ sumrak, sunce, vrijeme, zalazak sunca, zgrada
ğŸŒ‰ most, most noÄ‡u, noÄ‡, vrijeme
â™¨ izvor, izvori vruÄ‡e vode, para, vruÄ‡, vruÄ‡ina
ğŸ  konjiÄ‡, vrteÅ¡ka
ğŸ¡ ringiÅ¡pil, zabavni park
ğŸ¢ tobogan smrti, voz, voz smrti, zabavni park
ğŸ’ˆ berbernica, oznaka berbernice, Å¡iÅ¡anje, znak
ğŸª cirkus, cirkuski Å¡ator, Å¡ator
ğŸš‚ lokomotiva, motor, para, pruga, voz
ğŸšƒ pruga, Å¡ina, vagon, voz, Å¾eljeznica
ğŸš„ brzi voz, brzina, voz, vozilo, Å¾eljeznica
ğŸš… brzi voz metak, brzi voz-metak, pruga, voz, vozilo, Å¾eljeznica
ğŸš† voz, vozilo, Å¾eljeznica
ğŸš‡ metro, podzemna, Å¾eljeznica
ğŸšˆ svjetlosna pruga, vozilo, Å¾eljeznica
ğŸš‰ stanica, voz, vozilo, Å¾eljeznica
ğŸšŠ tramvaj, trolejbus, vozilo
ğŸš pruga s jednom traÄnicom, vozilo
ğŸš planina, pruga kroz tunel, voz, vozilo, Å¾eljeznica
ğŸš‹ pruga, tramvajska kola, trolejbus, vozilo, Å¾eljeznica
ğŸšŒ autobus, vozilo
ğŸš autobus, dolazeÄ‡i autobus, dolazi, vozilo
ğŸš trolejbus, vozilo
ğŸš bus, minibus
ğŸš‘ sanitet, vozilo
ğŸš’ kamion, vatra, vatrogasna kola, vozilo
ğŸš“ auto, patrola, policija, policijska kola, vozilo
ğŸš” auto, dolazeÄ‡a policijska kola, policija, vozilo
ğŸš• taksi, vozilo
ğŸš– dolazeÄ‡i taksi, taksi
ğŸš— auto, automobil, vozilo
ğŸš˜ auto, automobil, dolazeÄ‡i automobil
ğŸš™ dÅ¾ip, terenac, terensko, vozilo
ğŸ›» kamionet, pick-up, teretno vozilo
ğŸšš dostava, dostavno vozilo, kamion
ğŸš› kamion, teret, teretni kamion, vozilo
ğŸšœ traktor, vozilo
ğŸ auto, trkaÄ‡i automobil, utrka
ğŸ motor, utrka
ğŸ›µ motor, skuter
ğŸ¦½ pomagalo, ruÄna invalidska kolica
ğŸ¦¼ elektromotorna invalidska kolica, elektromotorno pomagalo
ğŸ›º auto-rikÅ¡a, tuk-tuk vozilo
ğŸš² bajk, biciklo
ğŸ›´ noga, romobil
ğŸ›¹ daska, skateboard
ğŸ›¼ roleri, rolÅ¡ua, rolÅ¡ue
ğŸš autobuska stanica, bus, stajaliÅ¡te, stanica
ğŸ›£ autoput, cesta
ğŸ›¤ pruga, voz, Å¾eljeznica
ğŸ›¢ baÄva, bure, ulje
â›½ benzin, benzinska pumpa, dizel, gorivo, pumpa, stanica
ğŸš¨ auto, policija, rotacija, sijalica, vozilo
ğŸš¥ horizontalni semafor, saobraÄ‡aj, signalizacija, svjetlo
ğŸš¦ saobraÄ‡aj, semafor, signalizacija, svjetlo
ğŸ›‘ osmougao, stop, znak
ğŸš§ barijera, konstrukcija
âš“ alat, brod, sidro
â›µ Äamac, jahta, jedrilica, more, odmaraliÅ¡te
ğŸ›¶ Äamac, kanu
ğŸš¤ Äamac, gliser, vozilo
ğŸ›³ brod, putniÄki brod, putnik
â›´ brod, Äamac, trajekt
ğŸ›¥ Äamac, motor, motorni Äamac, vozilo
ğŸš¢ brod, vozilo
âœˆ avion, vozilo
ğŸ›© avion, mali avion, vozilo
ğŸ›« avion, odlazak, prijavljivanje, uzlijetanje
ğŸ›¬ avion, dolazak, slijetanje
ğŸª‚ letenje zmajem, padobran, parasailing, skakanje padobranom
ğŸ’º sjedalo, sjediÅ¡te
ğŸš helikopter, vozilo
ğŸšŸ viseÄ‡a, viseÄ‡i voz, Å¾eljeznica
ğŸš  gondola, kabl, planina, Å¾iÄara
ğŸš¡ kabl, tramvaj, uÅ¾e, zraÄni
ğŸ›° satelit, svemir
ğŸš€ raketa, svemir
ğŸ›¸ leteÄ‡i tanjir, NLO
ğŸ› hotel, ruÄno zvono, zvono
ğŸ§³ pakovanje, prtljag, putovanje
âŒ› pijesak, pjeÅ¡Äani sat, tajmer
â³ pijesak, pjeÅ¡Äani sat, pjeÅ¡Äani sat s tekuÄ‡im pijeskom, tajmer
âŒš ruÄni sat, sat
â° alarm, budilnik, sat
â± sat, Å¡toperica
â² sat, tajmer
ğŸ•° drveni sat, sat
ğŸ•› 00:00, 12:00, dvanaest sati, sat, sati
ğŸ•§ 00:30, 12:30, dvanaest i trideset, sat, sati
ğŸ• 01:00, 13:00, jedan sat, sat, sati
ğŸ•œ 01:30, 13:30, jedan i trideset, sat, sati
ğŸ•‘ 02:00, 14:00, dva sata, sat, sati
ğŸ• 02:30, 14:30, dva i trideset, sat, sati
ğŸ•’ 03:00, 15:00, sat, sati, tri sata
ğŸ• 03:30, 15:30, sat, sati, tri i trideset
ğŸ•“ 04:00, 16:00, Äetiri sata, sat, sati
ğŸ•Ÿ 04:30, 16:30, Äetiri i trideset, sat, sati
ğŸ•” 05:00, 17:00, pet sati, sat, sati
ğŸ•  05:30, 17:30, pet i trideset, sat, sati
ğŸ•• 06:00, 18:00, sat, sati, Å¡est sati
ğŸ•¡ 06:30, 18:30, sat, sati, Å¡est i trideset
ğŸ•– 07:00, 19:00, sat, sati, sedam sati
ğŸ•¢ 07:30, 19:30, sat, sati, sedam i trideset
ğŸ•— 08:00, 20:00, osam sati, sat, sati
ğŸ•£ 08:30, 20:30, osam i trideset, sat, sati
ğŸ•˜ 09:00, 21:00, devet sati, sat, sati
ğŸ•¤ 09:30, 21:30, devet i trideset, sat, sati
ğŸ•™ 10:00, 22:00, deset sati, sat, sati
ğŸ•¥ 10:30, 22:30, deset i trideset, sat, sati
ğŸ•š 11:00, 23:00, jedanaest sati, sat, sati
ğŸ•¦ 11:30, 23:30, jedanaest i trideset, sat, sati
ğŸŒ‘ mjesec, mjeseÄeve mijene, mladi mjesec, svemir
ğŸŒ’ mjesec, mjeseÄeve mijene, uzdiÅ¾uÄ‡i mjesec
ğŸŒ“ mjesec, mjeseÄeve mijene, prva Äetvrtina
ğŸŒ” do punog mjeseca, mjesec, mjeseÄeve mijene
ğŸŒ• mjesec, mjeseÄeve mijene, pun mjesec
ğŸŒ– mjesec, mjeseÄeve mijene, padajuÄ‡i mjesec
ğŸŒ— mjesec, mjeseÄeve mijene, zadnja Äetvrtina
ğŸŒ˜ do mladog mjeseca, mjesec, mjeseÄeve mijene
ğŸŒ™ mjesec, polumjesec
ğŸŒš lice, mjesec, mladi mjesec lice
ğŸŒ› lice, mjesec, prva Äetvrtina lice
ğŸŒœ lice, mjesec, posljednja Äetvrtina lice
ğŸŒ¡ termometar, vrijeme
â˜€ prognoza, sunÄano, sunce, vrijeme
ğŸŒ lice, mjesec, puni mjesec lice
ğŸŒ lice, prognoza, sunÄano, sunce, vrijeme
ğŸª planeta s prstenom, pod uticajem saturna, saturn
â­ zvijezda
ğŸŒŸ blistavo, sjajna zvijezda, sjajno, svemir, zvijezda
ğŸŒ  padalica, svemir, zvijezda
ğŸŒŒ mlijeÄni put, svemir, vrijeme
â˜ oblaci, oblaÄno, prognoza, vrijeme
â›… oblaci, prognoza, sunce, umjereno oblaÄno, vrijeme
â›ˆ grmljavina, kiÅ¡a, oblaÄno s grmljavinom i kiÅ¡om, prognoza, vrijeme
ğŸŒ¤ oblaci, preteÅ¾no sunÄano, prognoza, sunce, vrijeme
ğŸŒ¥ oblaci, preteÅ¾no oblaÄno, prognoza, vrijeme
ğŸŒ¦ kiÅ¡a, oblaci, prognoza, umjereno oblaÄno s kiÅ¡om, vrijeme
ğŸŒ§ kiÅ¡a, oblaci, oblaÄno s kiÅ¡om, prognoza, vrijeme
ğŸŒ¨ oblaci, oblaÄno sa snijegom, prognoza, snijeg, vrijeme
ğŸŒ© grmljavina, oblaci, oblaÄno s grmljavinom, prognoza, vrijeme
ğŸŒª oblaci, prognoza, tornado, vihor, vrijeme
ğŸŒ« magla, oblaci, prognoza, vrijeme
ğŸŒ¬ lice, lice u vjetru, prognoza, vjetar, vrijeme
ğŸŒ€ ciklon, prognoza, tajfun, vrijeme
ğŸŒˆ duga, kiÅ¡a, vrijeme
ğŸŒ‚ asesoar, kiÅ¡a, kiÅ¡obran, vrijeme, zatvoren kiÅ¡obran
â˜‚ asesoar, kiÅ¡a, kiÅ¡obran, vrijeme
â˜” asesoar, kiÅ¡a, kiÅ¡a s kiÅ¡obranom, kiÅ¡obran, vrijeme
â›± kiÅ¡obran na zemlji, sunce, suncobran, suncobran na zemlji, vrijeme
âš¡ munja, napon, opasnost, struja, visoki napon
â„ hladnoÄ‡a, pahuljica snijega, snijeg, vrijeme
â˜ƒ hladnoÄ‡a, snijeg, snjeÅ¡ko bijeliÄ‡, vrijeme
â›„ hladnoÄ‡a, snijeg, snjeÅ¡ko bijeliÄ‡ bez snijega, vrijeme
â˜„ kometa, svemir
ğŸ”¥ plamen, vatra
ğŸ’§ kapljica, kapljica vode, stripovi, vrijeme, znoj
ğŸŒŠ more, okean, talas, val, voda
ğŸƒ bundeva, bundevina glava, glava, noÄ‡ vjeÅ¡tica, praznik
ğŸ„ boÅ¾iÄ‡, boÅ¾iÄ‡no drvce, drvo, praznik
ğŸ† proslava, vatromet, zabava
ğŸ‡ proslava, prskalica, vatromet, zabava
ğŸ§¨ dinamit, eksploziv, petarda, vatromet
âœ¨ *, iskre, iskrice, zvjezdice
ğŸˆ balon, proslava, zabava
ğŸ‰ proslava, pucanje i konfete, zabava
ğŸŠ konfete, proslava, zabava
ğŸ‹ japan, proslava, stablo, tanabata stablo, zabava
ğŸ bambus, japan, proslava, stablo, ukras od borovine
ğŸ festival, japan, japanske lutke, proslava
ğŸ koinobori, proslava, Å¡aran, zabava, zastavica
ğŸ proslava, vjetar, vjetreno zvono, zvono
ğŸ‘ ceremonija, ceremonija punog mjeseca, mjesec, obred, proslava
ğŸ§§ crvena koverta, hongbao, lai see, novac, poklon, za sreÄ‡u
ğŸ€ maÅ¡nica, proslava
ğŸ kutija, maÅ¡na, poklon, proslava, zapakovan poklon
ğŸ— poÄast, proslava, simboliÄna traka
ğŸŸ karta, ulaznica
ğŸ« karta, ulaznica
ğŸ– medalja, proslava, vojna medalja, vojska
ğŸ† nagrada, trofej
ğŸ… medalja, sportska medalja
ğŸ¥‡ medalja, prva, prvi, prvo mjesto, zlato
ğŸ¥ˆ druga, drugi, drugo mjesto, medalja, srebro
ğŸ¥‰ bronza, medalja, treÄ‡a, treÄ‡e mjesto, treÄ‡i
âš½ fudbal, fudbalska lopta, lopta, nogomet
âš¾ bejzbol, lopta, sport
ğŸ¥ lopta, loptica, pazuh, rukavica, softbol
ğŸ€ koÅ¡, koÅ¡arka, lopta
ğŸ lopta, odbojka, sport
ğŸˆ ameriÄki, fudbal, lopta, sport
ğŸ‰ ameriÄki fudbal, lopta, ragbi, sport
ğŸ¾ loptica, reket, sport, tenis
ğŸ¥ krajnji cilj, leteÄ‡i disk
ğŸ³ igra, kugla, kuglanje, sport
ğŸ bat, kriket, loptica, palica, sport
ğŸ‘ hokej, hokej na travi, loptica, palica, sport
ğŸ’ hokej, hokej na ledu, pak, palica, ploÄica
ğŸ¥ cilj, lakros, lopta, Å¡tap
ğŸ“ loptica, reket, sport, sto, stoni tenis
ğŸ¸ badminton, loptica za badminton, reket, sport
ğŸ¥Š boks, rukavica
ğŸ¥‹ borilaÄke vjeÅ¡tine, borilaÄki sportovi, dÅ¾udo, karate, odijelo, tekvondo
ğŸ¥… gol, mreÅ¾a
â›³ golf, igra, sport
â›¸ klizaljke, klizanje, led
ğŸ£ pecanje, ribe, ribolov, Å¡tap za pecanje
ğŸ¤¿ gnjurenje, maska za ronjenje, ronjenje
ğŸ½ atletika, majica za trÄanje, oprema, trÄanje
ğŸ¿ skijanje, skije, snijeg, sport
ğŸ›· sanke, spuÅ¡tanje
ğŸ¥Œ igra, kamen, kamen za karling
ğŸ¯ cilj, igra, pikado, strelica, tabla
ğŸª€ gibanje, igraÄka, yo-yo
ğŸª lebdjenje, letenje, zmaj od papira
ğŸ± bilijar, igra, osmica
ğŸ”® bajka, fantazija, gatanje, kristalna, kugla
ğŸª„ Äarobni Å¡tapiÄ‡, Äarobnjak, magija, vjeÅ¡tica
ğŸ§¿ Fatimino oko
ğŸ® igre, upravljaÄ, video igre
ğŸ•¹ dÅ¾ojstik, igre, video igre
ğŸ° aparat, automat za kockanje, igra, kocka
ğŸ² druÅ¡tvene igre, igre, kockica, kockica za igru
ğŸ§© dio, meÄ‘usobno povezano, puzle, slagalica, trag
ğŸ§¸ igraÄka, medo, pliÅ¡ana
ğŸª… party, pinjata, proslava, slavlje
ğŸª† babuÅ¡ka, babuÅ¡ke, lutka, rusija
â™  igra, karte, pik, znak
â™¥ igra, karte, srce, znak
â™¦ igra, karo, karte, znak
â™£ igra, karte, tref, znak
â™Ÿ pijun, pjeÅ¡ak, potroÅ¡ni, Å¡ah
ğŸƒ dÅ¾oker, igra, karte
ğŸ€„ igra, mahjong, mahjong crveni zmaj
ğŸ´ igra, igranje, japanske, japanske karte za igranje, karte
ğŸ­ izvedba, maska, pozoriÅ¡te, scenske umjetnosti, umjetnina
ğŸ–¼ izvedba, maska, pozoriÅ¡te, umjetnost, uramljena slika
ğŸ¨ muzej, paleta, slika, slikarska paleta, umjetnost
ğŸ§µ igla, konac, Å¡ivanje, Å¡ivenje, Å¡plulna
ğŸª¡ igla, igla za Å¡ivenje, krojenje, Å¡av, Å¡avovi, Å¡ivanje, Å¡ivenje
ğŸ§¶ hekleraj, klupko, pletivo, predivo
ğŸª¢ Ävor, kanap, konopac, uvrnuti, zamrsiti, zavezati
ğŸ‘“ asesoar, naoÄale, oÄi, predmet
ğŸ•¶ asesoar, naoÄale, oÄi, predmet, sunÄane naoÄale
ğŸ¥½ plivanje, zaÅ¡tita za oÄi, zaÅ¡titne naoÄale, zavarivanje
ğŸ¥¼ doktor, doktorica, eksperiment, laboratorijski mantil, nauÄnica, nauÄnik
ğŸ¦º opasnost, prsluk, sigurnosni prsluk, sigurnost
ğŸ‘” kravata, odjevni predmet
ğŸ‘• majica, majica kratkih rukava, odjevni predmet
ğŸ‘– farmerke, hlaÄe, odjevni predmet, pantalone
ğŸ§£ Å¡al, vrat
ğŸ§¤ ruka, rukavice
ğŸ§¥ jakna, kaput
ğŸ§¦ Äarapa, Äarape
ğŸ‘— haljina, odjevni predmet
ğŸ‘˜ kimono, odjevni predmet
ğŸ¥» haljina, odjeÄ‡a, sari odjeÄ‡a
ğŸ©± jednodijelni kupaÄ‡i kostim, kupaÄ‡i kostim
ğŸ©² donji veÅ¡, gaÄ‡e, jednodijelni, kupaÄ‡e gaÄ‡e, kupaÄ‡i kostim
ğŸ©³ donji veÅ¡, kupaÄ‡i kostim, kupaÄ‡i Å¡orc, Å¡orc
ğŸ‘™ bikini, kupaÄ‡i, odjevni predmet
ğŸ‘š odjeÄ‡a, Å¾ena, Å¾enska odjeÄ‡a
ğŸ‘› asesoar, odjevni predmet, taÅ¡na
ğŸ‘œ asesoar, odjevni predmet, ruÄna torba, torba
ğŸ‘ neseser, odjevni predmet, torbica
ğŸ› kupovina, Å¡oping, vreÄ‡ica, vreÄ‡ice za kupovinu
ğŸ’ Ä‘aÄka torba, ruksak, Å¡kola, torba
ğŸ©´ japanke, papuÄe za plaÅ¾u, sandale, sandale za plaÅ¾u
ğŸ‘ cipela, muÅ¡ka cipela, muÅ¡karac, obuÄ‡a
ğŸ‘Ÿ atletika, obuÄ‡a, patika
ğŸ¥¾ Äizma, gojzerica, kampovanje, pjeÅ¡aÄenje, planinarenje
ğŸ¥¿ baletanka, cipela s ravnim Ä‘onom, papuÄa
ğŸ‘  cipela, cipela s visokim potpeticama, Å¡tikla, visoka peta, Å¾ena
ğŸ‘¡ obuÄ‡a, sandala, Å¾ena, Å¾enska sandala
ğŸ©° balet, baletske cipele, ples
ğŸ‘¢ Äizma, obuÄ‡a, Å¾ena, Å¾enska Äizma
ğŸ‘‘ asesoar, kralj, kraljica, kruna
ğŸ‘’ asesoar, Å¡eÅ¡ir, Å¾ena, Å¾enski Å¡eÅ¡ir
ğŸ© asesoar, cilindar, odjevni predmet, Å¡eÅ¡ir
ğŸ“ asesoar, cilindar, maturska kapa, proslava, Å¡eÅ¡ir
ğŸ§¢ kaÄket, kapa za bejzbol
ğŸª– armija, kaciga, ratnik, vojna kaciga, vojnik, vojska
â›‘ krst, pomoÄ‡, prva pomoÄ‡, Å¡ljem, Å¡ljem s bijelim krstom
ğŸ“¿ brojanica, molitva, perle, religija, tespih
ğŸ’„ karmin, kozmetika, Å¡minka
ğŸ’ dijamant, prsten
ğŸ’ dijamant, dragi kamen, nakit
ğŸ”‡ jaÄina zvuka, neÄujno, zvuk iskljuÄen
ğŸ”ˆ blago, zvuÄnik tiho
ğŸ”‰ srednje, zvuÄnik srednja glasnoÄ‡a
ğŸ”Š jako, zvuÄnik glasno
ğŸ“¢ glasno, razglas, zvuÄnik
ğŸ“£ megafon, navijanje
ğŸ“¯ poÅ¡ta, poÅ¡tanski rog, sirena
ğŸ”” zvono
ğŸ”• bez zvuka, neÄujno, prekriÅ¾eno zvono, utiÅ¡ano, zabranjeno
ğŸ¼ muzika, note, notni zapis, partitura
ğŸµ muzika, nota
ğŸ¶ muzika, note
ğŸ™ mikrofon, pjevanje, studijski mikrofon, studio
ğŸš klizaÄ, klizni potenciometar, nivo
ğŸ› dugmad, kontrola, potenciometar
ğŸ¤ karaoke, mikrofon, pjevanje
ğŸ§ bubice, sluÅ¡alice
ğŸ“» radio, video
ğŸ· instrument, muzika, saksofon
ğŸª— harmonika, instrument, muzika
ğŸ¸ gitara, instrument, muzika
ğŸ¹ instrument, klavijature, klavir, muzika
ğŸº instrument, muzika, truba
ğŸ» instrument, muzika, violina
ğŸª• bendÅ¾o, muzika, Å¾iÄani instrument
ğŸ¥ bubanj, muzika, palice
ğŸª˜ bubnjevi, kongo bubnjevi, kongo bubnjevo, ritam, udarac
ğŸ“± mobilni, mobitel, telefon
ğŸ“² mobilni, poziv, strelica, strelica pokazuje mobitel, telefon
â˜ telefon
ğŸ“ sluÅ¡alica, telefon
ğŸ“Ÿ pejdÅ¾er
ğŸ“  faks, faks ureÄ‘aj
ğŸ”‹ baterija
ğŸ”Œ eletriÄni utikaÄ, struja, utikaÄ
ğŸ’» laptop, raÄunar
ğŸ–¥ raÄunar, sto
ğŸ–¨ printer, raÄunar, Å¡tampaÄ
âŒ¨ raÄunar, tastatura
ğŸ–± miÅ¡, miÅ¡ za raÄunar, raÄunar
ğŸ–² kuglica za kretanje, raÄunar, trackball
ğŸ’½ disk, minidisk, optiÄki, raÄunar
ğŸ’¾ disk, disketa, floppy
ğŸ’¿ blu-ray, cd, disk, optiÄki, raÄunar
ğŸ“€ blu-ray, disk, dvd, optiÄki, raÄunar
ğŸ§® raÄunaljka, raÄunanje
ğŸ¥ film, kamera, kino
ğŸ film, kadar, kino
ğŸ“½ film, kino, projektor, video
ğŸ¬ film, filmska klapa, klapa
ğŸ“º televizor, tv, video
ğŸ“· fotoaparat, kamera
ğŸ“¸ blic, fotoaparat sa blicom, kamera, video
ğŸ“¹ digitalna kamera, kamera, video
ğŸ“¼ kaseta, vhs, video, video-kaseta
ğŸ” alat, poveÄ‡alo, poveÄ‡alo okrenuto ulijevo, staklo, traÅ¾enje
ğŸ” alat, poveÄ‡alo, poveÄ‡alo okrenuto udesno, staklo, traÅ¾enje
ğŸ•¯ svijeÄ‡a, svjetlo
ğŸ’¡ elektrika, ideja, sijalica, stripovi, svjetlo
ğŸ”¦ alat, baterijska lampa, elektrika, lampa, svjetlo
ğŸ® crveni papirni fenjer, crveno, kineska lampa, svjetlo
ğŸª” diya, lampa, ulje
ğŸ“” knjiga, korice, sveska, sveska sa ukrasnim koricama, ukrasne
ğŸ“• knjiga, zatvorena
ğŸ“– knjiga, otvorena
ğŸ“— knjiga, zelena knjiga
ğŸ“˜ knjiga, plava knjiga
ğŸ“™ knjiga, narandÅ¾asta knjiga
ğŸ“š knjiga, knjige
ğŸ““ sveska
ğŸ“’ rokovnik, sveska
ğŸ“ƒ dokument, stranica, stranica blago savijena, uvoj
ğŸ“œ papir, svitak
ğŸ“„ dokument, stranica, stranica okrenuta prema gore
ğŸ“° novine, novosti, papir
ğŸ— novine, novosti, papir, smotane novine, smotano
ğŸ“‘ bukmark, marker, markeri za knjige, oznaka
ğŸ”– marker, oznaka
ğŸ· etiketa
ğŸ’° dolar, novac, vreÄ‡a, vreÄ‡a novca
ğŸª™ blago, metal, novac, novÄiÄ‡, srebro, zlato
ğŸ’´ jen, novac, novÄanica, novÄanica jena, valuta
ğŸ’µ dolar, novac, novÄanica, novÄanica dolara, valuta
ğŸ’¶ euro, novac, novÄanica, novÄanica eura, valuta
ğŸ’· funta, novac, novÄanica, novÄanica funte, valuta
ğŸ’¸ dolar, krila, novac, novac sa krilima, novÄanica
ğŸ’³ kartica, kredit, kreditna kartica, pare
ğŸ§¾ evidencija, izvod, knjigovodstvo, raÄun, raÄunovodstvo
ğŸ’¹ grafikon sa jenom koji prikazuje rast, jen, prikaz rasta, trend, valuta
âœ‰ e-mail, e-poÅ¡ta, koverta, poÅ¡ta
ğŸ“§ e-mail, e-poÅ¡ta, poÅ¡ta
ğŸ“¨ e-mail, e-poruka, e-poÅ¡ta, pismo, pristigla koverta, pristigla poÅ¡ta
ğŸ“© e-mail, e-poruka, e-poÅ¡ta, koverta sa strelicom, koverta sa strelicom prema dolje, odlazna poÅ¡ta
ğŸ“¤ kutija, ladica, ladica za slanje poÅ¡iljke, pismo, poslana poÅ¡ta
ğŸ“¥ dolazna poÅ¡ta, kutija, ladica, ladica za dolaznu poÅ¡iljku, ladica za dolaznu poÅ¡tu, primiti
ğŸ“¦ kutija, paket
ğŸ“« poÅ¡ta, poÅ¡tanski sanduÄiÄ‡, zatvoren sanduÄiÄ‡ sa podignutom zast., zatvoren sanduÄiÄ‡ sa podignutom zastavicom
ğŸ“ª poÅ¡ta, poÅ¡tanski sanduÄiÄ‡, zatvoren sanduÄiÄ‡ sa spuÅ¡tenom zastavicom
ğŸ“¬ otvoren, otvoren sanduÄiÄ‡ sa podignutom zast., otvoren sanduÄiÄ‡ sa podignutom zastavicom, poÅ¡ta, poÅ¡tanski sanduÄiÄ‡
ğŸ“­ otvoren, otvoren sanduÄiÄ‡ sa spuÅ¡tenom zastavicom, poÅ¡ta, poÅ¡tanski sanduÄiÄ‡
ğŸ“® poÅ¡tansko, sanduÄe
ğŸ—³ glasaÄka, glasaÄka kutija sa glasaÄkim listiÄ‡em, kutija
âœ olovka
âœ’ crno pero, olovka, pero
ğŸ–‹ nalivpero, pero
ğŸ–Š hemijska, olovka
ğŸ–Œ Äetka, Äetkica, crtanje, farbanje
ğŸ– voÅ¡tana, voÅ¡tana olovka
ğŸ“ biljeÅ¡ka, olovka, papir, podsjetnik
ğŸ’¼ aktovka
ğŸ“ fajl, fascikla
ğŸ“‚ fajl, fascikla, otvorena fascikla, otvoreno
ğŸ—‚ dokumenti, fascikla s odjeljcima, odjeljci
ğŸ“… datum, kalendar
ğŸ“† kalendar, kalendar na kidanje
ğŸ—’ blokiÄ‡, notes, spiralni blokiÄ‡, spiralni uvez
ğŸ—“ kalendar, spiralni kalendar
ğŸ“‡ rotirajuÄ‡i stalak za vizit kartice, vizit kartica, vizitka
ğŸ“ˆ dijagram, dijagram rasta, grafikon, rast
ğŸ“‰ dijagram, dijagram opadanja, grafikon, opadanje
ğŸ“Š dijagram, grafikon, stupÄasti grafikon
ğŸ“‹ clipboard, tabla za drÅ¾anje papira
ğŸ“Œ pribadaÄa, Å¡penadla
ğŸ“ okrugla pribadaÄa, pribadaÄa, Å¡penadla
ğŸ“ spajalica
ğŸ–‡ spajalice, spojene spajalice, spojeno
ğŸ“ lenjir, linijar
ğŸ“ lenjir, linijar, trokut, trokutasti linijar, trougao
âœ‚ makaze, pribor
ğŸ—ƒ fascikle, kartonska kutija za fascikle
ğŸ—„ fascikle, kartoteka, ormar
ğŸ—‘ korpa za otpatke
ğŸ”’ katanac, zakljuÄano
ğŸ”“ otkljuÄan katanac, otkljuÄano
ğŸ” katanac, katanac s olovkom, katanac sa olovkom, naliv pero, privatnost, tinta
ğŸ” katanac, kljuÄ, sigurno, zatvoren, zatvoren katanac sa kljuÄem
ğŸ”‘ kljuÄ, lozinka, Å¡ifra, zakljuÄan
ğŸ— katanac, kljuÄ, stari kljuÄ, trag
ğŸ”¨ alat, ÄekiÄ‡
ğŸª“ cijepati, drvo, sjeÄ‡i, sjekira
â› alat, krampa, rudarstvo
âš’ alat, ÄekiÄ‡, ÄekiÄ‡ i krampa, rudarstvo
ğŸ›  alat, ÄekiÄ‡, ÄekiÄ‡ i kljuÄ, kljuÄ
ğŸ—¡ bodeÅ¾, noÅ¾, oruÅ¾je
âš” maÄevi, oruÅ¾je, ukrÅ¡teni
ğŸ”« alat, oruÅ¾je, piÅ¡tolj, revolver
ğŸªƒ australija, bumerang, reperkusija, vraÄ‡anje
ğŸ¹ luk, luk i strijela, strijela, strijelac, zodijak
ğŸ›¡ oruÅ¾je, Å¡tit
ğŸªš alat, drvena graÄ‘a, pila, stolar, stolaraska pila
ğŸ”§ alat, kljuÄ viljuÅ¡kasti
ğŸª› alat, Å¡rafciger
ğŸ”© alat, matica, Å¡araf, Å¡araf i matica, vijak
âš™ alat, zubac, zupÄanik
ğŸ—œ alat, kompresija, stega
âš– jednakost, pravda, uteg, vaga, zodijak
ğŸ¦¯ pomagalo, slijepi, Å¡tap za slabovidne i slijepe
ğŸ”— karika
â›“ lanac, lanci
ğŸª hvatanje, udica, uhvatiti u zamku, ulov, uloviti, upecati
ğŸ§° alat, kofer, kutija za alat, mehaniÄar
ğŸ§² magnet, magnetski, potkovica, privlaÄenje
ğŸªœ ljestve, lotre, merdevine, penjanje
âš— alat, alembik, hemija
ğŸ§ª eksperiment, epruveta, hemiÄar, hemija, laboratorija, nauka
ğŸ§« bakterija, biolog, biologija, kultura, laboratorija, petri jelo
ğŸ§¬ biolog, dnk, evolucija, gen, genetika, Å¾ivot
ğŸ”¬ alat, mikroskop
ğŸ”­ alat, teleskop
ğŸ“¡ antena, satelitska, tanjir
ğŸ’‰ bolest, igla, injekcija, lijek, Å¡prica
ğŸ©¸ doniranje krvi, kapljica krvi, medicina, menstruacija, menzes
ğŸ’Š bolest, doktor, medicina, pilula
ğŸ©¹ flaster, ljepljivi flaster
ğŸ©º doktor, medicina, srce, stetoskop
ğŸšª vrata
ğŸ›— dizanje, elevator, lift, pomagalo
ğŸª metalno ogledalo, odraz, ogledalo
ğŸªŸ okvir, otvaranje, pogled, prozor, svjeÅ¾ zrak, transparentno
ğŸ› hotel, krevet, spavanje
ğŸ›‹ hotel, kauÄ, kauÄ i lampa, lampa
ğŸª‘ sjedalo, sjediÅ¡te, sjediti, stolica
ğŸš½ toalet, wc, wc Å¡olja
ğŸª  kupatilo, odÄepljivaÄ odvoda, odÄepljivanje odvoda, pumpa za odÄepljivanje odvoda, toalet
ğŸš¿ tuÅ¡, voda
ğŸ› kada, kupanje
ğŸª¤ klopka, klopka za miÅ¡eve, mamac, zamka, zamka za miÅ¡eve
ğŸª’ brijaÄ, Äakija, oÅ¡trica
ğŸ§´ losion, ovlaÅ¾ivaÄ, Å¡ampon, zaÅ¡titni faktor
ğŸ§· baÅ¡lija, punk rock
ğŸ§¹ ÄiÅ¡Ä‡enje, metenje, metla, vjeÅ¡tica
ğŸ§º korpa, piknik, poljoprivreda, veÅ¡
ğŸ§» papirni ubrusi, toalet papir
ğŸª£ bure, kaca, kanta, kofa
ğŸ§¼ ÄiÅ¡Ä‡enje, kupanje, pranje, sapun, sapunica
ğŸª¥ Äetkica, Äetkica za zube, ÄiÅ¡Äenje, dentalna higijena, kupatilo, oralna higijena, zubi
ğŸ§½ ÄiÅ¡Ä‡enje, porozno, spuÅ¾va, upijanje
ğŸ§¯ aparat za gaÅ¡enje poÅ¾ara, gaÅ¡enje, poÅ¾ar, vatra
ğŸ›’ kolica, kupovina, Å¡oping, supermarket
ğŸš¬ cigareta, puÅ¡enje
âš° smrt, tabut
ğŸª¦ grob, groblje, mezar, mezarje, nadgrobni spomenik
âš± sahrana, smrt, urna
ğŸ—¿ kamena, lice, moai, skulptura, statua
ğŸª§ demonstracije, natpis, plakat, protest, znak
ğŸ§ banka, bankomat, blagajna, oznaka bankomata, znak
ğŸš® kanta, otpaci, smeÄ‡e, znak za odlaganje otpada
ğŸš° piÄ‡e, pitka, voda
â™¿ invalidska kolica, prilaz
ğŸš¹ muÅ¡ki, toalet, wc, zahod
ğŸšº toalet, wc, zahod, Å¾enski
ğŸš» toalet, wc, zahod
ğŸš¼ beba, presvlaÄenje, slika bebe
ğŸš¾ klozet, toalet, voda, wc, zahod
ğŸ›‚ kontrola, pasoÅ¡, pasoÅ¡ka kontrola
ğŸ›ƒ carina
ğŸ›„ preuzimanje, preuzimanje prtljaga, prtljag
ğŸ›… garderoba, ormar, prtljag
âš  upozorenje
ğŸš¸ dijete, djeÄiji prijelaz, pjeÅ¡ak, prelazi, saobraÄ‡aj
â›” ne, nema, saobraÄ‡aj, zabranjen ulaz, zabranjeno, zaustavljen
ğŸš« ne, ulaz, zabrana, zabranjen, zaustavljen
ğŸš³ biciklo, ne, vozilo, zabranjeno, zabranjeno za bicikliste
ğŸš­ ne, nema, puÅ¡enje, zabranjeno
ğŸš¯ ne bacati, otpad, smeÄ‡e, zabranjeno, zabranjeno bacanje otpada
ğŸš± nepitka voda, nije pitka, piÄ‡e, voda, zabranjeno
ğŸš· nema, pjeÅ¡aÄenje, prolaz, zabranjeno, zabranjeno za pjeÅ¡ake
ğŸ“µ mobilni, ne, telefon, zabranjen, zabranjeno koriÅ¡tenje mobilnog telefona
ğŸ” 18, maloljetan, ne, osamnaest, zabranjen pristup maloljetnima
â˜¢ radioaktivno, znak
â˜£ bioloÅ¡ka, opasnost, znak
â¬† sjever, smjer, strelica, strelica nagore
â†— sjeveroistok, smjer, strelica, strelica gore-desno
â¡ istok, smjer, strelica, strelica nadesno
â†˜ jugoistok, smjer, strelica, strelica dolje-desno
â¬‡ jug, smjer, strelica, strelica nadolje
â†™ jugozapad, smjer, strelica, strelica dolje-lijevo
â¬… smjer, strelica, strelica nalijevo, zapad
â†– sjeverozapad, smjer, strelica, strelica gore-lijevo
â†• strelica, strelica gore-dolje
â†” strelica, strelica lijevo-desno
â†® precrtana strelica ulijevo i udesno
â†© strelica, strelica desno zakrivljena nalijevo
â†ª strelica, strelica lijevo zakrivljena nadesno
â¤´ strelica, strelica desno zakrivljena prema gore
â¤µ strelica, strelica desno zakrivljena prema dolje
ğŸ”ƒ smjer kretanja kazaljki na satu, strelica, strelice vertikalno kretanje kazaljki na satu
ğŸ”„ smjer suprotan kretanju kazaljki na satu, strelica, strelice dugme suprotno kretanju kazaljki na satu, strelice suprotno od smjera kretanja sata
ğŸ”™ nazad, strelica, strelica za nazad
ğŸ”š kraj, strelica, strelica za kraj
ğŸ”› oznaka, strelica, strelica za ukljuÄeno, ukljuÄeno
ğŸ”œ strelica, strelica za uskoro, uskoro
ğŸ” gore, strelica, strelica za gore
ğŸ› bogomolja, religija, vjerovanje
âš› ateista, atom, simbol atoma
ğŸ•‰ hindu, religija, simbol om
âœ¡ david, davidova zvijezda, religija, Å¾idov, zvijezda
â˜¸ budizam, dharma, religija, toÄak, toÄak dharme
â˜¯ jang, jin, religija, tao, taoizam
âœ katolicizam, krst, latinski krst, religija
â˜¦ krst, pravoslavlje, pravoslavni krst, religija
â˜ª islam, musliman, polumjesec i zvijezda, religija
â˜® mir, simbol za mir
ğŸ• menora, religija, svijeÄ‡a, svijeÄ‡njak
ğŸ”¯ Å¡estokraka zvijezda s taÄkom u sredini, zvijezda
â™ˆ horoskop, znak, znak ovan, zodijak
â™‰ bik, horoskop, znak, zodijak
â™Š blizanci, horoskop, znak, zodijak
â™‹ horoskop, znak, znak rak, zodijak
â™Œ horoskop, lav, znak, zodijak
â™ djevica, horoskop, znak, zodijak
â™ horoskop, znak, znak vaga, zodijak
â™ horoskop, Å¡korpija, znak, znak Å¡korpion, zodijak
â™ horoskop, strijelac, znak, zodijak
â™‘ horoskop, jarac, znak, zodijak
â™’ horoskop, vodolija, znak, zodijak
â™“ horoskop, ribe, znak, zodijak
â› guja, horoskop, zmija, zmijonosac, zodijak
ğŸ”€ dugme za ispreskakani redoslijed, isprepletena, strjelica
ğŸ” dugme za ponavljanje, ponavljanje, strelica
ğŸ”‚ dugme za ponavljanje jednog zapisa, jedan, ponavljanje, strelica
â–¶ desno, dugme za reprodukciju, reproduciraj, strelica, trokut
â© brzo, dugme za ubrzavanje, dupla strelica, naprijed, ubrzaj
â­ dugme za sljedeÄ‡i zapis, sljedeÄ‡a scena, sljedeÄ‡i zapis, strelica, trokut
â¯ desno, dugme za pauziranje ili nastavak, pauza, reproduciraj
â—€ dugme za premotavanje, lijevo, premotaj, strelica, trokut
âª dugme za brzo premotavanje, dupla, premotaj, strelica
â® dugme za vraÄ‡anje, prethodna scena, prethodni zapis, strelica, trokut
ğŸ”¼ crveno, dugme gore, strelica, tipka
â« dugme brzo gore, dupla, strelica
ğŸ”½ crveno, dolje, dugme dolje, strelica, tipka
â¬ dolje, dugme brzo dolje, dupla, strelica
â¸ dugme pauziraj, duple, pauza, vertikalne
â¹ dugme zaustavi, kvadrat, stop
âº dugme snimi, krug, snimi
â dugme izbaci, izbaci
ğŸ¦ film, kamera, kino
ğŸ”… dugme zatamni, smanji, svjetlost, zatamni
ğŸ”† dugme posvijetli, posvijetli, svijetlo, svjetlost
ğŸ“¶ antena crtice, baterija, mobitel, signal, signal crtice, telefon
ğŸ“³ mobitel, naÄin rada, naÄin rada vibracija, telefon, vibracija
ğŸ“´ iskljuÄen, mobilni iskljuÄen, mobitel, telefon
â™€ Å¾ena, Å¾ensko
â™‚ muÅ¡karac, muÅ¡ko
âš§ simbol transrodnih osoba, transrodna osoba
âœ– kriÅ¾iÄ‡, mnoÅ¾enje, otkaÅ¾i, x, znak mnoÅ¾enja
â• +, matematika, plus, znak plus
â– -, âˆ’, matematika, minus, znak minus
â— Ã·, dijeljenje, matematika, znak dijeljenja
â™¾ beskonaÄno, beskonaÄnost, neograniÄeno, univerzalno
â€¼ !, !!, bum bum, dupli uzviÄnik, interpunkcija, oznaka, uzvik
â‰ !, !?, ?, ÄuÄ‘enje, interpunkcija, upit, uzviÄnik upitnik, uzvik
â“ ?, crveni upitnik, interpunkcija, oznaka, pitanje, upitnik
â” ?, bijeli upitnik, interpunkcija, ocrtano, oznaka, pitanje
â• !, bijeli uzviÄnik, interpunkcija, ocrtano, oznaka, uzvik
â— !, crveni uzviÄnik, interpunkcija, oznaka, uzviÄnik, uzvik
ã€° crtice, interpunkcija, talas, talasasta crta
ğŸ’± banka, mjenjaÄnica, novac, pare, valuta
ğŸ’² dolar, pare, podebljani znak dolara, valuta
âš• aesculapius, medicina, medicinski simbol, osoblje
â™» reciklaÅ¾a, simbol za reciklaÅ¾u
âšœ ljiljan
ğŸ”± brod, emblem, sidro, trozubac, trozubac amblem
ğŸ“› ime, znaÄka, znaÄka za ime
ğŸ”° japanski, japanski simbol za poÄetnike, list, poÄetnik, zeleno-Å¾uto
â­• crvena, krug, o, podebljani veliki crveni krug, podebljani veliki krug
âœ… âœ“, kvaÄica, oznaka, podebljana bijela kvaÄica, podebljana kvaÄica, potvrÄ‘ivanje
â˜‘ âœ“, kvaÄica, polje za potvrdu, polje za potvrdu s kvaÄicom
âœ” âœ“, kvaÄica, oznaka
âŒ Ã—, kriÅ¾iÄ‡, otkaÅ¾i, oznaka prekriÅ¾eno, puta, umnoÅ¾i
â Ã—, dugme kriÅ¾iÄ‡, kvadratiÄ‡, oznaka
â° petlja, rotor, uvrnuta petlja
â¿ dupla, dupla uvrnuta petlja, petlja, rotor
ã€½ dio, oznaka, oznaka djelimiÄne alteracije
âœ³ *, osmerokraka zvjezdica, zvjezdica
âœ´ *, osmerokraka zvijezda, zvijezda
â‡ *, iskra
Â© autorska prava, autorsko pravo, c
Â® r, registracija, registriran
â„¢ oznaka, tm, zaÅ¡titni znak
ğŸ”  latinica, slova, unos, unos latinica veliko slovo, velika
ğŸ”¡ latinica, mala, slova, unos, unos latinica malo slovo
ğŸ”¢ 1234, brojevi, unos, unos brojeva
ğŸ”£ unos, unos simbola
ğŸ”¤ abc, abeceda, latinica, slova, unos
ğŸ…° a, a tipka, krvna grupa
ğŸ† ab, ab tipka, krvna grupa
ğŸ…± b, b tipka, krvna grupa
ğŸ†‘ cl, cl kvadrat
ğŸ†’ cool, cool kvadrat
ğŸ†“ besplatno, free kvadrat, sloboda
â„¹ i, informacija, izvor informacija
ğŸ†” id, id kvadrat, identitet
â“‚ krug, m, slovo m u krugu
ğŸ†• novo, novo kvadrat
ğŸ†– ng, ng kvadrat
ğŸ…¾ dugme o, krvna grupa, o
ğŸ†— ok, ok kvadrat
ğŸ…¿ dugme p, parking
ğŸ†˜ pomoÄ‡, sos, sos kvadrat
ğŸ†™ gore, oznaka, up dugme
ğŸ†š protiv, vs, vs dugme
ğŸˆ Dugme &quot;ovdje&quot; na jap., Dugme sa tekstom &quot;ovdje&quot; na japanskom, japanski
ğŸˆ‚ Dugme &quot;usluga se naplaÄ‡uje&quot; na jap., Dugme sa tekstom &quot;usluga se naplaÄ‡uje&quot; na japanskom, japanski
ğŸˆ· Dugme &quot;mjeseÄni iznos&quot; na jap., Dugme sa tekstom &quot;mjeseÄni iznos&quot; na japanskom, japanski
ğŸˆ¶ Dugme &quot;nije besplatno&quot; na jap., Dugme sa tekstom &quot;nije besplatno&quot; na japanskom, japanski
ğŸˆ¯ Dugme &quot;rezervirano&quot; na jap., Dugme sa tekstom &quot;rezervirano&quot; na japanskom, japanski
ğŸ‰ Dugme &quot;vrlo povoljno&quot; na jap., Dugme sa tekstom &quot;vrlo povoljno&quot; na japanskom, japanski
ğŸˆ¹ Dugme &quot;popust&quot; na jap., Dugme sa tekstom &quot;popust&quot; na japanskom, japanski
ğŸˆš Dugme &quot;besplatno&quot; na jap., Dugme sa tekstom &quot;besplatno&quot; na japanskom, japanski
ğŸˆ² Dugme &quot;zabranjeno&quot; na jap., Dugme sa tekstom &quot;zabranjeno&quot; na japanskom, japanski
ğŸ‰‘ Dugme &quot;prihvatljivo&quot; na jap., Dugme sa tekstom &quot;prihvatljivo&quot; na japanskom, japanski
ğŸˆ¸ Dugme &quot;prijava&quot; na jap., Dugme sa tekstom &quot;prijava&quot; na japanskom, japanski
ğŸˆ´ Dugme &quot;prolazna ocjena&quot; na jap., Dugme sa tekstom &quot;prolazna ocjena&quot; na japanskom, japanski
ğŸˆ³ Dugme &quot;upraÅ¾njeno mjesto&quot; na jap., Dugme sa tekstom &quot;upraÅ¾njeno mjesto&quot; na japanskom, japanski
ãŠ— Dugme &quot;Äestitamo&quot; na jap., Dugme sa tekstom &quot;Äestitamo&quot; na japanskom, japanski
ãŠ™ Dugme &quot;tajna&quot; na jap., Dugme sa tekstom &quot;tajna&quot; na japanskom, japanski
ğŸˆº Dugme &quot;otvoreno&quot; na jap., Dugme sa tekstom &quot;otvoreno&quot; na japanskom, japanski
ğŸˆµ Dugme &quot;nema upraÅ¾njenih mjesta&quot; na jap., Dugme sa tekstom &quot;nema upraÅ¾njenih mjesta&quot; na japanskom, japanski
ğŸ”´ crveni krug, crveno, geometrija, krug
ğŸŸ  krug, narandÅ¾asta, narandÅ¾asti krug
ğŸŸ¡ krug, Å¾uta, Å¾uti krug
ğŸŸ¢ krug, zelena, zeleni krug
ğŸ”µ geometrija, krug, plava, plavi krug
ğŸŸ£ krug, ljubiÄasta, ljubiÄasti krug
ğŸŸ¤ krug, smeÄ‘a, smeÄ‘i krug
âš« crni krug, geometrija, krug
âšª bijeli krug, geometrija, krug
ğŸŸ¥ crvena, crveni kvadrat, kvadrat
ğŸŸ§ kvadrat, narandÅ¾asta, narandÅ¾asti kvadrat
ğŸŸ¨ kvadrat, Å¾uta, Å¾uti kvadrat
ğŸŸ© kvadrat, zelena, zeleni kvadrat
ğŸŸ¦ kvadrat, plava, plavi kvadrat
ğŸŸª kvadrat, ljubiÄasta, ljubiÄasti kvadrat
ğŸŸ« kvadrat, smeÄ‘a, smeÄ‘i kvadrat
â¬› crni veliki kvadrat, geometrija, kvadrat
â¬œ bijeli veliki kvadrat, geometrija, kvadrat
â—¼ crni kvadrat, geometrija, kvadrat
â—» bijeli kvadrat, geometrija, kvadrat
â—¾ crni srednje mali kvadrat, geometrija, kvadrat
â—½ bijeli srednje mali kvadrat, geometrija, kvadrat
â–ª crni kvadratiÄ‡, geometrija, kvadrat
â–« bijeli kvadratiÄ‡, geometrija, kvadrat
ğŸ”¶ geometrija, narandÅ¾asto, romb, veliki narandÅ¾asti romb
ğŸ”· geometrija, plava, romb, veliki plavi romb
ğŸ”¸ geometrija, mali narandÅ¾asti romb, narandÅ¾asta, romb
ğŸ”¹ geometrija, mali plavi romb, plava, romb
ğŸ”º crveni trokut prema gore, crveno, geometrija
ğŸ”» crveni trokut prema dolje, crveno, dolje, geometrija
ğŸ’  geometrija, romb, romb sa taÄkom u sredini, taÄka, unutra
ğŸ”˜ geometrija, radio, radio dugme, tipka
ğŸ”³ bijeli kvadrat dugme, geometrija, kvadrat, tipka, u okviru
ğŸ”² crni kvadrat dugme, geometrija, kvadrat, tipka
ğŸ karirana zastavica, karirano, utrke, zastavica
ğŸš© poÅ¡ta, trokutasta zastava
ğŸŒ japansko, slavlje, ukrÅ¡tene zastave, ukrÅ¡teno
ğŸ´ crna zastava, mahanje
ğŸ³ bijela zastava, mahanje
ğŸ³â€ğŸŒˆ duga, zastava, zastava duginih boja
ğŸ³â€âš§ bijela, roze, svijetloplava, transrodnost, zastava pokreta transrodnih osoba
ğŸ´â€â˜  blago, jolly roger, pirati, piratska zastava, pljaÄka
Â¢ cent
$ dolar, novac, pezo, USD
Â£ EGP, funta, GBP, valuta
Â¥ CNY, jen, JPY, juan, valuta
â‚¢ BRB, cruzeiro, valuta
â‚£ franak, francuski franak, valuta
â‚¤ lira, valuta
â‚¥ mil
â‚© KPW, KRW, von
â‚¬ EUR, euro, valuta
â‚° njemaÄki pfening, pfening, valuta
â‚± pezo
â‚³ ARA, austral, valuta
â‚¶ livre tournois, valuta
â‚· spesmilo, valuta
â‚¹ Indijska rupija, rupija, valuta
â‚½ rublja, valuta
â‚¿ bitcoin, BTC
â‚¨ rupi, valuta
ï·¼ rijal, valuta
Â¹ eksponent, jedan, jedan eksponentno
Â² dva, dva eksponentno, eksponent, na kvadrat
Â³ eksponent, kubni, tri, tri eksponentno
Âµ mjera, znak za mikro
