{ aaltosulje, aaltosulku, alkava, sulje, sulkeet, sulkumerkki, vasen aaltosulje
ğŸ» emojin muokkaus, fitzpatrick, iho, sÃ¤vy, vaalea iho
ğŸ¼ emojin muokkaus, fitzpatrick, iho, keskivaalea iho, sÃ¤vy
ğŸ½ emojin muokkaus, fitzpatrick, iho, keskisÃ¤vyinen iho, sÃ¤vy, tummanvaalea iho
ğŸ¾ emojin muokkaus, fitzpatrick, iho, keskitumma iho, sÃ¤vy
ğŸ¿ emojin muokkaus, fitzpatrick, iho, sÃ¤vy, tumma iho
â€¾ ylleviivaus
_ alaviiva, viiva
- miinus, miinusviiva, tavuviiva, viiva
â€ tavuviiva, yhdysviiva
â€“ ajatusviiva, lyhyt ajatusviiva, n-viiva, viiva
â€” ajatusviiva, m-viiva, pitkÃ¤ ajatusviiva, viiva
â€• tavuviiva, vaakaviiva, vÃ¤liviiva, viiva
ãƒ» katakana, keskipiste, pisteet, vÃ¤lipiste
, desimaalierotin, pilkku
ØŒ arabialainen, pilkku
ã€ ideografinen, pilkku
; puolipiste
Ø› arabialainen, puolipiste
: kaksoispiste
! huudahdus, huutomerkki, pamaus, parahdus
Â¡ huudahdus, huutomerkki, kÃ¤Ã¤nteinen, pamaus
? kysymys
Â¿ kÃ¤Ã¤nteinen, kysymys, kysymysmerkki
ØŸ arabialainen, kysymys, kysymysmerkki
â€½ kysymys-huutomerkki
. piste
â€¦ ellipsi, kolme pistettÃ¤, pistekolmikko
ã€‚ ideografinen, piste, ympyrÃ¤
Â· piste, piste keskellÃ¤, rivinkeskinen piste
' heittomerkki, koneheittomerkki, lainaus, puolilainausmerkki
â€˜ apostrofi, heittomerkki, lainaus, puolilainausmerkki, vasen heittomerkki
â€™ apostrofi, heittomerkki, lainaus, oikea heittomerkki, puolilainausmerkki
â€š alaheittomerkki, apostrofi, lainaus, oikea alaheittomerkki
â€œ heittomerkki, lainaus, lainausmerkki, vasen lainausmerkki
â€ heittomerkki, lainaus, lainausmerkki, oikea lainausmerkki
â€ alalainausmerkki, kokolainausmerkki, lainaus, oikea alalainausmerkki
Â« kaksoisnuoli, kulma, kulmalainausmerkki, lainausmerkki, poisjÃ¤Ã¤ntimerkit, vasen
Â» kaksoisnuoli, kulma, kulmalainausmerkki, lainausmerkki, oikea, poisjÃ¤Ã¤ntimerkit
) kaarisulje, kaarisulku, oikea kaarisulje, sulje, sulkeet, sulkeva, sulkumerkki, sulut
[ alkava, hakasulje, hakasulku, sulje, sulkeet, sulkumerkki, vasen hakasulje
] hakasulje, hakasulku, oikea hakasulje, sulje, sulkeet, sulkeva, sulkumerkki
} aaltosulje, aaltosulku, alkava, oikea aaltosulje, sulje, sulkeet, sulkumerkki
ã€ˆ alkava, kulmasulje, kulmasulku, sulje, sulkeet, sulkumerkki, vasen kulmasulje
ã€‰ kulmasulje, kulmasulku, oikea kulmasulje, sulje, sulkeet, sulkeva, sulkumerkki
ã€Š alkava, kaksoiskulmasulje, kaksoiskulmasulku, sulje, sulkeet, sulkumerkki, vasen kaksoiskulmasulje
ã€‹ kaksoiskulmasulje, kaksoiskulmasulku, oikea kaksoiskulmasulje, sulje, sulkeet, sulkeva, sulkumerkki
ã€Œ alkava, nurkkasulje, nurkkasulku, sulje, sulku, sulkumerkki, vasen nurkkasulje
ã€ nurkkasulje, nurkkasulku, oikea nurkkasulje, sulje, sulkeva, sulku, sulkumerkki
ã€ alkava, ontto nurkkasulje, ontto nurkkasulku, sulje, sulku, sulkumerkki, vasen ontto nurkkasulje
ã€ oikea ontto nurkkasulje, ontto nurkkasulje, ontto nurkkasulku, sulje, sulkeva, sulku, sulkumerkki
ã€ alkava, musta linssisulje, musta linssisulku, sulje, sulku, sulkumerkki, vasen musta linssisulje
ã€‘ musta linssisulje, musta linssisulku, oikea musta linssisulje, sulje, sulkeva, sulku, sulkumerkki
ã€” alkava, sulje, sulkeet, sulkumerkki, tylppÃ¤kulmainen hakasulje, tylppÃ¤kulmainen hakasulku, vasen tylppÃ¤kulmainen hakasulje
ã€• oikea tylppÃ¤kulmainen hakasulje, sulje, sulkeet, sulkeva, sulkumerkki, tylppÃ¤kulmainen hakasulje, tylppÃ¤kulmainen hakasulku
ã€– alkava, ontto linssisulje, ontto linssisulku, sulje, sulku, sulkumerkki, vasen ontto linssisulje
ã€— oikea ontto linssisulje, ontto linssisulje, ontto linssisulku, sulje, sulkeva, sulku, sulkumerkki
Â§ kappale, osa, pykÃ¤lÃ¤merkki
Â¶ alinea, kapp., kappale, kappaleen merkki, kappalemerkki
@ Ã¤t-merkki, kissanhÃ¤ntÃ¤, miukumauku
* asteriski, tÃ¤hti, tÃ¤htimerkki
/ kauttaviiva, vino, vinoviiva
\ kÃ¤Ã¤nteinen kauttaviiva, kenoviiva
& et, et-merkki, ja
# hashtag, lb, numero, pauna, ristikko, ristikkomerkki
% prosentti
â€° promille
â€  risti, ristimerkki
â€¡ kaksoisristi, kaksoisristimerkki, risti, ristimerkki
â€¢ luetelmapallo, luettelomerkki, piste
â€§ tavu, tavupiste, vÃ¤li, viiva
â€² ylÃ¤puolinen indeksointipilkku
â€³ kaksinkertainen ylÃ¤puolinen indeksointipilkku, ylÃ¤puolinen indeksointipilkku
â€´ kolminkertainen ylÃ¤puolinen indeksointipilkku, ylÃ¤puolinen indeksointipilkku
â€¸ poisjÃ¤Ã¤ntimerkki
â€» viitemerkki
â‚ asterismi, kolme tÃ¤hteÃ¤
` gravis, tarke
Â´ akuutti, tarke
^ hattu, sirkumfleksi, tarke, ylÃ¶spÃ¤in osoittava nuolenkÃ¤rki
Â¨ diereesi, treema, umlaut
Â° aste, tunti, vastaavuus
â„— Ã¤Ã¤ni, Ã¤Ã¤nite, Ã¤Ã¤nitteen tekijÃ¤noikeus, tekijÃ¤noikeus
â† nuoli, vasemmalle, vasemmalle osoittava nuoli
â†’ nuoli, oikealle, oikealle osoittava nuoli
â†‘ nuoli, ylÃ¶s, ylÃ¶s osoittava nuoli
â†“ alas, alas osoittava nuoli, nuoli
â†¯ siksak
â‡… alas, nuoli, ylÃ¶s, ylÃ¶s ja alas osoittavat nuolet
â‡† nuolet vasemmalle ja oikealle pÃ¤Ã¤llekkÃ¤in, nuoli, oikealle, vasemmalle
âˆ‚ differentiaali, osittaisderivaatta
âˆƒ eksistenssikvanttori, on olemassa
âˆ… joukko-operaattori, matematiikka, tyhjÃ¤ joukko
âˆ† kolmio, lisÃ¤ys
âˆ‡ kolmio, nabla
âˆˆ jÃ¤senyys, joukko, kuuluu joukkoon, osa, sisÃ¤ltÃ¤Ã¤
âˆ‰ ei kuulu joukkoon
âˆ‘ matematiikka, summa
+ lisÃ¤tÃ¤, plus, plusmerkki, summa
Â± plus-miinus, plus-miinusmerkki
Ã· jaa, jakolasku, jakolaskumerkki, jakomerkki
Ã— kerro, kertaa, kertolasku, kertolaskumerkki, kertomerkki
< kulmasulje, pienemmyysmerkki, pienempi kuin, vasen kulmasulje
= yhtÃ¤ suuri kuin, yhtÃ¤suuruusmerkki
â‰  epÃ¤yhtÃ¤lÃ¤isyys, epÃ¤yhtÃ¤lÃ¤isyysmerkki, eri suuri kuin, erisuuruusmerkki
> kulmasulje, oikea kulmasulje, suuremmuusmerkki, suurempi kuin
Â¬ negaatio, vastakohta
| jakaa, palkki, putki, pystyviiva, Shefferin viiva, vbar, viiva
~ aaltoviiva, tilde
âˆ’ erotus, miinus, miinusmerkki, vÃ¤hentÃ¤Ã¤
â» miinus, ylÃ¤indeksi
âˆ“ miinus tai plus, plus-miinus
âˆ— asteriskiÂ­operaatÂ­toÂ­ri, tÃ¤hti
âˆš juuri, juurilauseke, kantaluku, neliÃ¶, neliÃ¶juuri, sievennys
âˆ Ã¤Ã¤retÃ¶n, Ã¤Ã¤rettÃ¶mÃ¤n merkki, Ã¤Ã¤rettÃ¶myys, aina, ikuinen, rajaton, universaali
âˆ© joukko, leikkaus
âˆª joukko, kokoelma, yhdiste
âˆ« differentiaali- ja integraalilaskenta, integraali
âˆ¼ operaattori, tildeoperaattori
âˆ½ aaltoviiva, kÃ¤Ã¤nteinen tilde
â‰ˆ likiarvo, likimÃ¤Ã¤rÃ¤, likimÃ¤Ã¤rin yhtÃ¤ suuri, likimÃ¤Ã¤rin yhtÃ¤ suuri kuin
â‰¡ identtinen, kolminkertainen, sama, sama kuin
â‰¤ epÃ¤yhtÃ¤lÃ¤isyys, pienempi kuin, pienempi tai yhtÃ¤ suuri kuin, yhtÃ¤ suuri, yhtÃ¤suuruus
â‰¥ epÃ¤yhtÃ¤lÃ¤isyys, suurempi kuin, suurempi tai yhtÃ¤ suuri kuin, yhtÃ¤ suuri, yhtÃ¤suuruus
âŠ‚ joukko, on osajoukko, osajoukko
âŠ† on osajoukko, osajoukko
âŠ‡ matematiikka, on ylÃ¤joukko, ylÃ¤joukko
âŠ• plus, ympyrÃ¶ity plus
âŠ– ympyrÃ¶ity miinus
âŠ› asteriski, operaattori, ympyrÃ¶ity asteriskioperaattori
â–² kolmio, musta ylÃ¶s osoittava kolmio, nuoli, tÃ¤ytetty ylÃ¶s osoittava kolmio, ylÃ¶s
â–¼ alas, kolmio, musta alas osoittava kolmio, nuoli, tÃ¤ytetty alas osoittava kolmio
â—Š monikulmio, neljÃ¤kÃ¤s, vinoneliÃ¶
â—‹ kehÃ¤, tyhjÃ¤ ympyrÃ¤, ympyrÃ¤
â— tÃ¤ytetty ympyrÃ¤, ympyrÃ¤
â—– tÃ¤ytetyn ympyrÃ¤n vasen puolisko
â—— tÃ¤ytetyn ympyrÃ¤n oikea puolisko
â—  ylempi puoliympyrÃ¤
â—¡ alempi puoliympyrÃ¤
â—¦ ontto luetelmapallo
â—¯ kehÃ¤, suuri tyhjÃ¤ ympyrÃ¤, ympyrÃ¤
â™ª kahdeksas, kahdeksasosanuotti, musiikki, nuotti
â™­ alennus, alennusmerkki, b-molli, musiikki, nuotti
â™¯ diÃ¨se, diesis, musiikki, nuotti, ylennys, ylennysmerkki
ğŸ˜€ hymy, kasvot, leveÃ¤ hymy, naama, virnistys
ğŸ˜ƒ auki, hymy, kasvot, naama, suu
ğŸ˜„ auki, hymy, hymyilevÃ¤t silmÃ¤t ja suu, kasvot, naama, silmÃ¤, suu
ğŸ˜ hymy, kasvot, naama, silmÃ¤, virnistys, virnistys ja hymyilevÃ¤t silmÃ¤t
ğŸ˜† auki, hymy, hymy ja tiukasti suljetut silmÃ¤t, naama, nauru, suu, tyytyvÃ¤inen
ğŸ˜… auki, hiki, hymy, hymy ja kylmÃ¤nhiki, kylmÃ¤, naama
ğŸ¤£ kasvot, kippura, naama, nauraa, nauraa kippurassa
ğŸ˜‚ ilo, itkunauru, kasvot naurunkyynelissÃ¤, naama, naurunkyyneleet
ğŸ™‚ hymy, naama, pieni hymy
ğŸ™ƒ naama, vÃ¤Ã¤rinpÃ¤in, ylÃ¶salainen
ğŸ˜‰ flirtti, huumori, kasvot, naama, salaisuus, silmÃ¤, silmÃ¤nisku
ğŸ˜Š hymy, naama, punastunut, silmÃ¤
ğŸ˜‡ enkeli, hymy, hymy ja sÃ¤dekehÃ¤, naama, sÃ¤dekehÃ¤, satu, viaton
ğŸ¥° hymy ja kolme sydÃ¤ntÃ¤, ihailla, ihastunut, rakastunut
ğŸ˜ hymy, hymy ja sydÃ¤nsilmÃ¤t, naama, rakkaus, silmÃ¤, sydÃ¤n
ğŸ¤© kasvot, naama, silmÃ¤t, tÃ¤hdet, tÃ¤htisilmÃ¤, virnistys
ğŸ˜˜ lentosuukko, naama, pusu, sydÃ¤n
ğŸ˜— naama, pusu, pusunaama, suudelma, suukko
â˜º hymy, hymynaama, naama, rento
ğŸ˜š naama, pusu, pusunaama ja suljetut silmÃ¤t, silmÃ¤, suljettu
ğŸ˜™ hymy, naama, pusu, pusunaama ja hymyilevÃ¤t silmÃ¤t, silmÃ¤
ğŸ¥² helpottunut, hymyilee, hymyilevÃ¤t kasvot ja kyynel, kiitollinen, kyynel, liikuttunut, ylpeÃ¤
ğŸ˜‹ herkullinen, herkullista ruokaa nauttinut, hymy, naama, nam, nami, nautiskeleva
ğŸ˜› kieli, kieli ulkona, naama
ğŸ˜œ kieli, kieli ulkona ja silmÃ¤nisku, naama, silmÃ¤, silmÃ¤nisku, vitsi
ğŸ¤ª eripari, mielipuoli, silmÃ¤t, virne
ğŸ˜ kamala, kieli, kieli ulkona ja silmÃ¤t tiukasti kiinni, maku, naama, silmÃ¤
ğŸ¤‘ dollarisilmÃ¤t ja rahasuu, naama, raha, suu
ğŸ¤— halaava naama, halaus, hali, naama
ğŸ¤­ kÃ¤si suun edessÃ¤, lipsahdus
ğŸ¤« hiljentÃ¤Ã¤, hyssyttÃ¤Ã¤, hyssyttelevÃ¤
ğŸ¤” mietteliÃ¤s, naama
ğŸ¤ naama, suu, vetoketju, vetoketjusuu
ğŸ¤¨ epÃ¤ilevÃ¤, kasvot, kohotetut kulmakarvat, naama, skeptinen
ğŸ˜ naama, naama peruslukemilla, neutraali, tunteeton
ğŸ˜‘ ilmeetÃ¶n, kasvot, naama, tunteeton, tyhjÃ¤
ğŸ˜¶ hiljaa, hiljainen, naama, naama ilman suuta, suu
ğŸ˜¶â€ğŸŒ« hajamielinen, naama pilvissÃ¤, naama sumussa, pÃ¤Ã¤ pilvissÃ¤
ğŸ˜ huvittunut, hymy, naama, virne, virnistys
ğŸ˜’ ei naurata, naama, onneton
ğŸ™„ naama, pyÃ¶rivÃ¤, silmÃ¤t, silmien pyÃ¶ritys
ğŸ˜¬ irvistÃ¤vÃ¤, irvistys, naama
ğŸ˜®â€ğŸ’¨ hÃ¤mmÃ¤styÃ¤, hÃ¤mmÃ¤stynyt, haukkoa henkeÃ¤Ã¤n, helpotus, kuiskaus, puhaltaa, vihellys
ğŸ¤¥ kasvot, valehdella, valehteleva, valehtelija
ğŸ˜Œ helpottunut, helpotus, naama
ğŸ˜” ajatteleva, lannistunut, mietteliÃ¤s, naama, pohdiskeleva
ğŸ˜ª naama, unelias, uni
ğŸ¤¤ kasvot, kuola, kuolaava, kuolata, naama
ğŸ˜´ naama, nukkuva, uni, zzz
ğŸ˜· flunssa, lÃ¤Ã¤kÃ¤ri, lÃ¤Ã¤ke, naama, naama ja hengityssuoja, sairas, suoja
ğŸ¤’ kasvot, kipeÃ¤, kuume, lÃ¤mpÃ¶, lÃ¤mpÃ¶mittari, naama, naama ja kuumemittari, sairas
ğŸ¤• kipeÃ¤, naama, naama ja pÃ¤Ã¤side, side, vamma
ğŸ¤¢ kasvot, oksentaa, pahoinvoida, pahoinvoiva
ğŸ¤® naama, oksentaa, oksentava, pahoinvointi, yrjÃ¶tÃ¤
ğŸ¤§ aivastaa, aivastava, aivastus, kasvot, naama, terveydeksi
ğŸ¥µ hikoilee, kuumeinen, kuumissaan, kuumottava, lÃ¤mpÃ¶halvaus, punanaama
ğŸ¥¶ jÃ¤Ã¤puikot, jÃ¤Ã¤tynyt, kylmÃ¤, kylmettynyt, paleleva, sininen naama
ğŸ¥´ aaltoileva suu, heikotus, huppelissa, pÃ¤issÃ¤Ã¤n, silmÃ¤t sikkaralla, tokkurainen naama
ğŸ˜µ huimaus, kuollut, naama, pyÃ¶rtyvÃ¤, tajuton, tuupertuva
ğŸ˜µâ€ğŸ’« apua, huimata, hypnoosissa, naama jolla spiraalisilmÃ¤t, ongelmia, spiraali
ğŸ¤¯ jÃ¤rkytys, naama, paukku, rÃ¤jÃ¤hdys pÃ¤Ã¤ssÃ¤, raju, sokki
ğŸ¤  cowboy, cowboy-hattu, hattu, kasvot
ğŸ¥³ hattu, juhla, juhlia, juhliva, pilli
ğŸ¥¸ lasit, naama, naamio, naamioitunut, nenÃ¤, tuntematon, valepuku
ğŸ˜ aurinko, aurinkolasihymy, aurinkolasit, cool, hymy
ğŸ¤“ jÃ¤nÃ¶hammas, naama, nÃ¶rtti, silmÃ¤lasit
ğŸ§ kalkkis, monokkeli silmÃ¤ssÃ¤, vanhanaikainen
ğŸ˜• hÃ¤keltynyt, hÃ¤mmennys, hÃ¤mmentynyt, naama
ğŸ˜Ÿ huolestunut, huoli, naama
ğŸ™ hieman surullinen, naama, surullinen
â˜¹ naama, suru, surullinen, tuomitseva
ğŸ˜® auki, empatia, naama, suu, yllÃ¤ttynyt
ğŸ˜¯ jÃ¤rkyttynyt, naama, sanaton, yllÃ¤ttynyt
ğŸ˜² Ã¤llistynyt, ihmetys, jÃ¤rkyttynyt, naama, tosi
ğŸ˜³ naama, punastunut, tyrmistynyt
ğŸ¥º anova, koiranpentuilme, sÃ¤Ã¤li
ğŸ˜¦ auki, naama, surullinen, surullinen ja suu auki, suu
ğŸ˜§ ahdistunut, ahdistus, hÃ¤tÃ¤, naama
ğŸ˜¨ naama, pelÃ¤stynyt, pelko, pelokas
ğŸ˜° auki, avoin suu ja kylmÃ¤nhiki, hiki, kylmÃ¤, naama, sininen, suu
ğŸ˜¥ helpottunut, huh, naama, pettynyt, pettynyt mutta helpottunut
ğŸ˜¢ itkevÃ¤, itku, kyynel, naama, surullinen
ğŸ˜­ Ã¤Ã¤neen itkevÃ¤, itku, kyynel, naama, nyyhky, surullinen
ğŸ˜± huuto, Munch, naama, pelko, pelokas
ğŸ˜– hÃ¤mmentynyt, naama, pÃ¶yristynyt, tyrmistynyt
ğŸ˜£ hellittÃ¤mÃ¤tÃ¶n, kÃ¤rsivÃ¤, naama, perÃ¤Ã¤nantamaton, sisukas
ğŸ˜ naama, pettymys, pettynyt
ğŸ˜“ hiki, kylmÃ¤, kylmÃ¤nhiki, naama
ğŸ˜© naama, poikki, uupumus, uupunut, vÃ¤synyt
ğŸ˜« naama, uupumus, vÃ¤symys, vÃ¤synyt
ğŸ¥± haukotteleva naama, haukotus, kyllÃ¤stynyt, vÃ¤synyt
ğŸ˜¤ hÃ¶yryÃ¤ nenÃ¤stÃ¤, naama, voittaja, voitto
ğŸ˜¡ mÃ¶kÃ¶ttÃ¤vÃ¤, naama, punainen, raivo, suuttunut, vihainen
ğŸ˜  kiukku, naama, raivo, viha, vihainen
ğŸ¤¬ kiroilu, sensuroitu suu
ğŸ˜ˆ fantasia, hymy, naama, pirullinen hymy ja sarvet, sarvet, satu
ğŸ‘¿ demoni, fantasia, naama, pikkupaholainen, piru, satu
ğŸ’€ hirviÃ¶, kuolema, naama, pÃ¤Ã¤kallo, ruumis, satu
â˜  hirviÃ¶, kuolema, naama, pÃ¤Ã¤kallo, pÃ¤Ã¤kallo ja reisiluut, reisiluut, ruumis
ğŸ’© hirviÃ¶, kakka, kakkakasa, lanta, naama, sarjakuva, sonta
ğŸ¤¡ kasvot, klovni, pelle
ğŸ‘¹ fantasia, hirviÃ¶, japanilainen, naama, olio, peikko, satu
ğŸ‘º fantasia, hiisi, hirviÃ¶, japanilainen, menninkÃ¤inen, naama, olio, satu
ğŸ‘» fantasia, hirviÃ¶, kummitus, naama, olio, satu
ğŸ‘½ alien, avaruusolio, olio
ğŸ‘¾ avaruushirviÃ¶, avaruusmonsteri, avaruusolio, naama, olio
ğŸ¤– hirviÃ¶, naama, robotti, robottinaama
ğŸ˜º auki, hymy, kissa, leveÃ¤sti hymyilevÃ¤ kissa, naama, suu
ğŸ˜¸ hymy, kissa, naama, silmÃ¤, virnistÃ¤vÃ¤ kissa ja hymyilevÃ¤t silmÃ¤t, virnistys
ğŸ˜¹ ilo, kissa, kissa ja naurunkyyneleet, kissanaama ja naurunkyyneleet, naama, nauru
ğŸ˜» hymy, kissa, kissa ja sydÃ¤nsilmÃ¤t, kissanaama ja sydÃ¤nsilmÃ¤t, naama, rakkaus, silmÃ¤, sydÃ¤n
ğŸ˜¼ hymy, ironinen, kissa, naama, vino, vinosti hymyilevÃ¤ kissa
ğŸ˜½ kissa, kissan pusunaama ja suljetut silmÃ¤t, naama, pusu, silmÃ¤
ğŸ™€ kissa, naama, oho, yllÃ¤ttynyt
ğŸ˜¿ itkevÃ¤ kissa, itku, kissa, kyynel, naama, surullinen
ğŸ˜¾ kissa, mÃ¶kÃ¶ttÃ¤vÃ¤, naama
ğŸ™ˆ apina, ei, ele, en nÃ¤e pahaa, kielletty
ğŸ™‰ apina, ei, ele, en kuule pahaa, kielletty
ğŸ™Š apina, en puhu pahaa, kielletty
ğŸ’‹ huulet, huulipunajÃ¤lki, jÃ¤lki, pusu
ğŸ’Œ kirje, posti, rakkaus, rakkauskirje, romantiikka, sydÃ¤n
ğŸ’˜ amor, nuoli, romantiikka, sydÃ¤n, sydÃ¤n ja nuoli
ğŸ’ nauha, sydÃ¤n, sydÃ¤n ja lahjanauha, ystÃ¤vÃ¤npÃ¤ivÃ¤
ğŸ’– innostunut, kimalle, kimaltava sydÃ¤n, sydÃ¤n
ğŸ’— hermostunut, innostunut, kasvava, sydÃ¤men syke, sydÃ¤n
ğŸ’“ sydÃ¤n, syke, sykkiÃ¤, sykkivÃ¤
ğŸ’ pyÃ¶rivÃ¤, sydÃ¤n, toisiaan kiertÃ¤vÃ¤t sydÃ¤met
ğŸ’• kaksi sydÃ¤ntÃ¤, rakkaus, sydÃ¤n
ğŸ’Ÿ sydÃ¤n, sydÃ¤nkoriste
â£ huutomerkki, sydÃ¤n, sydÃ¤nhuutomerkki, vÃ¤limerkit
ğŸ’” sÃ¤rkyÃ¤, sÃ¤rkynyt, sydÃ¤n
â¤â€ğŸ”¥ himo, liekki, palaa, palava sydÃ¤n, pyhÃ¤ sydÃ¤n, rakkaus, sydÃ¤n
â¤â€ğŸ©¹ elpyvÃ¤, hyvinvoiva, parantuminen, parantuva, parantuva sydÃ¤n, tervehtyvÃ¤, toipuminen
â¤ punainen sydÃ¤n, sydÃ¤n
ğŸ§¡ oranssi, sydÃ¤n
ğŸ’› keltainen, sydÃ¤n
ğŸ’š sydÃ¤n, vihreÃ¤
ğŸ’™ sininen, sydÃ¤n
ğŸ’œ sydÃ¤n, violetti
ğŸ¤ ruskea, sydÃ¤n
ğŸ–¤ musta, sydÃ¤n
ğŸ¤ sydÃ¤n, valkoinen
ğŸ’¯ 100, pisteet, sata pistettÃ¤, tÃ¤ydet
ğŸ’¢ sarjakuva, viha, vihainen
ğŸ’¥ pum, sarjakuva, tÃ¶rmÃ¤ys
ğŸ’« pyÃ¶rryttÃ¤vÃ¤, sarjakuva, tÃ¤hti
ğŸ’¦ hiki, hikipisarat, sarjakuva, vesi
ğŸ’¨ juoksu, pikalÃ¤htÃ¶, sarjakuva
ğŸ•³ musta, musta aukko, pallo, reikÃ¤
ğŸ’£ pommi, sarjakuva
ğŸ’¬ ilmapallo, keskustelu, kupla, puhe, puhekupla, sarjakuva
ğŸ‘â€ğŸ—¨ puhekupla, puhekuplasilmÃ¤, silmÃ¤, silminnÃ¤kijÃ¤, todistaja
ğŸ—¨ keskustelu, puhe, vasen puhekupla
ğŸ—¯ ilmapallo, kupla, oikea vihainen puhekupla, puhekupla, vihainen
ğŸ’­ ajatus, ajatuskupla, ilmapallo, kupla, sarjakuva
ğŸ’¤ sarjakuva, uni, zzz
ğŸ‘‹ heilautus, kÃ¤den heilautus, kÃ¤si, vartalo, vilkuttaa, vilkutus
ğŸ¤š kÃ¤denselkÃ¤, kÃ¤denselkÃ¤ koholla, kÃ¤mmenselkÃ¤ koholla, kohotettu
ğŸ– kÃ¤si, levitetty, nostettu kÃ¤si ja sormet erillÃ¤Ã¤n, sormi, vartalo
âœ‹ kÃ¤si, nostettu kÃ¤si, vartalo
ğŸ–– kÃ¤si, sormi, spock, vartalo, vulkanilainen, vulkanilaisten tervehdys
ğŸ‘Œ kÃ¤si, ok, ok-sormiele, vartalo
ğŸ¤Œ kÃ¤si supussa, kÃ¤siele, kuulustelu, mitÃ¤, sarkastinen, sormet, supussa
ğŸ¤ hippunen, nipistÃ¤vÃ¤ kÃ¤si, nipistysote, pieni mÃ¤Ã¤rÃ¤, vÃ¤hÃ¤inen mÃ¤Ã¤rÃ¤
âœŒ kÃ¤si, v, vartalo, voitonmerkki, voitto
ğŸ¤ kÃ¤si, onni, risti, sormet ristissÃ¤, sormi
ğŸ¤Ÿ fanitus, kÃ¤si, rakastan sinua -ele, rakkaus
ğŸ¤˜ kÃ¤si, rock, sarvet, sarviele, sormi, vartalo
ğŸ¤™ kÃ¤si, soita, soita minulle
ğŸ‘ˆ etusormi, kÃ¤mmenselkÃ¤, kÃ¤si, osoittaa, sormi, vartalo, vasemmalle osoittava etusormi kÃ¤mmenselkÃ¤ katsojaan pÃ¤in
ğŸ‘‰ etusormi, kÃ¤mmenselkÃ¤, kÃ¤si, oikealle osoittava etusormi kÃ¤mmenselkÃ¤ katsojaan pÃ¤in, osoittaa, sormi, vartalo
ğŸ‘† etusormi, kÃ¤mmenselkÃ¤, kÃ¤si, osoittaa, sormi, vartalo, ylÃ¶s, ylÃ¶s osoittava etusormi kÃ¤mmenselkÃ¤ katsojaan pÃ¤in
ğŸ–• kÃ¤si, keskisormi, sormi, vartalo
ğŸ‘‡ alas, alas osoittava etusormi kÃ¤mmenselkÃ¤ katsojaan pÃ¤in, etusormi, kÃ¤mmenselkÃ¤, kÃ¤si, osoittaa, sormi, vartalo
â˜ etusormi, kÃ¤si, osoittaa, sormi, vartalo, ylÃ¶s, ylÃ¶s osoittava etusormi
ğŸ‘ +1, kÃ¤si, peukalo, vartalo, ylÃ¶s
ğŸ‘ -1, alas, kÃ¤si, peukalo, vartalo
âœŠ isku, kÃ¤si, nostettu nyrkki, nyrkki, puristettu, vartalo
ğŸ‘Š isku, kÃ¤si, kohti tuleva nyrkki, nyrkki, puristettu, vartalo
ğŸ¤› nyrkki, nyrkki vasemmalle, vasen
ğŸ¤œ nyrkki, nyrkki oikealle, oikea
ğŸ‘ kÃ¤si, kÃ¤sien taputus, taputtaa, vartalo
ğŸ™Œ ele, hurraa, juhla, kÃ¤si, nostettu, nousevat kÃ¤det, vartalo
ğŸ‘ avoimet kÃ¤det, avoin, kÃ¤si, vartalo
ğŸ¤² anelu, kÃ¤mmenet vierekkÃ¤in
ğŸ¤ kÃ¤denpuristus, kÃ¤si, kÃ¤tellÃ¤, sopimus, tapaaminen
ğŸ™ kÃ¤mmenet yhdessÃ¤, kiitos, kumarrus, pliis, pyyntÃ¶, rukous, ylÃ¤femma
âœ kÃ¤si, kirjoittaa, kirjoittava kÃ¤si, vartalo
ğŸ’… kosmetiikka, kynsi, kynsihuolto, kynsilakka, manikyyri, vartalo
ğŸ¤³ kamera, omakuva, puhelin, selfie
ğŸ’ª hauis, lihas, pullistaa, pullistettu hauis, sarjakuva, vartalo
ğŸ¦¾ esteettÃ¶myys, tekokÃ¤si
ğŸ¦¿ esteettÃ¶myys, tekojalka
ğŸ¦µ alaraaja, jalka, potkaista, potku, raaja
ğŸ¦¶ jalkaterÃ¤, potkaista, potku, tallata, tÃ¶minÃ¤
ğŸ‘‚ korva, pÃ¤Ã¤, vartalo
ğŸ¦» esteettÃ¶myys, huonokuuloinen, kuulolaite, kuulolaite korvassa, kuulonalenema
ğŸ‘ƒ haju, nenÃ¤, pÃ¤Ã¤, tuoksu, vartalo
ğŸ§  aivot, Ã¤ly, pÃ¤Ã¤, vartalo, viisas
ğŸ«€ elin, kardiologia, pulssi, sydÃ¤n, syke, verenkierto
ğŸ« elin, hengitys, henkÃ¤isy, keuhkot
ğŸ¦· hammas, hammaslÃ¤Ã¤kÃ¤ri, hampaisto
ğŸ¦´ luu, luuranko, luusto
ğŸ‘€ naama, silmÃ¤, silmÃ¤t, vartalo
ğŸ‘ pÃ¤Ã¤, silmÃ¤, vartalo
ğŸ‘… kieli, pÃ¤Ã¤, suu, uhma, vartalo
ğŸ‘„ huulet, pÃ¤Ã¤, suu, vartalo
ğŸ‘¶ lapsi, nuori, vauva
ğŸ§’ lapsi, lapsuus, nuori, sukupuolineutraali
ğŸ‘¦ miespuolinen, nuori, poika
ğŸ‘§ horoskooppi, horoskooppimerkki, neiti, neito, neitsyt, nuori, tyttÃ¶
ğŸ§‘ aikaihminen, aikuinen, aikuisuus, keski-ikÃ¤inen, sukupuolineutraali, tÃ¤ysikasvuinen
ğŸ‘± blondi, hiukset, vaalea, vaaleahiuksinen henkilÃ¶, vaaleatukkainen henkilÃ¶
ğŸ‘¨ mies, miespuolinen
ğŸ§” karvainen, parrakas henkilÃ¶, parta, pulisongit, sÃ¤nki, viikset
ğŸ§”â€â™‚ mies, parrakas mies, parta
ğŸ‘±â€â™‚ blondi, hiukset, mies, vaalea, vaaleahiuksinen mies, vaaleatukkainen mies
ğŸ‘© nainen, naispuolinen
ğŸ§”â€â™€ nainen, parrakas nainen, parta
ğŸ‘±â€â™€ blondi, hiukset, nainen, vaalea, vaaleahiuksinen nainen, vaaleatukkainen nainen
ğŸ§“ ikÃ¤ihminen, seniori, sukupuolineutraali, vanha, vanhus
ğŸ‘´ mies, vanha
ğŸ‘µ nainen, vanha
ğŸ™ ele, surullinen, surullinen henkilÃ¶
ğŸ™â€â™‚ harmi, mies, suru, surullinen mies
ğŸ™â€â™€ harmi, nainen, suru, surullinen nainen
ğŸ™ ele, mÃ¶kÃ¶ttÃ¤vÃ¤, mÃ¶kÃ¶ttÃ¤vÃ¤ henkilÃ¶
ğŸ™â€â™‚ harmi, mies, mÃ¶kÃ¶ttÃ¤vÃ¤ mies, mÃ¶kÃ¶tys
ğŸ™â€â™€ harmi, mÃ¶kÃ¶ttÃ¤vÃ¤ nainen, mÃ¶kÃ¶tys, nainen
ğŸ™… ei, ei-ele, ele, kÃ¤si, kielletty
ğŸ™…â€â™‚ ei, ei kÃ¤y -merkkiÃ¤ nÃ¤yttÃ¤vÃ¤ mies, ele, kielletty, mies
ğŸ™…â€â™€ ei, ei kÃ¤y -merkkiÃ¤ nÃ¤yttÃ¤vÃ¤ nainen, ele, kielletty, nainen
ğŸ™† ele, kÃ¤si, ok, ok-ele
ğŸ™†â€â™‚ ele, kyllÃ¤, mies, ok, ok-merkkiÃ¤ nÃ¤yttÃ¤vÃ¤ mies
ğŸ™†â€â™€ ele, kyllÃ¤, nainen, ok, ok-merkkiÃ¤ nÃ¤yttÃ¤vÃ¤ nainen
ğŸ’ apu, info, kÃ¤mmentÃ¤ ylÃ¶spÃ¤in nÃ¤yttÃ¤vÃ¤ henkilÃ¶, kÃ¤si, nenÃ¤kÃ¤s
ğŸ’â€â™‚ kÃ¤mmentÃ¤ ylÃ¶spÃ¤in nÃ¤yttÃ¤vÃ¤ mies, kÃ¤si, mies, nenÃ¤kÃ¤s
ğŸ’â€â™€ kÃ¤mmentÃ¤ ylÃ¶spÃ¤in nÃ¤yttÃ¤vÃ¤ nainen, kÃ¤si, nainen, nenÃ¤kÃ¤s
ğŸ™‹ ele, iloinen, iloinen henkilÃ¶ viittaa, kÃ¤si, nostettu
ğŸ™‹â€â™‚ kÃ¤si, mies, viittaava mies, viittaus
ğŸ™‹â€â™€ kÃ¤si, nainen, viittaava nainen, viittaus
ğŸ§ esteettÃ¶myys, korva, kuulo, kuuro, kuuro ihminen
ğŸ§â€â™‚ kuuro, mies
ğŸ§â€â™€ kuuro, nainen
ğŸ™‡ anteeksi, anteeksipyyntÃ¶, ele, kumarrus, kumartava henkilÃ¶
ğŸ™‡â€â™‚ anteeksipyyntÃ¶, ele, kumarrus, mies, syvÃ¤Ã¤n kumartava mies
ğŸ™‡â€â™€ anteeksipyyntÃ¶, ele, kumarrus, nainen, syvÃ¤Ã¤n kumartava nainen
ğŸ¤¦ epÃ¤toivo, kÃ¤si, kasvot, peittÃ¤Ã¤ kasvot kÃ¤dellÃ¤, pettymys
ğŸ¤¦â€â™‚ kÃ¤si, kasvonsa kÃ¤dellÃ¤ peittÃ¤vÃ¤ mies, kasvot, mies, pettymys
ğŸ¤¦â€â™€ kÃ¤si, kasvonsa kÃ¤dellÃ¤ peittÃ¤vÃ¤ nainen, kasvot, nainen, pettymys
ğŸ¤· ei vÃ¤litÃ¤, epÃ¤ilys, kohauttaa, kohauttaa olkapÃ¤itÃ¤Ã¤n, olkapÃ¤itÃ¤Ã¤n kohauttava henkilÃ¶
ğŸ¤·â€â™‚ ei vÃ¤litÃ¤, ihan sama, kÃ¤mmeniÃ¤Ã¤n levittelevÃ¤ mies, kohauttaa, mies
ğŸ¤·â€â™€ ei vÃ¤litÃ¤, ihan sama, kÃ¤mmeniÃ¤Ã¤n levittelevÃ¤ nainen, kohauttaa, nainen
ğŸ§‘â€âš• hoitotyÃ¶ntekijÃ¤, lÃ¤Ã¤kÃ¤ri, sairaanhoitaja, terapeutti, terveydenhoito
ğŸ‘¨â€âš• lÃ¤Ã¤kÃ¤ri, mies, mieshoitotyÃ¶ntekijÃ¤, sairaanhoitaja, terapeutti, terveydenhuolto
ğŸ‘©â€âš• lÃ¤Ã¤kÃ¤ri, nainen, naishoitotyÃ¶ntekijÃ¤, sairaanhoitaja, terapeutti, terveydenhuollon naisammattilainen, terveydenhuolto
ğŸ§‘â€ğŸ“ lakki, opiskelija, opiskelu, valmistujaiset
ğŸ‘¨â€ğŸ“ lakki, mies, miesopiskelija, opiskelu, valmistujaiset
ğŸ‘©â€ğŸ“ lakki, nainen, naisopiskelija, opiskelu, valmistujaiset
ğŸ§‘â€ğŸ« koulu, opettaja
ğŸ‘¨â€ğŸ« koulu, mies, miesopettaja, ohjaaja, opettaja
ğŸ‘©â€ğŸ« koulu, nainen, naisopettaja, opettaja
ğŸ§‘â€âš– tuomari, vaaka
ğŸ‘¨â€âš– laki, mies, miestuomari, oikeus, tuomari
ğŸ‘©â€âš– laki, nainen, naistuomari, oikeus, tuomari
ğŸ§‘â€ğŸŒ¾ farmari, maanviljelijÃ¤, puutarhuri
ğŸ‘¨â€ğŸŒ¾ maanviljelijÃ¤, mies, miesmaanviljelijÃ¤, puutarhuri, sato
ğŸ‘©â€ğŸŒ¾ maanviljelijÃ¤, nainen, naismaanviljelijÃ¤, puutarhuri, sato
ğŸ§‘â€ğŸ³ keittiÃ¶mestari, kokki
ğŸ‘¨â€ğŸ³ kokki, mies, mieskokki, paistinpannu, ruoka
ğŸ‘©â€ğŸ³ kokki, nainen, naiskokki, paistinpannu, ruoka
ğŸ§‘â€ğŸ”§ mekaanikko, putkiasentaja, sÃ¤hkÃ¶asentaja, tyÃ¶kalu
ğŸ‘¨â€ğŸ”§ jakoavain, mekaanikko, mies, miesmekaanikko, tyÃ¶kalu
ğŸ‘©â€ğŸ”§ jakoavain, mekaanikko, nainen, naismekaanikko, tyÃ¶kalu
ğŸ§‘â€ğŸ­ kokoaminen, tehdas, tehdastyÃ¶ntekijÃ¤, teollisuus, tyÃ¶ntekijÃ¤
ğŸ‘¨â€ğŸ­ hitsaaja, mies, miestehdastyÃ¶ntekijÃ¤, tehdas, tyÃ¶ntekijÃ¤
ğŸ‘©â€ğŸ­ hitsaaja, nainen, naistehdastyÃ¶ntekijÃ¤, tehdas, tyÃ¶ntekijÃ¤
ğŸ§‘â€ğŸ’¼ arkkitehti, toimisto, toimistotyÃ¶ntekijÃ¤, valkokaulus, yritys
ğŸ‘¨â€ğŸ’¼ mies, miestoimistotyÃ¶ntekijÃ¤, toimisto, tyÃ¶ntekijÃ¤, valkokaulus
ğŸ‘©â€ğŸ’¼ nainen, naistoimistotyÃ¶ntekijÃ¤, toimisto, tyÃ¶ntekijÃ¤, valkokaulus
ğŸ§‘â€ğŸ”¬ biologi, insinÃ¶Ã¶ri, kemisti, lÃ¤Ã¤kÃ¤ri, tiede, tutkija
ğŸ‘¨â€ğŸ”¬ mies, miestutkija, tiede, tutkija
ğŸ‘©â€ğŸ”¬ nainen, naistutkija, tiede, tutkija
ğŸ§‘â€ğŸ’» IT-tyÃ¶ntekijÃ¤, kehittÃ¤jÃ¤, keksijÃ¤, koodari, ohjelmisto
ğŸ‘¨â€ğŸ’» IT, IT-mies, koodaus, mies, tietokone
ğŸ‘©â€ğŸ’» IT, IT-nainen, koodaus, nainen, tietokone
ğŸ§‘â€ğŸ¤ karaoke, laulaja, mikki
ğŸ‘¨â€ğŸ¤ karaoke, laulaja, mies, mieslaulaja, mikki
ğŸ‘©â€ğŸ¤ karaoke, laulaja, mikki, nainen, naislaulaja
ğŸ§‘â€ğŸ¨ artisti, paletti, taiteilija
ğŸ‘¨â€ğŸ¨ maalari, mies, miesartisti, miestaiteilija, taide, taiteilija
ğŸ‘©â€ğŸ¨ kuvataiteilija, maalari, nainen, naisartisti, naistaiteilija, taide, taiteilija
ğŸ§‘â€âœˆ lentÃ¤jÃ¤, lentokone, pilotti
ğŸ‘¨â€âœˆ lentÃ¤jÃ¤, lentokone, mies, miespilotti, pilotti
ğŸ‘©â€âœˆ lentÃ¤jÃ¤, lentokone, nainen, naispilotti, pilotti
ğŸ§‘â€ğŸš€ astronautti, raketti
ğŸ‘¨â€ğŸš€ astronautti, avaruus, mies, miesastronautti
ğŸ‘©â€ğŸš€ astronautti, avaruus, nainen, naisastronautti
ğŸ§‘â€ğŸš’ paloauto, pelastaja
ğŸ‘¨â€ğŸš’ mies, palomies, tulipalo, tulitaistelija
ğŸ‘©â€ğŸš’ nainen, palonainen, tulipalo, tulitaistelija
ğŸ‘® kyttÃ¤, poliisi
ğŸ‘®â€â™‚ etsivÃ¤, konstaapeli, mies, miespoliisi, poliisi
ğŸ‘®â€â™€ etsivÃ¤, konstaapeli, nainen, naispoliisi, poliisi
ğŸ•µ etsivÃ¤, salapoliisi
ğŸ•µâ€â™‚ etsivÃ¤, mies, miesetsivÃ¤, salapoliisi, vakooja
ğŸ•µâ€â™€ etsivÃ¤, nainen, naisetsivÃ¤, salapoliisi, vakooja
ğŸ’‚ vartija
ğŸ’‚â€â™‚ mies, miesvartija, vartija
ğŸ’‚â€â™€ nainen, naisvartija, vartija
ğŸ¥· ninja, piilossa, soturi, taistelija, vÃ¤ijyy
ğŸ‘· hattu, rakennus, rakennustyÃ¶lÃ¤inen, tyÃ¶mies
ğŸ‘·â€â™‚ mies, rakennusmies, rakennustyÃ¶lÃ¤inen, raksa
ğŸ‘·â€â™€ nainen, rakennusnainen, rakennustyÃ¶lÃ¤inen, raksa
ğŸ¤´ kuninkaallinen, prinssi
ğŸ‘¸ fantasia, prinsessa, satu
ğŸ‘³ mies, turbaani, turbaanipÃ¤inen henkilÃ¶
ğŸ‘³â€â™‚ mies, turbaani, turbaanipÃ¤inen mies
ğŸ‘³â€â™€ nainen, turbaani, turbaanipÃ¤inen nainen
ğŸ‘² gua pi mao, hattu, mies, mies ja kiinalainen hattu
ğŸ§• hijab, huivipÃ¤inen nainen, khimÄr, mantilja, pÃ¤Ã¤liina, silkkihuivi, tichel
ğŸ¤µ henkilÃ¶ smokissa, ihminen, smokki, smokkipukuinen ihminen, sulhanen
ğŸ¤µâ€â™‚ mies, mies smokissa, smokki, smokkipukuinen mies
ğŸ¤µâ€â™€ nainen, nainen smokissa, smokki, smokkipukuinen nainen
ğŸ‘° hÃ¤Ã¤t, huntu, huntupÃ¤inen henkilÃ¶, morsian
ğŸ‘°â€â™‚ huntu, huntupÃ¤inen mies, mies, mies ja huntu
ğŸ‘°â€â™€ huntu, huntupÃ¤inen nainen, nainen, nainen ja huntu
ğŸ¤° nainen, raskaana, raskaana oleva nainen
ğŸ¤± Ã¤iti, imettÃ¤Ã¤, imetys, rintamaito, ruokkia, syÃ¶ttÃ¤Ã¤, vauva
ğŸ‘©â€ğŸ¼ imettÃ¤vÃ¤, nainen, syÃ¶ttÃ¤vÃ¤, vauva, vauvaa syÃ¶ttÃ¤vÃ¤ nainen
ğŸ‘¨â€ğŸ¼ imettÃ¤vÃ¤, mies, syÃ¶ttÃ¤vÃ¤, vauva, vauvaa syÃ¶ttÃ¤vÃ¤ mies
ğŸ§‘â€ğŸ¼ henkilÃ¶, imettÃ¤vÃ¤, syÃ¶ttÃ¤vÃ¤, vauva, vauvaa imettÃ¤vÃ¤ henkilÃ¶, vauvaa syÃ¶ttÃ¤vÃ¤ henkilÃ¶
ğŸ‘¼ enkeli, enkelivauva, fantasia, naama, satu, vauva
ğŸ… fantasia, joulu, joulupukki, juhla, satu
ğŸ¤¶ joulu, joulupukin muori, muori
ğŸ§‘â€ğŸ„ joulutonttu, tonttu
ğŸ¦¸ hyvÃ¤, hyvis, sankari, sankaritar, supersankari, supervoimat
ğŸ¦¸â€â™‚ hyvÃ¤, hyvis, miessupersankari, sankari, supervoimat
ğŸ¦¸â€â™€ hyvÃ¤, hyvis, naissupersankari, sankari, sankaritar, supervoimat
ğŸ¦¹ kelmi, konna, paha, rikollinen, roisto, superpahis, supervoimat
ğŸ¦¹â€â™‚ kelmi, konna, miessuperpahis, paha, rikollinen, roisto, supervoimat
ğŸ¦¹â€â™€ kelmi, konna, naissuperpahis, paha, rikollinen, roisto, supervoimat
ğŸ§™ maagi, noita, sauva, taikasauva, taikavoima, taikuri, tietÃ¤jÃ¤, velho
ğŸ§™â€â™‚ maagi, miesvelho, noita, sauva, taikasauva, taikavoima, taikuri, tietÃ¤jÃ¤
ğŸ§™â€â™€ maagi, naisvelho, noita, sauva, taikasauva, taikavoima, taikuri, tietÃ¤jÃ¤
ğŸ§š hyÃ¶nteismÃ¤inen, ilmatar, keiju, keijukainen, luonnotar, Oberon, Puck, Titania
ğŸ§šâ€â™‚ hyÃ¶nteismÃ¤inen, mieskeiju, Oberon, Puck, siivet
ğŸ§šâ€â™€ ilmatar, keijukainen, keijukuningatar, luonnotar, metsÃ¤nneito, naiskeiju, Titania
ğŸ§› Dracula, elÃ¤vÃ¤ kuollut, hampaat, torahammas, vampyyri, verenhimo, verenimijÃ¤
ğŸ§›â€â™‚ Dracula, elÃ¤vÃ¤ kuollut, hampaat, miesvampyyri, torahammas, verenhimo, verenimijÃ¤
ğŸ§›â€â™€ elÃ¤vÃ¤ kuollut, hampaat, naisvampyyri, torahammas, verenhimo, verenimijÃ¤
ğŸ§œ kalanpyrstÃ¶, merenhaltija, merenvÃ¤ki, vedenhaltija, vetehinen
ğŸ§œâ€â™‚ Ahti, kalanpyrstÃ¶, merenhaltija, merenmies, merenvÃ¤ki, Triton, vedenhaltija, vetehinen
ğŸ§œâ€â™€ kalanpyrstÃ¶, merenneito, merenvÃ¤ki, pyrstÃ¶, seireeni, vedenvÃ¤ki
ğŸ§ alf, haltia, keiju, keijukainen, Legolas, suippokorva
ğŸ§â€â™‚ alf, haltia, keiju, Legolas, mieshaltia, suippokorva
ğŸ§â€â™€ alf, Galadriel, haltia, haltiatar, keiju, suippokorva
ğŸ§ genius, henki, jinni, juno, lamppu
ğŸ§â€â™‚ genius, henki, jinni, lamppu, mieshenki
ğŸ§â€â™€ henki, juno, lamppu, naishenki
ğŸ§Ÿ elÃ¤vÃ¤ kuollut, tahdoton, voodoo, zombi, zombie
ğŸ§Ÿâ€â™‚ elÃ¤vÃ¤ kuollut, mieszombi, tahdoton, voodoo, zombie
ğŸ§Ÿâ€â™€ elÃ¤vÃ¤ kuollut, naiszombi, tahdoton, voodoo, zombie
ğŸ’† hieroja, hieronta
ğŸ’†â€â™‚ hieronnassa oleva mies, hieronta, mies
ğŸ’†â€â™€ hieronnassa oleva nainen, hieronta, nainen
ğŸ’‡ hiustenleikkaus, kauneus, parturi, salonki
ğŸ’‡â€â™‚ hiukset, hiustenhoito, mies, parturi, parturissa oleva mies
ğŸ’‡â€â™€ hiukset, hiustenhoito, kampaaja, kampaajalla oleva nainen, nainen
ğŸš¶ jalankulkija, kÃ¤velijÃ¤, kÃ¤vellÃ¤, kÃ¤vely, patikointi
ğŸš¶â€â™‚ kÃ¤velevÃ¤ mies, kÃ¤vely, mies, patikointi
ğŸš¶â€â™€ kÃ¤velevÃ¤ nainen, kÃ¤vely, nainen, patikointi
ğŸ§ seisoa, seisova, seisova ihminen
ğŸ§â€â™‚ mies, seisova
ğŸ§â€â™€ nainen, seisova
ğŸ§ polvistua, polvistuminen, polvistuva ihminen
ğŸ§â€â™‚ mies, polvistuva
ğŸ§â€â™€ nainen, polvistuva
ğŸ§‘â€ğŸ¦¯ esteettÃ¶myys, henkilÃ¶ ja valkoinen keppi, sokea
ğŸ‘¨â€ğŸ¦¯ esteettÃ¶myys, mies, mies ja valkoinen keppi, sokea
ğŸ‘©â€ğŸ¦¯ esteettÃ¶myys, nainen, nainen ja valkoinen keppi, sokea
ğŸ§‘â€ğŸ¦¼ esteettÃ¶myys, henkilÃ¶ moottoroidussa pyÃ¶rÃ¤tuolissa, pyÃ¶rÃ¤tuoli
ğŸ‘¨â€ğŸ¦¼ esteettÃ¶myys, mies, mies moottoroidussa pyÃ¶rÃ¤tuolissa, pyÃ¶rÃ¤tuoli
ğŸ‘©â€ğŸ¦¼ esteettÃ¶myys, nainen, nainen moottoroidussa pyÃ¶rÃ¤tuolissa, pyÃ¶rÃ¤tuoli
ğŸ§‘â€ğŸ¦½ esteettÃ¶myys, henkilÃ¶ kÃ¤sikÃ¤yttÃ¶isessÃ¤ pyÃ¶rÃ¤tuolissa, pyÃ¶rÃ¤tuoli
ğŸ‘¨â€ğŸ¦½ esteettÃ¶myys, mies, mies kÃ¤sikÃ¤yttÃ¶isessÃ¤ pyÃ¶rÃ¤tuolissa, pyÃ¶rÃ¤tuoli
ğŸ‘©â€ğŸ¦½ esteettÃ¶myys, nainen, nainen kÃ¤sikÃ¤yttÃ¶isessÃ¤ pyÃ¶rÃ¤tuolissa, pyÃ¶rÃ¤tuoli
ğŸƒ juokseminen, juoksija, maratoni
ğŸƒâ€â™‚ juokseminen, juokseva mies, juoksija, lenkki, mies
ğŸƒâ€â™€ juokseminen, juokseva nainen, juoksija, lenkki, nainen
ğŸ’ƒ juhlat, nainen, tanssi, tanssija, tanssiva nainen
ğŸ•º mies, mies tanssii, tanssi, tanssiva mies
ğŸ•´ bisnes, levitoiva mies puvussa, mies, puku
ğŸ‘¯ korva, nainen, pupu, puputytÃ¶t, tanssija, tyttÃ¶
ğŸ‘¯â€â™‚ juhlat, nainen, pupu, tanssija, tanssivat pupupojat
ğŸ‘¯â€â™€ juhlat, mies, pupu, tanssija, tanssivat puputytÃ¶t
ğŸ§– henkilÃ¶ saunassa, hÃ¶yry, kiuas, lÃ¶yly, sauna
ğŸ§–â€â™‚ hÃ¶yry, kiuas, lÃ¶yly, mies saunassa, sauna
ğŸ§–â€â™€ hÃ¶yry, kiuas, lÃ¶yly, nainen saunassa, sauna
ğŸ§— kallio, kiipeilijÃ¤, kiipeily, seinÃ¤, vuori
ğŸ§—â€â™‚ kallio, kiipeily, mieskiipeilijÃ¤, seinÃ¤mÃ¤, vuori
ğŸ§—â€â™€ kallio, kiipeily, naiskiipeilijÃ¤, seinÃ¤, vuori
ğŸ¤º liikunta, miekka, miekkailija, miekkailu, urheilu
ğŸ‡ hevonen, jockey, kilparatsastus, ratsastus, ravit
â›· hiihtÃ¤jÃ¤, hiihto, lumi, sauvat, sukset
ğŸ‚ laskettelu, lumi, lumilauta, lumilautailija
ğŸŒ golf, golfaaja, pallo
ğŸŒâ€â™‚ golf, golfaajamies, mies
ğŸŒâ€â™€ golf, golfaajanainen, nainen
ğŸ„ lauta, surffaaja, surffaus
ğŸ„â€â™‚ lainelautailu, mies, surffaajamies, surffaus
ğŸ„â€â™€ lainelautailu, nainen, surffaajanainen, surffaus
ğŸš£ meri, soutaa, soutaja, soutuvene, vene
ğŸš£â€â™‚ mies, soutaja, soutava mies
ğŸš£â€â™€ nainen, soutaja, soutava nainen
ğŸŠ uimari, uinti
ğŸŠâ€â™‚ mies, uija, uimari, uiva mies
ğŸŠâ€â™€ nainen, uija, uimari, uiva nainen
â›¹ pallo, pallottelija
â›¹â€â™‚ palloilija, pallomies, pallotteleva mies, poika
â›¹â€â™€ palloilija, pallonainen, pallotteleva nainen, tyttÃ¶
ğŸ‹ kehonrakennus, painonnostaja, painot, treeni
ğŸ‹â€â™‚ mies, painonnostajamies, painonnosto
ğŸ‹â€â™€ nainen, painonnostajanainen, painonnosto
ğŸš´ polkupyÃ¶rÃ¤, pyÃ¶rÃ¤, pyÃ¶rÃ¤ilijÃ¤
ğŸš´â€â™‚ mies, pyÃ¶rÃ¤ilevÃ¤ mies, pyÃ¶rÃ¤ilijÃ¤
ğŸš´â€â™€ nainen, pyÃ¶rÃ¤ileva nainen, pyÃ¶rÃ¤ilijÃ¤
ğŸšµ maasto, maastopyÃ¶rÃ¤ilijÃ¤, polkupyÃ¶rÃ¤, pyÃ¶rÃ¤, pyÃ¶rÃ¤ilijÃ¤
ğŸšµâ€â™‚ maastopyÃ¶rÃ¤ilevÃ¤ mies, mies, pyÃ¶rÃ¤ilijÃ¤, vuori
ğŸšµâ€â™€ maastopyÃ¶rÃ¤ilevÃ¤ nainen, nainen, pyÃ¶rÃ¤ilijÃ¤, vuori
ğŸ¤¸ kÃ¤rrynpyÃ¶rÃ¤, liikunta, urheilu, voimistelu
ğŸ¤¸â€â™‚ kÃ¤rrynpyÃ¶rÃ¤, kÃ¤rrynpyÃ¶rÃ¤Ã¤ tekevÃ¤ mies, mies
ğŸ¤¸â€â™€ kÃ¤rrynpyÃ¶rÃ¤, kÃ¤rrynpyÃ¶rÃ¤Ã¤ tekevÃ¤ nainen, nainen
ğŸ¤¼ liikunta, painia, painija, painijat, urheilu
ğŸ¤¼â€â™‚ judo, kamppailu, miehet, painivat miehet
ğŸ¤¼â€â™€ judo, kamppailu, naiset, painivat naiset
ğŸ¤½ liikunta, pallo, urheilu, vesi, vesipalloilija
ğŸ¤½â€â™‚ mies, vesipallo, vesipalloa pelaava mies
ğŸ¤½â€â™€ nainen, vesipallo, vesipalloa pelaava nainen
ğŸ¤¾ kÃ¤sipallo, kÃ¤sipalloilija, liikunta, pallo, urheilu
ğŸ¤¾â€â™‚ kÃ¤sipallo, kÃ¤sipalloa pelaava mies, mies
ğŸ¤¾â€â™€ kÃ¤sipallo, kÃ¤sipalloa pelaava nainen, nainen
ğŸ¤¹ jongleeraaja, jongleeraus, taito, tasapainoilu
ğŸ¤¹â€â™‚ jongleeraava mies, jongleeraus, mies
ğŸ¤¹â€â™€ jongleeraava nainen, jongleeraus, nainen
ğŸ§˜ henkilÃ¶ lootusasennossa, jooga, mietiskely
ğŸ§˜â€â™‚ jooga, mies lootusasennossa, mietiskely
ğŸ§˜â€â™€ jooga, mietiskely, nainen lootusasennossa
ğŸ›€ kylpijÃ¤, kylpy, kylpyamme
ğŸ›Œ hotelli, nukkua, nukkuja, uni
ğŸ§‘â€ğŸ¤â€ğŸ§‘ henkilÃ¶, ihmiset kÃ¤si kÃ¤dessÃ¤, kÃ¤si, pari, pitÃ¤Ã¤, pitÃ¤Ã¤ toisiaan kÃ¤sistÃ¤
ğŸ‘­ kÃ¤destÃ¤ pitÃ¤minen, kaksi naista kÃ¤si kÃ¤dessÃ¤, kÃ¤si, nainen, pariskunta
ğŸ‘« kÃ¤destÃ¤ pitÃ¤minen, kÃ¤si, mies, mies ja nainen kÃ¤si kÃ¤dessÃ¤, nainen, pariskunta
ğŸ‘¬ kaksi miestÃ¤ kÃ¤si kÃ¤dessÃ¤, kaksonen, kaksoset, miespari
ğŸ’ pariskunta, pusu, romantiikka
ğŸ’‘ pariskunta, pariskunta ja sydÃ¤n, rakkaus, romantiikka, sydÃ¤n
ğŸ‘ª Ã¤iti, isÃ¤, lapsi, perhe
ğŸ—£ naama, pÃ¤Ã¤, puhu, puhuminen, puhuva pÃ¤Ã¤, siluetti
ğŸ‘¤ rintakuva, rintasiluetti, siluetti
ğŸ‘¥ kaksi rintasiluettia, rintakuva, siluetti
ğŸ«‚ halaus, hei, kiitos, nÃ¤kemiin
ğŸ‘£ jalanjÃ¤ljet, jalanjÃ¤ljki, jÃ¤lki, vaatteet, vartalo
ğŸ¦° punainen tukka, punapÃ¤Ã¤, punatukkainen
ğŸ¦± afrotukka, kihara tukka, kiharatukkainen
ğŸ¦³ harmaa, hiukset, valkoinen, valkotukkainen, vanha
ğŸ¦² ajeltu, ei tukkaa, kalju, kemoterapia
ğŸµ apina, apinan naama, naama
ğŸ’ apina, seisova
ğŸ¦ elÃ¤in, gorilla
ğŸ¦§ apina, oranki
ğŸ¶ koira, koiran naama, lemmikki, naama
ğŸ• koira, lemmikki
ğŸ¦® esteettÃ¶myys, opas, opaskoira, sokea
ğŸ•â€ğŸ¦º apu, esteettÃ¶myys, palveluskoira
ğŸ© koira, villakoira
ğŸº naama, suden naama, susi
ğŸ¦Š elÃ¤in, kettu, ketun naama
ğŸ¦ ovela, pesukarhu, supi, utelias, viekas
ğŸ± kissa, kissan naama, lemmikki, naama
ğŸˆ kissa, lemmikki
ğŸˆâ€â¬› epÃ¤onni, kissa, musta
ğŸ¦ horoskooppi, horoskooppimerkki, leijona, leijonan naama, naama
ğŸ¯ naama, tiikeri, tiikerin naama
ğŸ… tiikeri
ğŸ† leopardi
ğŸ´ hevonen, hevosen naama, naama
ğŸ hevonen, kilpahevonen, ratsastaja, ratsu, ratsuhevonen, ravihevonen, ravit
ğŸ¦„ naama, yksisarvinen, yksisarvisen naama
ğŸ¦“ nisÃ¤kÃ¤s, raidallinen, raidat, seepra, valkomusta
ğŸ¦Œ elÃ¤in, hirvi, peura
ğŸ¦¬ biisoni, lauma, puhveli, visentti
ğŸ® lehmÃ¤, lehmÃ¤n naama, naama
ğŸ‚ hÃ¤rkÃ¤, horoskooppi, horoskooppimerkki
ğŸƒ puhveli, vesi, vesipuhveli
ğŸ„ lÃ¤ikikÃ¤s, lehmÃ¤
ğŸ· naama, sian naama, sika
ğŸ– emakko, sika
ğŸ— sika, villisika
ğŸ½ kÃ¤rsÃ¤, naama, nenÃ¤, sian kÃ¤rsÃ¤, sika
ğŸ horoskooppi, horoskooppimerkki, lammas, oinas, pÃ¤ssi
ğŸ‘ lammas, naispuolinen, uuhi
ğŸ horoskooppi, horoskooppimerkki, kauris, vuohi
ğŸª dromedaari, kameli, kyttyrÃ¤, yksikyttyrÃ¤inen
ğŸ« kaksikyttyrÃ¤inen, kameli, kyttyrÃ¤
ğŸ¦™ alpakka, guanako, laama, vikunja, villa
ğŸ¦’ kirahvi, lÃ¤ikÃ¤t
ğŸ˜ elefantti, norsu
ğŸ¦£ mammutti, sukupuutto, suuri, torahammas, villainen
ğŸ¦ elÃ¤in, sarvikuono
ğŸ¦› virtahepo
ğŸ­ hiiren naama, hiiri, naama
ğŸ hiiri, valkoinen
ğŸ€ harmaa, rotta
ğŸ¹ hamsteri, hamsterin naama, lemmikki, naama
ğŸ° jÃ¤niksen naama, jÃ¤nis, kani, lemmikki, naama, pupu
ğŸ‡ kani, lemmikki, pupu
ğŸ¿ maaorava, orava
ğŸ¦« majava, pato
ğŸ¦” piikikÃ¤s, siili
ğŸ¦‡ elÃ¤in, lepakko, vampyyri
ğŸ» karhu, karhun naama, naama
ğŸ»â€â„ arktinen, jÃ¤Ã¤karhu, karhu, valkoinen
ğŸ¨ karhu, koala
ğŸ¼ naama, panda, pandan naama
ğŸ¦¥ hidas, laiska, laiskiainen
ğŸ¦¦ kalastaja, leikkisÃ¤, saukko
ğŸ¦¨ haista, haisunÃ¤Ã¤tÃ¤
ğŸ¦˜ Australia, hypÃ¤tÃ¤, kenguru, loikata, pussielÃ¤in
ğŸ¦¡ mÃ¤yrÃ¤, mesimÃ¤yrÃ¤
ğŸ¾ jalka, jÃ¤lki, kÃ¤pÃ¤lÃ¤, tassu, tassunjÃ¤ljet
ğŸ¦ƒ kalkkuna, lintu
ğŸ” kana, lintu
ğŸ“ kukko, lintu
ğŸ£ kananpoika, kuoriutuva, lintu, tipu
ğŸ¤ kananpoika, lintu, tipu
ğŸ¥ kananpoika, lintu, tipu, tipu edestÃ¤pÃ¤in
ğŸ¦ lintu, pikkulintu, turkoosi
ğŸ§ lintu, pingviini
ğŸ•Š kyyhky, lentÃ¤Ã¤, lintu, rauha
ğŸ¦… kotka, lintu
ğŸ¦† lintu, sorsa
ğŸ¦¢ joutsen, lintu, ruma ankanpoikanen
ğŸ¦‰ lintu, pÃ¶llÃ¶, viisas
ğŸ¦¤ dodo, lentokyvytÃ¶n, Mauritius, sukupuutto
ğŸª¶ hÃ¶yhen, keveÃ¤, lento, lintu, sulka
ğŸ¦© flamingo, pramea, trooppinen
ğŸ¦š komeileva, lintu, mahtaileva, pramea, riikinkukko, ylpeÃ¤
ğŸ¦œ lintu, merirosvo, papukaija, puhe, puhuva
ğŸ¸ naama, sammakko, sammakon naama
ğŸŠ krokotiili
ğŸ¢ kilpikonna
ğŸ¦ lisko, matelija
ğŸ horoskooppi, horoskooppimerkki, kÃ¤Ã¤rme, kÃ¤Ã¤rmeenkantaja, viestintuoja
ğŸ² lohikÃ¤Ã¤rme, lohikÃ¤Ã¤rmeen naama, naama, satu
ğŸ‰ lohikÃ¤Ã¤rme, satu
ğŸ¦• brontosaurus, dinosaurus, sauropodi
ğŸ¦– dinosaurus, hirmulisko, tyrannosaurus rex
ğŸ³ naama, suihkuttaa, suihkuttava valas, valas
ğŸ‹ valas
ğŸ¬ delfiini, flipper
ğŸ¦­ hylje, merileijona
ğŸŸ horoskooppi, horoskooppimerkki, kala, kalat
ğŸ  kala, trooppinen
ğŸ¡ kala, pallokala
ğŸ¦ˆ hai, kala
ğŸ™ mustekala
ğŸš kotilo, kuori
ğŸŒ etana
ğŸ¦‹ hyÃ¶nteinen, perhonen, sievÃ¤
ğŸ› hyÃ¶nteinen, Ã¶tÃ¶kkÃ¤
ğŸœ hyÃ¶nteinen, muurahainen
ğŸ hyÃ¶nteinen, mehilÃ¤inen
ğŸª² hyÃ¶nteinen, koppakuoriainen, kuoriainen, Ã¶tÃ¶kkÃ¤
ğŸ hyÃ¶nteinen, leppÃ¤kerttu
ğŸ¦— heinÃ¤sirkka, sirkka
ğŸª³ hyÃ¶nteinen, russakka, torakka, tuholainen
ğŸ•· hÃ¤mÃ¤hÃ¤kki, hyÃ¶nteinen
ğŸ•¸ hÃ¤mÃ¤hÃ¤kin seitti, hÃ¤mÃ¤hÃ¤kki, seitti, verkko
ğŸ¦‚ horoskooppi, horoskooppimerkki, skorpioni
ğŸ¦Ÿ hyÃ¶nteinen, hyttynen, kuume, malaria, sÃ¤Ã¤ski, sairaus, tauti, virus
ğŸª° kÃ¤rpÃ¤nen, mÃ¤tÃ¤nevÃ¤, sairaus, tauti, toukka
ğŸª± kastemato, loinen, mato
ğŸ¦  ameba, bakteeri, mikrobi, virus
ğŸ’ kasvi, kukka, kukkakimppu, romantiikka
ğŸŒ¸ kasvi, kirsikankukka, kirsikka, kukka
ğŸ’® kukka, valkoinen kukka
ğŸµ kasvi, ruusuke
ğŸŒ¹ kasvi, kukka, ruusu
ğŸ¥€ kukka, nuutunut
ğŸŒº kasvi, kiinanruusu, kukka
ğŸŒ» auringonkukka, aurinko, kasvi, kukka
ğŸŒ¼ kasvi, kukinta, kukka
ğŸŒ· kasvi, kukka, tulppaani
ğŸŒ± kasvi, taimi, verso
ğŸª´ hoivata, hyÃ¶dytÃ¶n, kasvaa, kasvi, kokousfiikus, koti, ruukkukasvi, tylsÃ¤
ğŸŒ² ikivihreÃ¤, kasvi, puu
ğŸŒ³ kasvi, lehtipuu, palmu, puu
ğŸŒ´ kasvi, palmu, puu
ğŸŒµ kaktus, kasvi
ğŸŒ¾ kasvi, riisi, riisikasvi, tÃ¤hkÃ¤
ğŸŒ¿ kasvi, lehti, yrtti
â˜˜ kasvi, kolmiapila
ğŸ€ kasvi, lehti, neliapila, nelilehtinen, neljÃ¤
ğŸ kasvi, lehti, putoava, vaahtera, vaahteranlehti
ğŸ‚ kasvi, lehti, pudonnut lehti, putoava
ğŸƒ kasvi, lehti, lehti tuulessa, puhaltaa, tuuli
ğŸ‡ hedelmÃ¤, kasvi, rypÃ¤le, viinirypÃ¤le, viinirypÃ¤leet
ğŸˆ hedelmÃ¤, kasvi, meloni
ğŸ‰ hedelmÃ¤, kasvi, vesimeloni
ğŸŠ appelsiini, hedelmÃ¤, kasvi, mandariini
ğŸ‹ hedelmÃ¤, kasvi, sitrus, sitruuna
ğŸŒ banaani, hedelmÃ¤, kasvi
ğŸ ananas, hedelmÃ¤, kasvi
ğŸ¥­ hedelmÃ¤, mango, trooppinen
ğŸ hedelmÃ¤, kasvi, omena, punainen
ğŸ hedelmÃ¤, kasvi, omena, vihreÃ¤
ğŸ hedelmÃ¤, kasvi, pÃ¤Ã¤rynÃ¤
ğŸ‘ hedelmÃ¤, kasvi, persikka
ğŸ’ hedelmÃ¤, kasvi, kirsikat, kirsikka
ğŸ“ hedelmÃ¤, kasvi, mansikka, marja
ğŸ« marja, mustikat, mustikka, sininen
ğŸ¥ hedelmÃ¤, kiivi, ruoka
ğŸ… kasvi, kasvis, tomaatti, vihannes
ğŸ«’ oliivi, ruoka
ğŸ¥¥ kookospÃ¤hkinÃ¤, palmu
ğŸ¥‘ avokado, hedelmÃ¤, ruoka
ğŸ† kasvi, kasvis, munakoiso, vihannes
ğŸ¥” peruna, ruoka, vihannes
ğŸ¥• porkkana, ruoka, vihannes
ğŸŒ½ kasvi, maissi, maissintÃ¤hkÃ¤, tÃ¤hkÃ¤
ğŸŒ¶ jalapeno, kasvi, kuuma, paprika, tulinen
ğŸ«‘ capsicum, paprika, vihannes
ğŸ¥’ kurkku, ruoka, vihannes
ğŸ¥¬ kaali, lehtivihannes, pinaattikiinankaali, salaatinlehti, salaatti
ğŸ¥¦ broccoli, parsakaali
ğŸ§„ mauste, valkosipuli
ğŸ§… mauste, sipuli
ğŸ„ rihmasto, sieni
ğŸ¥œ maapÃ¤hkinÃ¤, pÃ¤hkinÃ¤, ruoka
ğŸŒ° kastanja, kasvi
ğŸ leipÃ¤, pala
ğŸ¥ croissant, leipÃ¤, ranskalainen, ruoka, voisarvi
ğŸ¥– leipÃ¤, patonki, ranskalainen, ruoka
ğŸ«“ arepa, lavash, naan, pita, rieska
ğŸ¥¨ kierretty, pretzel, rinkilÃ¤
ğŸ¥¯ bageli, leivonnainen, rinkeli, vesirinkeli
ğŸ¥ lettu, letut, ohukainen, pannukakku, ruoka
ğŸ§‡ pÃ¤Ã¤ttÃ¤mÃ¤tÃ¶n, ratkaisematon, vohveli, vohvelirauta
ğŸ§€ juusto, juustopala
ğŸ– liha, lihaa luineen, luu
ğŸ— kana, kanankoipi, koipi, luu, siipikarja
ğŸ¥© kyljys, lampaankyljys, lihanpala, pihvi, porsaankyljys
ğŸ¥“ liha, pekoni, ruoka
ğŸ” hampurilainen, jauhelihapihvi
ğŸŸ ranskalaiset, tikkuperunat
ğŸ• juusto, pizza, siivu
ğŸŒ­ hodari, hot dog, makkara, nakki, sÃ¤mpylÃ¤
ğŸ¥ª kerrosleipÃ¤, leipÃ¤, tÃ¤yte, voileipÃ¤
ğŸŒ® meksikolainen, taco
ğŸŒ¯ burrito, meksikolainen
ğŸ«” kÃ¤Ã¤rÃ¶, meksikolainen, tamal
ğŸ¥™ falafel, kebab, leipÃ¤, pita, ruoka, tÃ¤yte, tÃ¤ytetty pita
ğŸ§† falafel, kasvispyÃ¶rykkÃ¤, kikherne
ğŸ¥š kananmuna, ruoka
ğŸ³ kokkaus, paistinpannu, ruoka
ğŸ¥˜ paella, paellapannu, pata, pataruoka, ruoka
ğŸ² pata, ruokakulho
ğŸ«• fondue, juusto, pata, suklaa, sulatettu, sveitsilÃ¤inen
ğŸ¥£ aamiainen, kulho ja lusikka, murot
ğŸ¥— ruoka, salaatti, vihreÃ¤
ğŸ¿ maissi, popcorn
ğŸ§ˆ maitotuote, voi
ğŸ§‚ mauste, sirotin, suola, suolasirotin
ğŸ¥« purkki, sÃ¤ilyketÃ¶lkki
ğŸ± bento, bento-rasia, rasia
ğŸ˜ keksi, riisi, riisikakku
ğŸ™ japanilainen, pallo, riisi, riisipallo
ğŸš keitetty, riisi
ğŸ› curry, curry-riisi, riisi
ğŸœ hÃ¶yryÃ¤vÃ¤, kulho, kuuma, nuudeli, ramen
ğŸ pasta, spagetti
ğŸ  bataatti, paahdettu, paistettu bataatti, uunipaahdettu
ğŸ¢ merenelÃ¤vÃ¤t, oden, tikku, varras
ğŸ£ raaka kala, riisi, sushi
ğŸ¤ katkarapu, paistettu, tempura
ğŸ¥ kakku, kala, kalakakku, leivonnainen
ğŸ¥® juhla, kuukakku, syksy, yuÃ¨bÄ­ng
ğŸ¡ dango, jÃ¤lkiruoka, japanilainen, makea, tikku
ğŸ¥Ÿ myky, pelmeni, taikinanyytti
ğŸ¥  ennustus, onnenkeksi
ğŸ¥¡ ateriarasia, noutoruoka
ğŸ¦€ horoskooppi, horoskooppimerkki, rapu
ğŸ¦ Ã¤yriÃ¤inen, Ã¤yriÃ¤iset, Ã¤yriÃ¤iskeitto, hummeri, merenelÃ¤vÃ¤t, sakset
ğŸ¦ Ã¤yriÃ¤iset, katkarapu, ruoka
ğŸ¦‘ kalmari, mustekala, ruoka
ğŸ¦ª helmi, osteri, sukellus
ğŸ¦ jÃ¤Ã¤, jÃ¤Ã¤telÃ¶, jÃ¤lkiruoka, kerma, makea, pehmeÃ¤, pehmis
ğŸ§ herkku, jÃ¤Ã¤, jÃ¤Ã¤hile, jÃ¤Ã¤hilejÃ¤lkiruoka, jÃ¤lkiruoka, makea
ğŸ¨ jÃ¤Ã¤telÃ¶, jÃ¤lkiruoka, kerma, makea
ğŸ© donitsi, jÃ¤lkiruoka, makea, munkkirinkeli
ğŸª jÃ¤lkiruoka, keksi, makea
ğŸ‚ jÃ¤lkiruoka, juhla, kakku, leivonnainen, makea, syntymÃ¤pÃ¤ivÃ¤, syntymÃ¤pÃ¤ivÃ¤kakku
ğŸ° jÃ¤lkiruoka, kakku, kakkupala, leivonnainen, makea, pala
ğŸ§ kuppikakku, leivonnainen, leivos, makea, vuokaleivos
ğŸ¥§ leivonnainen, piirakka, tÃ¤yte
ğŸ« jÃ¤lkiruoka, makea, patukka, suklaa, suklaapatukka
ğŸ¬ jÃ¤lkiruoka, karkki, makea
ğŸ­ jÃ¤lkiruoka, karkki, makea, tikkari
ğŸ® jÃ¤lkiruoka, makea, vanukas
ğŸ¯ hunaja, makea
ğŸ¼ juoda, maito, pullo, tuttipullo, vauva
ğŸ¥› juoma, lasi, maito, maitolasi
â˜• hÃ¶yryÃ¤vÃ¤, juoda, juoma, kahvi, kuuma, tee
ğŸ«– juoda, pannu, tee, teepannu
ğŸµ juoda, juoma, korvaton teekuppi, kuppi, tee, teekuppi
ğŸ¶ baari, juoma, kuppi, pullo, riisiviini, sake
ğŸ¾ baari, juoda, korkki, poksauttaa, pullo, pullo ja korkin poksautus
ğŸ· baari, juoda, juoma, lasi, viini, viinilasi
ğŸ¸ baari, cocktail, cocktaillasi, juoda, lasi
ğŸ¹ baari, juoda, lasi, trooppinen drinkki
ğŸº baari, juoda, olut, oluttuoppi, tuoppi
ğŸ» baari, juoda, kilisevÃ¤t oluttuopit, kippis, olut, tuoppi
ğŸ¥‚ juhlia, juoda, kilisevÃ¤t lasit, kilistÃ¤Ã¤, lasi
ğŸ¥ƒ juomalasi, paukku, viina, viski
ğŸ¥¤ juoma, lasi ja pilli, mehu
ğŸ§‹ helmi, kupla, kuplatee, maito, tee
ğŸ§ƒ juomatetra, pillijuoma
ğŸ§‰ juoma, mate
ğŸ§Š jÃ¤Ã¤kuutio, kylmÃ¤
ğŸ¥¢ aterimet, ruokailu, syÃ¶mÃ¤puikot
ğŸ½ aterimet, haarukka, haarukka, veitsi ja lautanen, lautanen, ruokailu, veitsi
ğŸ´ aterimet, haarukka, haarukka ja veitsi, ruokailu, veitsi
ğŸ¥„ aterimet, lusikka, ruokailu
ğŸ”ª keittiÃ¶veitsi, leikkuuveitsi, ruoanlaitto, terÃ¤ase, tyÃ¶kalu, veitsi
ğŸº amfora, horoskooppi, horoskooppimerkki, juoma, kannu, ruoanlaitto, vesimies
ğŸŒ Afrikka, Eurooppa, maailma, maapallo, maapallo jossa nÃ¤kyy Eurooppa ja Afrikka
ğŸŒ Amerikka, maailma, maapallo, maapallo jossa nÃ¤kyy Amerikka
ğŸŒ Aasia, Australia, maailma, maapallo, maapallo jossa nÃ¤kyy Aasia ja Australia
ğŸŒ maailma, maapallo, maapallo jossa nÃ¤kyy pituuspiirit, pituuspiirit
ğŸ—º kartta, maailma, maailmankartta
ğŸ—¾ Japani, Japanin kartta, kartta
ğŸ§­ kompassi, magneettinen, navigointi, suunnistus
ğŸ” kylmÃ¤, lumi, lumihuippuinen vuori, vuori
â›° vuori, vuoristo
ğŸŒ‹ sÃ¤Ã¤, tulivuorenpurkaus, tulivuori, vuori
ğŸ—» Fuji, Fuji-vuori, vuori
ğŸ• leiri, leirintÃ¤alue, teltta, telttailu
ğŸ– aurinkovarjo, ranta, ranta ja aurinkovarjo
ğŸœ aavikko, autiomaa, kaktus
ğŸ autio, autiosaari, saari
ğŸ kansallispuisto, puisto
ğŸŸ stadion, urheilukatsomo
ğŸ› antiikki, klassinen rakennus, klassismi, rakennus
ğŸ— rakennus, rakennustyÃ¶maa, tyÃ¶maa
ğŸ§± laasti, muuri, savi, seinÃ¤, tiilet, tiili
ğŸª¨ kallio, kivi, lohkare, painava
ğŸªµ halko, pÃ¶lkky, puu, puutavara
ğŸ›– jurtta, maja, mÃ¶kki, savimaja, talo
ğŸ˜ rakennus, talo, taloryhmÃ¤
ğŸš autiotalo, hylÃ¤tty, rakennus, talo, tyhjÃ¤
ğŸ  rakennus, talo
ğŸ¡ puutarha, rakennus, talo, talo ja puutarha
ğŸ¢ rakennus, toimisto, toimistorakennus
ğŸ£ Japani, japanilainen postitoimisto, posti, rakennus
ğŸ¤ posti, postitoimisto, rakennus
ğŸ¥ ensiapu, hoito, lÃ¤Ã¤kÃ¤ri, rakennus, sairaala
ğŸ¦ pankki, rakennus
ğŸ¨ hotelli, majoitus, rakennus
ğŸ© hotelli, rakennus, tunti, tuntihotelli
ğŸª kauppa, lÃ¤hikauppa, rakennus
ğŸ« koulu, oppi, rakennus
ğŸ¬ kauppa, rakennus, tavaratalo
ğŸ­ rakennus, tehdas, tuotanto
ğŸ¯ Japani, japanilainen linna, linna, rakennus
ğŸ° lÃ¤nsimainen, linna, rakennus
ğŸ’’ hÃ¤Ã¤t, kappeli, romantiikka, vihkiminen
ğŸ—¼ Japani, rakennus, Tokio, Tokyo Tower, torni
ğŸ—½ New York, patsas, USA, Vapaudenpatsas, vapaus
â›ª kirkko, kristinusko, rakennus, uskonto
ğŸ•Œ islam, moskeija, muslimi, rakennus, uskonto
ğŸ›• hindu, hindutemppeli, temppeli
ğŸ• juutalaisuus, rakennus, synagoga, temppeli, uskonto
â›© rakennus, shinto-temppeli, shintolaisuus, uskonto
ğŸ•‹ islam, Kaaba, muslimi, rakennus, uskonto
â›² suihku, suihkulÃ¤hde, vesi
â›º leirintÃ¤, teltta, telttailu
ğŸŒ sÃ¤Ã¤, sumu, sumuinen
ğŸŒƒ sÃ¤Ã¤, tÃ¤hti, tÃ¤htitaivas, yÃ¶
ğŸ™ kaupunki, kaupunkimaisema, rakennus
ğŸŒ„ aamu, auringonnousu vuorten takaa, aurinko, sÃ¤Ã¤
ğŸŒ… aamu, auringonnousu, aurinko, sÃ¤Ã¤
ğŸŒ† aurinko, ilta, kaupunki, kaupunkimaisema illanhÃ¤mÃ¤rÃ¤ssÃ¤, sÃ¤Ã¤
ğŸŒ‡ auringonlasku, aurinko, ilta, sÃ¤Ã¤
ğŸŒ‰ sÃ¤Ã¤, silta, silta yÃ¶llÃ¤, yÃ¶
â™¨ kuumat lÃ¤hteet, kylpylÃ¤, lÃ¤hde, vesi
ğŸ  hevonen, karuselli, karusellihevonen
ğŸ¡ huvipuisto, maailmanpyÃ¶rÃ¤
ğŸ¢ huvipuisto, vuoristorata
ğŸ’ˆ kampaaja, parturi, punasiniraitainen pylvÃ¤s, raidat
ğŸª sirkus, sirkusteltta, teltta
ğŸš‚ ajoneuvo, juna, rautatie, veturi
ğŸšƒ ajoneuvo, juna, junavaunu, raitiovaunu, rautatie
ğŸš„ ajoneuvo, juna, luotijuna, pikajuna, rautatie, shinkansen
ğŸš… ajoneuvo, juna, luotijuna, luotipikajuna, rautatie, shinkansen
ğŸš† ajoneuvo, juna, rautatie
ğŸš‡ ajoneuvo, maanalainen, metro
ğŸšˆ ajoneuvo, juna, kevytraidejuna, rautatie
ğŸš‰ ajoneuvo, asema, juna, rautatie
ğŸšŠ ajoneuvo, raiteet, raitioliikenne
ğŸš ajoneuvo, monorail, raide, yksiraidejuna
ğŸš ajoneuvo, funikulaari, juna, rautatie, rinnerata
ğŸš‹ ajoneuvo, raiteet, raitiovaunu, ratikka
ğŸšŒ ajoneuvo, auto, bussi, linja-auto
ğŸš ajoneuvo, auto, bussi, linja-auto, saapuva bussi
ğŸš ajoneuvo, auto, johdinauto, johdinbussi
ğŸš ajoneuvo, auto, bussi, linja-auto, minibussi, pikkubussi
ğŸš‘ ajoneuvo, ambulanssi, auto
ğŸš’ ajoneuvo, auto, paloauto, tulipalo
ğŸš“ ajoneuvo, auto, poliisi, poliisiauto
ğŸš” ajoneuvo, auto, poliisi, saapuva poliisiauto, vastaantuleva
ğŸš• ajoneuvo, auto, taksi
ğŸš– ajoneuvo, auto, saapuva taksi, taksi
ğŸš— ajoneuvo, auto
ğŸš˜ ajoneuvo, auto, saapuva auto
ğŸš™ ajoneuvo, auto, katumaasturi
ğŸ›» avolava, lava-auto
ğŸšš ajoneuvo, auto, kuljetusauto, rekka
ğŸš› ajoneuvo, auto, rekka, rekka-auto
ğŸšœ ajoneuvo, auto, traktori
ğŸ auto, kilpa-ajot, kilpa-auto
ğŸ kilpa-ajot, moottoripyÃ¶rÃ¤
ğŸ›µ ajoneuvo, skootteri
ğŸ¦½ esteettÃ¶myys, kÃ¤sikÃ¤yttÃ¶inen pyÃ¶rÃ¤tuoli
ğŸ¦¼ esteettÃ¶myys, moottoroitu pyÃ¶rÃ¤tuoli
ğŸ›º autorikÅ¡a, tuktuk
ğŸš² ajoneuvo, polkupyÃ¶rÃ¤, pyÃ¶rÃ¤
ğŸ›´ lauta, potku, potkulauta
ğŸ›¹ rullalauta, skeittilauta
ğŸ›¼ luistin, rullaluistin
ğŸš asema, bussipysÃ¤kki, pysÃ¤kki
ğŸ›£ moottoritie, pikatie, tie
ğŸ›¤ juna, junaraide, rautatie
ğŸ›¢ Ã¶ljy, Ã¶ljytynnyri, tynnyri
â›½ asema, bensapumppu, bensiini, polttoaine
ğŸš¨ hÃ¤lytys, poliisi, poliisiauton valo, valo
ğŸš¥ liikenne, liikennevalo, vaakasuuntaiset liikennevalot, valo
ğŸš¦ liikenne, liikennevalo, pystysuuntaiset liikennevalot, valo
ğŸ›‘ merkki, pysÃ¤htyÃ¤, pysÃ¤htymismerkki
ğŸš§ este, rakennustyÃ¶maan merkki
âš“ alus, ankkuri, laiva, merenkulku, meri
â›µ ajoneuvo, alus, jahti, meri, purjevene, vene
ğŸ›¶ kanootti, vene
ğŸš¤ ajoneuvo, meri, moottorivene, pikavene, vene
ğŸ›³ ajoneuvo, alus, laiva, matkustajalaiva, meri, vene
â›´ ajoneuvo, alus, laiva, lautta, meri
ğŸ›¥ ajoneuvo, meri, moottorivene, pikavene, vene
ğŸš¢ ajoneuvo, alus, laiva, meri
âœˆ ajoneuvo, lentokone
ğŸ›© ajoneuvo, lentokone, pienkone
ğŸ›« ajoneuvo, lÃ¤htevÃ¤, lÃ¤htÃ¶, lentokone
ğŸ›¬ ajoneuvo, laskeutuminen, lentokone, saapuva
ğŸª‚ laskuvarjo, laskuvarjohyppy, riippuliito, varjoliito
ğŸ’º istuin, tuoli
ğŸš ajoneuvo, helikopteri
ğŸšŸ ajoneuvo, juna, kisko, rata, rautatie, riippurata
ğŸš  ajoneuvo, gondoli, gondolihissi, hissi, kaapeli, kabiini, vuori
ğŸš¡ ajoneuvo, gondoli, kaapeli, kÃ¶ysirata, rata
ğŸ›° avaruus, satelliitti, tekokuu
ğŸš€ ajoneuvo, avaruus, raketti
ğŸ›¸ lentÃ¤vÃ¤ lautanen, UFO
ğŸ› hotelli, hotellipoika, kello, soittokello
ğŸ§³ matka, matkalaukku, matkatavara, matkustus, pakkaaminen
âŒ› ajanotto, hiekka, tiimalasi
â³ ajanotto, hiekka, tiimalasi, valuva tiimalasi
âŒš kello, rannekello
â° herÃ¤tys, herÃ¤tyskello, kello
â± ajanotto, kello, sekuntikello
â² ajastin, ajoitus, munakello
ğŸ•° kello, pÃ¶ytÃ¤kello, takanreunus
ğŸ•› 00.00, 12, 12.00, 24.00, aika, kello, kello kaksitoista, kellonaika
ğŸ•§ 00.30, 12.30, 30, aika, kello, kellonaika, puoli yksi
ğŸ• 1, 1.00, 13, 13.00, aika, kello, kello yksi, kellonaika
ğŸ•œ 1.30, 13.30, 30, aika, kello, kellonaika, puoli kaksi
ğŸ•‘ 14, 14.00, 2, 2.00, aika, kello, kello kaksi, kellonaika
ğŸ• 14.30, 2.30, 30, aika, kello, kellonaika, puoli kolme
ğŸ•’ 15, 15.00, 3, 3.00, aika, kello, kello kolme, kellonaika
ğŸ• 15.30, 3.30, 30, aika, kello, kellonaika, puoli neljÃ¤
ğŸ•“ 16, 16.00, 4, 4.00, aika, kello, kello neljÃ¤, kellonaika
ğŸ•Ÿ 16.30, 30, 4.30, aika, kello, kellonaika, puoli viisi
ğŸ•” 17, 17.00, 5, 5.00, aika, kello, kello viisi, kellonaika
ğŸ•  17.30, 30, 5.30, aika, kello, kellonaika, puoli kuusi
ğŸ•• 18, 18.00, 6, 6.00, aika, kello, kello kuusi, kellonaika
ğŸ•¡ 18.30, 30, 6.30, aika, kello, kellonaika, puoli seitsemÃ¤n
ğŸ•– 19, 7, 7.00, aika, kello, kello seitsemÃ¤n, kellonaika
ğŸ•¢ 19.30, 30, 7.30, aika, kello, kellonaika, puoli kahdeksan
ğŸ•— 20, 20.00, 8, 8.00, aika, kello, kello kahdeksan, kellonaika
ğŸ•£ 20.30, 30, 8.30, aika, kello, kellonaika, puoli yhdeksÃ¤n
ğŸ•˜ 21, 21.00, 9, 9.00, aika, kello, kello yhdeksÃ¤n, kellonaika
ğŸ•¤ 21.30, 30, 9.30, aika, kello, kellonaika, puoli kymmenen
ğŸ•™ 10, 10.00, 22, 22.00, aika, kello, kello kymmenen, kellonaika
ğŸ•¥ 10.30, 22.30, 30, aika, kello, kellonaika, puoli yksitoista
ğŸ•š 11, 11.00, 23, 23.00, aika, kello, kello yksitoista, kellonaika
ğŸ•¦ 11.30, 23.30, 30, aika, kello, kellonaika, puoli kaksitoista
ğŸŒ‘ kuu, pimeÃ¤, sÃ¤Ã¤, taivaankappale, uusikuu
ğŸŒ’ kasvava, kasvava kuunsirppi, kuu, sÃ¤Ã¤, sirppi, taivaankappale
ğŸŒ“ ensimmÃ¤inen neljÃ¤nneskuu, kuu, puolikuu, sÃ¤Ã¤, taivaankappale
ğŸŒ” kasvava, kasvava puolikuu, kuu, sÃ¤Ã¤, taivaankappale
ğŸŒ• kuu, sÃ¤Ã¤, taivaankappale, tÃ¤ysi, tÃ¤ysikuu
ğŸŒ– kuu, sÃ¤Ã¤, taivaankappale, vÃ¤henevÃ¤, vÃ¤henevÃ¤ puolikuu
ğŸŒ— kuu, puolikuu, sÃ¤Ã¤, taivaankappale, viimeinen neljÃ¤nneskuu
ğŸŒ˜ kuu, sÃ¤Ã¤, sirppi, taivaankappale, vÃ¤henevÃ¤, vÃ¤henevÃ¤ kuunsirppi
ğŸŒ™ kuu, kuunsirppi, sÃ¤Ã¤, sirppi, taivaankappale
ğŸŒš kasvot, kuu, sÃ¤Ã¤, taivaankappale, uudenkuun kasvot
ğŸŒ› kasvava puolikuu kasvoilla, kasvot, kuu, puolikuu, sÃ¤Ã¤, taivaankappale
ğŸŒœ kasvot, kuu, puolikuu, sÃ¤Ã¤, taivaankappale, vÃ¤henevÃ¤ puolikuu kasvoilla
ğŸŒ¡ lÃ¤mpÃ¶mittari, lÃ¤mpÃ¶tila, sÃ¤Ã¤
â˜€ aurinko, helle, paiste, sÃ¤Ã¤, sÃ¤teet
ğŸŒ kasvot, kuu, sÃ¤Ã¤, tÃ¤ysikuu kasvoilla, valo
ğŸŒ aurinko kasvoilla, kasvot, kuu, paiste, sÃ¤Ã¤, valo
ğŸª rengasplaneetta, Saturnus
â­ tÃ¤hti, valkoinen tÃ¤hti
ğŸŒŸ loistava tÃ¤hti, loiste, sÃ¤ihke, tÃ¤hti, valo
ğŸŒ  avaruus, tÃ¤hdenlento, tÃ¤hti, toive
ğŸŒŒ avaruus, galaksi, linnunrata, sÃ¤Ã¤
â˜ pilvi, sÃ¤Ã¤
â›… aurinko, aurinko pilvessÃ¤, pilvi, sÃ¤Ã¤
â›ˆ pilvi, sÃ¤Ã¤, sade, salama, ukkonen, ukkospilvi ja sade
ğŸŒ¤ aurinko, aurinko ja pieni pilvi, pilvi, sÃ¤Ã¤
ğŸŒ¥ aurinko, aurinko ja suuri pilvi, pilvi, sÃ¤Ã¤
ğŸŒ¦ aurinko, aurinko sadepilvessÃ¤, pilvi, sÃ¤Ã¤, sade
ğŸŒ§ pilvi, sÃ¤Ã¤, sade, sadepilvi
ğŸŒ¨ lumi, lumisade, lumisadepilvi, pilvi, pyry, sÃ¤Ã¤
ğŸŒ© pilvi, sÃ¤Ã¤, salama, ukkonen, ukkospilvi
ğŸŒª hirmumyrsky, hurrikaani, sÃ¤Ã¤, tornado
ğŸŒ« sÃ¤Ã¤, sumu, usva, utu
ğŸŒ¬ pilvi, puhuri, puuska, sÃ¤Ã¤, tuuli
ğŸŒ€ hirmumyrsky, pyÃ¶rre, pyÃ¶rremyrsky, sÃ¤Ã¤, sykloni
ğŸŒˆ aurinko, sÃ¤Ã¤, sade, sateenkaari
ğŸŒ‚ asuste, sÃ¤Ã¤, sade, sateenvarjo, suljettu sateenvarjo
â˜‚ asuste, sÃ¤Ã¤, sade, sateenvarjo
â˜” asuste, pisara, sÃ¤Ã¤, sade, sateenvarjo, sateenvarjo ja pisarat
â›± aurinko, aurinkovarjo, sÃ¤Ã¤, varjo
âš¡ korkeajÃ¤nnite, sÃ¤hkÃ¶, sÃ¤hkÃ¶isku, vaara, virta
â„ hiutale, kylmÃ¤, lumi, lumihiutale, sÃ¤Ã¤
â˜ƒ kylmÃ¤, lumi, lumiukko, sÃ¤Ã¤
â›„ kylmÃ¤, lumi, lumiukko, lumiukko ilman lunta, sÃ¤Ã¤
â˜„ avaruus, komeetta, pyrstÃ¶tÃ¤hti
ğŸ”¥ liekki, lieska, nuotio, tuli
ğŸ’§ hiki, pisara, sÃ¤Ã¤, tippa, vesi
ğŸŒŠ aalto, meri, tyrsky, valtameri, vesi
ğŸƒ halloween, juhla, kaivertaa, kurpitsa, kurpitsalyhty
ğŸ„ joulu, joulukuusi, joulupuu, juhla, kuusi
ğŸ† ilotulitus, juhla
ğŸ‡ ilotulite, juhla, tÃ¤htisade, tÃ¤htisadetikku
ğŸ§¨ dynamiitti, ilotulitus, rÃ¤jÃ¤hde, raketti, sÃ¤hikÃ¤inen, tykinlaukaus
âœ¨ loiste, sÃ¤ihke, tÃ¤hti
ğŸˆ ilmapallo, juhla
ğŸ‰ juhla, paukkuserpentiini, yllÃ¤tys
ğŸŠ juhla, konfetti, konfettipallo, koristepaperi
ğŸ‹ bambu, Japani, juhla, puu, tanabata, tanabatapuu
ğŸ bambu, havu, Japani, juhla, puukoriste
ğŸ Japani, japanilaiset nuket, juhlinta, nukke
ğŸ juhla, karppi, karppiviiri, koinobori, viiri
ğŸ juhla, kello, tuuli, tuulikello
ğŸ‘ juhla, juhlamenot, kuu, kuuseremonia
ğŸ§§ hÃ³ngbÄo, lahja, lai see, onni, punainen kirjekuori, raha
ğŸ€ juhla, lahjanaru, rusetti, ruusuke
ğŸ juhla, kÃ¤Ã¤repaperi, lahja, lahjapaketti, paketti
ğŸ— merkkipÃ¤ivÃ¤, muistutus, nauha, tietoisuus, tietoisuusnauha
ğŸŸ lippu, pÃ¤Ã¤sylippu, sisÃ¤Ã¤npÃ¤Ã¤sylippu
ğŸ« lippu, sisÃ¤Ã¤npÃ¤Ã¤sylippu
ğŸ– armeija, juhla, kunniamerkki, mitali
ğŸ† palkinto, pokaali
ğŸ… mitali, urheilumitali
ğŸ¥‡ ensimmÃ¤inen, kulta, kultamitali, mitali, voittaja
ğŸ¥ˆ hopea, hopeamitali, mitali, toinen
ğŸ¥‰ kolmas, mitali, pronssi, pronssimitali
âš½ jalkapallo, pallo, urheilu
âš¾ baseball, pallo, pesÃ¤pallo, urheilu
ğŸ¥ pallo, rÃ¤pylÃ¤, softball
ğŸ€ koripallo, pallo, urheilu
ğŸ lentopallo, ottelu
ğŸˆ amerikkalainen jalkapallo, jalkapallo, pallo, urheilu
ğŸ‰ jalkapallo, pallo, rugby, rugby-pallo, urheilu
ğŸ¾ pallo, tennis, tennispallo, urheilu
ğŸ¥ Frisbee, kiekko, liitokiekko, ultimate
ğŸ³ keila, keilailu, keilapallo, pallo, peli
ğŸ kriketti, maila, ottelu, pallo
ğŸ‘ hockey, maahockey, maila, ottelu, pallo
ğŸ’ jÃ¤Ã¤, jÃ¤Ã¤kiekko ja maila, kiekko, maila, ottelu
ğŸ¥ haavipallo, lacrosse, maali, maila, pallo
ğŸ“ maila, ottelu, pallo, pingis, pingispallo, pÃ¶ytÃ¤tennis
ğŸ¸ maila, ottelu, sulka, sulkapallo, sulkapallomaila
ğŸ¥Š hanska, liikunta, nyrkkeily, nyrkkeilyhanska, urheilu
ğŸ¥‹ asu, judo, kamppailulajiasu, kamppailulajit, karate, taekwondo, urheilu
ğŸ¥… liikunta, maali, maaliverkko, urheilu
â›³ golf, lippu, lippu reiÃ¤n pÃ¤Ã¤llÃ¤, reikÃ¤
â›¸ jÃ¤Ã¤, luistelu, luistin
ğŸ£ kalastus, onki, onkivapa, virveli
ğŸ¤¿ snorkkelisetti, snorklaus, sukellus, sukellusmaski
ğŸ½ juokseminen, juoksupaita, nauha, paita
ğŸ¿ hiihto, lumi, sauvat, sukset
ğŸ›· kelkka, kouru, lasku
ğŸ¥Œ curling-kivi, jÃ¤Ã¤, kivi
ğŸ¯ darts, hÃ¤rÃ¤nsilmÃ¤, kymmenen, napakymppi, tikka, tikkataulu
ğŸª€ jojo, jojoilla, lelu
ğŸª leija, leijailla, lennÃ¤ttÃ¤Ã¤
ğŸ± biljardi, biljardipallo, kasipallo, pallo, peli
ğŸ”® ennustaja, ennustus, kristalli, kristallipallo, povaus, taika, tulevaisuus
ğŸª„ noita, taika, taikasauva, velho
ğŸ§¿ amuletti, helmi, nazar-amuletti, paha silmÃ¤, taikakalu, talismaani
ğŸ® ohjain, peli, videopeli
ğŸ•¹ joystick, ohjain, sauvaohjain, videopeli
ğŸ° kolikko, pelikone, rahapeli
ğŸ² noppa, noppakuutio, peli
ğŸ§© arvoitus, pala, palapeli, vihje, yhteenliittynyt, yhteensopiva
ğŸ§¸ lelu, nalle, pehmolelu, tÃ¤ytetty, teddykarhu
ğŸª… juhlat, juhlinta, piÃ±ata
ğŸª† maatuska, maatuskanuket, nukke, venÃ¤lÃ¤inen
â™  kortti, korttipeli, maa, pata
â™¥ hertta, kortti, korttipeli, maa
â™¦ kortti, korttipeli, maa, ruutu
â™£ kortti, korttipeli, maa, risti
â™Ÿ nappula, pelinappula, punapaita, Å¡akki, Å¡akkipelin sotilas, sotilas, uhrattavissa
ğŸƒ jokeri, kortti, korttipeli
ğŸ€„ keskusta, lohikÃ¤Ã¤rme, mahjong, peli, punainen
ğŸ´ hanafuda, Japani, kortti, korttipeli, kukat, kukkapelikortit
ğŸ­ naamio, nÃ¤ytelmÃ¤, nÃ¤yttÃ¤mÃ¶, nÃ¤yttÃ¤mÃ¶taiteet, taide, teatteri
ğŸ–¼ kehys, kuva kehyksissÃ¤, maalaus, museo, taide
ğŸ¨ maalari, maali, taide, taiteilijan paletti
ğŸ§µ lanka, lankarulla, neula, ompelu, rulla, rullalanka
ğŸª¡ kÃ¤sinompelu, kirjonta, neula, ompelu, ompeluneula, parsiminen, silmÃ¤neula, tikit
ğŸ§¶ kerÃ¤, kutominen, lanka, lankakerÃ¤, neulominen, virkkaus
ğŸª¢ kiinnittÃ¤Ã¤, kÃ¶ysi, naru, solmu, solmulla
ğŸ‘“ silmÃ¤, silmÃ¤lasit, vaatteet
ğŸ•¶ aurinkolasit, lasit, silmÃ¤, silmÃ¤lasit, tumma
ğŸ¥½ hitsaus, silmien suojelu, suojalasit, uimalasit
ğŸ¥¼ koe, lÃ¤Ã¤kÃ¤rintakki, laboratoriotakki, tohtori, tutkija
ğŸ¦º hÃ¤tÃ¤tilanne, liivi, turvaliivi, turvallisuus
ğŸ‘” asuste, kravatti, solmio, vaatteet
ğŸ‘• paita, t-paita, vaatteet
ğŸ‘– farkut, housut, vaatteet
ğŸ§£ asuste, huivi, kaula, kaulaliina
ğŸ§¤ asuste, hansikkaat, kÃ¤det, kÃ¤sineet
ğŸ§¥ pÃ¤Ã¤llysvaate, pusero, takki, vaatteet
ğŸ§¦ sukat, vaatteet, villasukka
ğŸ‘— leninki, mekko, vaatteet
ğŸ‘˜ japanilainen, kimono, vaatteet
ğŸ¥» mekko, sari, vaate
ğŸ©± uima-asu, uimapuku
ğŸ©² alushousut, uima-asu, uimahousut
ğŸ©³ alushousut, shortsit, uimashortsit
ğŸ‘™ bikinit, uida, uimapuku, vaatteet
ğŸ‘š nainen, naistenvaatteet, vaatteet
ğŸ‘› asuste, kolikko, rahakukkaro
ğŸ‘œ asuste, kÃ¤silaukku, laukku
ğŸ‘ asuste, iltalaukku, kirjekuorilaukku, laukku
ğŸ› kauppakassi, laukku, ostoskassit, shoppailu
ğŸ’ koulu, koululaukku, koulureppu, laukku
ğŸ©´ rantasandaalit, sandaalit, varvassandaali, varvassandaalit, varvastossut
ğŸ‘ kenkÃ¤, miehen kenkÃ¤, mies, vaatteet
ğŸ‘Ÿ juoksukenkÃ¤, kenkÃ¤, lenkkarit, urheilu, vaatteet
ğŸ¥¾ erÃ¤vaellus, kenkÃ¤, patikointi, retkeily, telttailu, vaelluskenkÃ¤
ğŸ¥¿ balettitossu, balleriina, kenkÃ¤, lipokas, tossu
ğŸ‘  kenkÃ¤, korko, korkokenkÃ¤, nainen, vaatteet
ğŸ‘¡ kenkÃ¤, nainen, naisen sandaali, sandaali, vaatteet
ğŸ©° baletti, balettitossut, tanssi
ğŸ‘¢ kenkÃ¤, nainen, naisen saapas, saapas, vaatteet
ğŸ‘‘ asuste, kruunu, kuningas, kuningatar
ğŸ‘’ hattu, nainen, naisen hattu, vaatteet
ğŸ© hattu, silinteri, vaatteet
ğŸ“ hattu, juhla, lakki, vaatteet, valmistujaiset, valmistujaislakki
ğŸ§¢ hattu, lakki, lippalakki, vaatteet
ğŸª– armeija, kypÃ¤rÃ¤, sotilaallinen, sotilas, sotilaskypÃ¤rÃ¤
â›‘ apu, hattu, kypÃ¤rÃ¤, kypÃ¤rÃ¤, jossa valkoinen risti, naama, risti
ğŸ“¿ asuste, helmet, helminauha, rukous, rukoushelmet, uskonto
ğŸ’„ huulipuna, kosmetiikkaa, meikit, meikki
ğŸ’ romantiikka, sormus, timantti
ğŸ’ jalokivi, romantiikka, timantti
ğŸ”‡ Ã¤Ã¤nenvoimakkuus, Ã¤Ã¤netÃ¶n, hiljaa, kaiutin, mykistetty kaiutin, mykistys
ğŸ”ˆ Ã¤Ã¤nenvoimakkuus, alhainen, hiljainen kaiutin
ğŸ”‰ Ã¤Ã¤nenvoimakkuus, Ã¤Ã¤net, kaiutin, kaiutin normaalilla Ã¤Ã¤nenvoimakkuudella
ğŸ”Š Ã¤Ã¤nekÃ¤s kaiutin, Ã¤Ã¤nenvoimakkuus, kaiutin, kovempaa, lisÃ¤Ã¤
ğŸ“¢ Ã¤Ã¤ni, huomio, keskusradio, kova, kovaÃ¤Ã¤ninen
ğŸ“£ Ã¤Ã¤ni, huomio, kovaÃ¤Ã¤ninen, megafoni, suosionosoitus
ğŸ“¯ posti, postitorvi, torvi
ğŸ”” Ã¤Ã¤ni, kello, kirkonkello, sointi
ğŸ”• Ã¤Ã¤netÃ¶n, hiljaisuus, kello, kielto, mykistetty kello, mykistys
ğŸ¼ musiikki, nuotti, nuottiavain, nuottiviivasto
ğŸµ musiikki, nuotti
ğŸ¶ musiikki, nuotteja, nuotti
ğŸ™ Ã¤Ã¤nitys, levytys, mikrofoni, musiikki, studiomikrofoni
ğŸš liuâ€™utin, liukusÃ¤Ã¤din, musiikki, valitsin, voimakkuus
ğŸ› musiikki, nuppi, sÃ¤Ã¤din, sÃ¤Ã¤timet
ğŸ¤ karaoke, mikki, mikrofoni
ğŸ§ korvanappi, kuuloke, nappi, nappikuuloke
ğŸ“» radio, vastaanotin
ğŸ· instrumentti, musiikki, saksofoni
ğŸª— haitari, hanuri, harmonikka
ğŸ¸ instrumentti, kitara, musiikki
ğŸ¹ instrumentti, koskettimet, musiikki, piano, syntikka
ğŸº instrumentti, musiikki, torvi, trumpetti
ğŸ» instrumentti, jousi, musiikki, viulu
ğŸª• banjo, kielisoitin, musiikki
ğŸ¥ musiikki, rumpu, rumpukapula
ğŸª˜ conga, congarumpu, rumpu, rytmi
ğŸ“± kÃ¤nnykkÃ¤, matkapuhelin, mobiili, mobiililaite, puhelin
ğŸ“² kÃ¤nnykkÃ¤ ja nuoli, matkapuhelin, nuoli, puhelin, puhelu, saapuva
â˜ lankapuhelin, puhelin
ğŸ“ kuuloke, luuri, puhelin
ğŸ“Ÿ hakulaite
ğŸ“  faksi, faksilaite
ğŸ”‹ akku, akkuvirta, paristo
ğŸ”Œ pistoke, sÃ¤hkÃ¶, sÃ¤hkÃ¶pistoke, sÃ¤hkÃ¶tÃ¶pseli, tÃ¶pseli
ğŸ’» kannetava, kannettava tietokone, lÃ¤ppÃ¤ri, tietokone
ğŸ–¥ pÃ¶ytÃ¤kone, tietokone
ğŸ–¨ printteri, tietokone, tulostin
âŒ¨ nÃ¤ppÃ¤imet, nÃ¤ppÃ¤imistÃ¶, nÃ¤ppis, tietokone
ğŸ–± hiiri, tietokone, tietokoneen hiiri
ğŸ–² hiiri, ohjauspallo, tietokone
ğŸ’½ levy, minidisc, minidisk, tietokone
ğŸ’¾ disketti, korppu, levyke, tietokone
ğŸ’¿ blu-ray, CD, dvd, levy, tietokone
ğŸ“€ blu-ray, cd, DVD, levy, tietokone
ğŸ§® helmitaulu, laskeminen
ğŸ¥ elokuva, elokuvakamera, kamera, kuvaukset
ğŸ elokuva, filminauha, filmirulla
ğŸ“½ elokuva, elokuvakone, elokuvaprojektori, projektori, video
ğŸ¬ elokuva, klaffi, klaffitaulu, kuvaukset
ğŸ“º televisio, telkkari, tv, video
ğŸ“· kamera, video
ğŸ“¸ kamera, kamera ja salama, salama, video
ğŸ“¹ kamera, video, videokamera
ğŸ“¼ nauha, VHS, video, videokasetti, videonauha
ğŸ” etsi, haku, lasi, suurennuslasi, suurennuslasi vasemmalle, tyÃ¶kalu
ğŸ” etsi, haku, lasi, suurennuslasi, suurennuslasi oikealle, tyÃ¶kalu
ğŸ•¯ kynttilÃ¤, valo
ğŸ’¡ ajatus, hehkulamppu, lamppu, sÃ¤hkÃ¶, valo
ğŸ”¦ lamppu, sÃ¤hkÃ¶, taskulamppu, valo
ğŸ® baari, Japani, lyhty, punainen, punainen paperilyhty, valo
ğŸª” diya, lamppu, Ã¶ljy, Ã¶ljylamppu, savilamppu
ğŸ“” kansi, kirja, koristeellinen muistikirja, lehtiÃ¶, muistikirja, muistio
ğŸ“• kirja, suljettu
ğŸ“– avoin, kirja
ğŸ“— kirja, vihreÃ¤
ğŸ“˜ kirja, sininen
ğŸ“™ kirja, oranssi
ğŸ“š kirja, kirjapino, kirjat, kirjoja
ğŸ““ kirja, lehtiÃ¶, muistikirja, muistio
ğŸ“’ kirja, kirjanpito, lehtiÃ¶, tilikirja
ğŸ“ƒ asiakirja, dokumentti, kÃ¤Ã¤nnetty sivu, sivu
ğŸ“œ kÃ¤Ã¤rÃ¶, kirjakÃ¤Ã¤rÃ¶, paperi
ğŸ“„ asiakirja, dokumentti, sivu
ğŸ“° lehti, sanomalehti, uutiset
ğŸ— lehti, rulla, sanomalehti rullalla, uutiset
ğŸ“‘ kirjanmerkki, kirjanmerkkivÃ¤lilehdet, merkki, vÃ¤lilehti
ğŸ”– kirjanmerkki, merkki
ğŸ· etiketti, kortti, lappu, lipuke
ğŸ’° raha, rahapussi, rahasÃ¤kki, sÃ¤kki
ğŸª™ aarre, hopea, kolikko, kulta, metalli, raha
ğŸ’´ pankki, raha, seteli, valuutta, yen, yen-seteli
ğŸ’µ dollari, dollariseteli, pankki, raha, seteli, valuutta
ğŸ’¶ euro, euroseteli, pankki, raha, seteli, valuutta
ğŸ’· pankki, punta, puntaseteli, raha, seteli, valuutta
ğŸ’¸ pankki, raha, rahalla on siivet, seteli, siivet, valuutta
ğŸ’³ kortti, luotto, luottokortti, pankki, raha
ğŸ§¾ kirjanpito, kuitti, kulut, tilinpito, todistus, tosite
ğŸ’¹ kasvu, kÃ¤yrÃ¤, markkinat, nousu, pankki, raha, valuutta, yen, yen ja nouseva kÃ¤yrÃ¤
âœ‰ e-mail, kirje, kirjekuori, sÃ¤hkÃ¶posti, viesti
ğŸ“§ e-mail, sÃ¤hkÃ¶posti, sÃ¤hkÃ¶postiviesti, viesti
ğŸ“¨ e-mail, saapuva, saapuva kirjekuori, sÃ¤hkÃ¶posti, sÃ¤hkÃ¶postiviesti, viesti
ğŸ“© e-mail, kirjekuori ja nuoli, lÃ¤hetetty, lÃ¤htevÃ¤, sÃ¤hkÃ¶posti, sÃ¤hkÃ¶postiviesti, viesti
ğŸ“¤ e-mail, lÃ¤hettÃ¤Ã¤, lÃ¤htevÃ¤t, postilaatikko, sÃ¤hkÃ¶posti
ğŸ“¥ e-mail, postilaatikko, saapuvat, sÃ¤hkÃ¶posti, vastaanottaa
ğŸ“¦ laatikko, lÃ¤hetys, paketti, pakkaus
ğŸ“« lÃ¤htevÃ¤, postilaatikko, suljettu, suljettu postilaatikko, lippu ylhÃ¤Ã¤llÃ¤
ğŸ“ª alhaalla, postilaatikko, suljettu, suljettu postilaatikko, lippu alhaalla
ğŸ“¬ auki, avoin postilaatikko, lippu ylhÃ¤Ã¤llÃ¤, postilaatikko
ğŸ“­ alhaalla, auki, avoin postilaatikko, lippu alhaalla, postilaatikko
ğŸ“® posti, postilaatikko
ğŸ—³ Ã¤Ã¤nestyslippu, Ã¤Ã¤ni, Ã¤Ã¤niuurna, uurna, vaali
âœ kynÃ¤, lyijykynÃ¤
âœ’ kynÃ¤, musta kynÃ¤nkÃ¤rki, mustekynÃ¤
ğŸ–‹ kynÃ¤, mustekynÃ¤, tÃ¤ytekynÃ¤
ğŸ–Š kuulakÃ¤rkikynÃ¤, kynÃ¤
ğŸ–Œ maalaaminen, maali, maalisuti, sivellin
ğŸ– liitu, vÃ¤ri, vÃ¤riliitu
ğŸ“ lyijykynÃ¤, muistio
ğŸ’¼ salkku
ğŸ“ kansio, tiedosto, tiedostokansio
ğŸ“‚ avoin, avoin tiedostokansio, kansio, tiedosto
ğŸ—‚ arkisto, kortisto, kortiston vÃ¤lilehdet, kortti, vÃ¤lilehti
ğŸ“… kalenteri, pÃ¤ivÃ¤mÃ¤Ã¤rÃ¤
ğŸ“† kalenteri, pÃ¤ivÃ¤kalenteri
ğŸ—’ kierre, kierrelehtiÃ¶, lehtiÃ¶, muistio
ğŸ—“ kalenteri, kierre, kierrekalenteri, lehtiÃ¶
ğŸ“‡ kortisto, kortti, rolodex
ğŸ“ˆ kaavio, kasvu, kÃ¤yrÃ¤, nouseva kÃ¤yrÃ¤, nousu, suuntaus
ğŸ“‰ kaavio, kÃ¤yrÃ¤, laskeva kÃ¤yrÃ¤, lasku, suuntaus
ğŸ“Š kaavio, pylvÃ¤s, pylvÃ¤skaavio, tilasto
ğŸ“‹ leikepÃ¶ytÃ¤, levy, paperinpidike
ğŸ“Œ nuppineula
ğŸ“ karttanaula, nasta, pyÃ¶reÃ¤ nasta
ğŸ“ klemmari, liitin, paperiliitin
ğŸ–‡ klemmarit yhdessÃ¤, liitin, paperiliitin, yhdessÃ¤
ğŸ“ suora, viivain, viivoitin
ğŸ“ kolmio, kolmioviivain, viivain, viivotin
âœ‚ sakset, tyÃ¶kalu
ğŸ—ƒ arkistolaatikko, kortisto, laatikko, mappi
ğŸ—„ arkistokaappi, kaappi, kortisto, mappi
ğŸ—‘ roskakori, roskis
ğŸ”’ kiinni, lukko
ğŸ”“ auki, avata, lukko
ğŸ” kirjoittaa, lukko, lukko ja kynÃ¤, mustekynÃ¤, suojaus
ğŸ” avain, avain ja lukko kiinni, kiinni, lukko, turva
ğŸ”‘ avain, lukittu, salasana
ğŸ— avain, lukko, vanha, vihje
ğŸ”¨ tyÃ¶kalu, vasara
ğŸª“ hakata, halkoa, kirves, pilkkoa, puu
â› hakku, kaivaa, kaivos, tyÃ¶kalu
âš’ hakku, hakku ja vasara, tyÃ¶kalu, vasara
ğŸ›  jakoavain, jakoavain ja vasara, tyÃ¶kalu, vasara
ğŸ—¡ ase, terÃ¤ase, tikari, veitsi
âš” ase, miekat ristissÃ¤, miekka
ğŸ”« pistooli, pyssy, revolveri, vesipyssy
ğŸªƒ australia, bumerangi, kimmota takaisin, seuraus
ğŸ¹ ase, horoskooppi, horoskooppimerkki, jousi ja nuoli, jousiammunta, jousimies, jousipyssy, tyÃ¶kalu
ğŸ›¡ ase, kilpi
ğŸªš kÃ¤sisaha, puuseppÃ¤, saha, sahatavara, tyÃ¶kalu
ğŸ”§ jakoavain, tyÃ¶kalu
ğŸª› meisseli, ruuvi, ruuvimeisseli, tyÃ¶kalu
ğŸ”© mutteri, ruuvi, ruuvi ja mutteri, tyÃ¶kalu
âš™ hammasratas, tyÃ¶kalu
ğŸ—œ puristin, ruuvipenkki, ruuvipuristin, tyÃ¶kalu
âš– horoskooppi, horoskooppimerkki, oikeus, punnus, tyÃ¶kalu, vaaka
ğŸ¦¯ esteettÃ¶myys, sokea, valkoinen keppi
ğŸ”— ketju, lenkki
â›“ ketju, ketjut
ğŸª haka, koukku, koukuttaa
ğŸ§° laatikko, mekaaninen, pakki, tyÃ¶kalu, tyÃ¶kalulaatikko, tyÃ¶kalupakki
ğŸ§² hevosenkenkÃ¤, magneetti, magneettinen, puoleensavetÃ¤vÃ¤
ğŸªœ askelma, kiivetÃ¤, tikapuut, tikkaat
âš— kemia, tislauskolvi, tyÃ¶kalu
ğŸ§ª kemia, kemisti, koe, koeputki, laboratorio, tiede
ğŸ§« bakteerikasvusto, bakteerit, biologi, laboratorio, petrimalja, viljely
ğŸ§¬ biologi, dna, evoluutio, geeni, genetiikka, perimÃ¤
ğŸ”¬ mikroskooppi, tyÃ¶kalu
ğŸ”­ kaukoputki, teleskooppi, tyÃ¶kalu
ğŸ“¡ antenni, lautanen, lautasantenni, satelliittiantenni
ğŸ’‰ lÃ¤Ã¤kÃ¤ri, lÃ¤Ã¤ke, piikki, rokote, ruisku, tauti, tyÃ¶kalu
ğŸ©¸ kuukautiset, lÃ¤Ã¤ketiede, verenluovutus, veripisara
ğŸ’Š lÃ¤Ã¤kÃ¤ri, lÃ¤Ã¤ke, lÃ¤Ã¤ketiede, pilleri, tauti
ğŸ©¹ haava, hoito, laastari
ğŸ©º kuuntelu, lÃ¤Ã¤kÃ¤ri, stetoskooppi, sydÃ¤n
ğŸšª ovi
ğŸ›— esteettÃ¶myys, hissi
ğŸª heijastus, peilata, peili
ğŸªŸ aukko, ikkuna, kehys, lÃ¤pinÃ¤kyvÃ¤, nÃ¤kymÃ¤, raikas ilma
ğŸ› hotelli, nukkua, sÃ¤nky, uni
ğŸ›‹ hotelli, lamppu, sohva, sohva ja lamppu
ğŸª‘ istua, istuin, istumapaikka, tuoli
ğŸš½ vessa, vessanpÃ¶nttÃ¶
ğŸª  imukuppi, putkimies, viemÃ¤ripumppu, WC
ğŸš¿ suihku, vesi
ğŸ› kylpy, kylpyamme
ğŸª¤ ansa, hiirenloukku, loukku, syÃ¶tti
ğŸª’ ajaa parta, partaveitsi, terÃ¤vÃ¤
ğŸ§´ aurinkovoide, hoitoaine, hoitoainepullo, kosteusvoide, sampoo, shampoo
ğŸ§· hakaneula, punk, punkkari, vaippa
ğŸ§¹ harja, lakaisu, luuta, noita, siivous
ğŸ§º kori, maatalous, piknik, pyykki, pyykkikori
ğŸ§» paperipyyhkeet, paperirulla, talouspaperi, vessapaperi, wc-paperi
ğŸª£ Ã¤mpÃ¤ri, sanko
ğŸ§¼ kylpy, palasaippua, peseytyminen, saippua, saippuavaahto, siivous
ğŸª¥ hammasharja, hampaat, harja, hygienia, kylpyhuone, puhdas
ğŸ§½ huokoinen, imukykyinen, pesu, pesusieni, sieni, siivous
ğŸ§¯ palonsammutin, sammutin, sammuttaa, sammutusvÃ¤line, tulipalo
ğŸ›’ kÃ¤rryt, ostaminen, ostokset, ostoskÃ¤rryt
ğŸš¬ savuke, tupakointi
âš° arkku, kuolema, ruumisarkku
ğŸª¦ hauta, hautakivi, hautausmaa
âš± hautajaiset, kuolema, tuhkauurna, uurna
ğŸ—¿ kasvot, kivipatsas, moai, moait, PÃ¤Ã¤siÃ¤issaari, patsas
ğŸª§ kyltti, mielenosoitus, protesti
ğŸ§ automaatti, otto, pankki, pankkiautomaatti
ğŸš® roska, roskakori, roskat-merkki
ğŸš° juoma, juomakelpoista vettÃ¤, juotava, vesi
â™¿ esteettÃ¶myys, pyÃ¶rÃ¤tuoli
ğŸš¹ miesten wc, miestenhuone, vessa, wc
ğŸšº naisten wc, naistenhuone, vessa, wc
ğŸš» saniteetti, vessa, wc
ğŸš¼ lapsenhoito, vauva, vauva-merkki
ğŸš¾ huussi, kÃ¤ymÃ¤lÃ¤, vessa, wc
ğŸ›‚ passi, passintarkastus, tarkastus
ğŸ›ƒ tulli
ğŸ›„ hihna, luovutus, matkatavarat
ğŸ›… matkatavarat, sÃ¤ilytys, sÃ¤ilytyslokero, tavarasÃ¤ilytys
âš  muu vaara, vaara, varoitus
ğŸš¸ jalankulkija, lapsi, lapsia liikenteessÃ¤, liikenne, suojatie
â›” ajosuunta, ei, kielletty, liikenne, sallittu
ğŸš« ei, kielletty, liikenne, pÃ¤Ã¤sy
ğŸš³ ei polkupyÃ¶rille, kielletty, liikenne, polkupyÃ¶rÃ¤, polkupyÃ¶rÃ¤llÃ¤ ajo kielletty, pyÃ¶rÃ¤
ğŸš­ kielletty, tupakka, tupakointi
ğŸš¯ kielletty, roska, roskaaminen kielletty
ğŸš± juomakelvoton, juominen kielletty, pilaantunut vesi, vesi ei juomakelpoista
ğŸš· jalankulkija, jalankulku kielletty, kielletty
ğŸ“µ ei matkapuhelimia, kielletty, matkapuhelin, puhelin
ğŸ” 18, ikÃ¤raja, ikÃ¤rajoitus, kielletty, kielletty alaikÃ¤isiltÃ¤, tÃ¤ysi-ikÃ¤inen
â˜¢ radioaktiivinen, sÃ¤teily, sÃ¤teilyvaara, vaara, ydinsÃ¤teily
â˜£ biologinen, biovaara, vaara
â¬† ilmansuunta, nuoli, nuoli ylÃ¶s, pÃ¤Ã¤ilmansuunta, pohjoinen
â†— ilmansuunta, koillinen, nuoli, nuoli ylÃ¤oikealle, vÃ¤li-ilmansuunta
â¡ ilmansuunta, itÃ¤, nuoli, nuoli oikealle, pÃ¤Ã¤ilmansuunta
â†˜ ilmansuunta, kaakko, nuoli, nuoli alaoikealle, vÃ¤li-ilmansuunta
â¬‡ etelÃ¤, ilmansuunta, nuoli, nuoli alas, pÃ¤Ã¤ilmansuunta
â†™ ilmansuunta, lounas, nuoli, nuoli alavasemmalle, vÃ¤li-ilmansuunta
â¬… ilmansuunta, lÃ¤nsi, nuoli, nuoli vasemmalle, pÃ¤Ã¤ilmansuunta
â†– ilmansuunta, luode, nuoli, nuoli ylÃ¤vasemmalle, vÃ¤li-ilmansuunta
â†• nuoli, nuoli ylÃ¶s ja alas, suunta
â†” nuoli, nuoli oikealle ja vasemmalle, suunta
â†© nuoli, vasemmalle kÃ¤Ã¤ntyvÃ¤ nuoli
â†ª nuoli, oikealle kÃ¤Ã¤ntyvÃ¤ nuoli
â¤´ nuoli, ylÃ¶s, ylÃ¶s kÃ¤Ã¤ntyvÃ¤ nuoli
â¤µ alas, alas kÃ¤Ã¤ntyvÃ¤ nuoli, nuoli
ğŸ”ƒ myÃ¶tÃ¤pÃ¤ivÃ¤Ã¤n, nuoli, pÃ¤ivitÃ¤, pystynuolet myÃ¶tÃ¤pÃ¤ivÃ¤Ã¤n
ğŸ”„ nuolet vastapÃ¤ivÃ¤Ã¤n, nuoli, vastapÃ¤ivÃ¤Ã¤n
ğŸ”™ BACK-nuoli, nuoli, takaisin
ğŸ”š END-nuoli, lopeta, nuoli
ğŸ”› nuoli, ON!-nuoli, pÃ¤Ã¤llÃ¤
ğŸ”œ nuoli, SOON-nuoli, tulossa
ğŸ” alkuun, nuoli, TOP-nuoli
ğŸ› palvonta, palvontapaikka, pyhÃ¤ rakennus, pyhÃ¤kkÃ¶, uskonto
âš› ateisti, atomi
ğŸ•‰ hindu, hindulaisuus, om-tavu, symboli, tavu, uskonto
âœ¡ Daavid, Daavidin tÃ¤hti, daavidintÃ¤hti, juutalaisuus, tÃ¤hti, uskonto
â˜¸ buddha, buddhalaisuus, dharma, dharma-pyÃ¶rÃ¤, pyÃ¶rÃ¤, ratas, uskonto
â˜¯ jang, jin, jin ja jang, tao, taolaisuus, uskonto
âœ kristinusko, latinalainen risti, risti, uskonto
â˜¦ kristinusko, ortodoksiristi, ortodoksisuus, risti, uskonto
â˜ª islam, kuu, kuunsirppi ja tÃ¤hti, muslimi, tÃ¤hti, uskonto
â˜® rauha, rauhansymboli
ğŸ• juutalaisuus, kynttilÃ¤, menora, seitsenhaarainen, uskonto
ğŸ”¯ kuusisakarainen tÃ¤hti pisteellÃ¤, onnentÃ¤hti, tÃ¤hti, uskonto
â™ˆ horoskooppi, horoskooppimerkki, oinas, oinas-merkki
â™‰ hÃ¤rkÃ¤, hÃ¤rkÃ¤-merkki, horoskooppi, horoskooppimerkki
â™Š horoskooppi, horoskooppimerkki, kaksonen, kaksonen-merkki, kaksoset
â™‹ horoskooppi, horoskooppimerkki, rapu, rapu-merkki
â™Œ horoskooppi, horoskooppimerkki, leijona, leijona-merkki
â™ horoskooppi, horoskooppimerkki, neitsyt, neitsyt-merkki
â™ horoskooppi, horoskooppimerkki, vaaka, vaaka-merkki
â™ horoskooppi, horoskooppimerkki, skorpioni, skorpioni-merkki
â™ horoskooppi, horoskooppimerkki, jousimies, jousimies-merkki
â™‘ horoskooppi, horoskooppimerkki, kauris, kauris-merkki
â™’ horoskooppi, horoskooppimerkki, vesimies, vesimies-merkki
â™“ horoskooppi, horoskooppimerkki, kalat, kalat-merkki
â› horoskooppi, horoskooppimerkki, kÃ¤Ã¤rme, kÃ¤Ã¤rmeenkantaja, ophiuchus, tÃ¤htikuvio
ğŸ”€ nappi, nuoli, painike, ristissÃ¤, sekoitus
ğŸ” myÃ¶tÃ¤pÃ¤ivÃ¤Ã¤n, nappi, nuoli, painike, toista uudelleen, uudestaan
ğŸ”‚ kerran, myÃ¶tÃ¤pÃ¤ivÃ¤Ã¤n, nappi, nuoli, painike, toista kerran
â–¶ aloita, kolmio, nappi, oikealle, painike, toista, toisto
â© 2, eteen, kelaa eteenpÃ¤in, kelaus, nappi, nuoli, painike
â­ eteen, kolmiot, nappi, painike, seuraava, seuraava kappale, siirry
â¯ aloita, kolmio, nappi, painike, pysÃ¤ytÃ¤, tauko, toista/pysÃ¤ytÃ¤, toisto
â—€ kelaa hitaasti taakse, kelaus, kolmio, nappi, painike, taakse
âª 2, kelaa taaksepÃ¤in, kelaus, nappi, nuoli, painike, taakse
â® edellinen, edellinen kappale, kolmiot, nappi, painike, siirry, taakse
ğŸ”¼ kolmio, nappi, painike, ylÃ¶s
â« 2, kolmio, nappi, nopeasti ylÃ¶s, painike, ylÃ¶s
ğŸ”½ alas, kolmio, nappi, painike
â¬ 2, alas, kolmio, nappi, nopeasti alas, painike
â¸ 2, nappi, painike, palkki, pysÃ¤ytÃ¤, tauko
â¹ lopeta, nappi, neliÃ¶, painike, pysÃ¤ytÃ¤
âº Ã¤Ã¤nitÃ¤, nappi, nauhoita, painike, tallenna, ympyrÃ¤
â anna, avaus, nappi, painike, poista
ğŸ¦ elokuva, kamera, kuvata, video, videokuva
ğŸ”… himmennÃ¤, kirkkaus, nappi, painike, vÃ¤hennÃ¤
ğŸ”† kirkasta, kirkkaus, lisÃ¤Ã¤, nappi, painike
ğŸ“¶ kenttÃ¤, kuuluvuus, kuuluvuuspalkit, matkapuhelin, palkki, puhelin, signaali
ğŸ“³ Ã¤Ã¤netÃ¶n, hiljainen, matkapuhelin, puhelin, vÃ¤rinÃ¤, vÃ¤rinÃ¤tila
ğŸ“´ kielletty, matkapuhelin, matkapuhelin suljettava, pois, puhelin
â™€ naissymboli, Venus-symboli
â™‚ Mars-symboli, miessymboli
âš§ trans, transsukupuolinen, transsymboli
âœ– Ã—, kertolasku, kertomerkki, merkki, peruuta, x
â• +, matematiikka, plus, plusmerkki
â– -, matematiikka, miinus, miinusmerkki, vÃ¤hennys
â— /, jako, jakomerkki, jakoviiva, matematiikka
â™¾ Ã¤Ã¤retÃ¶n, Ã¤Ã¤rettÃ¶myys, aina, ikuinen, rajaton, universaali
â€¼ 2, huutomerkki, kaksoishuutomerkki, merkki, vÃ¤limerkki
â‰ 2, huuto-kysymysmerkki, huutomerkki, kysymysmerkki, merkki, vÃ¤limerkki
â“ kysymysmerkki, merkki, vÃ¤limerkki
â” kysymysmerkki, merkki, vÃ¤limerkki, valkoinen kysymysmerkki
â• huutomerkki, merkki, vÃ¤limerkki, valkoinen huutomerkki
â— huutomerkki, merkki, vÃ¤limerkki
ã€° aaltoileva, aaltoviiva, vÃ¤limerkki, viiva
ğŸ’± pankki, raha, vaihto, valuutanvaihto, valuutta
ğŸ’² dollari, paksu dollarimerkki, raha, valuutta
âš• Asklepioksen sauva, lÃ¤Ã¤ketieteen symboli
â™» kierrÃ¤ttÃ¤Ã¤, kierrÃ¤tys, kierrÃ¤tyssymboli
âšœ fleur-de-lis, heraldinen lilja, lilja, Ranskan lilja, ranskanlilja
ğŸ”± ankkuri, atrain, kolme, kolmikÃ¤rki, laiva, meri
ğŸ“› kyltti, lappu, nimi, nimikyltti
ğŸ”° ajokortti, aloittelija, auto, Japani, japanilainen symboli aloittelijalle, shoshinsha
â­• O, suuri ympyrÃ¤, ympyrÃ¤
âœ… merkki, rasti, tarkistusmerkki, V, valkoinen valintamerkki
â˜‘ merkki, punainen valintamerkki, rasti, tarkistusmerkki, V
âœ” merkki, paksu valintamerkki, tarkistusmerkki, V, valintamerkki
âŒ kertolasku, merkki, peruuta, punainen rastimerkki, X
â kertolasku, laatikko, merkki, peruuta, rastimerkki, X
â° kaareva silmukka, silmukka
â¿ 2, kaksoissilmukka, nauhuri, silmukka, vastaaja
ã€½ ioriten, japani, merkki, osanvaihtomerkki
âœ³ 8, asteriski, kahdeksanpiikkinen tÃ¤htimerkki, tÃ¤hti, tÃ¤htimerkki
âœ´ 8, asteriski, kahdeksankÃ¤rkinen tÃ¤hti, tÃ¤hti, tÃ¤htimerkki
â‡ kipinÃ¤, sÃ¤ihke, tÃ¤hti
Â© C, tekijÃ¤noikeus, tekijÃ¤noikeusmerkki
Â® R, rekisterÃ¶ity, rekisterÃ¶ity-merkki
â„¢ merkki, tavaramerkki, TM
ğŸ”  aakkoset, ABCD, isot, kirjaimet, latinalaiset, syÃ¶tÃ¤, syÃ¶tÃ¤ isoja kirjaimia
ğŸ”¡ aakkoset, abcd, kirjaimet, latinalaiset, pienet, syÃ¶tÃ¤, syÃ¶tÃ¤ pieniÃ¤ kirjaimia
ğŸ”¢ 1234, numerot, syÃ¶tÃ¤, syÃ¶tÃ¤ numeroja
ğŸ”£ merkit, symbolit, syÃ¶tÃ¤, syÃ¶tÃ¤ merkkejÃ¤
ğŸ”¤ aakkoset, kirjaimet, latinalaiset, syÃ¶tÃ¤, syÃ¶tÃ¤ kirjaimia
ğŸ…° a, A-veriryhmÃ¤, veriryhmÃ¤
ğŸ† ab, AB-veriryhmÃ¤, veriryhmÃ¤
ğŸ…± b, B-veriryhmÃ¤, veriryhmÃ¤
ğŸ†‘ cl, kumita, pyyhi, pyyhi-nÃ¤ppÃ¤in
ğŸ†’ COOL, laatikko, siistiÃ¤, teksti
ğŸ†“ FREE, ilmainen, laatikko, teksti
â„¹ i, info, info-piste, tietoja
ğŸ†” henkilÃ¶llisyystodistus, id, ID, identiteetti
â“‚ m, m ympyrÃ¤ssÃ¤, metro, ympyrÃ¤
ğŸ†• laatikko, NEW, teksti, uusi, uutta
ğŸ†– good, moka, ng, NG, no, teksti
ğŸ…¾ o, O-veriryhmÃ¤, veriryhmÃ¤
ğŸ†— laatikko, OK, okay, okei, selvÃ¤
ğŸ…¿ merkki, p, P, parkkipaikka, pysÃ¤kÃ¶inti
ğŸ†˜ apua, hÃ¤tÃ¤merkki, merkki, SOS
ğŸ†™ huutomerkki, merkki, pÃ¤ivitys, up, UP!, uutta
ğŸ†š merkki, versus, VS
ğŸˆ japani, katakana, kirjoitusmerkki, tÃ¤Ã¤llÃ¤-kirjainmerkki
ğŸˆ‚ japani, katakana, kirjoitusmerkki, palvelumaksu-kirjainmerkki
ğŸˆ· japani, kirjoitusmerkki, kuukausittainen mÃ¤Ã¤rÃ¤ -kirjainmerkki
ğŸˆ¶ japani, kirjoitusmerkki, maksullinen-kirjainmerkki
ğŸˆ¯ japani, kirjoitusmerkki, varattu-kirjainmerkki
ğŸ‰ hyvÃ¤ ostos -kirjainmerkki, japani, kirjoitusmerkki
ğŸˆ¹ alennus-kirjoitusmerkki, japani, kirjoitusmerkki
ğŸˆš japani, kirjoitusmerkki, maksuton-kirjainmerkki
ğŸˆ² japani, kielletty-kirjoitusmerkki, kirjoitusmerkki
ğŸ‰‘ hyvÃ¤ksyttÃ¤vÃ¤-kirjoitusmerkki, kiina, kirjoitusmerkki
ğŸˆ¸ hakemus-kirjoitusmerkki, kiina, kirjoitusmerkki
ğŸˆ´ hyvÃ¤ksytty arvosana -kirjoitusmerkki, kiina, kirjoitusmerkki
ğŸˆ³ kiina, kirjoitusmerkki, tyhjÃ¤-kirjoitusmerkki
ãŠ— kiina, kirjoitusmerkki, onnittelut-kirjoitusmerkki
ãŠ™ kiina, kirjoitusmerkki, salainen-kirjoitusmerkki
ğŸˆº avoinna-kirjoitusmerkki, kiina, kirjoitusmerkki
ğŸˆµ kiina, kirjoitusmerkki, tÃ¤ynnÃ¤-kirjoitusmerkki
ğŸ”´ muoto, punainen, ympyrÃ¤
ğŸŸ  oranssi, ympyrÃ¤
ğŸŸ¡ keltainen, ympyrÃ¤
ğŸŸ¢ vihreÃ¤, ympyrÃ¤
ğŸ”µ muoto, sininen, ympyrÃ¤
ğŸŸ£ violetti, ympyrÃ¤
ğŸŸ¤ ruskea, ympyrÃ¤
âš« muoto, musta ympyrÃ¤, ympyrÃ¤
âšª muoto, valkoinen ympyrÃ¤, ympyrÃ¤
ğŸŸ¥ neliÃ¶, punainen
ğŸŸ§ neliÃ¶, oranssi
ğŸŸ¨ keltainen, neliÃ¶
ğŸŸ© neliÃ¶, vihreÃ¤
ğŸŸ¦ neliÃ¶, sininen
ğŸŸª neliÃ¶, violetti
ğŸŸ« neliÃ¶, ruskea
â¬› iso musta neliÃ¶, muoto, neliÃ¶
â¬œ iso valkoinen neliÃ¶, muoto, neliÃ¶
â—¼ keskikokoinen musta neliÃ¶, muoto, neliÃ¶
â—» keskikokoinen valkoinen neliÃ¶, muoto, neliÃ¶
â—¾ muoto, neliÃ¶, pienehkÃ¶ musta neliÃ¶
â—½ muoto, neliÃ¶, pienehkÃ¶ valkoinen neliÃ¶
â–ª muoto, neliÃ¶, pieni musta neliÃ¶
â–« muoto, neliÃ¶, pieni valkoinen neliÃ¶
ğŸ”¶ iso oranssi vinoneliÃ¶, muoto, oranssi, vinoneliÃ¶
ğŸ”· iso sininen vinoneliÃ¶, muoto, sininen, vinoneliÃ¶
ğŸ”¸ muoto, oranssi, pieni oranssi vinoneliÃ¶, vinoneliÃ¶
ğŸ”¹ muoto, pieni sininen vinoneliÃ¶, sininen, vinoneliÃ¶
ğŸ”º kolmio, muoto, punainen, punainen kolmio kÃ¤rki ylÃ¶s
ğŸ”» kolmio, muoto, punainen, punainen kolmio kÃ¤rki alas
ğŸ’  kukka, muoto, vinoneliÃ¶, vinoneliÃ¶/kukka
ğŸ”˜ muoto, valinta, valintanappi, valintaruutu, ympyrÃ¤
ğŸ”³ muoto, neliÃ¶, valinta, valintaruutu, valkoinen neliÃ¶ruutu
ğŸ”² muoto, musta neliÃ¶ruutu, neliÃ¶, valinta, valintaruutu
ğŸ kilpa-ajot, ruutukuvio, ruutulippu
ğŸš© kolmiolippu, lippu
ğŸŒ Japani, juhla, liput ristissÃ¤, ristityt
ğŸ´ liehuva, lippu, musta
ğŸ³ liehuva, lippu, valkoinen
ğŸ³â€ğŸŒˆ liehuva, lippu, sateenkaari, sateenkaarilippu
ğŸ³â€âš§ lippu, trans, translippu, transsukupuolinen
ğŸ´â€â˜  aarre, lippu, merirosvolippu, pÃ¤Ã¤kallolippu, rosvous, ryÃ¶stÃ¶
Â¢ sentti
$ dollari, peso, raha, USD
Â£ GBP, punta, valuutta
Â¥ jeni, JPY, juan, valuutta
â‚¢ BRB, cruzeiro, valuutta
â‚£ frangi, Ranskan frangi, valuutta
â‚¤ liira, valuutta
â‚¥ milli
â‚© KPW, KRW, won
â‚¬ EUR, euro, valuutta
â‚± peso
â‚³ austral
â‚¶ valuutta
â‚· spesmilo
â‚¹ INR, Intian rupia, rupia, valuutta
â‚½ RUB, rupla, valuutta
â‚¿ bitcoin
â‚¨ rupia, valuutta
ï·¼ rial
Â¹ yksi, ylÃ¤indeksi
Â² kaksi, neliÃ¶, ylÃ¤indeksi
Â³ kolme, kuutio, ylÃ¤indeksi
Âµ mikro-merkki, mikromerkki, mitta, myy
