ğŸ» hÃºÃ°litur, ljÃ³s, ljÃ³sur hÃºÃ°arlitur
ğŸ¼ hÃºÃ°litur, miÃ°alljÃ³s, miÃ°alljÃ³sur hÃºÃ°arlitur
ğŸ½ hÃºÃ°litur, miÃ°al, miÃ°al hÃºÃ°arlitur
ğŸ¾ hÃºÃ°litur, miÃ°almyrk, miÃ°almyrkur hÃºÃ°arlitur
ğŸ¿ hÃºÃ°litur, myrk, myrkur hÃºÃ°arlitur
ğŸ˜€ andlit, grÃ­n, grÃ­nandi andlit
ğŸ˜ƒ andlit, eygu, grÃ­n, grÃ­nandi andlit viÃ° stÃ³rum eygum, munnur, opin, stÃ³r
ğŸ˜„ andlit, grÃ­n, grÃ­nandi andlit viÃ° brosandi eygum, munnur, opin
ğŸ˜ andlit, bros, eyga, grÃ­n, smÃ­l, strÃ¡landi andlit viÃ° brosandi eygum
ğŸ˜† andlit, eygu, grÃ­n, grÃ­nandi andlit viÃ° krympaÃ°um eygum, krympa
ğŸ˜… andlit, bros, grÃ­n, grÃ­nandi andlit viÃ° sveitta, smÃ­l, sveitti
ğŸ¤£ andlit, lofl, tÃ¡r, tÃ¡randi flennandi andlit
ğŸ˜‚ andlit, andlit viÃ° gleÃ°istÃ¡rum, gleÃ°i, lÃ¡tur, tÃ¡r
ğŸ™‚ andlit, andlit iÃ° smÃ­lur eitt sindur, bros, smÃ­l
ğŸ™ƒ andlit, andlit iÃ° vendur Ã¡ hÃ¸vdinum, upp og niÃ°ur
ğŸ˜‰ andlit, andlit viÃ° blunkandi eyga, blunk
ğŸ˜Š andlit, bros, brosandi andlit viÃ° brosandi eygum, eyga, rodna
ğŸ˜‡ andlit, brosandi andlit viÃ° halgiboga, gloria, halgibogi, sakleys
ğŸ¥° andlit, elska, hjarta, kÃ¦rleikur, smÃ­landi andlit viÃ° hjÃ¸rtum
ğŸ˜ andlit, hjarta, kÃ¦rleikur, smÃ­landi andlit viÃ° hjarta eygum
ğŸ¤© andlit, stjÃ¸rna, stjÃ¸rnuandlit
ğŸ˜˜ andlit, andlit iÃ° sendur hjarta koss, koss, muss
ğŸ˜— andlit, koss, muss, mussandi andlit
â˜º andlit, bros, brosandi andlit
ğŸ˜š afturlatin, andlit, eygu, koss, muss, mussandi andlit viÃ° afturlatnum eygum
ğŸ˜™ andlit, bros, eyga, koss, muss, mussandi andlit viÃ° brosandi eygum
ğŸ¥² andlit, bros, errin, smÃ­landi andlit iÃ° tÃ¡rar, stolt, stoltur, takksamur, takksom
ğŸ˜‹ andlit, andlit viÃ° matarlystiÃ°, lekkurt, matarlystur, tunga
ğŸ˜› andlit, gÃ¡lva, gÃ¡lvandi andlit, tunga
ğŸ˜œ andlit, blunka, eyga, gÃ¡lva, gÃ¡lvandi andlit viÃ° blunkandi eyga, tunga
ğŸ¤ª andlit, eygu, Ã¸rt, svakt
ğŸ˜ andlit, eygu, gÃ¡lva, gÃ¡lvandi andlit viÃ° krympaÃ°um eygum, krympa, tunga
ğŸ¤‘ andlit, munn, pengar, peningaandlit
ğŸ¤— andlit, klemm, klemmandi andlit
ğŸ¤­ andlit, andlit viÃ° hond yvir munnin, hond, munn, ups
ğŸ¤« andlit, hÃºssja, hÃºssjandi andlit
ğŸ¤” andlit, hugsandi
ğŸ¤ andlit, lÃ½nlÃ¡s
ğŸ¤¨ andlit, andlit viÃ° upplyftum eygnabrÃºni, eygnabrÃºn, ivi, skeptisk, skeptiskur
ğŸ˜ andlit, nevtralt, Ã³partÃ­skt
ğŸ˜‘ andlit, kensluleyst
ğŸ˜¶ andlit, andlit uttan munn, munn
ğŸ˜¶â€ğŸŒ« andlit Ã­ skÃ½ggjum, burtur Ã­ Ã¸Ã°rum heimi, hugspjaddur
ğŸ˜ andlit, lÃºrin, lÃºrt andlit, snildur
ğŸ˜’ andlit, ikki stuttligt, ikki stuttligt andlit
ğŸ™„ andlit, andlit viÃ° rullandi eygum, eygu, rullandi
ğŸ˜¬ andlit, andlit iÃ° vÃ­sur tenn, snerkja, tenn
ğŸ˜®â€ğŸ’¨ anda Ãºt, andlit andar Ãºt, brÃ­ksla, floyta, suffa
ğŸ¤¥ andlit, andlit sum lÃ½gur, lygn, pinocchio
ğŸ˜Œ andlit, lÃ¦tna
ğŸ˜” andlit, dapur, grundandi, kedd, keddur
ğŸ˜ª andlit, grÃ¦tur, lint
ğŸ¤¤ andlit, slev, slevandi andlit
ğŸ˜´ andlit, sovandi, zzz
ğŸ˜· andlit, andlit viÃ° masku, maska, sjÃºk
ğŸ¤’ andlit, andlit viÃ° fepurstokkiÃ°, fepurstokkur, sjÃºk
ğŸ¤• andlit, andlit viÃ° bind um hÃ¸vdiÃ°, bind, sÃ¡r, skaÃ°i
ğŸ¤¢ andlit, andlit iÃ° vil spÃ½ggja, sjÃ³verk, spÃ½ggj, vaml
ğŸ¤® andlit, sjÃ³verk, spÃ½ggj, spÃ½ggjandi andlit, vaml
ğŸ¤§ andlit, njÃ³s, njÃ³sandi andlit
ğŸ¥µ fepur, heitt, heitt andlit, hitasÃ³tt, sveitti
ğŸ¥¶ blÃ¡tt andlit, frost, kalt, kalt andlit
ğŸ¥´ Ã­ Ã¸rviti, Ã­ Ã¸rviti andlit, kenning, skÃ­t, svimbul
ğŸ˜µ andlit, svimbul, svimbult andlit
ğŸ˜µâ€ğŸ’« andlit viÃ° snyril eygum, dulleiÃ°a, hypnotisera, Ã­ Ã¸rvitu
ğŸ¤¯ andlit, andlit Ã­ brestur, brestur, skelkur
ğŸ¤  andlit, andlit viÃ° cowboyhatti, cowboy, hattur, kovboy
ğŸ¥³ hattur, veitsla, veitslu andlit, veitslu horn
ğŸ¥¸ andlit, brillur, grÃ½la, grÃ½lu andlit, nÃ¸s
ğŸ˜ andlit, smÃ­landi andlit viÃ° sÃ³lbrillum, sÃ³lbrillur
ğŸ¤“ andlit, nÃ¸rd
ğŸ§ andlit, andlit viÃ° einglesi, einglesi, monokul
ğŸ˜• andlit, forvirra, Ã¸rviti
ğŸ˜Ÿ andlit, bangin, stÃºrin, stÃºrt andlit
ğŸ™ andlit, eitt sindur illbrÃ½nt andlit, harmur, illbrÃ½nt, illfÃ½siÃ°, keddur, Ã³glaÃ°ur, Ã³lukkulig, sorgarbundin
â˜¹ andlit, harmur, illbrÃ½nt, illfÃ½siÃ°, keddur, Ã³glaÃ°ur, Ã³lukkulig, sorgarbundin
ğŸ˜® andlit, andlit viÃ° opnum munni, munn, opin
ğŸ˜¯ andlit, bilsi andlit, ovfari, undrandi
ğŸ˜² andlit, bilsi, ovfari andlit, undrandi
ğŸ˜³ andlit, rodna
ğŸ¥º biÃ°jandi andlit, bÃ¸nandi, nÃ¡Ã°i
ğŸ˜¦ andlit, skelka
ğŸ˜§ andlit, pÃ­nt
ğŸ˜¨ andlit, bangi, Ã³ttafult, Ã³ttast
ğŸ˜° andlit, bangi, bangi andlit viÃ° sveitta, Ã³ttafult, Ã³ttast, sveitti
ğŸ˜¥ andlit, dapur, sorgarbundi andlit og tÃ¡r, sorgarbundin, tÃ¡r
ğŸ˜¢ andlit, andlit iÃ° grÃ¦tur, grÃ¡tur, kedd, keddur, tÃ¡r
ğŸ˜­ andlit, andlit sum grÃ¦tur nÃ³gv, grÃ¡tur, kedd, keddur, tÃ¡r
ğŸ˜± andlit, angist, bangilsi, Ã³tti, rÃ¦Ã°sla, skrÃ­ggjandi
ğŸ˜– andlit, harmur, illbrÃ½nt, illfÃ½siÃ°, keddur, Ã³glaÃ°ur, Ã³lukkulig, sera illbrÃ½nt andlit, sorgarbundin
ğŸ˜£ Ã¡grÃ½ti andlit, Ã¡grÃ½tin, andlit
ğŸ˜ andlit, harmur, illbrÃ½nt, illfÃ½siÃ°, keddur, Ã³glaÃ°ur, Ã³lukkulig, skuffa andlit, sorgarbundin
ğŸ˜“ andlit, niÃ°ur, sveittandi andlit iÃ° hyggur niÃ°ureftir, sveitti
ğŸ˜© andlit, pÃ¸st, troytt, troyttur
ğŸ˜« andlit, mÃ³Ã°, mÃ³Ã°ur, troytt, troyttur
ğŸ¥± geisp, geispandi andlit, keÃ°a, keÃ°semi, troytt, troyttur
ğŸ˜¤ andlit, andlit viÃ° royki Ãºr nÃ¸suni, argur, ill, vreiÃ°ur
ğŸ˜¡ andlit, hÃ³ttandi, ill, illur, sera hÃ³ttandi andlit
ğŸ˜  andlit, hÃ³ttandi, ill, illur
ğŸ¤¬ andlit, banna, bannandi andlit, blÃ³ta, svÃ¸rja
ğŸ˜ˆ Ã¦vintÂ´yr, andlit, bros, brosandi andlit viÃ° hornum, horn, smÃ­l
ğŸ‘¿ Ã¦vintÂ´yr, andlit, horn, hÃ³ttandi, hÃ³ttandi andlit viÃ° hornum, illur
ğŸ’€ andlit, deyÃ°i, skÃ¸ltur
â˜  deyÃ°i, krossleggir, skÃ¸ltur, skÃ¸ltur og krossleggir, vandi
ğŸ’© bros, kukkur, lortur, smÃ­l
ğŸ¤¡ andlit, gekkur, klovn
ğŸ‘¹ Ã¦vintÃ½r, andlit, skrÃ­msl, trÃ¸ll
ğŸ‘º Ã¦vintÃ½r, andlit, skrÃ­msl, trÃ¸ll, vÃ¦ttur
ğŸ‘» Ã¦vintÃ½r, gÃ¡lva, gÃ¡lvandi spÃ¸kilsi, spÃ¸kilsi
ğŸ‘½ Ã¦vintÃ½r, alien, andlit, rÃºmdarvera, ufo
ğŸ‘¾ Ã¦vintÃ½r, alien, andlit, rÃºmdarvera, skrÃ­msl, ufo
ğŸ¤– andlit, robottandlit, robottur, tÃ³lmenni
ğŸ˜º andlit, brÃ³s, brosandi, brosandi kettuandlit, ketta, smÃ­l
ğŸ˜¸ andlit, brÃ³s, brosandi kettuandlit viÃ° smÃ­landi eygum, ketta, smÃ­l
ğŸ˜¹ andlit, bros, gleÃ°i, ketta, kettuandlit sum fellur gleÃ°istÂ´Â´Ã¡r, smÃ­l, tÃ¡r
ğŸ˜» andlit, brosandi kettuandlit viÃ° hjartaeygum, eygu, hjarta, ketta
ğŸ˜¼ andlit, beiskt, ketta, kettuandlit viÃ° speiskum smÃ­li, speiskt
ğŸ˜½ andlit, ketta, muss, mussandi kettuandlit
ğŸ™€ andlit, bilsi, bilsi kettuandlit, ketta, skelkur, undran
ğŸ˜¿ andlit, grÃ¦tur, grÃ¡tandi kettuandlit, grÃ¡tur, ketta, tÃ¡r
ğŸ˜¾ andlit, gron, ketta, kettuandlit viÃ° gron
ğŸ™ˆ andlit, apa, apuandlit viÃ° hondunum yvir eygunum, eygu, hond
ğŸ™‰ andlit, apa, apuandlit viÃ° hondunum yvir oyrunum, hond, oyru
ğŸ™Š andlit, apa, apuandlit viÃ° hondunum yvir munninum, hond, munn
ğŸ’‹ koss, muss, muss merki, varrar, varrastift
ğŸ’Œ brÃ¦v, kÃ¦rleiksbrÃ¦v, kÃ¦rleikur
ğŸ’˜ Amor, amorina, hjarta, kÃ¦rleikstekin, pÃ­lur, pÃ­lur Ã­gjÃ¸gnum hjarta
ğŸ’ band, hjarta, hjarta viÃ° bandi
ğŸ’– glampandi, glitrandi, glÃ³gvandi, hjarta, ljÃ³mandi
ğŸ’— glÃ³gvandi, hjarta
ğŸ’“ bankandi hjarta, bankar, hjarta, slÃ¦r
ğŸ’ hjarta, hjÃ¸rtu, hjÃ¸rtu sum mela Ã­ klingur, mala
ğŸ’• kÃ¦rleiki, tvey hjÃ¸rtu
ğŸ’Ÿ hjarta, prÃ½Ã°i, pynt
â£ hjarta, rÃ³pitekn, teknseting
ğŸ’” brotiÃ°, hjarta, sorgarbundin
â¤â€ğŸ”¥ brennur, girnd, hjarta, hjarta sum brennur, kÃ¦rleiki
â¤â€ğŸ©¹ hjarta, hjarta sum er lappa, lappa, umvÃ¦ling
â¤ hjarta, reytt
ğŸ§¡ appilsingult, hjarta
ğŸ’› gult, hjarta
ğŸ’š grÃ¸nt, hjarta
ğŸ’™ blÃ¡tt, hjarta
ğŸ’œ blÃ¡reytt, hjarta, korkalitt, lilla, lillafarva, purpurlitt, purpurreytt
ğŸ¤ brÃºnt, hjarta
ğŸ–¤ hjarta, svart
ğŸ¤ hjarta, hvÃ­tt
ğŸ’¯ 100, hundraÃ°, stig, Ãºrslit
ğŸ’¢ tekin, vreiÃ°i
ğŸ’¥ bang, samanbrestur, samanstoytur
ğŸ’« stjÃ¸rna, stjÃ¸rnuskot, svimbul, tekin
ğŸ’¦ dropar, sveitti, vatn
ğŸ’¨ fok, renna, vindur
ğŸ•³ hol
ğŸ’£ bumba, vopn
ğŸ’¬ blÃ¸Ã°ra, samtala, tala, talublÃ¸Ã°ra
ğŸ‘â€ğŸ—¨ eyga, eyga Ã­ talublÃ¸Ã°ru, talublÃ¸Ã°ra
ğŸ—¨ samtala, svÃ¸rt talublÃ¸Ã°ra, tala
ğŸ—¯ Ã¡breiÃ°sla, Ã¡tala, Ã¡talandi talublÃ¸Ã°ra, hartan, skeld, skelda, talublÃ¸Ã°ra
ğŸ’­ hugskot, tankablÃ¸Ã°ra, tanki, umsorgan
ğŸ’¤ snorkar, svevur, zzz
ğŸ‘‹ hond, veitra, veitrandi hond, vinka
ğŸ¤š handarbak
ğŸ– fimm, fingrar, hond
âœ‹ hond, lÃ³gvi
ğŸ–– heilsan, spock, vulcan, vulkan
ğŸ‘Œ gott, hond, ok, tekin, viÃ°urkent
ğŸ¤Œ fingrar, hond, hondtekin, samlaÃ°ir fingrar
ğŸ¤ eitt sindur, fingrar, fingrar sum vÃ­sa ikki nÃ³gv, hond, hondtekin, ikki nÃ³gv, lÃ­tiÃ°
âœŒ hond, sigur, sigurstekin, tekin
ğŸ¤ eydna, fingrar, hond, krossaÃ°ir fingrar
ğŸ¤Ÿ hond, kÃ¦rleiki, kÃ¦rleikshandabragd
ğŸ¤˜ horn, horntekin, rock, rokkur, tekin
ğŸ¤™ hond, tekin, telefon, telefontekin
ğŸ‘ˆ fingur, fremstifingur, fremstifingur peikar til vinstru, hond, peikifingur, vinstru
ğŸ‘‰ fingur, fremstifingur, fremstifingur peikar til hÃ¸gru, hÃ¸gru, hond, peikifingur
ğŸ‘† fingur, fremstifingur, fremstifingur peikar uppeftir, hond, peikifingur, upp, uppeftir
ğŸ–• fingur, hond, longutong, longutong peikar uppeftir, upp, uppeftir
ğŸ‘‡ fingur, hond, longutong, longutong peikar niÃ°ureftir, niÃ°ur, niÃ°ureftir
â˜ fingur, fremstifingur, hond, lÃ³gvi, lÃ³gvi og fremstifingur peikar uppeftir, peikifingur, upp, uppeftir
ğŸ‘ gott, samdur, tummil, tummil upp
ğŸ‘ niÃ°ur, Ã³samdur, tummil, vÃ¡naligt
âœŠ knÃ½ttur, nevi
ğŸ‘Š knÃ½ttur, nevi, slÃ¡andi knÃ½ttur nevi, slÃ¦r
ğŸ¤› knÃ½ttur, nevi, nevi Ã­ vendur til vinstru, vinstru
ğŸ¤œ hÃ¸gru, knÃ½ttur, nevi, nevi Ã­ vendur til hÃ¸gru
ğŸ‘ hendur, hond, klapp, klappandi hendur
ğŸ™Œ hendur, hond, upp, upplyftar hendur
ğŸ‘ hendur, hond, opin, opnar hendur
ğŸ¤² bÃ¸n, hendur, hond, lÃ³gvar, lÃ³gvar sum eru saman, lÃ³gvi, saman
ğŸ¤ hendur, hond, lÃ³gvatak, taka Ã­
ğŸ™ bÃ¸n, eggja saman hendur, falda, hendur
âœ hond, skriva, skrivandi hond
ğŸ’… frÃ­Ã°kanarevni, negl, neglalakk, vakurleikarÃ¸kt
ğŸ¤³ selfie, sjÃ¡lvsmynd
ğŸ’ª biseps, spentur, tvÃ­hÃ¸vdavÃ¸ddi
ğŸ¦¾ armur, kunstigur armur, maskinarmur, mekaniskur
ğŸ¦¿ bein, kunstigt bein, maskinbein, mekaniskt
ğŸ¦µ bein, limur, sparka
ğŸ¦¶ fÃ³tur, limur, sparka, trampa
ğŸ‘‚ kroppur, oyra
ğŸ¦» deyvur, hoyritÃ³l, oyra, oyra viÃ° hoyritÃ³liÃ°
ğŸ‘ƒ kroppur, nÃ¸s
ğŸ§  glÃ¸gg, glÃ¸ggur, heili, klÃ³k, klÃ³kur, kroppur
ğŸ«€ hjarta, hjartaslÃ¡ttur, pulsur, yrkisgagn
ğŸ« andadrÃ¡ttur, lungur, yrkisgagn
ğŸ¦· tannlÃ¦kni, tonn
ğŸ¦´ bein, beinagrind, kjÃ¸tbein
ğŸ‘€ eyga, eygu
ğŸ‘ eyga, kroppur
ğŸ‘… gÃ¡lva, kroppur, tunga
ğŸ‘„ kroppur, munnur, varrar
ğŸ‘¶ barn, pinkubarn
ğŸ§’ barn, Ã³viti
ğŸ‘¦ drongur, piltur, smÃ¡drongur
ğŸ‘§ genta, smÃ¡genta
ğŸ§‘ persÃ³nur, vaksin
ğŸ‘± fÃ³lk, ljÃ³shÃ¦rd, ljÃ³shÃ¦rdur, ljÃ³shÃ¦rdur persÃ³nur
ğŸ‘¨ maÃ°ur, mannfÃ³lk, vaksin
ğŸ§” persÃ³nur, persÃ³nur viÃ° skeggi, skegg
ğŸ§”â€â™‚ maÃ°ur, maÃ°ur viÃ° skeggi, skegg
ğŸ‘±â€â™‚ ljÃ³shÃ¦rdur, maÃ°ur
ğŸ‘© kona, konufÃ³lk, kvinna, vaksin
ğŸ§”â€â™€ kona, kona viÃ° skeggi, konufÃ³lk, kvinna, skegg
ğŸ‘±â€â™€ kona, kvinna, ljÃ³shÃ¦rd
ğŸ§“ eldri, tilkomin
ğŸ‘´ eldri, gamal, maÃ°ur, mannfÃ³lk
ğŸ‘µ eldri, gomul, kona, konufÃ³lk, kvinna
ğŸ™ fÃ³lk, illbrÃ½nt, illbrÃ½ntur persÃ³nur, persÃ³nur
ğŸ™â€â™‚ illbrÃ½ntur, maÃ°ur
ğŸ™â€â™€ illbrÃ½nt, kona, kvinna
ğŸ™ fÃ³lk, gron, persÃ³nur, persÃ³nur viÃ° gron
ğŸ™â€â™‚ gron, maÃ°ur, maÃ°ur viÃ° gron
ğŸ™â€â™€ gron, kona, kvinna, kvinna viÃ° gron
ğŸ™… fÃ³lk, nei, persÃ³nur, persÃ³nur sum veipar nei, veipar
ğŸ™…â€â™‚ maÃ°ur, maÃ°ur sum veipar nei, nei, veipar
ğŸ™…â€â™€ kona, kvinna, kvinna sum veipar nei, nei, veipar
ğŸ™† fÃ³lk, ok, persÃ³nur, persÃ³nur sum veipar ok, veipar
ğŸ™†â€â™‚ maÃ°ur, maÃ°ur sum veipar ok, ok, veipar
ğŸ™†â€â™€ kona, kvinna, kvinna sum veipar ok, ok, veipar
ğŸ’ fÃ³lk, nertir viÃ°, persÃ³nur, persÃ³nur sum nertir viÃ°
ğŸ’â€â™‚ maÃ°ur, maÃ°ur sum nertir viÃ°, nertir viÃ°
ğŸ’â€â™€ kona, kvinna, kvinna sum nertir viÃ°, nertir viÃ°
ğŸ™‹ fÃ³lk, hond, lyft, persÃ³nur, persÃ³nur sum lyftur hondina upp, upp
ğŸ™‹â€â™‚ hond, lyft, maÃ°ur, maÃ°ur sum lyftur hondina upp, upp
ğŸ™‹â€â™€ hond, kona, kvinna, kvinna sum lyftur hondina upp, lyft, upp
ğŸ§ deyvur, persÃ³nur
ğŸ§â€â™‚ deyvur, maÃ°ur
ğŸ§â€â™€ deyv, kona, kvinna
ğŸ™‡ bukkar, fÃ³lk, persÃ³nur, persÃ³nur sum bukkar
ğŸ™‡â€â™‚ bukkar, maÃ°ur, maÃ°ur sum bukkar
ğŸ™‡â€â™€ bukkar, kona, kvinna, kvinna sum bukkar
ğŸ¤¦ facepalm, fÃ³lk, Ã¸rkymlan, persÃ³nur, vÃ³nbrot, vÃ³nbrotin persÃ³nur
ğŸ¤¦â€â™‚ facepalm, maÃ°ur, Ã¸rkymlan, Ã¸rkymlanfÃ³lk, persÃ³nur, vÃ³nbrot, vÃ³nbrotin maÃ°ur
ğŸ¤¦â€â™€ facepalm, kona, kvinna, Ã¸rkymlan, Ã¸rkymlanfÃ³lk, persÃ³nur, vÃ³nbrot, vÃ³nbrotin kvinna
ğŸ¤· akslaypp, fÃ³lk, ivast, ivi, persÃ³nur, persÃ³nur sum yppur Ã¸ksl, veit ikki, yppa Ã¸ksl
ğŸ¤·â€â™‚ akslaypp, ivast, ivi, maÃ°ur, maÃ°ur um yppur Ã¸ksl, veit ikki, yppa Ã¸ksl
ğŸ¤·â€â™€ akslaypp, ivast, ivi, kona, kvinna, kvinna um yppur Ã¸ksl, veit ikki, yppa Ã¸ksl
ğŸ§‘â€âš• heilsuverkfrÃ¸Ã°ingur, lÃ¦kni, lekifrÃ¸Ã°ingur, sjÃºkrarÃ¸ktarfrÃ¸Ã°ingur, sjÃºkrasystir
ğŸ‘¨â€âš• heilsurÃ¸kt, lÃ¦kni, maÃ°ur, mannligur lÃ¦kni, sjÃºkrarÃ¸ktarfrÃ¸Ã°ingur, sjÃºkrasystir, terapevtur
ğŸ‘©â€âš• heilsurÃ¸kt, kona, kvinna, kvinnuligur lÃ¦kni, lÃ¦kni, sjÃºkrarÃ¸ktarfrÃ¸Ã°ingur, sjÃºkrasystir, terapevtur
ğŸ§‘â€ğŸ“ lesandi, nÃ¦mingur, prÃ³gv, studentur
ğŸ‘¨â€ğŸ“ maÃ°ur, mannligur studentur, studentur, ÃºtbÃºgvin
ğŸ‘©â€ğŸ“ kona, kvinna, kvinnuligur studentur, studentur, ÃºtbÃºgvin
ğŸ§‘â€ğŸ« lÃ¦rari, professari, vegleiÃ°ari
ğŸ‘¨â€ğŸ« lÃ¦rari, maÃ°ur, mannligur lÃ¦rari, professari, vegleiÃ°ari
ğŸ‘©â€ğŸ« kona, kvinna, kvinnuligur lÃ¦rari, lÃ¦rari, lÃ¦rarinna, professari, vegleiÃ°ari
ğŸ§‘â€âš– dÃ³mari, rÃ¦ttvÃ­si
ğŸ‘¨â€âš– dÃ³mari, maÃ°ur, mannligur dÃ³mari, rÃ¦ttvÃ­si
ğŸ‘©â€âš– dÃ³mari, kona, kvinna, kvinnuligur dÃ³mari, rÃ¦ttvÃ­si
ğŸ§‘â€ğŸŒ¾ bÃ³ndi, urtagarÃ°smaÃ°ur
ğŸ‘¨â€ğŸŒ¾ bÃ³ndi, maÃ°ur, mannligur bÃ³ndi
ğŸ‘©â€ğŸŒ¾ bÃ³ndi, kona, kvinna, kvinnuligur bÃ³ndi
ğŸ§‘â€ğŸ³ hÃ¸vuÃ°skokkur, kokkur, matgera
ğŸ‘¨â€ğŸ³ kokkur, maÃ°ur, mannligur kokkur
ğŸ‘©â€ğŸ³ kokkur, kona, kvinna, kvinnuligur kokkur
ğŸ§‘â€ğŸ”§ maksinsmiÃ°ur, mekanikari, rÃ¸rsmiÃ°ur, smiÃ°ur
ğŸ‘¨â€ğŸ”§ elektrikari, maÃ°ur, mannligur mekanikari, mekanikari, rÃ¸rsmiÃ°ur
ğŸ‘©â€ğŸ”§ elektrikari, kona, kvinna, kvinnuligur mekanikari, mekanikari, rÃ¸rsmiÃ°ur
ğŸ§‘â€ğŸ­ arbeiÃ°sfÃ³lk, sjÂ´Ã³Ã°ari, sveisari
ğŸ‘¨â€ğŸ­ arbeiÃ°smaÃ°ur, maÃ°ur, mannligur sveisari, sjÃ³Ã°ari, sveisari
ğŸ‘©â€ğŸ­ arbeiÃ°skvinna, kona, kvinna, kvinnuligur sveisari, sjÂ´Ã³Ã°ari, sveisari
ğŸ§‘â€ğŸ’¼ embÃ¦tisfÃ³lk, handilsfÃ³lk, skrivstovufÃ³lk, starvsfÃ³lk
ğŸ‘¨â€ğŸ’¼ arkitektur, deildarstjÃ³ri, lÃ¸gfrÃ¸Ã°ingur, maÃ°ur, skrivstova, skrivstovumaÃ°ur, stjÃ³ri
ğŸ‘©â€ğŸ’¼ arkitektur, deildarstjÃ³ri, kona, kvinna, lÃ¸gfrÃ¸Ã°ingur, skrivstova, skrivstovukvinna, stjÃ³ri
ğŸ§‘â€ğŸ”¬ alisfrÃ¸Ã°ingur, evnafrÃ¸Ã°ingur, lÃ­vsfrÃ¸Ã°ingur, nÃ¡ttÃºruvÃ­sindafÃ³lk
ğŸ‘¨â€ğŸ”¬ maÃ°ur, nÃ¡ttÃºruvÃ­sindi, vÃ­sind, vÃ­sindamaÃ°ur
ğŸ‘©â€ğŸ”¬ kona, kvinna, nÃ¡ttÃºruvÃ­sindi, vÃ­sind, vÃ­sindakvinna
ğŸ§‘â€ğŸ’» forritari, tÃ¸kni, tÃ¸knifrÃ¸Ã°ingur, uppfinnari
ğŸ‘¨â€ğŸ’» forritari, maÃ°ur, mannligur tÃ¸knifrÃ¸Ã°ingur, tÃ¸kni, uppfinnari
ğŸ‘©â€ğŸ’» forritari, kona, kvinna, kvinnuligur tÃ¸knifrÃ¸Ã°ingur, tÃ¸kni, uppfinnari
ğŸ§‘â€ğŸ¤ rokk, sangari, stjÃ¸rna, undirhaldari
ğŸ‘¨â€ğŸ¤ maÃ°ur, mannligur sangari, sangari, sjÃ³nleikari, skemtari, undirhaldari, vertur
ğŸ‘©â€ğŸ¤ kona, kvinna, kvinnuligur sangari, sangari, sangarinna, sjÃ³nleikari, skemtari, songkvinna, undirhaldari, vertur
ğŸ§‘â€ğŸ¨ list, listafÃ³lk, listamÃ¡lari
ğŸ‘¨â€ğŸ¨ list, listamaÃ°ur, listamÃ¡lari, maÃ°ur
ğŸ‘©â€ğŸ¨ kona, kvinna, list, listakona, listamÃ¡lari
ğŸ§‘â€âœˆ flogskipari, pilotur
ğŸ‘¨â€âœˆ flogskipari, maÃ°ur, mannligur flogskipari, pilotur, RenÃ©
ğŸ‘©â€âœˆ flogskipari, kona, kvinna, kvinnuligur flogskipari, pilotur
ğŸ§‘â€ğŸš€ astronautur, rÃºmdarskipari, rÃºmdin
ğŸ‘¨â€ğŸš€ astronautur, maÃ°ur, mannligur astronautur, rÃºmdarskipari, rÃºmdin
ğŸ‘©â€ğŸš€ astronautur, kona, kvinna, kvinnuligur astronautur, rÃºmdarskipari, rÃºmdin
ğŸ§‘â€ğŸš’ slÃ¸kkiliÃ°, slÃ¸kkiliÃ°sfÃ³lk
ğŸ‘¨â€ğŸš’ maÃ°ur, slÃ¸kkiliÃ°, slÃ¸kkiliÃ°smaÃ°ur
ğŸ‘©â€ğŸš’ kona, kvinna, slÃ¸kkiliÃ°, slÃ¸kkiliÃ°skvinna
ğŸ‘® lÃ¸gregla, politistur
ğŸ‘®â€â™‚ lÃ¸gregla, lÃ¸greglumaÃ°ur, maÃ°ur
ğŸ‘®â€â™€ kona, kvinna, lÃ¸gregla, lÃ¸greglukvinna
ğŸ•µ detektivur, lÃ¸gregla, njÃ³snari, uppdagari
ğŸ•µâ€â™‚ lÃ¸gregla, maÃ°ur, mannligur detektivur, njÃ³snari, uppdagari
ğŸ•µâ€â™€ kona, kvinna, kvinnuligur detektivur, lÃ¸gregla, njÃ³snari, uppdagari
ğŸ’‚ vaktur
ğŸ’‚â€â™‚ maÃ°ur, vakt, vaktarmaÃ°ur, vaktur
ğŸ’‚â€â™€ kona, kvinna, vakt, vaktarkvinna, vaktur
ğŸ¥· fjaldur, ninja, ninja andlit, snÃ­kjandi, strÃ­Ã°smaÃ°ur
ğŸ‘· bygging, byggiverkfrÃ¸Ã°ingur, smÃ­Ã°
ğŸ‘·â€â™‚ bygging, byggiverkfrÃ¸Ã°ingur, maÃ°ur, mannligur byggiverkfrÃ¸Ã°ingur, smÃ­Ã°
ğŸ‘·â€â™€ bygging, byggiverkfrÃ¸Ã°ingur, kona, kvinna, kvinnuligur byggiverkfrÃ¸Ã°ingur, smÃ­Ã°
ğŸ¤´ fÃºrsti, kongssonur, prinsur
ğŸ‘¸ fÃºrstakona, fÃºrstinna, kongsdÃ³ttir, prinsessa
ğŸ‘³ fÃ³lk, persÃ³nur viÃ° turban, turban
ğŸ‘³â€â™‚ maÃ°ur, maÃ°ur viÃ° turban, turban
ğŸ‘³â€â™€ kona, kvinna, kvinna viÃ° turban, turban
ğŸ‘² fÃ³lk, hÃºgva, kinesisk, persÃ³nur viÃ° kinesiskari hÃºgvu
ğŸ§• hijab, kona, kvinna, kvinna viÃ° turriklÃ¦Ã°i, kvinnuplagg, mantilla, turriklÃ¦Ã°i
ğŸ¤µ brÃºÃ°gÃ³mur, persÃ³nur, persÃ³nur Ã­ smoking, smoking
ğŸ¤µâ€â™‚ maÃ°ur, maÃ°ur Ã­ smoking, smoking
ğŸ¤µâ€â™€ kona, kona Ã­ smoking, konufÃ³lk, kvinna, smoking
ğŸ‘° brÃºdleyp, brÃºÃ°ur, persÃ³nur, persÃ³nur Ã­ slÃ¸ri, slÃ¸r
ğŸ‘°â€â™‚ maÃ°ur, maÃ°ur Ã­ slÃ¸ri, slÃ¸r
ğŸ‘°â€â™€ kona, kona Ã­ slÃ¸ri, kvinna, slÃ¸r
ğŸ¤° kona, kvinna, kvinna viÃ° barn, upp Ã¡ vegin, viÃ° barn
ğŸ¤± brÃ³stafÃ¸Ã°i, brÃ³stageving, geva brÃ³st, pinkubarn
ğŸ‘¼ Ã¦vintÃ½r, andlit, eingil, pinkabarnaeingil, pinkubarn, trÃºgv
ğŸ… jÃ³l, jÃ³lamaÃ°ur, jÃ³lamaÃ°urin, maÃ°ur
ğŸ¤¶ jÃ³l, jÃ³lakona, jÃ³lakonan, kona, kvinna
ğŸ¦¸ gÃ³Ã°ur, hetja, super, superhetja, yvirnÃ¡tÃºrligur
ğŸ¦¸â€â™‚ gÃ³Ã°ur, hetja, maÃ°ur, mannlig superhetja, super, yvirnÃ¡tÂ´Ãºrligur
ğŸ¦¸â€â™€ gÃ³Ã°, hetja, kvinnulig superhetja, super, yvirnÃ¡tÃºrlig
ğŸ¦¹ bakbeist, illmenni, Ã³ndur, skÃ¡lkur, super, superskÃ¡lkur
ğŸ¦¹â€â™‚ bakbeist, illmenni, maÃ°ur, mannligur superskÃ¡lkur, Ã³ndur, skÃ¡lkur, super
ğŸ¦¹â€â™€ bakbeist, illmenni, kona, kvinna, kvinnuligur superskÃ¡lkur, Ã³nd, skÃ¡lkur, super
ğŸ§™ Ã¦vintÃ½r, fÃ³lk, galdur, persÃ³nur sum dugir gand
ğŸ§™â€â™‚ Ã¦vintÃ½r, gandakallur, gandur, kallur, maÃ°ur, trÃ¸llmaÃ°ur
ğŸ§™â€â™€ Ã¦vintÃ½r, gandakelling, gandakona, gandur, kelling, kona, kvinna
ğŸ§š Ã¦vintÃ½r, Ã¡lva, Ã¡lvur
ğŸ§šâ€â™‚ Ã¦vintÃ½r, Ã¡lvur, maÃ°ur, mannligur Ã¡lvur
ğŸ§šâ€â™€ Ã¦vintÃ½r, Ã¡lva, Ã¡lvadrotning, kona, kvinna, kvinnulig Ã¡lva
ğŸ§› blÃ³Ã°sÃºgvari, drakula, vampÃ½rur
ğŸ§›â€â™‚ blÃ³Ã°sÃºgvari, drakula, maÃ°ur, mannligur vampÃ½rur
ğŸ§›â€â™€ blÃ³Ã°sÃºgvari, drakula, kona, kvinna, kvinnuligur vampÃ½rur
ğŸ§œ hav, havfÃ³lk, havfrÃºgv, havmaÃ°ur
ğŸ§œâ€â™‚ havmaÃ°ur, triton
ğŸ§œâ€â™€ havfrÃºgv
ğŸ§ Ã¦vintÃ½r, Ã¡lva, Ã¡lvur
ğŸ§â€â™‚ Ã¦vintÃ½r, Ã¡lvur, maÃ°ur, mannfÃ³lka Ã¡lvur
ğŸ§â€â™€ Ã¦vintÃ½r, Ã¡lva, konufÃ³lka Ã¡lva, maÃ°ur
ğŸ§ Ã¦vintÃ½r, andi
ğŸ§â€â™‚ Ã¦vintÃ½r, andi, maÃ°ur, mannligur andi
ğŸ§â€â™€ Ã¦vintÃ½r, andi, kona, kvinna, kvinnuligur andi
ğŸ§Ÿ sombi, uppvakningur, zombie
ğŸ§Ÿâ€â™‚ maÃ°ur, mannligur sombi, sombi, uppvakningur, zombie
ğŸ§Ÿâ€â™€ kona, kvinna, kvinnuligur sombi, sombi, uppvakna, zombie
ğŸ’† fÃ³lk, massasja, persÃ³nur, persÃ³nur sum fÃ¦r massasju
ğŸ’†â€â™‚ maÃ°ur, maÃ°ur sum fÃ¦r massasju, massasja
ğŸ’†â€â™€ kona, kvinna, kvinna sum fÃ¦r massasju, massasja
ğŸ’‡ fÃ³lk, hÃ¡r, hÃ¡rklipping, hÃ¡rsniÃ°, klipp, persÃ³nur, persÃ³nur sum fÃ¦r klipt hÃ¡ri
ğŸ’‡â€â™‚ hÃ¡r, hÃ¡rklipping, hÃ¡rsniÃ°, klipp, maÃ°ur, maÃ°ur sum fÃ¦r klipt hÃ¡ri
ğŸ’‡â€â™€ hÃ¡r, hÃ¡rklipping, hÃ¡rsniÃ°, klipp, kona, kvinna, kvinna sum fÃ¦r klipt hÃ¡ri
ğŸš¶ fÃ³lk, gongur, gongutÃºr, persÃ³nur, persÃ³nur sum gongur, til gongu
ğŸš¶â€â™‚ gongur, gongutÃºr, maÃ°ur, maÃ°ur sum gongur, til gongu
ğŸš¶â€â™€ gongur, gongutÃºr, kona, kvinna, kvinna sum gongur, til gongu
ğŸ§ persÃ³nur, persÃ³nur iÃ° stendur, stendur
ğŸ§â€â™‚ maÃ°ur, maÃ°ur iÃ° stendur, stendur
ğŸ§â€â™€ kona, kvinna, kvinna iÃ° stendur, stendur
ğŸ§ Ã¡ knÃ¦, knÃ¦, persÃ³nur, persÃ³nur Ã¡ knÃ¦
ğŸ§â€â™‚ Ã¡ knÃ¦, knÃ¦, maÃ°ur, maÃ°ur Ã¡ knÃ¦
ğŸ§â€â™€ Ã¡ knÃ¦, knÃ¦, kona, kvinna, kvinna Ã¡ knÃ¦
ğŸ§‘â€ğŸ¦¯ blind, blindastavur, blindur, persÃ³nur, persÃ³nur viÃ° blindastavi, stavur
ğŸ‘¨â€ğŸ¦¯ blindastavur, blindur, maÃ°ur, maÃ°ur viÃ° blindastavi, stavur
ğŸ‘©â€ğŸ¦¯ blind, blindastavur, kona, kvinna, kvinna viÃ° blindastavi, stavur
ğŸ§‘â€ğŸ¦¼ koyristÃ³lur, motorkoyristÃ³lur, persÃ³nur, persÃ³nur Ã­ motorkoyristÃ³li
ğŸ‘¨â€ğŸ¦¼ koyristÃ³lur, maÃ°ur, maÃ°ur Ã­ motorkoyristÃ³li, motorkoyristÃ³lur
ğŸ‘©â€ğŸ¦¼ kona, koyristÃ³lur, kvinna, kvinna Ã­ motorkoyristÃ³li, motorkoyristÃ³lur
ğŸ§‘â€ğŸ¦½ koyristÃ³lur, persÃ³nur, persÃ³nur Ã­ koyristÃ³li
ğŸ‘¨â€ğŸ¦½ koyristÃ³lur, maÃ°ur, maÃ°ur Ã­ koyristÃ³li
ğŸ‘©â€ğŸ¦½ kona, koyristÃ³lur, kvinna, kvinna Ã­ koyristÃ³li
ğŸƒ fÃ³lk, maraton, persÃ³nur, persÃ³nur sum rennur, renn, rennur
ğŸƒâ€â™‚ maÃ°ur, maÃ°ur sum rennur, maraton, renn, rennur
ğŸƒâ€â™€ kvinna, kvinna sum rennur, maraton, renn, rennur
ğŸ’ƒ dansar, dansur, kona, kvinna, kvinna sum dansar
ğŸ•º dansar, dansur, maÃ°ur, maÃ°ur sum dansar
ğŸ•´ klÃ¦dningur, maÃ°ur, maÃ°ur Ã­ klÃ¦dningi sveimar, sveimar
ğŸ‘¯ dansa, dansur, fÃ³lk, fÃ³lk viÃ° haruoyrum, haruoyru, persÃ³nar
ğŸ‘¯â€â™‚ dansa, dansur, haruoyru, menn, menn viÃ° haruoyrum
ğŸ‘¯â€â™€ dansa, dansur, haruoyru, konur, kvinnur, kvinnur viÃ° haruoyrum
ğŸ§– baÃ°stova, fÃ³lk, persÃ³nur, persÃ³nur Ã­ sauna, sauna
ğŸ§–â€â™‚ baÃ°stova, maÃ°ur, maÃ°ur Ã­ sauna, sauna
ğŸ§–â€â™€ baÃ°stova, kona, kvinna, kvinna Ã­ sauna, sauna
ğŸ§— fÃ³lk, klatra, klintra, klÃ­va, klÃºgva, persÃ³nur, persÃ³nur sum klatrar
ğŸ§—â€â™‚ klatra, klintra, klÃ­va, klÃºgva, maÃ°ur, maÃ°ur sum klatrar
ğŸ§—â€â™€ klatra, klintra, klÃ­va, klÃºgva, kona, kvinna, kvinna sum klatrar
ğŸ¤º fektari, fiktar, fÃ³lk, persÃ³nur
ğŸ‡ fÃ³lk, hestur, jockey, kapprÃ­Ã°ari, kapprÃ­Ã°ing, persÃ³nur, ross
â›· fÃ³lk, kavi, persÃ³nur, skÃ­Ã°, skÃ­Ã°rennari
ğŸ‚ fÃ³lk, persÃ³nur, persÃ³nur sum stendur Ã¡ snjÃ³fjÃ¸l, snjÃ³fjÃ¸l, snowboard, snowboarder
ğŸŒ fÃ³lk, golf, persÃ³nur, persÃ³nur sum spÃ¦lir golf
ğŸŒâ€â™‚ golf, maÃ°ur, maÃ°ur sum spÃ¦lir golf
ğŸŒâ€â™€ golf, kona, kona sum spÃ¦lir golf, kvinna
ğŸ„ brimfjÃ¸l, fÃ³lk, persÃ³nur, persÃ³nur sum skreiÃ°ur Ã¡ brimfjÃ¸l, surfa
ğŸ„â€â™‚ brimfjÃ¸l, maÃ°ur, maÃ°ur sum skreiÃ°ur Ã¡ brimfjÃ¸l, surfa
ğŸ„â€â™€ brimfjÃ¸l, kona, kona sum skreiÃ°ur Ã¡ brimfjÃ¸l, kvinna, surfa
ğŸš£ Ã¡rabÃ¡tur, fÃ³lk, persÃ³nur, persÃ³nur Ã­ Ã¡rabÃ¡ti, rÃ³gva, rÃ¸r
ğŸš£â€â™‚ Ã¡rabÃ¡tur, maÃ°ur, maÃ°ur Ã­ Ã¡rabÃ¡ti, rÃ³gva, rÃ¸r
ğŸš£â€â™€ kvinna Ã­ Ã¡rabÃ¡ti
ğŸŠ fÃ³lk, persÃ³nur, persÃ³nur sum svimur, svimjari, svimur
ğŸŠâ€â™‚ maÃ°ur, maÃ°ur sum svimur, svimjari, svimur
ğŸŠâ€â™€ kona, kvinna, kvinna sum svimur, svimjari, svimur
â›¹ fÃ³lk, kurvabÃ³ltur, persÃ³nur, persÃ³nur sum spÃ¦lir kurvabÃ³lt
â›¹â€â™‚ kurvabÃ³ltur, maÃ°ur, maÃ°ur sum spÃ¦lir kurvabÃ³lt
â›¹â€â™€ kona, kurvabÃ³ltur, kvinna, kvinna sum spÃ¦lir kurvabÃ³lt
ğŸ‹ fÃ³lk, lyftingarÃ­trÃ³tt, persÃ³nur, vektlyftari, vektlyfting
ğŸ‹â€â™‚ lyftingarÃ­trÃ³tt, maÃ°ur, mannligur vektlyftari, vektlyftari, vektlyfting
ğŸ‹â€â™€ kona, kvinna, kvinnuligur vektlyftari, lyftingarÃ­trÃ³tt, vektlyftari, vektlyfting
ğŸš´ fÃ³lk, persÃ³nur, persÃ³nur sum sÃºkklar, sÃºkkla, sÃºkklar, sÃºkklari
ğŸš´â€â™‚ maÃ°ur, maÃ°ur sum sÃºkklar, sÃºkkla, sÃºkklar, sÃºkklari
ğŸš´â€â™€ kona, kvinna, kvinna sum sÃºkklar, sÃºkkla, sÃºkklar, sÃºkklari
ğŸšµ fjallasÃºkkla, fÃ³lk, persÃ³nur, persÃ³nur Ã¡ fjallasÃºkklu, sÃºkkla, sÃºkklar, sÃºkklari
ğŸšµâ€â™‚ fjallasÃºkkla, maÃ°ur, maÃ°ur Ã¡ fjallasÃºkklu, sÃºkkla, sÃºkklar, sÃºkklari
ğŸšµâ€â™€ fjallasÃºkkla, kona, kvinna, kvinna Ã¡ fjallasÃºkklu, sÃºkkla, sÃºkklar, sÃºkklari
ğŸ¤¸ fimleik, fimleikur, fÃ³lk, myllulop, persÃ³nur, persÃ³nur sum ger myllulop
ğŸ¤¸â€â™‚ fimleik, fimleikur, maÃ°ur, maÃ°ur sum ger myllulop, myllulop
ğŸ¤¸â€â™€ fimleik, fimleikur, kona, kvinna, kvinna sum ger myllulop, myllulop
ğŸ¤¼ fÃ³lk, glÃ­ma, glÃ­ming, glÃ­mingardystur, persÃ³nar
ğŸ¤¼â€â™‚ glÃ­ma, glÃ­ming, glÃ­mingardystur, mannligur glÃ­mingardystur, menn
ğŸ¤¼â€â™€ glÃ­ma, glÃ­ming, glÃ­mingardystur, konur, kvinnuligur glÃ­mingardystur, kvinnur
ğŸ¤½ fÃ³lk, persÃ³nur, persÃ³nur sum spÃ¦lir vatnpolo, vatnpolo
ğŸ¤½â€â™‚ maÃ°ur, maÃ°ur sum spÃ¦lir vatnpolo, vatnpolo
ğŸ¤½â€â™€ kona, kona sum spÃ¦lir vatnpolo, kvinna, vatnpolo
ğŸ¤¾ fÃ³lk, hondbÃ³lt, hondbÃ³ltur, persÃ³nur, persÃ³nur sum spÃ¦lir hondbÃ³lt
ğŸ¤¾â€â™‚ hondbÃ³lt, hondbÃ³ltur, maÃ°ur, maÃ°ur sum spÃ¦lir hondbÃ³lt
ğŸ¤¾â€â™€ hondbÃ³lt, hondbÃ³ltur, kona, kvinna, kvinna sum spÃ¦lir hondbÃ³lt
ğŸ¤¹ fimla, fimlari, fÃ³lk, persÃ³nur, persÃ³nur sum fimlar
ğŸ¤¹â€â™‚ fimla, fimlari, maÃ°ur, maÃ°ur sum fimlar
ğŸ¤¹â€â™€ fimla, fimlari, kona, kvinna, kvinna sum fimlar
ğŸ§˜ fÃ³lk, joga, lotus, lotusstÃ¸Ã°a, meditatiÃ³n, persÃ³nur, persÃ³nur Ã­ lotusstÃ¸Ã°u
ğŸ§˜â€â™‚ joga, lotus, lotusstÃ¸Ã°a, maÃ°ur, maÃ°ur Ã­ lotusstÃ¸Ã°u, meditatiÃ³n
ğŸ§˜â€â™€ joga, kona, kvinna, kvinna Ã­ lotusstÃ¸Ã°u, lotus, lotusstÃ¸Ã°a, meditatiÃ³n
ğŸ›€ baÃ°, baÃ°ikar, fÃ³lk, persÃ³nur, persÃ³nur Ã­ baÃ°ikari
ğŸ›Œ fÃ³lk, persÃ³nur, persÃ³nur Ã­ song, song, svevur
ğŸ§‘â€ğŸ¤â€ğŸ§‘ fÃ³lk, leiÃ°ast, par
ğŸ‘­ konur, kvinnur, leiÃ°ast, par
ğŸ‘« kona, kvinna, kvinna or maÃ°ur leiÃ°ast, leiÃ°ast, maÃ°ur, par
ğŸ‘¬ leiÃ°ast, maÃ°ur, menn, par, stjÃ¸rnutekin, tvÃ­burar, TvÃ­burarnir
ğŸ’ hjarta, muss, par, tvey Ã­Ã° mussast
ğŸ’‘ hjarta, kÃ¦rleiki, par, par og hjarta
ğŸ‘ª barn, familja, foreldur
ğŸ—£ hÃ¸vd, hÃ¸vd sum prÃ¡tar, prÃ¡t, prÃ¡tar, skuggamynd, tosar
ğŸ‘¤ bringumynd, skuggamynd, skuggamynd av bringumynd
ğŸ‘¥ bringumynd, bryngumyndir, skuggamynd, skuggamynd av bringumyndum
ğŸ«‚ bei, fÃ³lk sum klemmast, hey, klemm, takk
ğŸ‘£ fÃ³taspor, fÃ¸tur, il, slÃ³Ã°, spor
ğŸ¦° hÃ¡r, reyÃ°hÃ¦rdur, reytt hÃ¡r
ğŸ¦± afro, hÃ¡r, krÃºllut, purlut
ğŸ¦³ gamal, gomul, hÃ¡r, hvÃ­tt
ğŸ¦² einki hÃ¡r, hÃ¡r, kemoterapi, skallut, skallutur
ğŸµ andlit, apa, apuandlit
ğŸ’ apa, dÃ½r
ğŸ¦ apa, dÃ½r, gorilla
ğŸ¦§ apa, orangutang
ğŸ¶ andlit, hundaandlit, hundur, kelidÃ½r
ğŸ• dÃ½r, hundur, kelidÃ½r
ğŸ¦® blindur, fÃ¸rarahundur, hundur
ğŸ•â€ğŸ¦º hjÃ¡lp, hundur, tÃ¦nasta, tÃ¦nastuhundur
ğŸ© dÃ½r, hundur, kelidÃ½r, puddil, puddilhundur
ğŸº andlit, Ãºlvur
ğŸ¦Š andlit, revaandlit, revur
ğŸ¦ forvitin, tvÃ¡ttarbjÃ¸rn
ğŸ± andlit, ketta, kettuandlit
ğŸˆ dÃ½r, kelidÃ½r, ketta, kÃ¸ttur
ğŸˆâ€â¬› ketta, Ã³eydna, Ã³heppin, svÃ¸rt
ğŸ¦ andlit, leyva, leyvuandlit, stjÃ¸rnumerki
ğŸ¯ andlit, tikaraandlit, tikari
ğŸ… dÃ½r, tikari
ğŸ† dÃ½r, leopardur
ğŸ´ andlit, hestur, ross, rossaandlit
ğŸ dÃ½r, hestur, kapprÃ­Ã°ingarross, kelidÃ½r, ross
ğŸ¦„ andlit, einhyrningaandlit, einhyrningur
ğŸ¦“ dÃ½r, sebra, strÃ­pur
ğŸ¦Œ dÃ½r, hjÃ¸rtur
ğŸ¦¬ bisonur, fylgi, visundur
ğŸ® andlit, kÃºgv, kÃºgvaandlit, neyt
ğŸ‚ dÃ½r, neyt, oksi, stjÃ¸rnumerki
ğŸƒ bisonur, bÃºffil, dÃ½r, visundur
ğŸ„ dÃ½r, kÃºgv, neyt
ğŸ· andlit, grÃ­saandlit, grÃ­sur, svÃ­n
ğŸ– dÃ½r, grÃ­sur, sÃºgv, svÃ­n
ğŸ— andlit, gÃ¸ltur, villsvÃ­n, villsvÃ­naandlit
ğŸ½ grÃ­sasnÃºti, grÃ­sur, snÃºti, svÃ­n
ğŸ dÃ½r, seyÃ°ur, stjÃ¸rnumerki, veÃ°rur
ğŸ‘ Ã¦r, dÃ½r, seyÃ°ur
ğŸ dÃ½r, geit, stjÃ¸rnumerki
ğŸª bunga, dromedÃ¡rur, dÃ½r, kÃºla
ğŸ« bunga, dÃ½r, kamelur, kÃºla
ğŸ¦™ alpaka, lama
ğŸ¦’ dÃ½r, giraffur, prikkar
ğŸ˜ dÃ½r, fÃ­lur
ğŸ¦£ loÃ°fÃ­lur, mammuttur, ÃºtdeyÃ°ur, Ãºtdeytt
ğŸ¦ dÃ½r, nashyrningur
ğŸ¦› Ã¡arross, vatnhestur
ğŸ­ andlit, mÃºs, mÃºsaandlit
ğŸ dÃ½r, mÃºs
ğŸ€ dÃ½r, rotta
ğŸ¹ andlit, hamstaraandlit, hamstari
ğŸ° andlit, kanin, kaninandlit
ğŸ‡ dÃ½r, kanin, kelidÃ½r
ğŸ¿ dÃ½r, Ã­korn, jarÃ°arÃ­korn
ğŸ¦« bÃ¦vur
ğŸ¦” dÃ½r, tindar, tindasvÃ­n, tornutur
ğŸ¦‡ blÃ³Ã°sÃºgvari, dÃ½r, flogmÃºs, vampÃ½rur
ğŸ» andlit, bjarnarandlit, bjÃ¸rn
ğŸ»â€â„ arktisk, bjÃ¸rn, hvÃ­t, hvÃ­tabjÃ¸rn, Ã­sbjÃ¸rn
ğŸ¨ andlit, koala, koalaandlit, pokabjÃ¸rn
ğŸ¼ andlit, panda, pandaandlit
ğŸ¦¥ dovin, letidÃ½r, sein, seinur
ğŸ¦¦ otur
ğŸ¦¨ skunkur, stinkdÃ½r
ğŸ¦˜ Avstralia, kenguru, posadÃ½r
ğŸ¦¡ grevlingur
ğŸ¾ labbar, labbaspor, slÃ³Ã°, spor
ğŸ¦ƒ dÃ½r, fuglur, kalkun
ğŸ” andlit, hÃ¸na, hÃ¸nuandlit, hÃ¸snarungi
ğŸ“ dÃ½r, fuglur, hani
ğŸ£ eggjaskal, hÃ¸snarungi, hÃ¸snarungi Ã­ eggjaskali, klakt, kleking
ğŸ¤ andlit, hÃ¸snarungaandlit, hÃ¸snarungi
ğŸ¥ dÃ½r, fuglur, hÃ¸snarungi
ğŸ¦ andlit, fuglaandlit, fuglur
ğŸ§ andlit, pingvin, pingvinandlit
ğŸ•Š dÃºgva, dÃºgva viÃ° oljugrein, dÃ½r, friÃ°ur, fuglur, oljugrein
ğŸ¦… dÃ½r, fuglur, Ã¸rn
ğŸ¦† dunna, dÃ½r, fuglur, steggi
ğŸ¦¢ fuglur, okn, svanur
ğŸ¦‰ dÃ½r, fuglur, glÃ¸gg, klÃ³k, ugla
ğŸ¦¤ dronta, fuglur, Mauritius, ÃºtdeyÃ°ur
ğŸª¶ fjaÃ°urhamur, fjÃ¸Ã°ur, fjÃ¸Ã°urhamur, flÃºgva, fuglur, lÃ¦tt
ğŸ¦© flamingo, fuglur, litfagur, tropiskur
ğŸ¦š erpin, fuglur, pÂ´Â´afuglahÃ¸na, pÃ¡fuglahani, pÃ¡fuglur, reyp
ğŸ¦œ fuglur, pappageykur, prÃ¡t, sjÃ³rÃ¦nari
ğŸ¸ andlit, froskaandlit, froskur
ğŸŠ dÃ½r, krokodilla
ğŸ¢ dÃ½r, havskjaldbÃ¸ka, landskjaldbÃ¸ka, mÃ½riskjaldbÃ¸ka, skjaldbÃ¸ka
ğŸ¦ dÃ½r, edlur, ferfÃ¸tlur, oydla
ğŸ dÃ½r, serpentin, slanga, stjÃ¸rnumerki
ğŸ² Ã¦vintÃ½r, andlit, andlit Ã¡ dreka, dreki
ğŸ‰ Ã¦vintÃ½r, dreki
ğŸ¦• apatosaurus, Brontosaurus, dinosaurur, dÃ½r
ğŸ¦– dinosaurur, dÃ½r, T-rex, Tyrannosaurus rex
ğŸ³ dÃ½r, goysa, hvalur, hvalur sum sprÃ¦nur, sprÃ¦na, vatn
ğŸ‹ dÃ½r, hvalur
ğŸ¬ delfin, dÃ½r
ğŸ¦­ kÃ³pur, sjÃ³ljÃ³n
ğŸŸ dÃ½r, fiskur, stjÃ¸rnumerki
ğŸ  dÃ½r, fiskur, tropiskur
ğŸ¡ dÃ½r, fiskur, Ã­gulfiskur
ğŸ¦ˆ dÃ½r, hÃ¡vur
ğŸ™ Ã¡ttaarmaÃ°ur, Ã¡ttermdur, dÃ½r, hÃ¸gguslokkur, hÃ¸gguslokkur viÃ° Ã¡tta Ã¸rmum
ğŸš skel, sniglahÃºs, snyril
ğŸŒ snigil
ğŸ¦‹ firvaldur, skordÃ½r, summarfuglur
ğŸ› skordÃ½r
ğŸœ meyra, skordÃ½r
ğŸ bÃ½fluga, skordÃ½r
ğŸª² klukka, skordÃ½r
ğŸ klukka, mariubjalla, mariuhÃ¸na, skordÃ½r
ğŸ¦— grashoppa, veggjasmiÃ°ur
ğŸª³ farsÃ³tt, kakkulakkur, pest, skaÃ°adÃ½r, skaÃ°akykt, skordÃ½r
ğŸ•· eiturkoppur, skordÃ½r
ğŸ•¸ eiturkoppanÃ³t, eiturkoppur, nÃ³t, vev
ğŸ¦‚ skorpiÃ³n, sporÃ°dreki, stjÃ¸rnumerki
ğŸ¦Ÿ farsÃ³tt, fepur, malaria, moskito, mÃ½ggjabiti, pest
ğŸª° fluga, pest, rot, sjÃºka, spilt
ğŸª± maÃ°kur, ormur, reyÃ°maÃ°kur, skriÃ°kykt, snÃ­kur, snultidÃ½r
ğŸ¦  amÃ¸ba, bakteria, skaploysingur, smÃ¡vera, virus
ğŸ’ blÃ³ma, blomstur, blÃ³mutyssi, buket
ğŸŒ¸ blÃ³ma, blomstur, kirsuber, kirsuberblÃ³ma
ğŸ’® blÃ³ma, blomstur, hvÃ­t blÃ³ma
ğŸµ blÃ³ma, blomstur, planta, rÃ³suprÃ½Ã°i, stovnhviril
ğŸŒ¹ blÃ³ma, blomstur, rÃ³sa
ğŸ¥€ blÃ³ma, blomstur, fÃ¸lna
ğŸŒº blÃ³ma, blomstur, hawaiiblÃ³ma
ğŸŒ» blÃ³ma, blomstur, sÃ³lblÃ³ma
ğŸŒ¼ blÃ³ma, blomstur
ğŸŒ· blÃ³ma, blomstur, tulipÃ¡n
ğŸŒ± frÃ¦, frÃ¦planta, planta
ğŸª´ planta, pottaplanta, pottur, urtapottur, veksur
ğŸŒ² trÃ¦, veturgrÃ¸nt
ğŸŒ³ blÃ¸Ã°, fellir, trÃ¦, trÃ¦ sum fellir blÃ¸Ã°ini
ğŸŒ´ pÃ¡lmi, plÃ¡matrÃ¦, trÃ¦
ğŸŒµ kaktus, planta
ğŸŒ¾ hÃ³lgi, rÃ­s, rÃ­shÃ³lgi
ğŸŒ¿ planta, urt
â˜˜ planta, smÃ¦ra
ğŸ€ 4, fÃ½ra, smÃ¦ra, smÃ¦ra viÃ° fÃ½ra
ğŸ ahornsblaÃ°
ğŸ‚ blaÃ°, falli, falliÃ° blaÃ°
ğŸƒ blÃ¸Ã°, flagsandi, vindur
ğŸ‡ frukt, vÃ­ndrÃºva, vÃ­ndrÃºvur
ğŸˆ frukt, melÃ³n
ğŸ‰ frukt, vatnmelÃ³n
ğŸŠ frukt, mandarin
ğŸ‹ frukt, sitrÃ³n, sitrus
ğŸŒ banan, frukt
ğŸ ananas, frukt
ğŸ¥­ frukt, mango, mangofrukt, tropisk
ğŸ frukt, reytt, sÃºrepli
ğŸ frukt, grÃ¸nt, sÃºrepli
ğŸ frukt, pera
ğŸ‘ ferska, frukt
ğŸ’ ber, frukt, kirsuber
ğŸ“ ber, frukt, jarÃ°ber
ğŸ« ber, blÃ¡, blÃ¡ber, frukt
ğŸ¥ frukt, kivi
ğŸ… frukt, grÃ¸nmeti, tomat
ğŸ«’ matur, olja, oljuber
ğŸ¥¥ kokusnÃ¸t, pÃ¡lmi
ğŸ¥‘ avokado, frukt
ğŸ† aubergina, grÃ¸nmeti
ğŸ¥” epli, grÃ¸nmeti
ğŸ¥• grÃ¸nmeti, gularÃ³t
ğŸŒ½ aks, kolba, korn, mais, maisaks, maiskolba
ğŸŒ¶ pipar, sterkt
ğŸ«‘ grÃ¸nmeti, pipar, piparfrukt
ğŸ¥’ agurk, agurka, grÃ¸nmeti
ğŸ¥¬ blaÃ°, grÃ¸nkÃ¡l, grÃ¸nmeti, salat, salatblaÃ°
ğŸ¥¦ brokkoli, spergilkÃ¡l
ğŸ§„ hvÃ­tleykur, matur, smakkur
ğŸ§… leykur, matur, smakkur
ğŸ„ hundaland, soppur
ğŸ¥œ jarÃ°nÃ¸tur, matur, nÃ¸t
ğŸŒ° kastanja, matur, nÃ¸t
ğŸ breyÃ°, matur
ğŸ¥ croissant, franskbreyÃ°shorn, horn, matur
ğŸ¥– breyÃ°, flute, matur, smÃ¡breyÃ°
ğŸ«“ breyÃ°, flatbreyÃ°, naan, Ã³sÃºrgaÃ°, pitabreyÃ°
ğŸ¥¨ matur, saltkringla, saltstong
ğŸ¥¯ bagel, breyÃ°, morgunbreyÃ°
ğŸ¥ eggjakÃ¸ka, matur, pannukaka
ğŸ§‡ vafla
ğŸ§€ matur, osta stykki, ostur
ğŸ– bein, kjÃ¸t, kjÃ¸t Ã¡ beini, matur
ğŸ— bein, hÃ¸snarungi, hÃ¸snaungalÃ¦r, kjÃ¸t, lÃ¦r, matur
ğŸ¥© bÃºffur, kjÃ¸t, kotelett, matur
ğŸ¥“ flesk, kjÃ¸t, matur
ğŸ” bÃºfftvÃ­flÃ­s, bÃºffur, burgari, hamborgari, hamburgari, matur
ğŸŸ kips, matur
ğŸ• flÃ­s, matur, pitsa, pitsaflÃ­s, pizza
ğŸŒ­ hotdog, matur
ğŸ¥ª breyÃ°, matur, tvÃ­flÃ­s
ğŸŒ® matur, meksikanskur, taco, tako
ğŸŒ¯ burrito, matur, meksikanskur
ğŸ«” ball, matur, Meksiko, tamales
ğŸ¥™ falafel, flatbreyÃ°, fylt, kebabb, matur
ğŸ§† falafel, kjÃ¸tfrikadella, matur
ğŸ¥š egg, matur
ğŸ³ egg, matgerÃ°, matur, panna, steikipanna, steikja
ğŸ¥˜ fat, grÃ½ta, grÃ½turÃ¦ttur, matur
ğŸ² borÃ°iskur, djÃºpur, djÃºpur tallerkur viÃ° mati, matur
ğŸ«• fondue, matur, sjokulÃ¡ta, smelta, Sveis
ğŸ¥£ bolli viÃ° skeiÃ°, kornflykrur, matur, morgunmatur
ğŸ¥— grÃ¸nmeti, matur, salat
ğŸ¿ matur, poppkorn
ğŸ§ˆ matur, mjÃ³lk, mjÃ³lkarvirki, rÃ³mi, smÃ¸r
ğŸ§‚ krydd, salt, saltÃ­lat
ğŸ¥« dÃ³s, dÃ³samatur, matur
ğŸ± bento, matpakki, matur
ğŸ˜ kaka, matur, rÃ­s, rÃ­ssmÃ¡kaka, smÃ¡kaka
ğŸ™ bolli, matur, rÃ­s, rÃ­sbolli
ğŸš kÃ³ka, kÃ³karÃ­s, matur, rÃ­s
ğŸ› karry, karryrÃ­s, matur, rÃ­s
ğŸœ matur, nudlur
ğŸ matur, pasta, spagetti, spaghetti, tomatsÃ³s
ğŸ  epli, matur, sÃ¸tt
ğŸ¢ grillspjÃ³t, kjÃ¸tpinnur, matpinnur, matur, pinnur, sprita, teinur
ğŸ£ matur, sushi, susji
ğŸ¤ matur, rÃ¦kja, steikt
ğŸ¥ fiskur, japansk, kaka, kamaboko, matur
ğŸ¥® hÃ¡tÃ­Ã°, heyst, mÃ¡nakaka, yuÃ¨bÇng
ğŸ¡ dango, dessert, japansk, matur, pinnur, sÃ¸tt
ğŸ¥Ÿ empanada, gyÅza, hveitibolli, jiaozi, matur, pierogi
ğŸ¥  eydnukaka, lukkukaka, matur, spÃ¡dÃ³mur, spÃ¡kaka
ğŸ¥¡ boks, matur, tak viÃ° heim boks, takeaway, takeout
ğŸ¦€ dÃ½r, havfÃ¸Ã°i, krabbi, sjÃ³gÃ¦ti, stjÃ¸rnumerki
ğŸ¦ dÃ½r, havfÃ¸Ã°i, hummari, sjÃ³gÃ¦ti
ğŸ¦ dÃ½r, havfÃ¸Ã°i, matur, rÃ¦kja, sjÃ³gÃ¦ti
ğŸ¦‘ dÃ½r, hÃ¸gguslokkur, hÃ¸gguslokkur viÃ° tÃ­ggju Ã¸rmum, matur, tÃ­ggjuarmaÃ°ur, tÃ­ggjuermdur
ğŸ¦ª dÃ½r, ostra, perla
ğŸ¦ Ã­sur, kramarhÃºs, kramarhÃºsÃ­sur, matur
ğŸ§ dessert, Ã­sur, Ã­sur Ã­ skÃ¡l, matur, skÃ¡l
ğŸ¨ dessert, Ã­sur, matur, rÃ³maÃ­sur Ã­ skÃ¡l, skÃ¡l
ğŸ© berlinarbolli, donut, matur
ğŸª matur, smÃ¡kaka
ğŸ‚ fÃ¸Ã°ingardagskaka, fÃ¸Ã°ingardagur, kaka, ljÃ³s, matur
ğŸ° dessert, kaka, kakustykki, matur, stykki
ğŸ§ formakaka, kaka, koppakaka, sÃ¸tt
ğŸ¥§ dessert, kaka, matur, pai
ğŸ« matur, plÃ¡ta, sjokulÃ¡ta, sjokulÃ¡taplÃ¡ta
ğŸ¬ bomm, gÃ³Ã°gÃ¦ti, matur
ğŸ­ matur, sleikipinnur, sleikisneis, slikkipinnur
ğŸ® budingur, dessert, krem, lagkÃ¸ka, matur
ğŸ¯ hunangur, matur, sÃ¸tt
ğŸ¼ boppuflÃ¸ska, drykkur, flÃ¸ska, mjÃ³lk
ğŸ¥› drykkur, glas, glas av mjÃ³lk, mjÃ³lk
â˜• drykkur, heitur drykkur, kaffi, te
ğŸ«– drykkur, te, tekanna
ğŸµ drykkur, grÃ¸nt, koppur, koppur uttan handtak, te
ğŸ¶ drykkur, japanskt, rÃ­sbrennivÃ­n, sake
ğŸ¾ drykkur, flÃ¸ska, flÃ¸ska viÃ° tundurproppi, tundurproppur
ğŸ· drykkur, glas, reytt, vÃ­n, vÃ­nglas
ğŸ¸ barr, cocktail, drykkur, glas, vÃ­nbland, vÃ­nblandglas
ğŸ¹ barr, drykkur, tropiskur, tropiskurdrykkur
ğŸº barr, drykkur, krÃºss, Ã¸l, Ã¸lkrÃºss
ğŸ» barr, drykkur, krÃºss, Ã¸l, Ã¸lkrÃºss, Ã¸lkrÃºss sum skÃ¡la, skÃ¡l
ğŸ¥‚ barr, drykkur, glas, glÃ¸s, glÃ¸s sum skÃ¡la, hÃ¡tÃ­Ã°arhald, skÃ¡l
ğŸ¥ƒ barr, drykkur, glas, sjussur, viski, whisky, whiskyglas
ğŸ¥¤ djÃºs, drykkur, koppur viÃ° sÃºgvirÃ¸ri, saft, sodavatn
ğŸ§‹ boba, Taivan, te
ğŸ§ƒ drykkur, saft, sevja, sÃ¸tt, sunkist
ğŸ§‰ drykkur, mate
ğŸ§Š Ã­sfjall, Ã­sterningur, Ã­sur, kalt, terningur
ğŸ¥¢ etingarpinnar, pinnar
ğŸ½ borÃ°bÃºnaÃ°ur, borÃ°iskur, gaffil, gaffil knÃ­vur og talerkur, knÃ­vur, talerkur
ğŸ´ borÃ°bÃºnaÃ°ur, gaffil, gaffil og knÃ­vur, knÃ­vur
ğŸ¥„ borÃ°bÃºnaÃ°ur, skeiÃ°
ğŸ”ª knÃ­vur, kÃ¸ksknÃ­vur, vÃ¡pn
ğŸº amfora, krukka, stjÃ¸rnumerki
ğŸŒ Afrika, Evropa, globus, globus har Evropa og Afrika sÃ­ggjast, heimurin, jÃ¸rÃ°in, verÃ°in
ğŸŒ Amerika, globus, globus har Amerika sÃ¦st, heimurin, jÃ¸rÃ°in, verÃ°in
ğŸŒ Asia, Avstralia, globus, globus har Asia og Avstralia sÃ­ggjast, heimurin, jÃ¸rÃ°in, verÃ°in
ğŸŒ globus, globus viÃ° longdarstigum, heimurin, jÃ¸rÃ°in, longdarstig, meridianur, verÃ°in
ğŸ—º heimurin, jÃ¸rÃ°in, kort, verÃ°in, verÃ°inskort
ğŸ—¾ Japan, kort, kort av Japan
ğŸ§­ Ã¦tt, kÃ³s, kumpass, tÃ³l
ğŸ” fjall, fjall viÃ° kava Ã¡ toppinum, kavi
â›° fjall
ğŸŒ‹ eldfjall, eldgos, gos, gosfjall, Ãºtbrot
ğŸ—» fjall, fuji
ğŸ• kampingplÃ¡ss, leguplÃ¡ss, legutilvera, tjald, tjalding, tjaldlega, tjaldstaÃ°ur
ğŸ– sÃ³lskjÃ³l, sÃ³lskjÃ³l Ã¡ strond, strond
ğŸœ oyÃ°imÃ¸rk
ğŸ oyÃ°in, oyggj, plÃ¡matrÃ¦
ğŸ friÃ°aÃ° Ã¸ki, park, tjÃ³Ã°arpark, tjÃ³Ã°garÃ°ur, tjÃ³Ã°lund
ğŸŸ Ã­trÃ³ttastaÃ°ur, Ã­trÃ³ttavÃ¸llur, leikvÃ¸llur
ğŸ› bygningur, klassiskur
ğŸ— bygg, byggiÃ­dnaÃ°ur, byggiplÃ¡ss
ğŸ§± leirur, mÃ¸rtil, mÃºrkÃ¡lk, mÃºrsteinar, mÃºrsteinur, veggur
ğŸª¨ grÃ³t, klettur, steinur, tungt
ğŸªµ bjÃ¡lki, timbur, trÃ¦, viÃ°ur
ğŸ›– heim, hÃºs, smÃ¡tta
ğŸ˜ fleiri hÃºs, hÃºs
ğŸš hÃºs, oyÃ°i, vanrÃ¸kt
ğŸ  heim, hÃºs
ğŸ¡ havi, heim, hÃºs, hÃºs viÃ° hava
ğŸ¢ bygningur, skrivstova, skrivstovubygningur
ğŸ£ japanskt, posthÃºs, poststova, postverk
ğŸ¤ posthÃºs, poststova, postverk
ğŸ¥ bygningur, sjÃºkrahÃºs
ğŸ¦ banki, bygningur
ğŸ¨ bygningur, gistingarhÃºs, hotell
ğŸ© bygningur, gistingarhÃºs, hotell, kÃ¦rleiki, kÃ¦rleikshotell
ğŸª bygningur, handil, nÃ¦rhandil
ğŸ« bygningur, skÃºli
ğŸ¬ handil, stÃ³rhandil, vÃ¸ruhÃºs
ğŸ­ verksmiÃ°ja, virki, bygningur, Ã­dnaÃ°arvirki
ğŸ¯ borg, japan, japanskt slott, slott
ğŸ° borg, slott
ğŸ’’ brÃºdleyp, brÃºdleypshÃºs, bygningur, kapel
ğŸ—¼ Tokyo, torn, torn Ã­ Tokyo
ğŸ—½ frÃ¦lsi, FrÃ¦lsisgudinnan, standmynd
â›ª Ã¡trÃºnaÃ°ur, Ã¡trÃºni, kirkja, kristin, religiÃ³n, trÃºgv
ğŸ•Œ Ã¡trÃºnaÃ°ur, Ã¡trÃºni, bÃ¸nhÃºs, islamskt, moska, muslimur, religiÃ³n, trÃºgv
ğŸ›• hindui, hinduitempul, tempul
ğŸ• Ã¡trÃºnaÃ°ur, Ã¡trÃºni, gÃ½Ã°ingur, jÃ¸di, jÃ¸diskur, religiÃ³n, samkomuhÃºs, synagoga, trÃºgv
â›© Ã¡trÃºnaÃ°ur, Ã¡trÃºni, halgidÃ³mur, halgimannagrÃ¸v, halgiskrÃ­n, japan, religiÃ³n, shinto altar, trÃºgv
ğŸ•‹ Ã¡trÃºnaÃ°ur, Ã¡trÃºni, halgidÃ³mur, islam, islamskt, Kaaba, mekka, muslimur, religiÃ³n, trÃºgv
â›² gosbrunnur, gosvatn
â›º kampingplÃ¡ss, leguplÃ¡ss, legutilvera, tjald, tjalda, tjalding, tjaldlega, tjaldstaÃ°ur
ğŸŒ fjallatoppur, fjallatoppur og mjÃ¸rki, mjÃ¸rki, toka
ğŸŒƒ kvÃ¸ld, nÃ¡tt, nÃ¡tt viÃ° stjÃ¸rnum, stjÃ¸rnur
ğŸ™ bÃ½ur, stÃ³rbÃ½ur
ğŸŒ„ fjall, fjÃ¸ll, morgun, sÃ³l, sÃ³larris, sÃ³larris Ã­millum fjÃ¸ll
ğŸŒ… dagsbrÃºn, lÃ½sing, morgun, sÃ³l, sÃ³larris
ğŸŒ† kvÃ¸ld, myrkja, skÃ½ming, skÃ½ming Ã­ stÃ³rbÃ½i, sÃ³lsetur, stÃ³rbÃ½ur
ğŸŒ‡ kvÃ¸ld, myrkja, skÃ½ming, sÃ³lsetur
ğŸŒ‰ brÃºgv, brÃºgv Ã¡ nÃ¡tt, nÃ¡tt
â™¨ heit, kelda
ğŸ  hestur, karusell, karusellhestur, tivoli, undirhaldsgarÃ°ur
ğŸ¡ parÃ­sarhjÃ³l, tivoli, undirhaldsgarÃ°ur
ğŸ¢ glÃ­Ã°ibreyt, Ã¸ka, russjibani, tivoli, undirhaldsgarÃ°ur
ğŸ’ˆ hÃ¡rklipping, hÃ¡rskeraskelti, hÃ¡rskering
ğŸª sirkus, sirkustjald, tjald
ğŸš‚ lokomotiv, tok
ğŸšƒ jarnbreytarvognur, sporvognur, tokvognur, trÃ¡Ã°bussur
ğŸš„ hÃ¡ferÃ°artok, tok
ğŸš… snartok, tok
ğŸš† jarnbreyt, tok
ğŸš‡ metro, undirgrundarbreyt
ğŸšˆ nÃ¦rtok, tok
ğŸš‰ jarnbreyt, jarnbreytarstÃ¸Ã°, stÃ¸Ã°, tok
ğŸšŠ gron Ã¡ sporvogni, sporvognur, trÃ¡Ã°bussur
ğŸš einsporaÃ° jarnbreyt, tok
ğŸš fjallajarnbreyt, jarnbreyt, tok
ğŸš‹ sporvognur, trÃ¡Ã°bussur
ğŸšŒ bussur
ğŸš bussur, gron Ã¡ bussi
ğŸš sporvognur, trÃ¡Ã°bussur
ğŸš bussur, minibussur
ğŸš‘ bilur, sjÃºkrabilur
ğŸš’ bilur, eldur, slÃ¸kkibilur, slÃ¸kkiliÃ°
ğŸš“ bilur, lÃ¸gregla, lÃ¸greglubilur, politi
ğŸš” bilur, gron Ã¡ lÃ¸greglubili, lÃ¸gregla, politi
ğŸš• bilur, taxa, taxabilur
ğŸš– bilur, gron Ã¡ taxabili, taxa
ğŸš— bilur
ğŸš˜ bilgron, bilur, gron
ğŸš™ bilur, hÃºsbilur
ğŸ›» bilur, opin, opin vÃ¸rubilur, pickup, vÃ¸ruvognur
ğŸšš bilur, lastbilur, liÃ°bussur, vÃ¸rubilur, vÃ¸ruvognur
ğŸš› bilur, lastbilur, liÃ°bussur, liÃ°lastbilur, vÃ¸rubilur, vÃ¸ruvognur
ğŸšœ traktorur
ğŸ bilur, kappkoyring, kappkoyringarbilur, koyra kapp, rasarabilur
ğŸ kappkoyring, koyra kapp, motorsÃºkkla
ğŸ›µ prutl, skutari
ğŸ¦½ hjÃ³lstÃ³lur, koyristÃ³lur, rullistÃ³lur
ğŸ¦¼ koyristÃ³lur, motorhjÃ³lstÃ³lur, motorkoyristÃ³lur, motorrullistÃ³lur
ğŸ›º motor rickshaw, rickshaw, tuk tuk
ğŸš² sÃºkkla
ğŸ›´ lÃ¸pihjul, rennihjÃ³l
ğŸ›¹ akfjÃ¸l, rennibretti, rennifjÃ¸l, rullibretti, skateboard, skÃ­Ã°ifjÃ¸l, skoytufjÃ¸l
ğŸ›¼ rulluskoyta
ğŸš busssteÃ°giplÃ¡ss, bussstopp, bussstoppistaÃ°, steÃ°giplÃ¡ss
ğŸ›£ hÃ¸vuÃ°svegur, motorvegur, vegur
ğŸ›¤ jarnbreyt, tok
ğŸ›¢ brennievni, olja, oljutunna, tumma
â›½ bensinpumpa, brennievnispumpa, dieselpumpa, pumpa
ğŸš¨ blunkljÃ³s, ljÃ³s, lÃ¸gregla
ğŸš¥ ferÃ°sla, ferÃ°sluljÃ³s, ljÃ³skurv, vatnrÃ¦tt ferÃ°sluljÃ³s
ğŸš¦ ferÃ°sla, ferÃ°sluljÃ³s, ljÃ³skurv
ğŸ›‘ Ã¡ttakantaÃ°ur, steÃ°gingarmerki, steÃ°gitekn, stopp, stoppskelti
ğŸš§ bummur, byrging, hindur, stongsil
âš“ akker, bÃ¡tur, skip
â›µ bÃ¡tur, segl, seglbÃ¡tur, stuttleikabÃ¡tur
ğŸ›¶ bÃ¡tur, eikja, holabÃ¡tur, indiÃ¡nabÃ¡tur, kajakk, kano
ğŸš¤ bÃ¡tur, rasarabÃ¡tur, snarbÃ¡tur
ğŸ›³ ferÃ°afÃ³lk, ferÃ°amannaskip, skip
â›´ bÃ¡tur, ferÃ°afÃ³lk, ferja
ğŸ›¥ bÃ¡tur, maskinbÃ¡tur, motorbÃ¡tur
ğŸš¢ ferÃ°afÃ³lk, skip
âœˆ flogfar, flÃºgvari
ğŸ›© flogfar, flÃºgvari, lÃ­tiÃ° flogfar
ğŸ›« farandi, flogfar, flÃºgvari, frÃ¡ferÃ°, startur
ğŸ›¬ flogfar, flÃºgvari, koma, komandi flogfar, lending
ğŸª‚ fallskÃ­ggi, fallskÃ­ggjalop, loftkavari
ğŸ’º setur, stÃ³lur
ğŸš tyrla
ğŸšŸ heingijarnbreyt, jarnbreyt, tok
ğŸš  fjallarennistrongur, gondol, strongur
ğŸš¡ gondol, rennistrongur, strongur
ğŸ›° fylgisveinur, rÃºmdin
ğŸš€ rakett, rÃºmdin
ğŸ›¸ flÃºgvandi diskur, ufo
ğŸ› hotell, klokka, piccolo, piccoloklokka
ğŸ§³ bagasja, ferÃ°ast, pakka, viÃ°fÃ¸ri
âŒ› runniÃ°, tÃ­maglas
â³ hÃ¡lvrunniÃ°, tÃ­maglas
âŒš armbandsur, klokka, ur
â° klokka, vekjaraklokka, vekjari
â± klokka, stoppur, taka tÃ­Ã°, tÃ­Ã°artÃ¸ka
â² eggjaur, klokka, kÃ¸ksur, stoppur, tÃ­Ã°armÃ¡lari, tÃ­Ã°artakari
ğŸ•° eldstaÃ°arhill, eldstaÃ°arhillklokka, eldstaÃ°arkarmur, kaminhill, kaminkarmur, kaminumgerÃ°, klokka
ğŸ•› 00:00, 12, 12:00, klokka, klokkan, tÃ³lv
ğŸ•§ 00:30, 12:30, eitt, hÃ¡lvgun, klokka, klokkan
ğŸ• 01:00, 1, 13:00, eitt, klokka, klokkan
ğŸ•œ 01:30, 13:30, hÃ¡lvgun, klokka, klokkan, tvey
ğŸ•‘ 02:00, 14:00, 2, klokka, klokkan, tvey
ğŸ• 02:30, 14:30, hÃ¡lvgun, klokka, klokkan, trÃ½
ğŸ•’ 03:00, 15:00, 3, klokka, klokkan, trÃ½
ğŸ• 03:30, 15:30, fÃ½ra, hÃ¡lvgun, klokka, klokkan
ğŸ•“ 04:00, 16:00, 4, fÃ½ra, klokka, klokkan
ğŸ•Ÿ 04:30, 16:30, fimm, hÃ¡lvgun, klokka, klokkan
ğŸ•” 05:00, 17:00, 5, fimm, klokka, klokkan
ğŸ•  05:30, 17:30, hÃ¡lvgun, klokka, klokkan, seks
ğŸ•• 06:00, 18:00, 6, klokka, klokkan, seks
ğŸ•¡ 06:30, 18:30, hÃ¡lvgun, klokka, klokkan, sjey
ğŸ•– 07:00, 19:00, 7, klokka, klokkan, sjey
ğŸ•¢ 07:30, 19:30, Ã¡tta, hÃ¡lvgun, klokka, klokkan
ğŸ•— 08:00, 20:00, 8, Ã¡tta, klokka, klokkan
ğŸ•£ 08:30, 20:30, hÃ¡lvgun, klokka, klokkan, nÃ­ggju
ğŸ•˜ 09:00, 21:00, 9, klokka, klokkan, nÃ­ggju
ğŸ•¤ 09:30, 21:30, hÃ¡lvgun, klokka, klokkan, tÃ­ggju
ğŸ•™ 10, 10:00, 22:00, klokka, klokkan, tÃ­ggju
ğŸ•¥ 10:30, 22:30, ellivu, hÃ¡lvgun, klokka, klokkan
ğŸ•š 11, 11:00, 23:00, ellivu, klokka, klokkan
ğŸ•¦ 11:30, 23:30, hÃ¡lvgun, klokka, klokkan, tÃ³lv
ğŸŒ‘ mÃ¡ni, nÃ½mÃ¡ni
ğŸŒ’ hÃ¡lvmÃ¡ni, lÃ­til vaksandi hÃ¡lvmÃ¡ni, mÃ¡ni, vaksandi
ğŸŒ“ hÃ¡lvmÃ¡ni, mÃ¡ni, vaksandi
ğŸŒ” hÃ¡lvmÃ¡ni, mÃ¡ni, stÃ³rur vaksandi hÃ¡lvmÃ¡ni, vaksandi
ğŸŒ• fullmÃ¡ni, mÃ¡ni
ğŸŒ– hÃ¡lvmÃ¡ni, mÃ¡ni, minkandi, stÃ³rur minkandi hÃ¡lvmÃ¡ni
ğŸŒ— hÃ¡lvmÃ¡ni, mÃ¡ni, minkandi
ğŸŒ˜ hÃ¡lvmÃ¡ni, lÃ­til minkandi hÃ¡lvmÃ¡ni, mÃ¡ni, minkandi
ğŸŒ™ hÃ¡lvmÃ¡ni, mÃ¡ni
ğŸŒš andlit, andlit Ã¡ nÃ½mÃ¡na, mÃ¡ni, nÃ½mÃ¡ni
ğŸŒ› andlit, andlit Ã¡ vaksandi mÃ¡na, hÃ¡lvmÃ¡ni, mÃ¡ni, vaksandi
ğŸŒœ andlit, andlit Ã¡ minkandi mÃ¡na, hÃ¡lvmÃ¡ni, mÃ¡ni, minkandi
ğŸŒ¡ fepurstokkur, hitamÃ¡lari, termometur
â˜€ sÃ³l, sÃ³lskin
ğŸŒ andlit, andlit Ã¡ fullmÃ¡na, fullmÃ¡ni, mÃ¡ni
ğŸŒ andlit, andlit Ã¡ sÃ³l, sÃ³l
ğŸª dapur, gongustjÃ¸rna, gongustjÃ¸rna viÃ° ringi, saturn, tunglyntur
â­ hvit og gul stjÃ¸rna, stjÃ¸rna
ğŸŒŸ glÃ³gvandi stjÃ¸rna, stjÃ¸rna
ğŸŒ  stjÃ¸rna, stjÃ¸rnuskot
ğŸŒŒ mjÃ³lkarvegur, rÃºmdin, stjÃ¸rnubreyt, vetrarbreytin
â˜ skÃ½ggj, veÃ°riÃ°, veÃ°ur, yvirskÃ½ggja
â›… sÃ³l, sÃ³larglottar, sÃ³lglottur, sÃ³lin aftanfyri skyggj, veÃ°riÃ°, veÃ°ur, yvirskÃ½ggja
â›ˆ regn, skÃ½ggj, skÃ½ggj viÃ° regni og snarljÃ³si, snarljÃ³s, tora, toruslÃ¡ttur, veÃ°riÃ°, veÃ°ur
ğŸŒ¤ sÃ³l, sÃ³larglottar, sÃ³lglottur, sÃ³lin aftanfyri eitt lÃ­tiÃ° skÃ½ggj, sÃ³lskinsveÃ°ur, veÃ°riÃ°, veÃ°ur
ğŸŒ¥ sÃ³l, sÃ³larglottar, sÃ³lglottur, sÃ³lin aftanfyri eitt stÃ³rt skÃ½ggj, veÃ°riÃ°, veÃ°ur, yvirskÃ½ggja
ğŸŒ¦ Ã¦l, avfall, regn, sÃ³l, sÃ³larglottar, sÃ³lglottur, sÃ³lin aftanfyri eitt regnskÃ½ggj, veÃ°riÃ°, veÃ°ur, yvirskÃ½ggja
ğŸŒ§ Ã¦l, avfall, regn, skÃ½ggj og regn, veÃ°riÃ°, veÃ°ur
ğŸŒ¨ kavar, kavaveÃ°ur, kavi, skÃ½ggj og kavi, veÃ°riÃ°, veÃ°ur
ğŸŒ© skÃ½ggj og snarljÃ³s, snarljÃ³s, tora, toruslÃ¡ttur, veÃ°riÃ°, veÃ°ur
ğŸŒª hvirla, meldurhvirla, meldurÃ³dn
ğŸŒ« mjÃ¸rki, toka
ğŸŒ¬ andlit, andlit sum blÃ¦sur vind, blÃ¡s, skÃ½ggj, vind
ğŸŒ€ meldurhvirla, Ã³dn, stormur, tropisk Ã³dn, veÃ°riÃ°, veÃ°ur
ğŸŒˆ Ã¦labogi
ğŸŒ‚ afturlatin paraplÃ½, paraplÃ½, regnskjÃ³l
â˜‚ paraplÃ½, regnskjÃ³l
â˜” dropar, paraplÃ½, paraplÃ½ og regndropar, regn, regnskjÃ³l
â›± sÃ³lskermur, sÃ³lskjÃ³l, sÃ³ltjald
âš¡ elektrisitet, ravmagn, snarljÃ³s, spenningur, tora, toruslÃ¡ttur
â„ flykra, frost, kavaflykra, kavar, kavi, snjÃ³flykra
â˜ƒ kavamaÃ°ur, kavi, snjÃ³kelling
â›„ kavamaÃ°ur, kavamaÃ°ur viÃ° hatti, kavi, snjÃ³kelling
â˜„ halastjÃ¸rna, komet, rÃºmdin
ğŸ”¥ bÃ¡l, eldsbruni, eldur, logi
ğŸ’§ dropi, smÃ¡dropi, sveitti, vatn, vatndropi
ğŸŒŠ alda, brim, sjÃ³gvur
ğŸƒ allahalgannaaftan, graskar, graskarhÃ¸vd, halloween, hÃ¸vd, lanterna
ğŸ„ jÃ³l, jÃ³latrÃ¦, trÃ¦
ğŸ† eldverk, fÃ½rverk, skreyteldur
ğŸ‡ stjÃ¸rnukastari, stjÃ¸rnuljÃ³s
ğŸ§¨ dynamitt, eldverk, kinesari, skreyteldur, spreingievni
âœ¨ glampi, glansur, glitran, glÃ³gvan, ljÃ³mi, neistafok, skyggjan
ğŸˆ ballÃ³n, reyÃ°
ğŸ‰ borÃ°bumba, veitsla
ğŸŠ konfetti
ğŸ‹ japanskt, tanabata, trÃ¦
ğŸ furutrÃ¦, japanskt, kadomatsu
ğŸ dukkur, japanskar
ğŸ japanskt, Koinobori
ğŸ vindharpa
ğŸ‘ japanskt, jugoya, otsukimi, tsukimi
ğŸ§§ brÃ¦vbjÃ¡lvi, gÃ¡va, hÃ³ngbÄo, lai see, reyÃ°ur brÃ¦vbjÃ¡lvi
ğŸ€ band, prÃ½Ã°isrÃ³sa
ğŸ gÃ¡va
ğŸ— band, eftirtekt, eftirtektarband
ğŸŸ atgongd, atgongukort, atgongumerki, kort, merki
ğŸ« atgongd, atgongumerki, farseÃ°il
ğŸ– hernaÃ°armedalja, hervald, medalja
ğŸ† steyp
ğŸ… Ã­trÃ³ttamedalja, Ã­trÃ³ttur, medalja
ğŸ¥‡ gull, gullmedalja, medalja
ğŸ¥ˆ medalja, silvur, silvurmedalja
ğŸ¥‰ bronsa, bronsumedalja, medalja
âš½ bÃ³ltur, fÃ³tbÃ³lt, fÃ³tbÃ³ltur
âš¾ baseball, hornabÃ³ltur
ğŸ¥ softball
ğŸ€ bÃ³ltur, kurvabÃ³ltur
ğŸ bÃ³ltur, flogbÃ³ltur
ğŸˆ amerikanskur fÃ³tbÃ³ltur, bÃ³ltur, nfl
ğŸ‰ bÃ³ltur, rugby, rugbybÃ³ltur
ğŸ¾ bÃ³ltur, tennis, tennisbÃ³ltur
ğŸ¥ diskur, flÃºgvandi diskur, frisbee
ğŸ³ bowling, bowlingkÃºla, keyla
ğŸ batt, bÃ³lttrÃ¦, cricket, krikket, krikketbatt
ğŸ‘ hokki, stavbÃ³ltur
ğŸ’ Ã­shokki, pukkur, stavur
ğŸ¥ lacrosse
ğŸ“ batt, borÃ°tennis, borÃ°tennisbatt, ping pong
ğŸ¸ badminton, ketsjari
ğŸ¥Š boksihandski, boxing
ğŸ¥‹ bardagaÃ­trÃ³ttur, bÃºni, judo, karate, strÃ­Ã°sÃ­trÃ³ttarbÃºni, strÃ­Ã°sÃ­trÃ³ttur, taekwondo
ğŸ¥… mÃ¡l, net
â›³ flagg, golf, hol
â›¸ Ã­sskoyta, skoyta
ğŸ£ fiskur, trÃ¡Ã°a
ğŸ¤¿ andingarpÃ­pa, kava, kavaramaska, kavari, luftpÃ­pa, maska, snorkul
ğŸ½ frÃ¦lsur, Ã­trÃ³ttatroyggja, Ã­trÃ³ttur, troyggja
ğŸ¿ skÃ­Ã°
ğŸ›· skreiÃ°a, sleta
ğŸ¥Œ curling, steinur
ğŸ¯ beinrakiÃ°, bullseye, dart, kÃºgveyga
ğŸª€ jojo, leika, yo yo, yo-yo, yoyo
ğŸª dreki, flÃºgvandi dreki
ğŸ± billard, kÃºla, pool, pul
ğŸ”® Ã¦vintÃ½r, krystal, krystalkÃºla, kÃºla, lagna
ğŸª„ gandakallur, gandakelling, gandastavur, gandur, rÃºnakelvi
ğŸ§¿ amulett, eydnulutur, kÃºla, nasar, nasaramulett, nazar, verndargripur
ğŸ® controller, kontrollari, telduspÃ¦l, teldustÃ½ri
ğŸ•¹ joystick, stÃ½ripinnur, telduspÃ¦l
ğŸ° kasino, spÃ¦liautomat
ğŸ² terningar, terningur
ğŸ§© brot, petti, puntur, putlispÃ¦l, putlispÃ¦lbrot, spor
ğŸ§¸ bamsa, leikatoy, spÃ¦litoy
ğŸª… pinata, piÃ±ata, veitsla
ğŸª† babusjka, matrjosjka, russisk dukka, Russland
â™  kort, spaÃ°ari
â™¥ hjartari, kort
â™¦ kort, rÃºtari
â™£ kleyvari, kort
â™Ÿ finna, talv
ğŸƒ jokari, kort
ğŸ€„ mah-jong, mahjong, spÃ¦l
ğŸ´ hanafuda, japanskt, kort, spÃ¦l
ğŸ­ ballett, leikhÃºs, list, sjÃ³nleikur, Ãºtinnandi leiklistir
ğŸ–¼ innrammaÃ°, list, mÃ¡lningur, mynd
ğŸ¨ list, litaborÃ°, litafjÃ¸l, mÃ¡la, palett
ğŸ§µ nÃ¡l, seyma, spoli, trÃ¡Ã°ur
ğŸª¡ baldÃ½ring, Ã­seyming, lappa, nÃ¡l, seyminÃ¡l, stingur
ğŸ§¶ garn, noÃ°a, tÃ³gv
ğŸª¢ binda, knÃºtur, knÃ½ta, reip, tog
ğŸ‘“ brillur, eyga
ğŸ•¶ brillur, sÃ³l, sÃ³lbrillur
ğŸ¥½ brillur, skÃ­Ã°brillur, verjubrillur
ğŸ¥¼ kittil, lÃ¦kni, nÃ¡ttÃºruvÃ­sind, roynd
ğŸ¦º trygd, trygdarvestur, vestur
ğŸ‘” klÃ¦Ã°i, skjÃºrta, slips
ğŸ‘• klÃ¦Ã°i, skjÃºrta, t-shirt, tshirt
ğŸ‘– buksur, cowboybuksur, klÃ¦Ã°i
ğŸ§£ hÃ¡ls, hÃ¡lsturriklÃ¦Ã°i, klÃ¦Ã°i, turriklÃ¦Ã°i
ğŸ§¤ handskar, hond, klÃ¦Ã°i, vÃ¸ttur
ğŸ§¥ frakki, jakki, klÃ¦Ã°i
ğŸ§¦ hosur, klÃ¦Ã°i, sokkar
ğŸ‘— kjÃ³li, klÃ¦Ã°i
ğŸ‘˜ kimono, klÃ¦Ã°i
ğŸ¥» bÃºni, India, konufÃ³lkabÃºni, sari
ğŸ©± svimjibÃºni, svimjing
ğŸ©² trussur, undirklÃ¦Ã°ir
ğŸ©³ brÃ¸kur, shorts, stuttar
ğŸ‘™ bikini, klÃ¦Ã°i, svimjiklÃ¦Ã°ir
ğŸ‘š klÃ¦Ã°i, kona, konufÃ³lk, konufÃ³lkaklÃ¦Ã°ir, kvinna, plagg
ğŸ‘› klÃ¦Ã°i, myntir, pengar, pungur
ğŸ‘œ handtaska, hondtaska, klÃ¦Ã°i, taska
ğŸ‘ handtaska, hondtaska, klÃ¦Ã°i, pungur, taska
ğŸ› beriposar, beriposi, innkeyp, keyp, keypstaskur, posar, posi, shoppa, shopping
ğŸ’ herÃ°ataska, skÃºlataska, skÃºli, taska
ğŸ©´ sandÃ¡la, thong
ğŸ‘ klÃ¦Ã°i, mannfÃ³lk, mannfÃ³lkaskÃ³gvur, skÃ³gvur
ğŸ‘Ÿ Ã­trÃ³tt, klÃ¦Ã°i, renniskÃ³gvur, skÃ³gvur, tennisskÃ³gvur
ğŸ¥¾ fjakka, ganga, gangistilvi, gongutÃºr, stilvi, tjalding
ğŸ¥¿ flatbotnaÃ°ur, flatur, skÃ³gvur
ğŸ‘  hÃ¸ghÃ¦laÃ°ur skÃ³gvur, klÃ¦Ã°i, kona, konufÃ³lk, kvinna, skÃ³gvur
ğŸ‘¡ klÃ¦Ã°i, kona, konufÃ³lk, konufÃ³lkasandÃ¡la, kvinna, sandÃ¡la, skÃ³gvur
ğŸ©° ballet, balletskÃ³gvar, dansa, dansiskÃ³gvar, skÃ³gvar
ğŸ‘¢ klÃ¦Ã°i, kona, konufÃ³lk, konufÃ³lkastilvi, kvinna, skÃ³gvur, stivli
ğŸ‘‘ drotning, kongur, krÃºna, prinsessa, prinsur
ğŸ‘’ hattur, klÃ¦Ã°i, kona, konufÃ³lk, konufÃ³lkahattur, kvinna
ğŸ© hattur, hÃ¸gur, klÃ¦Ã°i
ğŸ“ frÃ¡faring, frÃ¡faringarhÃºgva, hattur, hÃºgva, klÃ¦Ã°i, prÃ³vtÃ¸ka
ğŸ§¢ baseball, hattur, hornabÃ³ltur, kaskettur, keppur
ğŸª– hereind, herhjÃ¡lmur, hermaÃ°ur, herur, hjÃ¡lmur
â›‘ bjargingarhjÃ¡lmur, hjÃ¡lmur, hjÃ¡lp, krossur, reyÃ°i
ğŸ“¿ Ã¡trÃºnaÃ°ur, biÃ°ikransur, bÃ¸n, perlukransur, religiÃ³n, rÃ³sukransur, trÃºgv
ğŸ’„ frÃ­Ã°kanarevni, makeup, sminka, varrastift
ğŸ’ diamantur, ringur
ğŸ’ diamantur, gimsteinur
ğŸ”‡ doyvdur, doyvt, einki ljÃ³Ã°, hÃ¡talari, ljÃ³Ã°leyst
ğŸ”ˆ hÃ¡talari, lÃ¡g, lÃ¡g ljÃ³Ã°styrki Ã¡ hÃ¡talara, ljÃ³Ã°styrki
ğŸ”‰ hÃ¡talari, ljÃ³Ã°styrki, miÃ°al, miÃ°al ljÃ³Ã°styrki Ã¡ hÃ¡talara
ğŸ”Š hÃ¡talari, hÃ¸g, hÃ¸g ljÃ³Ã°styrki Ã¡ hÃ¡talara, ljÃ³Ã°styrki
ğŸ“¢ megafon, rÃ³pari
ğŸ“£ megafon, rÃ³pari
ğŸ“¯ horn, post, posthorn, postur
ğŸ”” klokka, ljÃ³Ã°
ğŸ”• doyvdur, doyvt, einki ljÃ³Ã°, klokka, klokka viÃ° skrÃ¡striku, ljÃ³Ã°leyst
ğŸ¼ fjÃ¸lrÃ¸ddabÃ³k, partiturur, tÃ³nleikur
ğŸµ nÃ³ti, tÃ³nleikur
ğŸ¶ nÃ³tar, tÃ³nleikur
ğŸ™ ljÃ³Ã°fatur, ljÃ³Ã°stovumikrofon, ljÃ³Ã°tak, mikrofon
ğŸš dragil, dragistÃ½rari, ljÃ³Ã°styrki, ljÃ³Ã°styrkidragil, stÃ½ring, tÃ³nleikur
ğŸ› stÃ½ring, stÃ½ringsknÃ¸ttar, tÃ³nleikur
ğŸ¤ karaoke, ljÃ³Ã°fatur, ljÃ³Ã°tak, mikrofon
ğŸ§ hÃ¸vuÃ°sett, hÃ¸vuÃ°telefon, oyramikrofon
ğŸ“» Ãºtvarp
ğŸ· ljÃ³Ã°fÃ¸ri, saksofon, tÃ³nleikur
ğŸª— dans, dansur, harmonika, ljÃ³Ã°fÃ¸ri, tÃ³nleikur
ğŸ¸ gittari, ljÃ³Ã°fÃ¸ri, tÃ³nleikur
ğŸ¹ keyboard, ljÃ³Ã°fÃ¸ri, ljÃ³mborÃ°, tÃ³nleikur
ğŸº ljÃ³Ã°fÃ¸ri, tÃ³nleikur, trompet
ğŸ» ljÃ³Ã°fÃ¸ri, tÃ³nleikur, violin
ğŸª• banjo, ljÃ³Ã°fÃ¸ri, tÃ³nleikur
ğŸ¥ ljÃ³Ã°fÃ¸ri, tÃ³nleikur, trumma
ğŸª˜ ljÃ³Ã°fÃ¸ri, long trumma, tÃ³nleikur, trumma
ğŸ“± fartelefon, telefon
ğŸ“² fartelefon, fartelefon viÃ° pÃ­li, kall, uppkall, uppringing
â˜ telefon
ğŸ“ horn Ã¡ telefon, telefonhorn, telefonrÃ¸r
ğŸ“Ÿ persÃ³nleitari
ğŸ“  faks, telefaks
ğŸ”‹ battarÃ­, ravlaÃ°
ğŸ”Œ elektrisitet, ravmagn, stikkari, stikkproppur
ğŸ’» fartelda, telda
ğŸ–¥ borÃ°telda, telda
ğŸ–¨ prentari
âŒ¨ knappaborÃ°
ğŸ–± mÃºs, teldumÃºs
ğŸ–² stÃ½rikÃºla
ğŸ’½ diskur, teldudiskur
ğŸ’¾ disketta, diskil
ğŸ’¿ cd, diskur, sjÃ³nbandsflÃ¸ga
ğŸ“€ blu-ray, diskur, dvd, margflÃ¸ga
ğŸ§® abakus, kÃºluramma, roknibretti
ğŸ¥ biografur, filmstÃ³l, filmur, upptÃ¸kutÃ³l
ğŸ biografur, filmstrimmil, filmur, stakmynd
ğŸ“½ biografur, filmur, ljÃ³svÃ¸rpa, myndatÃ³l
ğŸ¬ filmur, klapptrÃ¦, upptÃ¸ka
ğŸ“º sjÃ³nvarp, sjÃ³nvarpsskÃ­ggi
ğŸ“· fotografi, myndatÃ³l
ğŸ“¸ blits, fotografi, myndatÃ³l, myndatÃ³l viÃ° blits
ğŸ“¹ myndatÃ³l, sjÃ³nupptÃ¸kutÃ³l, upptÃ¸kutÃ³l, video
ğŸ“¼ band, sjÃ³nband, sjÃ³nbandshÃºsi, video
ğŸ” lesiglas, luppur, luppur Ã¡ skÃ¡k til vinstru, sjÃ³neyka, stÃ¸rkingarglas
ğŸ” lesiglas, luppur, luppur Ã¡ skÃ¡k til hÃ¸gru, sjÃ³neyka, stÃ¸rkingarglas
ğŸ•¯ kertiljÃ³s, livandi ljÃ³s, ljÃ³s
ğŸ’¡ hugskot, ljÃ³s, ljÃ³spera, pera
ğŸ”¦ ljÃ³s, lummalykt, lykt, stavlykt
ğŸ® lanterna, ljÃ³s, pappÃ­rlanterna, reyÃ°
ğŸª” diya, diyalampa, lampa, olja
ğŸ“” lummabÃ³k, lummabÃ³k viÃ° prÃ½Ã°iligari perma, perma, prÃ½Ã°ilig, umslag
ğŸ“• afturlatin, bÃ³k
ğŸ“– bÃ³k, opin
ğŸ“— bÃ³k, grÃ¸n
ğŸ“˜ blÃ¡, bÃ³k
ğŸ“™ appilsingul, bÃ³k
ğŸ“š bÃ³k, bÃ¸kur
ğŸ““ blokkur, bÃ³k, lummabÃ³k, minnisbÃ³k, skriviblokkur, uppritsbÃ³k, uppskrivingarbÃ³k
ğŸ“’ hÃ¸vuÃ°sbÃ³k, lummabÃ³k
ğŸ“ƒ brÃ¦v, krÃºlla, pappÃ­r, prÃ³gv, skjal
ğŸ“œ bÃ³karrulla, rulla, skriftrulla
ğŸ“„ brÃ¦v, pappÃ­r, pappÃ­r sum vendur uppeftir, prÃ³gv, skjal
ğŸ“° blaÃ°, nÃ½ggjheitir, tÃ­Ã°indablaÃ°, tÃ­Ã°indi
ğŸ— blaÃ°, nÃ½ggjheitir, samanrulla, tÃ­Ã°indablaÃ°, tÃ­Ã°indi
ğŸ“‘ bÃ³kamerki, bÃ³kamerkir
ğŸ”– bÃ³kamerki, bÃ³kamerkir
ğŸ· merkiseÃ°il, navnaseÃ°il, seÃ°il, spjaldur
ğŸ’° dollarar, dollari, pengar, pengasekkur, peningasekkur, peningur, sekkur
ğŸª™ gull, myntur, pengar, pengi, skattur
ğŸ’´ gjaldoyra, jenn, jennur, pengaseÃ°il, seÃ°il
ğŸ’µ dollarar, dollari, gjaldoyra, pengaseÃ°il, seÃ°il
ğŸ’¶ evra, evrur, gjaldoyra, pengaseÃ°il, seÃ°il
ğŸ’· gjaldoyra, pengaseÃ°il, pund, seÃ°il
ğŸ’¸ dollarar, dollari, gjaldoyra, pengar viÃ° veingjum, pengaseÃ°il, seÃ°il, veingjar
ğŸ’³ keypskort, kontukort, kredittkort, kritkort, pengar, peningur
ğŸ§¾ keyp, kvittan, prÃ³gv, sÃ¸la
ğŸ’¹ gjaldoyra, hÃ¦kkadi, hÃ¦kkan, jenn, jennur, marknaÃ°ur, strikumynd, strikumynd viÃ° jenn tekni
âœ‰ brÃ¦v, brÃ¦vbjÃ¡lvi, t-postur, teldupostur
ğŸ“§ brÃ¦v, postur, t-postur, teldupostur
ğŸ“¨ brÃ¦v, brÃ¦vbjÃ¡lvi, innkomandi, komandi, postur, t-postur, teldupostur
ğŸ“© brÃ¦v, brÃ¦vbjÃ¡lvi, brÃ¦vbjÃ¡lvi og pÃ­lur, postur, t-postur, teldupostur
ğŸ“¤ brÃ¦v, brÃ¦vabakki, postur, t-postur, teldupostur, Ãºtgangandi
ğŸ“¥ brÃ¦v, brÃ¦vabakki, innkomandi, postur, t-postur, teldupostur
ğŸ“¦ boks, eskja, farmavÃ¸ra, kolli, pakki, vÃ¸ra
ğŸ“« afturlatin, afturlatin postkassi viÃ° standandi flaggi, brÃ¦v, flagg, post, postkassi, postur, standandi
ğŸ“ª afturlatin, afturlatin postkassi viÃ° liggjandi flaggi, brÃ¦v, flagg, liggjandi, post, postkassi, postur
ğŸ“¬ brÃ¦v, flagg, opin, opin postkassi viÃ° standandi flaggi, post, postkassi, postur, standandi
ğŸ“­ brÃ¦v, flagg, liggjandi, opin, opin postkassi viÃ° liggjandi flaggi, post, postkassi, postur
ğŸ“® brÃ¦v, post, postkassi, postur
ğŸ—³ atkvÃ¸Ã°a, atkvÃ¸Ã°ukassi, kassi, stemma, val
âœ blÃ½antur, skriva
âœ’ oddur, pennur, svarur oddur Ã¡ penni
ğŸ–‹ fyllipennur, pennur
ğŸ–Š kÃºlupennur, pennur
ğŸ–Œ mÃ¡la, mÃ¡lingarkustur, pensil
ğŸ– kolstift, litblÃ½antur
ğŸ“ greinargerÃ°, skrivlig viÃ°merking, upprit, uppskrift
ğŸ’¼ mappa, skjalamappa, taska
ğŸ“ faldari, fÃ­l, lummi, mappa, skjalalummi, skjalamappa
ğŸ“‚ faldari, fÃ­l, lummi i skjalalummi, mappa, opin, opin skjalalummi, skjalamappa
ğŸ—‚ bÃ³kamerki, indeks, seÃ°laskrÃ¡, seÃ°laskrÃ¡bÃ³kamerki
ğŸ“… Ã¡lmanakki, dagfesting, dagseting, dato, kalendari, tÃ­Ã°arfesting, tÃ­Ã°armerking
ğŸ“† Ã¡lmanakki, dagfesting, dagseting, dato, kalendari, kalendari sum kann skrÃ¦Ã°ast Ãºr, skrÃ¦Ã°a, tÃ­Ã°arfesting, tÃ­Ã°armerking
ğŸ—’ blokkur, skriviblokkur, snyril, spiralheftur, spiralur
ğŸ—“ Ã¡lmanakki, dagfesting, dagseting, dato, kalendari, spiralheftur, tÃ­Ã°arfesting, tÃ­Ã°armerking
ğŸ“‡ kartotek, kortsavn, seÃ°lasavn, seÃ°laskrÃ¡
ğŸ“ˆ diagramm, rÃ¡smynd, strikumynd, strikumynd viÃ° vÃ¸kstri, upp, veksur, vÃ¸kstur
ğŸ“‰ diagramm, lÃ¦kkar, lÃ¦kking, minkar, minking, niÃ°ur, rÃ¡smynd, strikumynd, strikumynd viÃ° lÃ¦kking
ğŸ“Š diagramm, rÃ¡smynd, stabbamynd, strikumynd
ğŸ“‹ klemmuspjald, setiborÃ°
ğŸ“Œ nÃ¡l, nipsnÃ¡l
ğŸ“ nÃ¡l, nipsnÃ¡l, rund nipsnÃ¡l
ğŸ“ klips, pappÃ­rsklemma
ğŸ–‡ klips, klips sum hanga saman, pappÃ­rsklemmur
ğŸ“ lineal, strikfjÃ¸l
ğŸ“ lineal, strikfjÃ¸l, trÃ­kanta lineal, trÃ­kantur
âœ‚ klipp, saksur
ğŸ—ƒ kartotek, kortsavn, savnskassi, seÃ°lasavn, seÃ°laskrÃ¡
ğŸ—„ kartotek, kortsavn, savnskassi, savnsskÃ¡p, savnsskipan, seÃ°lasavn, seÃ°laskrÃ¡, skÃ¡p
ğŸ—‘ pappÃ­rskurv, pappÃ­rsleypur, skrell
ğŸ”’ afturlati, heingilÃ¡s, lÃ¦st, lÃ¡s, stongt
ğŸ”“ heingilÃ¡s, lÃ¡s, Ã³lÃ¦st, opi
ğŸ” afturlati, fyllipennur, heingilÃ¡s, lÃ¦st, lÃ¡s, lÃ¡s og fyllipennur, pennur, stongt
ğŸ” afturlati, Ã¡s, heingilÃ¡s, heingilÃ¡s og lykil, lÃ¦st, lykil, stongt
ğŸ”‘ lÃ¡s, loyniorÃ°, lykil
ğŸ— gamal lykil, lÃ¡s, lykil
ğŸ”¨ amboÃ°, hamari, smÃ­Ã°a
ğŸª“ amboÃ°, hÃ¸gg, hÃ¸gga, hondÃ¸ks, Ã¸ks
â› amboÃ°, hakkari, nÃ¡m, nÃ¡mÃ­dnaÃ°ur, nÃ¡mvinna, nÃ¡mvirki
âš’ amboÃ°, hakkari, hamari, hamari og hakkari
ğŸ›  amboÃ°, hamari, hamari og skrÃºvulykil, skiftilykil, skrÃºvulykil
ğŸ—¡ dolkur, knÃ­vur, stutt svÃ¸rÃ°, svÃ¸rÃ°, vÃ¡pn
âš” krossa, svÃ¸rÃ°, vÃ¡pn
ğŸ”« handvÃ¡pn, pistÃ³lur, revolvari, skotvÃ¡pn, vÃ¡pn
ğŸªƒ Avstralia, bomerang, boomerang, kastivÃ¡pn
ğŸ¹ BogamaÃ°ur, bogaskjÃ³tari, bogaskjÃ³ting, bogi, bogi of pÃ­lur, Ã¸rvargarpur, pÃ­lur, stjÃ¸rnumerki, vÃ¡pn
ğŸ›¡ skjÃ¸ldur, vÃ¡pn, verja, vernd
ğŸªš amboÃ°, hondsag, sag
ğŸ”§ amboÃ°, skiftilykil, skrÃºvulykil
ğŸª› amboÃ°, skrÃºva, skrÃºvublaÃ°
ğŸ”© amboÃ°, boltur, mÃ¸trikkur, mÃ¸trikkur og boltur
âš™ amboÃ°, gir, tannhjÃ³l
ğŸ—œ amboÃ°, skrÃºvustikka, skrÃºvutvinga, spenniskrÃºva, tvinga
âš– amboÃ°, rÃ¦ttvÃ­si, stjÃ¸rnumerki, VÃ¡gmerkiÃ°, vÃ¡gskÃ¡l, vekt
ğŸ¦¯ blind, blindastavur, blindur, brek, handikapp, stavur
ğŸ”— leinkja, liÃ°ur, samband, sambinding, sambindingarliÃ°ur
â›“ keta, leinkja, liÃ°ur, samband, sambinding, sambindingarliÃ°ur
ğŸª krÃ³kur
ğŸ§° amboÃ°, amboÃ°skassi, kassi
ğŸ§² magnet, magnetisk, magnetiskur, sigul
ğŸªœ klatra, stig, stigi, upp
âš— amboÃ°, dropadrÃ­va, evnafrÃ¸Ã°i, kemi
ğŸ§ª evnafrÃ¸Ã°i, nÃ¡ttÃºruvÃ­sind, roynd, royndarglas
ğŸ§« lÃ­vfrÃ¸Ã°i, nÃ¡ttÃºruvÃ­sind, petriskÃ¡l, tilbÃºningarglas, tilbÃºningsglas
ğŸ§¬ arvaeind, dna, Ã­lega, lÃ­v, lÃ­vfrÃ¸Ã°i, lÃ­vmenning, nÃ¡ttÃºruvÃ­sind
ğŸ”¬ mikroskop, nÃ¡ttÃºruvÃ­sindi, sjÃ³neyka, vÃ­sind
ğŸ”­ kikari, nÃ¡ttÃºruvÃ­sindi, spegilskikari, stjÃ¸rnukikari, teleskop, vÃ­sindfjarvÃ­si
ğŸ“¡ antenna, parabolur, skÃ¡lkampur
ğŸ’‰ amboÃ°, heilivÃ¡gur, innsprÃ¦ning, lÃ¦kni, medisin, nÃ¡l, sjÃºka, sproyta
ğŸ©¸ blÃ³Ã°, blÃ³Ã°dropi, blÃ³Ã°gÃ¡va, blÃ³Ã°gevi, dropi
ğŸ’Š heilivÃ¡gur, lÃ¦kni, medisin, pillari, sjÃºka
ğŸ©¹ heftiplÃ¡stur, plÃ¡stur
ğŸ©º lÃ¦knalurt, lÃ¦knapÃ­pa, lurt, stetoskop
ğŸšª hurÃ°
ğŸ›— elevatorur, lyfta
ğŸª spegil, spegilsmynd, spegl, speglast, sÃ½na, vÃ­sa
ğŸªŸ gluggi, rÃºtar, rÃºtur, vindeyga
ğŸ› song, sova
ğŸ›‹ lampa, sofa, sofa og lampa
ğŸª‘ sÃ¦ti, sessur, setur, stÃ³lur
ğŸš½ kumma, toilett, ves
ğŸª  kumma, sÃºgvari, toilett, typt, ves
ğŸš¿ brÃºsa, brÃºsubaÃ°, vatn
ğŸ› baÃ°, baÃ°ikar
ğŸª¤ fella, lokkingarmatur, mÃºsafella
ğŸª’ barberblaÃ°, knÃ­vur, raka, rakiblaÃ°, rakiknÃ­vur
ğŸ§´ flÃ¸ska, hÃºÃ°krem, lotiÃ³n, lotiÃ³nflÃ¸ska, smyrsl
ğŸ§· lÃ¦sinÃ¡l, nÃ¡l, trygdarnÃ¡l
ğŸ§¹ gandakelling, kelling, kustur, sÃ³pa, vaska
ğŸ§º kurv
ğŸ§» kukka, toilettpappÃ­r, ves, vesipappÃ­r
ğŸª£ oysa, pÃ¸s, spann
ğŸ§¼ hendur, hond, hondsÃ¡pa, sÃ¡pa, vaska
ğŸª¥ busta, tannbust, tannrÃ¸kt, tenn
ğŸ§½ holutur, svampur, vaska
ğŸ§¯ eld, eldskÃ¸kkjari, eldur, slÃ¸kkja, trygd
ğŸ›’ innkeyp, innkeypsvognur, keypsvognur, vognur
ğŸš¬ royking, roykja, roykur, sigarett, tendra sigarett, tubbak
âš° andlÃ¡t, deyÃ°i, gravarferÃ°, jarÃ°arferÃ°, kista, lÃ­k, lÃ­kkista
ğŸª¦ deyÃ°i, gravsteinur, grÃ¸v, kirkjugarÃ°ur
âš± andlÃ¡t, deyÃ°i, gravarferÃ°, jarÃ°arferÃ°, krukka, Ã¸ska, Ã¸skukrukka
ğŸ—¿ moai, PÃ¡skaoyggin, standmynd
ğŸª§ kunnger, mÃ³tmÃ¦li, plakat, skelti, uppslag
ğŸ§ automat, pengar, sjÃ¡lvtÃ¸ka, sjÃ¡lvtÃ¸kuskeltiÃ°, Ãºt
ğŸš® burturkast, Ã³rudd, rusk, ruskÃ­latskelti
ğŸš° drekkandi, drekkingarvatn, drekkivatn, vatn
â™¿ atgongd, hjÃ³lstÃ³lur, koyristÃ³lur symbol, rullistÃ³lur
ğŸš¹ maÃ°ur, mannfÃ³lkaves, ves, wc
ğŸšº kona, konufÃ³lkaves, kvinna, ves, wc
ğŸš» ves, ves symbol, wc
ğŸš¼ pinkubarna symbol, skiftingarrÃºm, skiftirÃºm
ğŸš¾ ves, vesi, wc, wc symbol
ğŸ›‚ eftirlit, landamark, pass, passeftirlit
ğŸ›ƒ eftirlit, toll, tolleftirlit, tollur, tollverk
ğŸ›„ ÃºtflÃ½ggjan, viÃ°fÃ¸ri, viÃ°fÃ¸risÃºtflÃ½ggjan
ğŸ›… gloymt, viÃ°fÃ¸ri
âš  Ã¡varing
ğŸš¸ Ã¡varing, barnagonguteigur, bÃ¸rn, gonguteigur
â›” Ã¡varing, forboÃ°, innkoyring forboÃ°iÃ°
ğŸš« atgongd, bannaÃ°, forboÃ°
ğŸš³ forboÃ°, ongar sÃºkklur, sÃºkkla
ğŸš­ bannaÃ°, forboÃ°i, royking
ğŸš¯ bannaÃ°, blaka, burturkast, forboÃ°, ikki tveita burturkast, Ã³rudd, rusk, tveita
ğŸš± drekkivatn, ikki drekkandi vatn, vatn
ğŸš· bannaÃ°, bannaÃ° fyri gangandi fÃ³lki, forboÃ°, ganga
ğŸ“µ bannaÃ°, fartelefon, fartelefon ikki loyvd, forboÃ°
ğŸ” 18, aldursmark, Ã¡tjan, Ã¡tjanÃ¡ra aldursmark, bannaÃ°, forboÃ°
â˜¢ Ã¡varing, geislavirki, geislavirkin
â˜£ Ã¡varing, lÃ­vfrÃ¸Ã°ili, lÃ­vfrÃ¸Ã°iligur vandi, vandi
â¬† Ã¦tt, kÂ´Ã³s, norÃ°ur, pÃ­lur, pÃ­lur sum peikar uppeftir
â†— Ã¦tt, kÂ´Ã³s, landnyrÃ°ingur, pÃ­lur, pÃ­lur sum peikar uppeftir og til hÃ¸gru
â¡ Ã¦tt, eystur, kÂ´Ã³s, pÃ­lur, pÃ­lur sum peikar til hÃ¸gru
â†˜ Ã¦tt, kÂ´Ã³s, landsynningur, pÃ­lur, pÃ­lur sum peikar niÃ°ureftir og til hÃ¸gru
â¬‡ Ã¦tt, kÂ´Ã³s, niÃ°ur, pÃ­lur, pÃ­lur sum peikar niÃ°ureftir, suÃ°ur
â†™ Ã¦tt, kÂ´Ã³s, pÃ­lur, pÃ­lur sum peikar niÃ°ureftir og til vinstru, Ãºtsynningur
â¬… Ã¦tt, kÂ´Ã³s, pÃ­lur, pÃ­lur sum peikar til vinstru, vestur
â†– Ã¦tt, kÂ´Ã³s, pÃ­lur, pÃ­lur sum peikar uppeftir og til vinstru, ÃºtnyrÃ°ingur
â†• pÃ­lur, pÃ­lur sum peikar upp og niÃ°ur
â†” pÃ­lur, pÃ­lur sum peikar til hÃ¸gru og vinstu
â†© bogin, bogin pÃ­lur sum peikar til vinstru, pÃ­lur
â†ª bogin, bogin pÃ­lur sum peikar til hÃ¸gru, pÃ­lur
â¤´ bogin, bogin pÃ­lur sum peikar uppeftir, pÃ­lur
â¤µ bogin, bogin pÃ­lur sum peikar niÃ°ureftir, pÃ­lur
ğŸ”ƒ loddrÃ¦ttir pÃ­lar sum ganga viÃ° urinum, lodrÃ¦ttir, pÃ­lar, viÃ° urinum
ğŸ”„ Ã­mÃ³ti urinum, pÃ­lar, vatnrÃ¦ttir, vatnrÃ¦ttir pÃ­lar sum ganga Ã­mÃ³ti urinum
ğŸ”™ back, BACK pÃ­lur, pÃ­lur
ğŸ”š end, END pÃ­lur, pÃ­lur
ğŸ”› on, ON! pÃ­lur, pÃ­lur
ğŸ”œ pÃ­lur, soon, SOON pÃ­lur
ğŸ” pÃ­lur top, TOP pÃ­lur
ğŸ› Ã¡trÃºnaÃ°ur, bÃ¸n, bÃ¸narstaÃ°, religiÃ³n, trÃºgv
âš› ateistur, atom, atom symbol, gudloysingur, gudsnoktari
ğŸ•‰ Ã¡trÃºnaÃ°ur, aÃºm, hindui, om, religiÃ³n, trÃºgv
âœ¡ dÃ¡vidsstjÃ¸rna, gÃ½Ã°ingastjÃ¸rna, gÃ½Ã°ingur, jÃ¸di, jÃ¸diskur, stjÃ¸rna
â˜¸ Ã¡trÃºnaÃ°ur, buddistur, dharmahjÃ³l, religiÃ³n, trÃºgv
â˜¯ jin yang, yang taoisma, yin
âœ Ã¡trÃºnaÃ°ur, kristin, krossur, latÃ­nskur krossur, religiÃ³n, trÃºgv
â˜¦ Ã¡trÃºnaÃ°ur, kristin, krossur, ortodoksur krossur, religiÃ³n, trÃºgv
â˜ª Ã¡trÃºnaÃ°ur, islam, muslimur, religiÃ³n, stjÃ¸rna og hÃ¡lvmÃ¡ni, trÃºgv
â˜® friÃ°, friÃ°arsymbol, friÃ°ur
ğŸ• Ã¡trÃºnaÃ°ur, ljÃ³sastaki, menorah, religiÃ³n, trÃºgv
ğŸ”¯ eydna, lagna, stjÃ¸rna, stjÃ¸rna viÃ° seks spÃ­skum
â™ˆ stjÃ¸rnumerki, veÃ°ramerki, veÃ°rur, VeÃ°rurin
â™‰ oksi, stjÃ¸rnumerki, tarvsmerkiÃ°, tarvur, Tarvurin
â™Š stjÃ¸rnumerki, tvÃ­buramerki, tvÃ­burar, TvÃ­burarnir
â™‹ krabbamerkiÃ°, krabbi, Krabbin, stjÃ¸rnumerki
â™Œ leyva, LjÃ³niÃ°, ljÃ³nsmerkiÃ°, stjÃ¸rnumerki
â™ moyarmerkiÃ°, Moyggin, moyggj, stjÃ¸rnumerki
â™ stjÃ¸rnumerki, VÃ¡gin, vÃ¡gmerkiÃ°, vÃ¡gskÃ¡l, vekt
â™ skorpiÃ³n, sporÃ°drekamerkiÃ°, SporÃ°drekin, stjÃ¸rnumerki
â™ bogamaÃ°ur, BogamaÃ°urin, skotmaÃ°ur, stjÃ¸rnumerki
â™‘ geit, steingeitarmerki, Steingeitin, stjÃ¸rnumerki
â™’ berari, stjÃ¸rnumerki, vatn, Vatnberin
â™“ fiskamerkiÃ°, Fiskarnir, fiskur, stjÃ¸rnumerki
â› berari, Ormberin, ormur, slanga, stjÃ¸rnumerki
ğŸ”€ blanda, blanda knappur
ğŸ” endurtak, endurtak knappur, endurtÃ¸ka, umaftur
ğŸ”‚ einaferÃ°, endurtak, endurtak einaferÃ° knappur, endurtÃ¸ka, umaftur
â–¶ spÃ¦l, spÃ¦l knappur
â© fram, skjÃ³tt, spola, spola skjÃ³tt fram knappur
â­ nÃ¦sta, nÃ¦sta knappur, nÃ¦sti
â¯ pausa, spÃ¦l, spÃ¦l ella pausa knappur
â—€ aftur, spola, spola aftur knappur
âª aftur, skjÃ³tt, spola, spola skjÃ³tt aftur knappur
â® undanfari, undanfari knappur, undanfarna, undanfarni
ğŸ”¼ upp, upp knappur
â« skjÃ³tt, skjÃ³tt upp knappur, upp
ğŸ”½ niÃ°ur, niÃ°ur knappur
â¬ niÃ°ur, skjÃ³tt, skjÃ³tt niÃ°ur knappur
â¸ hvÃ­ld, pausa, pausaknappur
â¹ steÃ°giknappur, stopp, stoppknappur
âº taka upp, upptÃ¸ka, upptÃ¸kuknappur
â Ãºt, varpa Ãºt, varpa Ãºt knappur
ğŸ¦ biograf, filmur, sjÃ³nbandsupptakari
ğŸ”… dimma, dimma knappur, kÃ¡ma, skÃ½ma
ğŸ”† ger ljÃ³sari knappur, klÃ¡rna, ljÃ³sari, lÃ½sa
ğŸ“¶ antenna, antennstabbar, fartelefon, samband, stabbi
ğŸ“³ fartelefon, stÃ¸Ã°a, vibratiÃ³n, vibratiÃ³nstÃ¸Ã°a
ğŸ“´ fartelefon, slÃ¸k, slÃ¸k fartelefonina
â™€ kona, konufÃ³lk, konufÃ³lkatekin, kvinna
â™‚ maÃ°ur, mannfÃ³lk, mannfÃ³lkatekin
âš§ tvÃ¸rkynd, tvÃ¸rkyndtekin, tvÃ¸rkyndur
âœ– Ã—, annullera, falda, ganga, x
â• +, matematikk, pluss, plussmerki, rokning, stÃ¸ddfrÃ¸Ã°i
â– -, âˆ’, matematikk, minus, minusmerki, rokning, stÃ¸ddfrÃ¸Ã°i
â— Ã·, bÃ½ti, deila, matematikk, rokning, stÃ¸ddfrÃ¸Ã°i
â™¾ endaleyst, Ã­ allar Ã¦vir, Ã³endalig, Ã³endaligt
â€¼ dupult, rÃ³pitekn, teknseting
â‰ rÃ³pitekn, rÃ³pitekn og spurnartekn, spurnartekn, teknseting
â“ spurnartekn, spurningur, teknseting
â” greinarmerki, hvÃ­tt spurnartekn, spurnartekn, teknseting
â• greinarmerki, hvÃ­tt rÃ³pitekn, rÃ³pitekn, teknseting
â— greinarmerki, rÃ³pitekn, teknseting
ã€° aldandi, greinarmerki, tankastrika, teknseting
ğŸ’± bÃ¸rs, gjaldoyra, gjaldoyraveksil, veksil
ğŸ’² dollarar, dollari, dollartekn, gjaldoyra, pengar, peningur, stÃ³rt dollartekn
âš• eskulÃ¡pusarstavur, lÃ¦knafrÃ¸Ã°i, lÃ¦knavÃ­sind symbol, lÃ¦knavÃ­sindanna
â™» endurnÃ½tsla, endurnÃ½tslasymbol
âšœ liljumynd, liljumynd sum skjaldarmerki, skjaldarmerki, svÃ¸rÃ°lilja
ğŸ”± kvÃ­sl, Poseidon, trÃ­tindaÃ° kvÃ­sl, trÃ­tindakvÃ­sl, trÃ­tindur
ğŸ“› navn, navnaspjaldur, spjaldur
ğŸ”° byrjandi, byrjari, japanskt, japanskt symbol fyri byrjandi
â­• innanopin reyÃ°ur sirkul, o, reyÃ°ur, reytt, ringur, sirkul
âœ… flugubein, hvÃ­tt tjÃºkt flugubein
â˜‘ flugubein, flugubein Ã­ fÃ½rakanti, fÃ½rakantur
âœ” flugubein, tjÃºkt flugubein
âŒ annullera, falda, ganga, kross, kross symbol, strika, x
â annullera, falda, ganga, kross, kross symbol knappur, strika, x
â° bukt, lykkja, sloyfa, snar
â¿ bukt, dupult, lykkja, sloyfa, snar
ã€½ broytin, frÃ¡bregÃ°i, umskifti, umskiftistekn
âœ³ Ã¡ttatinda stjÃ¸rna, stjÃ¸rna
âœ´ Ã¡ttaspÃ­ska stjÃ¸rna, stjÃ¸rna
â‡ glampa, glampi, glitra, glÃ³gva, ljÃ³ma, skyggja, stjÃ¸rna
Â© c, upphavsrÃ¦tt, upphavsrÃ¦ttur
Â® r, skrÃ¡sett, skrÃ¡settur
â„¢ fyritÃ¸kumerki, fyritÃ¸kurÃ¦ttindi, virkismerki, virkisrÃ¦ttindi, vÃ¸ruheiti, vÃ¸rumerki
ğŸ”  ABCD, stÃ³rir bÃ³kstavir
ğŸ”¡ abcd, smÃ¡ir bÃ³kstavir
ğŸ”¢ 1234, tÃ¸l
ğŸ”£ ã€’â™ª&amp;%, symbol
ğŸ”¤ abc, alfabet, bÃ³kstavaraÃ°, bÃ³kstavir, stavraÃ°
ğŸ…° a, A knappur (blÃ³Ã°flokkur), blÃ³Ã°flokkur, blÃ³Ã°typa, knappur, knÃ¸ttur
ğŸ† ab, AB knappur (blÃ³Ã°flokkur), blÃ³Ã°flokkur, blÃ³Ã°typa, knappur, knÃ¸ttur
ğŸ…± b, B knappur (blÃ³Ã°flokkur), blÃ³Ã°flokkur, blÃ³Ã°typa, knappur, knÃ¸ttur
ğŸ†‘ cl, CL knappur, knappur, knÃ¸ttur
ğŸ†’ cool, COOL knappur, knappur, knÃ¸ttur
ğŸ†“ free, FREE knappur, knappur, knÃ¸ttur
â„¹ i, kunning, kunningarstova, leiÃ°beining, upplÃ½sing
ğŸ†” id, ID knappur, identitetur, knappur, knÃ¸ttur, samleiki
â“‚ m, M Ã­ sirkuli, sirkul
ğŸ†• knappur, knÃ¸ttur, new, NEW knappur
ğŸ†– knappur, knÃ¸ttur, ng, NG knappur
ğŸ…¾ blÃ³Ã°flokkur, blÃ³Ã°typa, knappur, knÃ¸ttur, o, O knappur (blÃ³Ã°flokkur)
ğŸ†— knappur, knÃ¸ttur, ok, OK knappur
ğŸ…¿ knappur, knÃ¸ttur, ok, P knappur, parkering, parkeringarbÃ¡sur, parkeringarplÃ¡ss, parkeringarskiva
ğŸ†˜ hjÃ¡lp, knappur, knÃ¸ttur, neyÃ°arkall, neyÃ°arrÃ³p, sos, SOS knappur
ğŸ†™ knappur, knÃ¸ttur, up!, UP! knappur, upp
ğŸ†š Ã­mÃ³ti, knappur, knÃ¸ttur, vs, VS knappur
ğŸˆ &quot;her&quot;, japanskur, japanskur &quot;her&quot; knappur, katakana, ã‚³ã‚³
ğŸˆ‚ &quot;avgreiÃ°slugjald&quot;, &quot;borÃ°reiÃ°ingargjald&quot;, japanskur, japanskur &quot;avgreiÃ°slugjald&quot; knappur, katakana, ã‚µ
ğŸˆ· &quot;mÃ¡naÃ°arlig upphÃ¦dd&quot;, hugtaksskrift, ideografi, japanskur, japanskur &quot;mÃ¡naÃ°arlig upphÃ¦dd&quot; knappur, æœˆ
ğŸˆ¶ &quot;ikki Ã³keypis&quot;, hugtaksskrift, ideografi, japanskur, japanskur &quot;ikki Ã³keypis&quot; knappur, æœ‰
ğŸˆ¯ &quot;bÃ­lagt&quot;, hugtaksskrift, ideografi, japanskur, japanskur &quot;bÃ­lagt&quot; knappur, æŒ‡
ğŸ‰ &quot;gott keyp&quot;, &quot;kvett&quot;, hugtaksskrift, ideografi, japanskur, japanskur &quot;kvett&quot; knappur, å¾—
ğŸˆ¹ &quot;avslÃ¡ttur&quot;, hugtaksskrift, ideografi, japanskur, japanskur &quot;avslÃ¡ttur&quot; knappur, å‰²
ğŸˆš &quot;Ã³keypis&quot;, hugtaksskrift, ideografi, japanskur, japanskur &quot;Ã³keypis&quot; knappur, ç„¡
ğŸˆ² &quot;bannaÃ°&quot;, &quot;forboÃ°&quot;, hugtaksskrift, ideografi, japanskur, japanskur &quot;bannaÃ°&quot; knappur, ç¦
ğŸ‰‘ &quot;hÃ³skandi&quot;, &quot;ok&quot;, hugtaksskrift, ideografi, japanskur, japanskur &quot;hÃ³skandi&quot; knappur, å¯
ğŸˆ¸ &quot;Ã¡heitan&quot;, &quot;umsÃ³kn&quot;, hugtaksskrift, ideografi, japanskur, japanskur &quot;umsÃ³kn&quot; knappur, ç”³
ğŸˆ´ &quot;nÃ¸ktandi avrik&quot;, hugtaksskrift, ideografi, japanskur, japanskur &quot;nÃ¸ktandi avrik&quot; knappur, åˆ
ğŸˆ³ &quot;leyst&quot;, hugtaksskrift, ideografi, japanskur, japanskur &quot;leyst&quot; knappur, ç©º
ãŠ— &quot;lukkuynsking&quot;, &quot;til lukku&quot;, &quot;tillukku&quot;, hugtaksskrift, ideografi, japanskur, japanskur &quot;lukkuynsking&quot; knappur, ç¥
ãŠ™ &quot;loyndarmÃ¡l&quot;, hugtaksskrift, ideografi, japanskur, japanskur &quot;loyndarmÃ¡l&quot; knappur, ç§˜
ğŸˆº &quot;opiÃ°&quot;, &quot;opin&quot;, hugtaksskrift, ideografi, japanskur, japanskur &quot;opiÃ°&quot; knappur, å–¶
ğŸˆµ &quot;einki leyst&quot;, hugtaksskrift, ideografi, japanskur, japanskur &quot;einki leyst&quot; knappur, æº€
ğŸ”´ reyÃ°ur, reytt, sirkul
ğŸŸ  appilsingult, appilsingulur, sirkul
ğŸŸ¡ gult, gulur, sirkul
ğŸŸ¢ grÃ¸nt, grÃ¸nur, sirkul
ğŸ”µ blÃ¡tt, blÃ¡ur, sirkul
ğŸŸ£ korkalitt, korkalittur, korkalitur, lillafarva, lillafarvaÃ°ur, reyÃ°blÃ¡tt, reyÃ°blÃ¡ur, sirkul
ğŸŸ¤ brÃºnt, brÃºnur, sirkul
âš« mÃ¡tingarfrÃ¸Ã°i, sirkul, svartur
âšª hvÃ­tur, mÃ¡tingarfrÃ¸Ã°i, sirkul
ğŸŸ¥ fÃ½rakantur, reyÃ°ur, reytt
ğŸŸ§ appilsingult, appilsingulur, fÃ½rakantur
ğŸŸ¨ fÃ½rakantur, gult, gulur
ğŸŸ© fÃ½rakantur, grÃ¸nt, grÃ¸nur
ğŸŸ¦ blÃ¡tt, blÃ¡ur, blaÃºr fÃ½rakantur, fÃ½rakantur
ğŸŸª fÃ½rakantur, korkalitt, korkalittur, korkalitur, lillafarva, lillafarvaÃ°ur, reyÃ°blÃ¡tt, reyÃ°blÃ¡ur
ğŸŸ« brÃºnt, brÃºnur, fÃ½rakantur
â¬› fÃ½rakantur, mÃ¡tingarfrÃ¸Ã°iligur, stÃ³rur svartur fÃ½rakantur
â¬œ fÃ½rakantur, mÃ¡tingarfrÃ¸Ã°iligur, stÃ³rur hvÃ­tur fÃ½rakantur
â—¼ fÃ½rakantur, mÃ¡tingarfrÃ¸Ã°iligur, svartur fÃ½rakantur
â—» fÃ½rakantur, hvÃ­tur fÃ½rakantur, mÃ¡tingarfrÃ¸Ã°iligur
â—¾ fÃ½rakantur, mÃ¡tingarfrÃ¸Ã°iligur, svartur miÃ°alstÃ³rur fÃ½rakantur
â—½ fÃ½rakantur, hvÃ­tur miÃ°alstÃ³rur fÃ½rakantur, mÃ¡tingarfrÃ¸Ã°iligur
â–ª fÃ½rakantur, lÃ­til svartur fÃ½rakantur, mÃ¡tingarfrÃ¸Ã°iligur
â–« fÃ½rakantur, lÃ­til hvÃ­tur fÃ½rakantur, mÃ¡tingarfrÃ¸Ã°iligur
ğŸ”¶ diamantur, mÃ¡tingarfrÃ¸Ã°iligur, stÃ³rur appilsingulur diamantur
ğŸ”· diamantur, mÃ¡tingarfrÃ¸Ã°iligur, stÃ³rur blÃ¡ur diamantur
ğŸ”¸ diamantur, lÃ­til appilsingulur diamantur, mÃ¡tingarfrÃ¸Ã°iligur
ğŸ”¹ diamantur, lÃ­til blÃ¡ur diamantur, mÃ¡tingarfrÃ¸Ã°iligur
ğŸ”º mÃ¡tingarfrÃ¸Ã°iligur, reyÃ°ur trÃ­kantur sum peikar uppeftir, trÃ­kantur
ğŸ”» mÃ¡tingarfrÃ¸Ã°iligur, reyÃ°ur trÃ­kantur sum peikar niÃ°ureftir, trÃ­kantur
ğŸ’  diamantur, krossaÃ°ur diamantur, mÃ¡tingarfrÃ¸Ã°iligur
ğŸ”˜ radioknappur, radioknÃ¸ttur
ğŸ”³ fÃ½rakantur, hvÃ­tur fÃ½rakantaÃ°ur karmur, karmur, mÃ¡tingarfrÃ¸Ã°iligur, rÃºtur
ğŸ”² fÃ½rakantur, karmur, mÃ¡tingarfrÃ¸Ã°iligur, rÃºtur, svartur fÃ½rakantaÃ°ur karmur
ğŸ flagg, puntut, rÃºtut
ğŸš© flagg, trÃ­kanta
ğŸŒ flÃ¸gg, japan, krossa flÃ¸gg
ğŸ´ flagg, svart flagg
ğŸ³ flagg, hvÃ­tt flagg
ğŸ³â€ğŸŒˆ Ã¦laboga flagg, Ã¦labogi, flagg
ğŸ³â€âš§ blÃ¡tt, ljÃ³sareytt og hvÃ­tt flagg, flagg, tvÃ¸rkyn, tvÃ¸rkynd, tvÃ¸rkyndur
ğŸ´â€â˜  Jolly Roger, rÃ¡n, sjÃ³rÃ¦naraflagg, sjÃ³rÃ¦nari, sjÃ³rÃ¡n, skattur
