{ accolade, accolade ouvrante, accolades
ğŸ» peau, peau claire, type 1â€“2
ğŸ¼ peau, peau modÃ©rÃ©ment claire, type 3
ğŸ½ peau, peau lÃ©gÃ¨rement mate, type 4
ğŸ¾ peau, peau modÃ©rÃ©ment foncÃ©e, type 5
ğŸ¿ peau, peau foncÃ©e, type 6
_ ligne, tiret, tiret bas, trait de soulignement
- moins, tiret, trait dâ€™union, trait dâ€™union-moins
â€ tiret, trait dâ€™union
â€“ demi-cadratin, tiret
â€” cadratin, tiret
â€• barre, barre horizontale, ligne, tiret
ãƒ» katakana, point mÃ©dian, point mÃ©dian katakana, point milieu, points
, virgule
ØŒ arabe, virgule
ã€ idÃ©ographique, virgule
; point-virgule
Ø› arabe, point-virgule
: deux-points
! exclamation, point dâ€™exclamation
Â¡ exclamation, inversÃ©, point dâ€™exclamation, point dâ€™exclamation inversÃ©
? point dâ€™interrogation, question
Â¿ inversÃ©, point dâ€™interrogation, point dâ€™interrogation inversÃ©, question
ØŸ arabe, point dâ€™interrogation, point dâ€™interrogation arabe, question
. point, point final
â€¦ ellipse, points de suspension, suspension
ã€‚ idÃ©ographique, point, point final
Â· mÃ©dian, milieu, point
' apostrophe, apostrophe dactylographique, guillemet, guillemet simple
â€˜ apostrophe, apostrophe gauche, guillemet, guillemet simple, guillemet typographique
â€™ apostrophe, apostrophe droite, guillemet, guillemet simple, guillemet typographique
â€š apostrophe, apostrophe droite basse, guillemet, guillemet infÃ©rieur
â€œ guillemet, guillemet double, guillemet droit gauche, guillemets, guillemets doubles
â€ guillemet, guillemet double, guillemet droit droit, guillemets, guillemets typographiques
â€ guillemet, guillemet double, guillemet droit bas, guillemets, guillemets bas, guillemets typographiques
Â« anti-lambda, chevron, citation, crochet oblique, crochets, gauche, guillemet gauche
Â» anti-lambda, chevron, citation, crochet oblique, crochets, droit, guillemet droit
) parenthÃ¨se, parenthÃ¨se fermante, parenthÃ¨ses
[ crochet, crochet ouvrant, crochets
] crochet, crochet fermant, crochets
} accolade, accolade fermante, accolades
ã€ˆ chevron, chevron angulaire, chevron pointu, crochet, crochet oblique ouvrant, crochets obliques, tuple
ã€‰ chevron, chevron angulaire, chevron pointu, crochet, crochet oblique fermant, crochets obliques, uplet
ã€Š crochet, crochet en chevron, crochet en chevron double ouvrant
ã€‹ crochet, crochet en chevron double, crochet en chevron double fermant
ã€Œ anglet gauche ouvrant, crochet, crochet de partie entiÃ¨re
ã€ anglet fermant, crochet, crochet de partie entiÃ¨re
ã€ crochet, crochet de partie entiÃ¨re creux, crochet de partie entiÃ¨re ouvrant creux
ã€ crochet, crochet de partie entiÃ¨re creux, crochet de partie entiÃ¨re fermant creux
ã€ crochet, crochet lenticulaire, crochet lenticulaire ouvrant noir
ã€‘ crochet, crochet lenticulaire, crochet lenticulaire fermant noir
ã€” crochet, crochet en Ã©caille, crochet en Ã©caille ouvrant
ã€• crochet, crochet en Ã©caille, crochet en Ã©caille fermant
ã€– crochet, crochet lenticulaire creux, crochet lenticulaire ouvrant creux
ã€— crochet, crochet lenticulaire creux, crochet lenticulaire fermant creux
Â§ paragraphe, partie, section, symbole
Â¶ alinÃ©a, paragraphe, paraphe, pied-de-mouche, symbole du paragraphe
@ a commercial, arobas, arobase, arroba, arrobe
* astÃ©risque, caractÃ¨re gÃ©nÃ©rique, Ã©toile
/ barre de division, barre de fraction, barre oblique, trait oblique
\ barre oblique inverse, barre oblique inversÃ©e, oblique
& esperluette, et, perluÃ¨te, perluette
# croisillon, diÃ¨se, lb, livre, numÃ©ro
% pour cent, pourcent
â€° par mille, pour mille
â€  dague, obÃ¨le, obÃ©lus
â€¡ dague, double, obÃ¨le, obÃ©lus
â€¢ point, puce
â€§ emplacement de coupure de mots, point, tiret, union
â€² prime
â€³ double prime, prime
â€´ prime, triple prime
â€» appel de note, marque de rÃ©fÃ©rence
` accent, grave
Â´ accent, aigu
^ accent, caret, chapeau, chevron, circonflexe, contrÃ´le, puissance, symbole xor
Â¨ diÃ©rÃ¨se, trÃ©ma, umlaut
Â° degrÃ©, heure, preuve
â„— copyright, enregistrement, phonographique
â† flÃ¨che, flÃ¨che vers la gauche, gauche
â†’ droite, flÃ¨che, flÃ¨che vers la droite
â†‘ flÃ¨che, flÃ¨che vers le haut, haut
â†“ bas, flÃ¨che, flÃ¨che vers le bas
â‡… bas, flÃ¨che, flÃ¨ches vers le haut et vers le bas, haut
â‡† droite, flÃ¨che, flÃ¨che gauche au-dessus de flÃ¨che droite, gauche
â‡ double flÃ¨che vers la gauche
â‡‘ double flÃ¨che vers le haut
â‡’ double flÃ¨che vers la droite
â‡“ double flÃ¨che vers le bas
â‡” double flÃ¨che gauche-droite
â‡– double flÃ¨che nord-ouest
â‡— double flÃ¨che nord-est
â‡˜ double flÃ¨che sud-est
â‡™ double flÃ¨che sud-ouest
â‡š triple flÃ¨che vers la gauche
â‡› triple flÃ¨che vers la droite
â‡œ flÃ¨che vers la gauche en tire-bouchon
â‡ flÃ¨che vers la droite en tire-bouchon
â‡¦ flÃ¨che creuse vers la gauche
â‡§ flÃ¨che creuse vers le haut
â‡¨ flÃ¨che creuse vers la droite
â‡© flÃ¨che creuse vers le bas
âˆ† incrÃ©ment, triangle
âˆ‡ nabla, triangle
âˆˆ appartenance, contient, Ã©lÃ©ment, Ã©lÃ©ment de, ensemble
+ ajouter, plus, signe plus
Â± plus-moins
Ã· diviser, division, obÃ©lus, signe de division
Ã— fois, multiplication, multiplier, signe de multiplication
< chevron, chevron ouvrant, infÃ©rieur Ã 
= Ã©gal, est Ã©gal
â‰  inÃ©galitÃ©, inÃ©quation, pas Ã©gal
> chevron, chevron fermant, supÃ©rieur Ã 
Â¬ nÃ©gation, non
| barre, barre de sheffer, barre verticale, ligne, ligne verticale, trait
~ tilde
âˆ’ moins, signe moins, soustraire
â» exposant, moins
âˆš base, carrÃ©e, nombre sourd, racine, radical
âˆ infini, symbole de lâ€™infini
âˆ© ensemble, intersection
âˆª collection, ensemble, union
â‰… approximativement Ã©gal Ã 
â‰ˆ approximation, environ, presque Ã©gal
â‰Œ Ã©galitÃ©, mathÃ©matiques
â‰– Ã©galitÃ©, mathÃ©matiques
â‰¡ exact, identique, identique Ã , triple
â‰£ strictement Ã©quivalent Ã 
â‰¤ Ã©gal, inÃ©galitÃ©, infÃ©rieur Ã , plus petit ou Ã©gal
â‰¥ Ã©gal, inÃ©galitÃ©, plus grand ou Ã©gal, supÃ©rieur Ã 
â‰¦ infÃ©rieur Ã  sur Ã©gal Ã 
â‰§ supÃ©rieur Ã  sur Ã©gal Ã 
â‰ª trÃ¨s infÃ©rieur Ã 
â‰« trÃ¨s supÃ©rieur Ã 
â‰¬ entre
â‰³ inÃ©galitÃ©, mathÃ©matiques
â‰º prÃ©cÃ¨de
â‰» suit
âŠ ne suit pas
âŠ‚ ensemble, sous-ensemble, sous-ensemble de
âŠƒ sur-ensemble de
âŠ† sous-ensemble Ã©gal Ã 
âŠ‡ sur-ensemble Ã©gal Ã 
âŠ• plus cerclÃ©
âŠ– moins cerclÃ©
âŠ— fois cerclÃ©
â–² flÃ¨che, haut, plein, triangle, triangle plein vers le haut
â–¼ bas, flÃ¨che, plein, triangle, triangle plein vers le bas
â—Š losange, rhombe
â—‹ anneau, cercle, cercle vide
â— cercle, cercle plein
â—  demi-cercle supÃ©rieur
â—¡ demi-cercle infÃ©rieur
â—¢ triangle rectangle infÃ©rieur droit plein
â—£ triangle rectangle infÃ©rieur gauche plein
â—¤ triangle rectangle supÃ©rieur gauche plein
â—¥ triangle rectangle supÃ©rieur droit plein
â—¦ puce creuse
â—¯ anneau, cercle, grand cercle vide
â—³ carrÃ© creux avec quadrant supÃ©rieur droit
â—· cercle creux avec quadrant supÃ©rieur droit
â—¿ triangle rectangle infÃ©rieur droit
â™ª croche, musique, note
â¨§ signe plus avec indice deux
â¨¯ produit vectoriel
â¨¼ produit intÃ©rieur
â©£ ou logique Ã  deux barres souscrites
â©½ infÃ©rieur Ã  ou Ã©gal Ã  inclinÃ©
âª infÃ©rieur Ã  sur similaire ou Ã©gal Ã 
âªš Ã©gal en deux lignes ou supÃ©rieur Ã 
âªº suit sur non presque Ã©gal Ã 
â™­ bÃ©mol, musique, note
â™¯ diÃ¨se, musique, note
ğŸ˜€ grand sourire, large sourire, visage, visage avec large sourire
ğŸ˜ƒ bouche ouverte, sourire, visage, visage souriant les yeux grands ouverts
ğŸ˜„ bouche ouverte, Å“il, sourire, visage, visage avec large sourire et yeux rieurs
ğŸ˜ grand sourire, large sourire, Å“il, sourire, visage, visage radieux et yeux rieurs
ğŸ˜† bouche ouverte, rire, satisfait, sourire, visage, visage avec large sourire, les yeux fermÃ©s
ğŸ˜… froide, sourire, sueur, un visage en sueur avec large sourire, visage, visage en sueur avec large sourire
ğŸ¤£ rire, rire Ã  se rouler par terre, se rouler par terre, visage
ğŸ˜‚ joie, larme, rire, visage, visage pleurant de joie
ğŸ™‚ sourire, visage, visage avec un lÃ©ger sourire
ğŸ™ƒ Ã  lâ€™envers, renversÃ©, visage, visage Ã  lâ€™envers
ğŸ˜‰ clin dâ€™Å“il, visage, visage clignant dâ€™un Å“il
ğŸ˜Š Å“il, rougir, sourire, visage, visage souriant les yeux plissÃ©s
ğŸ˜‡ ange, aurÃ©ole, innocent, visage, visage qui sourit avec une aurÃ©ole
ğŸ¥° aimer, amour, amoureuse, amoureux, bÃ©guin, cÅ“urs, visage souriant avec cÅ“urs
ğŸ˜ amour, Å“il, sourire, visage, visage souriant aux yeux en forme de cÅ“ur
ğŸ¤© Ã©toile, grand sourire, large sourire, visage, visage aux yeux en forme dâ€™Ã©toiles, yeux
ğŸ˜˜ baiser, visage, visage envoyant un baiser
ğŸ˜— baiser, visage, visage donnant un baiser
â˜º dÃ©tendu, sourire, visage, visage souriant
ğŸ˜š baiser, visage, visage faisant un baiser les yeux fermÃ©s, yeux fermÃ©s
ğŸ˜™ baiser, Å“il, sourire, visage, visage donnant un baiser avec les yeux plissÃ©s, visage faisant un baiser les yeux rieurs
ğŸ¥² Ã©mu, fier, larme, soulagÃ©, souriant, touchÃ©, visage souriant avec larme
ğŸ˜‹ dÃ©licieux, menoum, miam, savourant, sourire, visage
ğŸ˜› langue, langue sortie, tire la langue, visage, visage qui tire la langue
ğŸ˜œ clin dâ€™Å“il, langue, tire la langue, visage, visage qui tire la langue et fait un clin dâ€™Å“il
ğŸ¤ª amusant, farfelu, idiot, niaiseux, tÃªte de fou, visage
ğŸ˜ dÃ©goÃ»t, horrible, langue, visage, visage qui tire la langue les yeux plissÃ©s, yeux plissÃ©s
ğŸ¤‘ argent, argent dans les yeux et la bouche, bouche, dollar, visage, yeux
ğŸ¤— cÃ¢lin, visage, visage heureux et cÃ¢lin
ğŸ¤­ main sur la bouche, Oups, visage, visage avec une main sur la bouche
ğŸ¤« chut, doigt sur la bouche, silence, visage, visage avec un doigt sur la bouche
ğŸ¤” rÃ©flexion, visage, visage en pleine rÃ©flexion
ğŸ¤ bouche, bouche cousue, fermeture Ã  glissiÃ¨re, visage, visage avec bouche fermeture Ã©clair
ğŸ¤¨ mÃ©fiant, sceptique, visage avec les sourcils relevÃ©s
ğŸ˜ impassible, neutre, visage
ğŸ˜‘ inexpressif, neutre, sans expression, visage, visage sans expression
ğŸ˜¶ muet, sans bouche, silence, silencieux, visage, visage sans bouche
ğŸ˜¶â€ğŸŒ« brouillard, dans les nuages, distrait, visage dans le brouillard, visage dans les nuages
ğŸ˜ malin, sourire, visage, visage au sourire malin
ğŸ˜’ contrariÃ©, dÃ©sabusÃ©, pas content, rÃ©signÃ©, visage
ğŸ™„ roule des yeux, visage, visage qui roule des yeux, yeux
ğŸ˜¬ grimace, visage, visage grimaÃ§ant
ğŸ˜®â€ğŸ’¨ chuchoter, expiration, siffler, soulagement, sursaut, visage expirant
ğŸ¤¥ mensonge, menteur, pinocchio, visage, visage de menteur
ğŸ˜Œ soulagÃ©, soulagement, visage
ğŸ˜” dÃ©Ã§u, pensif, visage
ğŸ˜ª endormi, sommeil, visage
ğŸ¤¤ bave, baver, salive, saliver, visage, visage qui bave
ğŸ˜´ endormi, sommeil, visage, visage somnolent, zzz
ğŸ˜· docteur, froid, malade, masque, mÃ©dical, visage, visage avec masque
ğŸ¤’ indisposÃ©, malade, thermomÃ¨tre, visage, visage avec thermomÃ¨tre
ğŸ¤• bandage, blessÃ©, blessure, visage, visage bandÃ©
ğŸ¤¢ Ã©cÅ“urÃ©, nausÃ©e, visage
ğŸ¤® malade, visage qui vomit, vomi, vomissure
ğŸ¤§ atchoum, Ã©ternuement, Ã©ternuer, rhume, visage, visage qui Ã©ternue
ğŸ¥µ canicule, chaud, fiÃ¨vre, rouge, sueur, visage, visage rouge et chaud
ğŸ¥¶ bleu, froid, gelÃ©, gelure, glacial, visage, visage bleu et froid
ğŸ¥´ bouche ondulÃ©e, dans les vapes, hÃ©bÃ©tÃ©, pompette, rond, visage abruti, visage Ã©mÃ©chÃ©
ğŸ˜µ inconscient, mort, visage
ğŸ˜µâ€ğŸ’« confusion, Ã©tourdi, hagard, tÃªte qui tourne, visage avec yeux en spirale
ğŸ¤¯ choquÃ©, tÃªte qui explose
ğŸ¤  chapeau, cowboy, visage, visage avec chapeau de cowboy
ğŸ¥³ cÃ©lÃ©bration, chapeau, fÃªte, sifflet, visage, visage festif
ğŸ¥¸ dÃ©guisement, faux nez, incognito, lunettes, postiche, visage dÃ©guisÃ©
ğŸ˜ cool, intelligent, soleil, visage, visage souriant avec des lunettes de soleil
ğŸ¤“ geek, lunettes, nerd, tronche, visage, visage de tronche
ğŸ§ monocle, sÃ©rieux, visage, visage avec un monocle
ğŸ˜• confus, visage
ğŸ˜Ÿ inquiet, visage
ğŸ™ mÃ©content, visage, visage lÃ©gÃ¨rement mÃ©content
â˜¹ mÃ©content, visage
ğŸ˜® bouche ouverte, compassion, visage, visage Ã©patÃ©
ğŸ˜¯ Ã©bahi, sans voix, stupÃ©fait, surpris, visage
ğŸ˜² choquÃ©, Ã©tonnÃ©, stupÃ©fait, surpris, visage
ğŸ˜³ rouge, rougissant, visage, visage qui rougit
ğŸ¥º implorant, pitiÃ©, supplication, visage, yeux de chiot
ğŸ˜¦ bÃ©ante, bouche, ouverte, renfrognÃ©, visage, visage mÃ©content avec bouche ouverte
ğŸ˜§ angoisse, visage, visage angoissÃ©
ğŸ˜¨ apeurÃ©, effrayÃ©, peur, visage
ğŸ˜° anxieux, bleu, froide, sueur, visage, visage inquiet et en sueur
ğŸ˜¥ dÃ©Ã§u, fiou, soulagÃ©, visage, visage triste mais soulagÃ©
ğŸ˜¢ larmes, pleure, triste, visage, visage qui pleure
ğŸ˜­ chaudes larmes, pleure, sanglot, triste, visage, visage qui pleure Ã  chaudes larmes
ğŸ˜± cri, munch, peur, terreur, visage, visage qui hurle de peur
ğŸ˜– dÃ©concertÃ©, visage
ğŸ˜£ persÃ©vÃ©rant, visage
ğŸ˜ dÃ©Ã§u, visage
ğŸ˜“ froide, sueur, triste, visage, visage triste et en sueur
ğŸ˜© Ã©puisÃ©, fatiguÃ©, visage
ğŸ˜« fatigue, visage, visage fatiguÃ©
ğŸ¥± bÃ¢iller, ennui, fatigue, visage bÃ¢illant
ğŸ˜¤ Ã©nervÃ©, fumÃ©e, triomphe, victoire, visage, visage avec fumÃ©e sortant des narines
ğŸ˜¡ boudeur, Ã©nervÃ©, furieux, rouge, visage
ğŸ˜  en colÃ¨re, furieux, visage, visage en colÃ¨re
ğŸ¤¬ bipÃ©, blasphÃ¨me, censurÃ©, sacre, visage, visage avec des symboles dans la bouche
ğŸ˜ˆ cornes, fantastique, sourire, visage, visage souriant avec des cornes
ğŸ‘¿ cornes, dÃ©mon, diable, diablotin, en colÃ¨re, visage, visage en colÃ¨re avec des cornes
ğŸ’€ crÃ¢ne, fantastique, monstre, mort, visage
â˜  crÃ¢ne, mort, os, tÃªte, tÃªte de mort
ğŸ’© caca, crotte, marde, merde, tas de crotte, visage
ğŸ¤¡ clown, visage, visage de clown
ğŸ‘¹ crÃ©ature, fantastique, monstre, ogre, visage
ğŸ‘º crÃ©ature, fantastique, gobelin, monstre, visage
ğŸ‘» crÃ©ature, fantastique, fantÃ´me, monstre, visage
ğŸ‘½ alien, crÃ©ature, extraterrestre, fantastique, ovni, visage
ğŸ‘¾ alien, crÃ©ature, extraterrestre, monstre, monstre de lâ€™espace, ovni, visage
ğŸ¤– monstre, robot, visage
ğŸ˜º bouche, chat, chat qui sourit, ouverte, sourire, visage
ğŸ˜¸ chat, chat qui sourit avec des yeux rieurs, sourire, visage, yeux rieurs
ğŸ˜¹ chat, chat qui pleure de joie, joie, larmes, sourire, visage
ğŸ˜» amoureux, chat, chat souriant aux yeux en cÅ“urs, sourire, visage, yeux en forme de cÅ“urs
ğŸ˜¼ chat, chat avec sourire en coin, en coin, ironique, sourire, visage
ğŸ˜½ baiser, bec, bisou, chat, chat qui fait un bisou, visage
ğŸ™€ chat, chat fatiguÃ©, Ã©tonnÃ©, inquiet, surpris, visage
ğŸ˜¿ chat, chat qui pleure, larmes, pleure, triste, visage
ğŸ˜¾ chat, chat qui boude, colÃ¨re, furieux, visage
ğŸ™ˆ aveugle, rien de mal, singe, singe ne rien voir, visage, yeux couverts
ğŸ™‰ oreilles couvertes, rien de mal, singe, singe ne rien entendre, sourd, visage
ğŸ™Š bouche couverte, muet, rien de mal, singe, singe ne rien dire, visage
ğŸ’‹ baiser, lÃ¨vres, rouge, trace de rouge Ã  lÃ¨vres
ğŸ’Œ amour, cÅ“ur, lettre, lettre dâ€™amour
ğŸ’˜ cÅ“ur, cÅ“ur et flÃ¨che, cupidon, flÃ¨che
ğŸ’ cÅ“ur, cÅ“ur avec ruban, ruban, saint valentin, st valentin
ğŸ’– cÅ“ur, enthousiaste, Ã©tincelant
ğŸ’— cÅ“ur, grandissant, nerveux, pouls, pulsations
ğŸ’“ battant, battement, cÅ“ur, pulsations
ğŸ’ cÅ“urs, cÅ“urs qui tournent
ğŸ’• amour, deux cÅ“urs
ğŸ’Ÿ cÅ“ur, dÃ©coration, dÃ©coration avec cÅ“ur
â£ cÅ“ur, cÅ“ur point dâ€™exclamation, exclamation, point
ğŸ’” brisÃ©, cÅ“ur
â¤â€ğŸ”¥ amour, cÅ“ur en feu, dÃ©sir, feu, passion
â¤â€ğŸ©¹ cÅ“ur avec bandages, en convalescence, rÃ©conforter, rÃ©cupÃ©rer, soigner
â¤ cÅ“ur, rouge
ğŸ§¡ cÅ“ur, orange
ğŸ’› cÅ“ur, jaune
ğŸ’š cÅ“ur, vert
ğŸ’™ bleu, cÅ“ur
ğŸ’œ cÅ“ur, violet
ğŸ¤ brun, cÅ“ur
ğŸ–¤ cÅ“ur noir, noir
ğŸ¤ blanc, cÅ“ur blanc
ğŸ’¯ cent, cent points, marque, score
ğŸ’¢ bande dessinÃ©e, colÃ¨re, furieux, symbole, symbole de colÃ¨re
ğŸ’¥ bande dessinÃ©e, collision, explosion
ğŸ’« bande dessinÃ©e, Ã©tourdissement, tournis
ğŸ’¦ bande dessinÃ©e, Ã©claboussure, goutte, gouttes de sueur, sueur
ğŸ’¨ bande dessinÃ©e, dÃ©camper, filer, fuir, sâ€™enfuir, se sauver
ğŸ•³ trou
ğŸ’£ bande dessinÃ©e, bombe
ğŸ’¬ bande dessinÃ©e, bulle, bulle de parole, dialogue, parole
ğŸ‘â€ğŸ—¨ bulle, Å“il, Å“il dans une bulle de parole, parole, tÃ©moin
ğŸ—¨ Ã  gauche, bande dessinÃ©e, bulle, bulle de parole Ã  gauche, dialogue, parole
ğŸ—¯ Ã  droite, bande dessinÃ©e, bulle, bulle de colÃ¨re Ã  droite, dialogue, parole
ğŸ’­ bande dessinÃ©e, bulle, bulle de pensÃ©e, pensÃ©e
ğŸ’¤ dormir, endormi, ronfler, zzz
ğŸ‘‹ coucou, main, signe, signe de la main
ğŸ¤š dos de main, dos de main levÃ©e, levÃ©e, main
ğŸ– doigts Ã©cartÃ©s, main, main aux doigts Ã©cartÃ©s
âœ‹ levÃ©e, main
ğŸ–– main, salut, spock, vulcain
ğŸ‘Œ main, ok, OK
ğŸ¤Œ geste de la main, interrogation, main qui interroge, sarcastique
ğŸ¤ petite quantitÃ©, petite somme, peu, pouce et index rapprochÃ©s, un peu
âœŒ ciseaux, V de la victoire, victoire
ğŸ¤ chance, croisÃ©s, doigts, main
ğŸ¤Ÿ amour, je tâ€™aime, main, signe, signe je tâ€™aime
ğŸ¤˜ cornes, cornes avec les doigts, doigts, main, rock
ğŸ¤™ appel, appelle-moi, main, signe, tÃ©lÃ©phone
ğŸ‘ˆ dos de la main avec index pointant vers la gauche, gauche, index, main, main avec index pointant Ã  gauche
ğŸ‘‰ dos de la main avec index pointant vers la droite, droite, index, main, main avec index pointant Ã  droite
ğŸ‘† dos de la main avec index pointant vers le haut, haut, index, main, main avec index pointant vers le haut
ğŸ–• doigt dâ€™honneur, main, majeur
ğŸ‘‡ bas, dos de la main avec index pointant vers le bas, index, main, main avec index pointant vers le bas
â˜ index pointant vers le haut
ğŸ‘ gÃ©nial, OK, oui, pouce vers le haut, super
ğŸ‘ nÃ©gatif, non, nul, pouce vers le bas
âœŠ levÃ©, main, pierre, poing
ğŸ‘Š coup de poing, main, poing, poing de face
ğŸ¤› gauche, poing, poing Ã  gauche
ğŸ¤œ droite, poing, poing Ã  droite
ğŸ‘ applaudissements, bravo, main
ğŸ™Œ air, cÃ©lÃ©bration, geste, hourra, levÃ©es, mains
ğŸ‘ main, mains ouvertes, ouvertes
ğŸ¤² moins jointes, paume contre paume, paume contre paume doigts vers le haut, priÃ¨re
ğŸ¤ accord, main, poignÃ©e, poignÃ©e de main, prÃ©sentation, rencontre
ğŸ™ mains, mains en priÃ¨re, merci, moins jointes, priÃ¨re, svp
âœ Ã©crire, main, main qui Ã©crit
ğŸ’… manucure, maquillage, ongle, vernis, vernis Ã  ongles
ğŸ¤³ appareil photo, autophoto, selfie, tÃ©lÃ©phone
ğŸ’ª biceps, contractÃ©, corps, muscle
ğŸ¦¾ accessibilitÃ©, bras, bras mÃ©canique, prothÃ¨se
ğŸ¦¿ accessibilitÃ©, jambe, jambe mÃ©canique, prothÃ¨se
ğŸ¦µ coup de pied, jambe, membre
ğŸ¦¶ coup de pied, pas lourd, pied
ğŸ‘‚ corps, oreille
ğŸ¦» accessibilitÃ©, malentendant, oreille appareillÃ©e, prothÃ¨se auditive
ğŸ‘ƒ corps, nez
ğŸ§  cerveau, intelligent
ğŸ«€ battement de coeur, cardiologie, cÅ“ur, organe, pouls
ğŸ« expiration, inspiration, organe, poumons, respiration, respirer
ğŸ¦· dent, dentiste
ğŸ¦´ os, squelette
ğŸ‘€ corps, Å“il, visage, yeux
ğŸ‘ corps, Å“il
ğŸ‘… corps, langue
ğŸ‘„ bouche, corps, lÃ¨vres
ğŸ‘¶ bÃ©bÃ©, petit
ğŸ§’ enfant, genre non dÃ©fini, jeune
ğŸ‘¦ garÃ§on, jeune
ğŸ‘§ fille, jeune, vierge, zodiaque
ğŸ§‘ adulte, genre non dÃ©fini, personne
ğŸ‘± blond, personne blonde
ğŸ‘¨ adulte, homme
ğŸ§” barbe, barbu, homme barbu, personne, personne barbue
ğŸ§”â€â™‚ barbe, homme, homme barbu
ğŸ‘±â€â™‚ blond, homme
ğŸ‘© adulte, femme
ğŸ§”â€â™€ femme barbue
ğŸ‘±â€â™€ blonde, femme
ğŸ§“ adulte, Ã¢gÃ©e, genre non dÃ©fini, personne
ğŸ‘´ adulte, Ã¢gÃ©, homme
ğŸ‘µ adulte, Ã¢gÃ©e, femme
ğŸ™ froncer, mÃ©contente, personne, sourcils
ğŸ™â€â™‚ froncement, geste, homme, homme fronÃ§ant les sourcils, sourcils
ğŸ™â€â™€ femme, femme fronÃ§ant les sourcils, froncement, geste, sourcils
ğŸ™ baboune, bouder, geste, moue, personne qui boude
ğŸ™â€â™‚ baboune, boude, geste, homme, homme qui boude, moue
ğŸ™â€â™€ baboune, boude, femme, femme qui boude, geste, moue
ğŸ™… dÃ©saccord, Geste de nÃ©gation, interdit, main, nÃ©gation
ğŸ™…â€â™‚ dÃ©saccord, homme, homme faisant un geste de nÃ©gation, interdit, main, nÃ©gation
ğŸ™…â€â™€ dÃ©saccord, femme, femme faisant un geste de nÃ©gation, interdit, main, nÃ©gation
ğŸ™† accord, affirmation, geste dâ€™affirmation, main, OK
ğŸ™†â€â™‚ accord, affirmation, homme, homme faisant un geste dâ€™affirmation, main, OK
ğŸ™†â€â™€ accord, affirmation, femme, femme faisant un geste dâ€™affirmation, main, OK
ğŸ’ aide, information, main, personne au guichet, personne paume vers le haut
ğŸ’â€â™‚ aide, assistant, concierge, guichetier, homme, information, rÃ©ceptionniste
ğŸ’â€â™€ aide, assistante, concierge, femme, guichetiÃ¨re, information, rÃ©ceptionniste
ğŸ™‹ content, geste, levÃ©e, main, personne qui lÃ¨ve la main
ğŸ™‹â€â™‚ geste, homme, homme qui lÃ¨ve la main, main levÃ©e
ğŸ™‹â€â™€ femme, femme qui lÃ¨ve la main, geste, main levÃ©e
ğŸ§ accessibilitÃ©, entendre, malentendant, oreille, personne sourde, sourd
ğŸ§â€â™‚ accessibilitÃ©, entendre, homme sourd, malentendant, oreille, sourd
ğŸ§â€â™€ femme, malentendante, sourde
ğŸ™‡ courbette, dÃ©solÃ©, excuses, inclinÃ©, personne qui sâ€™incline
ğŸ™‡â€â™‚ courbette, dÃ©solÃ©, excuses, homme, homme qui sâ€™incline, inclinÃ©
ğŸ™‡â€â™€ courbette, dÃ©solÃ©e, excuses, femme, femme qui sâ€™incline, homme qui sâ€™incline, inclinÃ©e
ğŸ¤¦ exaspÃ©ration, incroyable, main, personne avec paume de la main sur le visage, visage
ğŸ¤¦â€â™‚ exaspÃ©ration, homme, homme avec paume de la main sur le visage, incroyable, main, visage
ğŸ¤¦â€â™€ exaspÃ©ration, femme, femme avec paume de la main sur le visage, incroyable, main, visage
ğŸ¤· doute, haussement dâ€™Ã©paules, ignorance, indiffÃ©rence, personne qui hausse les Ã©paules
ğŸ¤·â€â™‚ haussement, homme, homme qui hausse les Ã©paules, ignorance, indiffÃ©rence
ğŸ¤·â€â™€ femme, femme qui hausse les Ã©paules, haussement, ignorance, indiffÃ©rence
ğŸ§‘â€âš• docteur, infirmier, mÃ©decin, professionnel de la santÃ©, professionnel de la santÃ© (tous genres), santÃ©, thÃ©rapeute
ğŸ‘¨â€âš• docteur, homme, infirmier, professionnel de la santÃ©, professionnel de la santÃ© homme, santÃ©
ğŸ‘©â€âš• docteur, docteure, femme, infirmiÃ¨re, professionnelle de la santÃ©, santÃ©
ğŸ§‘â€ğŸ“ diplÃ´mÃ©, Ã©tudiant, Ã©tudiant universitaire
ğŸ‘¨â€ğŸ“ diplÃ´mÃ©, Ã©tudiant, homme
ğŸ‘©â€ğŸ“ diplÃ´mÃ©e, Ã©tudiante, femme
ğŸ§‘â€ğŸ« enseignant, instituteur, professeur
ğŸ‘¨â€ğŸ« enseignant, homme, instituteur, instructeur, professeur
ğŸ‘©â€ğŸ« enseignante, femme, institutrice, instructrice, professeure
ğŸ§‘â€âš– balance, juge
ğŸ‘¨â€âš– balance, homme, juge, justice
ğŸ‘©â€âš– balance, femme, juge
ğŸ§‘â€ğŸŒ¾ agriculteur, fermier, jardinier
ğŸ‘¨â€ğŸŒ¾ agriculteur, fermier, homme, jardinier
ğŸ‘©â€ğŸŒ¾ agricultrice, femme, fermiÃ¨re, jardiniÃ¨re
ğŸ§‘â€ğŸ³ chef
ğŸ‘¨â€ğŸ³ chef, cuisinier, homme
ğŸ‘©â€ğŸ³ chef, cuisiniÃ¨re, femme
ğŸ§‘â€ğŸ”§ Ã©lectricien, mÃ©canicien, ouvrier, plombier
ğŸ‘¨â€ğŸ”§ Ã©lectricien, homme, mÃ©canicien, mÃ©canique, plombier
ğŸ‘©â€ğŸ”§ Ã©lectricienne, femme, mÃ©canicienne, mÃ©canique, plombier
ğŸ§‘â€ğŸ­ assemblage, industrie, ouvrier, ouvrier (tous genres), ouvriÃ¨re, travailleur dâ€™usine, usine
ğŸ‘¨â€ğŸ­ assemblage, homme, industrie, ouvrier, usine
ğŸ‘©â€ğŸ­ assemblage, femme, industrie, ouvriÃ¨re, usine
ğŸ§‘â€ğŸ’¼ affaires, architecte, cadre, col blanc, employÃ© de bureau
ğŸ‘¨â€ğŸ’¼ affaires, architecte, bureau, employÃ© de bureau, employÃ© de bureau homme, homme
ğŸ‘©â€ğŸ’¼ affaires, architecte, bureau, employÃ©e de bureau, femme
ğŸ§‘â€ğŸ”¬ biologiste, chimiste, ingÃ©nieur, physicien, scientifique
ğŸ‘¨â€ğŸ”¬ biologiste, chimiste, homme, physicien, scientifique
ğŸ‘©â€ğŸ”¬ biologiste, chimiste, femme, physicienne, scientifique
ğŸ§‘â€ğŸ’» dÃ©veloppeur, homme, informaticien, logiciels, technologie
ğŸ‘¨â€ğŸ’» dÃ©veloppeur, homme, informaticien, logiciels, technologie
ğŸ‘©â€ğŸ’» dÃ©veloppeuse, femme, informaticienne, logiciels, technologie
ğŸ§‘â€ğŸ¤ acteur, artiste, chanteur, rock, vedette
ğŸ‘¨â€ğŸ¤ artiste, chanteur, homme, rock, vedette
ğŸ‘©â€ğŸ¤ artiste, chanteuse, femme, rock, vedette
ğŸ§‘â€ğŸ¨ artiste, palette
ğŸ‘¨â€ğŸ¨ artiste, homme, peintre
ğŸ‘©â€ğŸ¨ artiste, femme, peintre
ğŸ§‘â€âœˆ avion, pilote
ğŸ‘¨â€âœˆ avion, homme, pilote
ğŸ‘©â€âœˆ avion, femme, pilote
ğŸ§‘â€ğŸš€ astronaute, fusÃ©e
ğŸ‘¨â€ğŸš€ astronaute, espace, fusÃ©e, homme
ğŸ‘©â€ğŸš€ astronaute, espace, femme, fusÃ©e
ğŸ§‘â€ğŸš’ camion de pompier, pompier
ğŸ‘¨â€ğŸš’ camion de pompiers, homme, pompier
ğŸ‘©â€ğŸš’ camion de pompiers, femme, pompier
ğŸ‘® flic, officier, officier de police, police, policier
ğŸ‘®â€â™‚ flic, homme, officier, police, policier
ğŸ‘®â€â™€ femme, flic, officier, police, policiÃ¨re
ğŸ•µ dÃ©tective, enquÃªteur, espion
ğŸ•µâ€â™‚ dÃ©tective, enquÃªteur, espion, homme
ğŸ•µâ€â™€ dÃ©tective, enquÃªteuse, enquÃªtrice, espionne, femme
ğŸ’‚ garde
ğŸ’‚â€â™‚ garde, homme
ğŸ’‚â€â™€ femme, garde
ğŸ¥· furtif, guerrier, masquÃ©, ninja
ğŸ‘· bÃ¢timent, casque, ouvrier, personnel du bÃ¢timent
ğŸ‘·â€â™‚ bÃ¢timent, homme, ouvrier, ouvrier du bÃ¢timent
ğŸ‘·â€â™€ bÃ¢timent, femme, ouvriÃ¨re, ouvriÃ¨re du bÃ¢timent
ğŸ¤´ prince
ğŸ‘¸ conte de fÃ©es, fantastique, princesse
ğŸ‘³ personne en turban, turban
ğŸ‘³â€â™‚ homme, homme en turban, turban
ğŸ‘³â€â™€ femme, femme en turban, turban
ğŸ‘² calotte chinoise, chapeau, gua pi mao, homme, homme coiffÃ© dâ€™une calotte chinoise
ğŸ§• femme avec foulard, foulard, hijab, mantilla, tichel
ğŸ¤µ mariÃ©, personne, personne en smoking, smoking
ğŸ¤µâ€â™‚ homme, homme en smoking, smoking
ğŸ¤µâ€â™€ femme, femme en smoking, smoking
ğŸ‘° mariage, mariÃ©e, personne avec voile, voile
ğŸ‘°â€â™‚ homme, homme avec voile, voile
ğŸ‘°â€â™€ femme, femme avec voile, voile
ğŸ¤° enceinte, femme
ğŸ¤± allaitement, bÃ©bÃ©, sein, soins
ğŸ‘©â€ğŸ¼ allaitement, bÃ©bÃ©, biberon, femme, femme allaitant un bÃ©bÃ©
ğŸ‘¨â€ğŸ¼ allaitement, bÃ©bÃ©, biberon, homme, homme allaitant un bÃ©bÃ©
ğŸ§‘â€ğŸ¼ allaitement, bÃ©bÃ©, biberon, personne, personne allaitant un bÃ©bÃ©
ğŸ‘¼ ange, bÃ©bÃ©, fantastique, visage
ğŸ… cÃ©lÃ©bration, fÃªte, NoÃ«l, pÃ¨re
ğŸ¤¶ cÃ©lÃ©bration, fÃªte, mÃ¨re, NoÃ«l
ğŸ§‘â€ğŸ„ NoÃ«l, personnage de NoÃ«l
ğŸ¦¸ gentil, hÃ©roÃ¯ne, hÃ©ros, super pouvoirs, superhÃ©ros
ğŸ¦¸â€â™‚ super-hÃ©ros
ğŸ¦¸â€â™€ bien, femme, hÃ©roÃ¯ne, hÃ©ros, super pouvoir, super-hÃ©roÃ¯ne
ğŸ¦¹ criminel, mal, mÃ©chant, super-pouvoir, super-vilain
ğŸ¦¹â€â™‚ criminel, homme, mal, mÃ©chant, super pouvoir, super-vilain homme
ğŸ¦¹â€â™€ criminelle, femme, mal, mÃ©chante, super pouvoir, super-vilain femme
ğŸ§™ enchanteur, mage, magicien, sorcier, sorciÃ¨re
ğŸ§™â€â™‚ enchanteur, homme, mage, magicien, sorcier
ğŸ§™â€â™€ enchanteresse, femme, mage, magicienne, sorciÃ¨re
ğŸ§š fÃ©e, personnage fÃ©Ã©rique
ğŸ§šâ€â™‚ fÃ©etaud, homme
ğŸ§šâ€â™€ fÃ©e, femme
ğŸ§› Dracula, mort-vivant, vampire
ğŸ§›â€â™‚ Dracula, homme, mort-vivant, vampire
ğŸ§›â€â™€ femme, morte-vivante, vampire
ğŸ§œ crÃ©ature aquatique, sirÃ¨ne, triton
ğŸ§œâ€â™‚ triton
ğŸ§œâ€â™€ sirÃ¨ne
ğŸ§ elfe, magique
ğŸ§â€â™‚ elfe, homme, magique
ğŸ§â€â™€ elfe, femme, magique
ğŸ§ djinn, gÃ©nie
ğŸ§â€â™‚ djinn, gÃ©nie, homme
ğŸ§â€â™€ djinn, femme, gÃ©nie
ğŸ§Ÿ mort-vivant, zombie
ğŸ§Ÿâ€â™‚ homme, mort-vivant, zombie
ğŸ§Ÿâ€â™€ femme, morte-vivante, zombie
ğŸ’† massage, personne qui se fait masser, salon, visage
ğŸ’†â€â™‚ homme, homme qui se fait masser, massage, visage
ğŸ’†â€â™€ femme, femme qui se fait masser, massage, visage
ğŸ’‡ barbier, beautÃ©, coiffure, personne qui se fait couper les cheveux, salon
ğŸ’‡â€â™‚ homme qui se fait couper les cheveux
ğŸ’‡â€â™€ femme qui se fait couper les cheveux
ğŸš¶ personne qui marche, piÃ©ton, randonnÃ©e
ğŸš¶â€â™‚ homme, homme qui marche, marche, piÃ©ton, randonnÃ©e
ğŸš¶â€â™€ femme, femme qui marche, marche, piÃ©tonne, randonnÃ©e
ğŸ§ debout, personne debout
ğŸ§â€â™‚ debout, homme
ğŸ§â€â™€ debout, femme
ğŸ§ Ã  genoux, personne Ã  genoux
ğŸ§â€â™‚ Ã  genoux, homme, homme Ã  genoux
ğŸ§â€â™€ Ã  genoux, femme, femme Ã  genoux
ğŸ§‘â€ğŸ¦¯ accessibilitÃ©, aveugle, aveugle avec canne
ğŸ‘¨â€ğŸ¦¯ accessibilitÃ©, aveugle, dÃ©ficient visuel, homme, homme avec canne blanche, malvoyant
ğŸ‘©â€ğŸ¦¯ accessibilitÃ©, aveugle, dÃ©ficiente visuelle, femme, femme avec canne blanche, malvoyante
ğŸ§‘â€ğŸ¦¼ accessibilitÃ©, fauteuil roulant, personne en fauteuil motorisÃ©, personne en fauteuil roulant
ğŸ‘¨â€ğŸ¦¼ accessibilitÃ©, fauteuil roulant, homme, homme en fauteuil motorisÃ©
ğŸ‘©â€ğŸ¦¼ accessibilitÃ©, fauteuil roulant, femme, femme en fauteuil motorisÃ©
ğŸ§‘â€ğŸ¦½ accessibilitÃ©, fauteuil roulant, personne en fauteuil roulant manuel
ğŸ‘¨â€ğŸ¦½ accessibilitÃ©, fauteuil roulant, homme, homme en fauteuil roulant manuel
ğŸ‘©â€ğŸ¦½ accessibilitÃ©, fauteuil roulant, femme, femme en fauteuil roulant manuel
ğŸƒ coureur, course Ã  pied, jogging, marathon, personne qui court
ğŸƒâ€â™‚ homme qui court
ğŸƒâ€â™€ femme qui court
ğŸ’ƒ danse, danseuse, femme
ğŸ•º danse, danseur, homme
ğŸ•´ affaires, complet, homme, homme dâ€™affaires en lÃ©vitation, lÃ©vitation
ğŸ‘¯ danseuse, femme, fille, oreilles, personnes qui portent des oreilles de lapin
ğŸ‘¯â€â™‚ danseur, fÃªte, homme, hommes qui portent des oreilles de lapin, oreilles de lapin
ğŸ‘¯â€â™€ danseuse, femme, femmes qui portent des oreilles de lapin, fÃªte, oreilles de lapin
ğŸ§– hammam, personne dans un bain de vapeur, sauna
ğŸ§–â€â™‚ hammam, homme dans un bain de vapeur, sauna
ğŸ§–â€â™€ femme dans un bain de vapeur, hammam, sauna
ğŸ§— alpiniste, grimpeur, personne qui grimpe
ğŸ§—â€â™‚ alpiniste, grimpeur, homme qui grimpe
ğŸ§—â€â™€ alpiniste, femme qui grimpe, grimpeuse
ğŸ¤º duel, Ã©pÃ©e, escrime, escrimeur, personne
ğŸ‡ chevaux, course, hippique, jockey
â›· ski, skier, skieur, sport
ğŸ‚ neige, planche de neige, planchiste, ski
ğŸŒ balle, golf, joueur de golf
ğŸŒâ€â™‚ golf, golfeur, homme
ğŸŒâ€â™€ femme, golf, golfeuse
ğŸ„ personne, personne qui fait du surf, surf
ğŸ„â€â™‚ homme, surf, surfeur
ğŸ„â€â™€ femme, surf, surfeuse
ğŸš£ barque, bateau, personne, personne qui rame dans une barque, ramer
ğŸš£â€â™‚ barque, bateau, homme, rameur, rameur dans une barque
ğŸš£â€â™€ barque, bateau, femme, rameuse, rameuse dans une barque
ğŸŠ nager, natation, personne qui nage
ğŸŠâ€â™‚ homme, nage, nageur
ğŸŠâ€â™€ femme, nage, nageuse
â›¹ ballon, personne qui fait rebondir un ballon, rebond, rebondir
â›¹â€â™‚ ballon, homme, homme qui fait rebondir un ballon, rebond, rebondir
â›¹â€â™€ ballon, femme, femme qui fait rebondir un ballon, rebond, rebondir
ğŸ‹ haltÃ¨re, haltÃ©rophile, haltÃ©rophilie, levÃ©e, lever, poids
ğŸ‹â€â™‚ haltÃ¨re, haltÃ©rophile, homme, levÃ©e, lever, poids
ğŸ‹â€â™€ femme, haltÃ¨re, haltÃ©rophile, levÃ©e, lever, poids
ğŸš´ bicyclette, cyclisme, cycliste, faire du vÃ©lo, personne, vÃ©lo
ğŸš´â€â™‚ bicyclette, cycliste, faire du vÃ©lo, homme, vÃ©lo
ğŸš´â€â™€ bicyclette, cycliste, faire du vÃ©lo, femme, vÃ©lo
ğŸšµ cyclisme, montagne, personne en vÃ©lo de montagne, vÃ©lo
ğŸšµâ€â™‚ cycliste, homme, homme en vÃ©lo de montagne, montagne, vÃ©lo, vÃ©tÃ©tiste
ğŸšµâ€â™€ cycliste, femme, femme en vÃ©lo de montagne, montagne, vÃ©lo, vÃ©tÃ©tiste
ğŸ¤¸ gymnastique, personne, personne faisant la roue, roue
ğŸ¤¸â€â™‚ gymnaste, homme, homme faisant la roue, roue
ğŸ¤¸â€â™€ femme, femme faisant la roue, gymnaste, roue
ğŸ¤¼ lutte, lutteur, personnes, personnes faisant de la lutte
ğŸ¤¼â€â™‚ hommes, lutte, lutteurs
ğŸ¤¼â€â™€ femmes, lutte, lutteuses
ğŸ¤½ personne, personne qui joue au water-polo, water-polo
ğŸ¤½â€â™‚ homme, joueur de water-polo, water-polo
ğŸ¤½â€â™€ femme, joueuse de water-polo, water-polo
ğŸ¤¾ ballon, handball, personne, personne qui joue au handball
ğŸ¤¾â€â™‚ handball, handballeur, homme
ğŸ¤¾â€â™€ femme, handball, handballeuse
ğŸ¤¹ jongler, jongleur, multitÃ¢che, personne qui jongle
ğŸ¤¹â€â™‚ homme, jonglage, jongleur, multitÃ¢che
ğŸ¤¹â€â™€ femme, jonglage, jongleuse, multitÃ¢che
ğŸ§˜ mÃ©ditation, personne dans la posture du lotus, position du lotus, yoga
ğŸ§˜â€â™‚ homme dans la posture du lotus, mÃ©ditation, position du lotus, yoga
ğŸ§˜â€â™€ femme dans la posture du lotus, mÃ©ditation, position du lotus, yoga
ğŸ›€ baignoire, bain, personne prenant un bain
ğŸ›Œ lit, personne au lit
ğŸ§‘â€ğŸ¤â€ğŸ§‘ personnes se tenant par la main
ğŸ‘­ couple, deux femmes se tenant par la main, ensemble, femmes, jumelles, main, main dans la main, se tenant par la main, union
ğŸ‘« couple, ensemble, femme, homme, homme et femme se tenant par la main, main, main dans la main, se tenant par la main, union
ğŸ‘¬ couple, deux hommes se tenant par la main, ensemble, gÃ©meaux, hommes, jumeaux, main, main dans la main, se tenant par la main, union, zodiaque
ğŸ’ baiser, bisou, couple
ğŸ’‘ amour, cÅ“ur, couple, couple avec cÅ“ur
ğŸ‘ª enfant, famille, mÃ¨re, pÃ¨re
ğŸ—£ parler, parole, silhouette, tÃªte qui parle, visage
ğŸ‘¤ buste, silhouette, silhouette de buste
ğŸ‘¥ bustes, silhouettes, silhouettes de bustes
ğŸ«‚ accolade, au revoir, bonjour, merci, personnes qui sâ€™Ã©treignent
ğŸ‘£ empreinte, pas, pied, trace, traces de pas
ğŸ¦° cheveux roux, rouquin, rouquine
ğŸ¦± afro, boucles, bouclÃ©s, cheveux bouclÃ©s
ğŸ¦³ blancs, cheveux, gris, vieux
ğŸ¦² chauve, chimiothÃ©rapie, imberbe, rasÃ©, sans cheveux
ğŸµ singe, tÃªte, tÃªte de singe
ğŸ’ singe
ğŸ¦ gorille
ğŸ¦§ orang-outan, singe
ğŸ¶ animal, chien, compagnie, domestique, tÃªte, tÃªte de chien
ğŸ• animal, chien, compagnie, domestique
ğŸ¦® accessibilitÃ©, animal, aveugle, chien guide, chien-guide, guide, non-voyant
ğŸ•â€ğŸ¦º accessibilitÃ©, aide, assistance, chien, chien dâ€™assistance
ğŸ© animal, caniche, compagnie, domestique
ğŸº loup, tÃªte
ğŸ¦Š renard, tÃªte
ğŸ¦ animal, curieux, raton laveur, sournois
ğŸ± animal, chat, compagnie, domestique, tÃªte, tÃªte de chat
ğŸˆ animal, chat, compagnie, domestique
ğŸˆâ€â¬› chat, malchanceux, noir
ğŸ¦ lion, tÃªte, tÃªte de lion, zodiaque
ğŸ¯ tÃªte, tÃªte de tigre, tigre
ğŸ… tigre
ğŸ† lÃ©opard
ğŸ´ cheval, tÃªte, tÃªte de cheval
ğŸ cheval, course, Ã©questre, hippique
ğŸ¦„ licorne, tÃªte
ğŸ¦“ animal, rayure, zÃ¨bre, zÃ©brure
ğŸ¦Œ cerf
ğŸ¦¬ bison, buffle, troupeau
ğŸ® tÃªte, tÃªte de vache, vache
ğŸ‚ bÅ“uf, taureau, zodiaque
ğŸƒ buffle
ğŸ„ vache
ğŸ· cochon, porc, tÃªte, tÃªte de cochon
ğŸ– cochon, porc
ğŸ— sanglier
ğŸ½ cochon, groin, nez, nez de cochon, porc
ğŸ bÃ©lier, zodiaque
ğŸ‘ brebis
ğŸ capricorne, chÃ¨vre, zodiaque
ğŸª bosse, dromadaire
ğŸ« bosses, chameau
ğŸ¦™ alpaga, guanaco, laine, lama, vigogne
ğŸ¦’ animal, girafe, taches
ğŸ˜ Ã©lÃ©phant
ğŸ¦£ dÃ©fenses, extinction, gros animal, mammouth
ğŸ¦ rhinocÃ©ros
ğŸ¦› animal, hippopotame
ğŸ­ souris, tÃªte, tÃªte de souris
ğŸ souris
ğŸ€ rat
ğŸ¹ animal, compagnie, domestique, hamster, tÃªte, tÃªte de hamster
ğŸ° lapin, tÃªte, tÃªte de lapin
ğŸ‡ animal, compagnie, domestique, lapin
ğŸ¿ Ã©cureuil, suisse, tamia
ğŸ¦« barrage, castor
ğŸ¦” animal, Ã©pineux, hÃ©risson
ğŸ¦‡ chauve-souris, vampire
ğŸ» ours, tÃªte
ğŸ»â€â„ arctique, blanc, ours, ours polaire
ğŸ¨ koala
ğŸ¼ panda, tÃªte, tÃªte de panda
ğŸ¦¥ endormi, lent, paresseux
ğŸ¦¦ joueur, loutre, pÃªcheur
ğŸ¦¨ animal, bÃªte puante, mouffette, odeur, puer, putois
ğŸ¦˜ Australie, bÃ©bÃ© kangourou, kangourou, marsupial, saut
ğŸ¦¡ blaireau, ratel
ğŸ¾ empreintes, empreintes dâ€™animaux, foulÃ©es, marques, pas, pattes, traces
ğŸ¦ƒ dinde, oiseau
ğŸ” oiseau, poule
ğŸ“ coq, oiseau
ğŸ£ Ã©closion, oiseau, poussin, poussin qui Ã©clÃ´t
ğŸ¤ oiseau, poussin
ğŸ¥ oiseau, poussin de face
ğŸ¦ oiseau
ğŸ§ oiseau, pingouin
ğŸ•Š animal, colombe, oiseau
ğŸ¦… aigle, animal, oiseau, rapace
ğŸ¦† canard, oiseau
ğŸ¦¢ cygne, jeune cygne, oiseau, vilain petit canard
ğŸ¦‰ animal, chouette, oiseau
ğŸ¦¤ dodo, extinction, gros oiseau, Maurice
ğŸª¶ lÃ©ger, oiseau, plume, vol
ğŸ¦© flamant, rose, tropical
ğŸ¦š animal, fier, oiseau, paon, paonne, prÃ©tentieux
ğŸ¦œ animal, oiseau, parle, perroquet, pirate
ğŸ¸ grenouille, tÃªte, tÃªte de grenouille
ğŸŠ crocodile
ğŸ¢ tortue
ğŸ¦ animal, lÃ©zard, reptile
ğŸ serpent, serpentaire, zodiaque
ğŸ² dragon, tÃªte, tÃªte de dragon
ğŸ‰ contes, dragon, fantastique, fÃ©es, merveilleux
ğŸ¦• animal, brachiosaure, brontosaure, diplodocus, sauropode
ğŸ¦– T. rex, Tyrannosaurus Rex
ğŸ³ baleine, baleine qui expulse de lâ€™eau, expulse de lâ€™eau, souffle
ğŸ‹ baleine
ğŸ¬ dauphin, flipper
ğŸ¦­ lion de mer, otarie, phoque
ğŸŸ animal, poisson, poissons, zodiaque
ğŸ  poisson, tropical
ğŸ¡ poisson, poisson-globe
ğŸ¦ˆ animal, poisson, requin
ğŸ™ pieuvre
ğŸš coquille, coquille en spirale, spirale
ğŸŒ escargot
ğŸ¦‹ insecte, mignon, papillon
ğŸ› chenille, insecte
ğŸœ fourmi, insecte
ğŸ abeille, insecte
ğŸª² insecte, scarabÃ©e
ğŸ bÃªte Ã  bon dieu, catherine, coccinelle, colÃ©optÃ¨re, insecte
ğŸ¦— animal, criquet, insecte, sauterelle
ğŸª³ cafard, coquerelle, insecte, nuisible
ğŸ•· araignÃ©e
ğŸ•¸ araignÃ©e, toile, toile dâ€™araignÃ©e
ğŸ¦‚ scorpion, zodiaque
ğŸ¦Ÿ fiÃ¨vre, insecte, maladie, malaria, moustique, virus
ğŸª° maladie, mouche, pourrissement, puanteur, ver
ğŸª± annÃ©lide, parasite, ver, ver de terre
ğŸ¦  amibe, bactÃ©rie, microbe, virus
ğŸ’ bouquet, fleur, plante
ğŸŒ¸ cerisier, fleur, fleur de cerisier
ğŸ’® blanche, fleur
ğŸµ plante, rosette
ğŸŒ¹ fleur, rose
ğŸ¥€ fanÃ©e, fleur
ğŸŒº fleur, hibiscus
ğŸŒ» fleur, tournesol
ğŸŒ¼ bourgeon, fleur
ğŸŒ· fleur, tulipe
ğŸŒ± jeune plant, jeune pousse, plantule
ğŸª´ ennuyeux, faire pousser, intÃ©rieur, inutile, plante, plante en pot, prendre soin
ğŸŒ² arbre, conifÃ¨re, feuillage persistant
ğŸŒ³ arbre, arbre Ã  feuilles caduques, feuilles caduques, feuillu
ğŸŒ´ arbre, palmier
ğŸŒµ cactus, plante
ğŸŒ¾ plant, plant de riz, riz
ğŸŒ¿ feuille, plante
â˜˜ plante, trÃ¨fle, trÃ¨fle Ã  trois feuilles, trois feuilles
ğŸ€ chance, quatre feuilles, trÃ¨fle, trÃ¨fle Ã  quatre feuilles
ğŸ Ã©rable, feuille, feuille dâ€™Ã©rable
ğŸ‚ feuille, morte
ğŸƒ feuille, virevoltante
ğŸ‡ fruit, raisin
ğŸˆ fruit, melon
ğŸ‰ fruit, melon dâ€™eau
ğŸŠ fruit, orange, tangerine
ğŸ‹ citron, fruit
ğŸŒ banane, fruit
ğŸ ananas, fruit
ğŸ¥­ fruit, mangue, tropical
ğŸ fruit, pomme, rouge
ğŸ fruit, pomme, verte
ğŸ fruit, poire
ğŸ‘ fruit, pÃªche
ğŸ’ cerises, fruit
ğŸ“ fraise, fruit
ğŸ« baies, bleuets, myrtilles
ğŸ¥ fruit, kiwi
ğŸ… lÃ©gume, plante, tomate
ğŸ«’ nourriture, olive
ğŸ¥¥ fruit, noix de coco, palmier, piÃ±a colada
ğŸ¥‘ avocat, fruit
ğŸ† aubergine, lÃ©gume
ğŸ¥” lÃ©gume, patate, pomme de terre
ğŸ¥• carotte, lÃ©gume
ğŸŒ½ blÃ© dâ€™Inde, Ã©pi de blÃ© dâ€™Inde, Ã©pi de maÃ¯s, maÃ¯s
ğŸŒ¶ piment, piment rouge
ğŸ«‘ lÃ©gume, piment, poivron, poivron rouge
ğŸ¥’ concombre, lÃ©gume
ğŸ¥¬ chinois, chou, frisÃ©, laitue, lÃ©gume Ã  feuilles vertes, pommÃ©
ğŸ¥¦ brocoli, chou sauvage
ğŸ§„ ail, aromatisant, assaisonnement, condiment
ğŸ§… aromatisant, assaisonnement, condiment, oignon
ğŸ„ champignon, vÃ©nÃ©neux
ğŸ¥œ arachide, arachides, cacahuÃ¨te, noisette
ğŸŒ° chÃ¢taigne, plante
ğŸ baguette, pain
ğŸ¥ croissant, pain, viennoiserie
ğŸ¥– baguette, pain
ğŸ«“ arepa, galette, lavash, naan, pain plat, pita
ğŸ¥¨ bretzel, torsade
ğŸ¥¯ bagel, boulangerie, petit-dÃ©jeuner, schmear
ğŸ¥ crÃªpe, crÃªpes, pancake
ğŸ§‡ gaufre, gourmandise, moule, pÃ¢tisserie, petit-dÃ©jeuner
ğŸ§€ fromage, morceau, morceau de fromage
ğŸ– os, viande, viande sur son os
ğŸ— cuisse, cuisse de poulet, os, poulet, volaille
ğŸ¥© cÃ´telette, cÃ´telette dâ€™agneau, cÃ´telette de porc, morceau de viande, steak
ğŸ¥“ bacon, lard, viande
ğŸ” burger, hambourgeois, hamburger
ğŸŸ frites, patate
ğŸ• fromage, part, pizza
ğŸŒ­ chien chaud, Francfort, hot dog, saucisse
ğŸ¥ª pain, sandwich
ğŸŒ® mexicain, taco
ğŸŒ¯ burrito, mexicain
ğŸ«” mexicain, papillote, tamal
ğŸ¥™ chichekÃ©bab, doner, falafel, gyro, kÃ©bab, pain plat garni, pita
ğŸ§† boulettes, falafels, pois chiches, seitan, soja, viande
ğŸ¥š aliment, nourriture, Å“uf
ğŸ³ cuisine, friture, Å“uf, poÃªle
ğŸ¥˜ casserole, nourriture, paella, plat mitonnÃ©, poÃªle, repas
ğŸ² bol de nourriture, marmite, ragoÃ»t
ğŸ«• chocolat, fondu, fondue, fromage, plat, suisse
ğŸ¥£ bol avec cuillÃ¨re, cÃ©rÃ©ales, congee, dÃ©jeuner
ğŸ¥— salade, verte
ğŸ¿ pop-corn, popcorn
ğŸ§ˆ beurre, produit laitier
ğŸ§‚ condiment, mÃ©langeur, sel
ğŸ¥« aliments en conserve, conserve
ğŸ± bento, boÃ®te, boÃ®te Ã  bento
ğŸ˜ craquelin, craquelin de riz, riz
ğŸ™ boulette, boulette de riz, riz
ğŸš bol, bol de riz, riz
ğŸ› cari, carry, cary, curry, kari, riz, riz au curry
ğŸœ bol fumant, nouilles, ramen, vapeur
ğŸ pÃ¢tes, spaghetti
ğŸ  douce, grillÃ©e, patate
ğŸ¢ brochette, fruits de mer, oden
ğŸ£ japonais, poisson, sushi
ğŸ¤ crevette, crevette frite
ğŸ¥ gÃ¢teau au poisson, narutomaki, pÃ¢tÃ© de poisson, surimi, surimi avec dÃ©coration
ğŸ¥® automne, festival, gÃ¢teau de lune, yuÃ¨bÇng
ğŸ¡ Brochette, dango, dessert, japonais, sucrÃ©
ğŸ¥Ÿ dumpling, empanada, gyÅza, jiaozi, pierogi, potsticker
ğŸ¥  biscuit chinois, prophÃ©tie
ğŸ¥¡ boÃ®te Ã  emporter, carton, chinois, nourriture Ã  emporter
ğŸ¦€ cancer, crabe, zodiaque
ğŸ¦ bisque, fruits de mer, homard, pinces
ğŸ¦ crevette, crustacÃ©, nourriture
ğŸ¦‘ calamar, mollusque
ğŸ¦ª coquille, huÃ®tre, mollusque, perle
ğŸ¦ cornet, crÃ¨me glacÃ©e, crÃ¨me glacÃ©e molle, dessert, glace
ğŸ§ glace, pilÃ©e
ğŸ¨ crÃ¨me, crÃ¨me glacÃ©e, dessert, glace, sucrÃ©
ğŸ© beigne, beignet, dessert, sucrÃ©
ğŸª biscuit, dessert, sucrÃ©
ğŸ‚ anniversaire, dessert, fÃªte, gÃ¢teau, gÃ¢teau de fÃªte, pÃ¢tisserie
ğŸ° dessert, gÃ¢teau, gÃ¢teau sablÃ©, part, pÃ¢tisserie, sucrerie
ğŸ§ cupcake, pÃ¢tisserie, petit gÃ¢teau, sucrerie
ğŸ¥§ dÃ©coration, garniture, gÃ¢teau, pÃ¢tisserie, tarte
ğŸ« barre, chocolat, dessert, sucrÃ©, tablette de chocolat
ğŸ¬ bonbon, dessert, sucrÃ©, sucrerie
ğŸ­ dessert, suÃ§on, sucrÃ©, sucrerie
ğŸ® crÃ¨me caramel, dessert, pudding, sucrÃ©
ğŸ¯ miel, pot, pot de miel, sucrÃ©
ğŸ¼ bÃ©bÃ©, biberon, boisson, lait
ğŸ¥› boisson, lait, verre, verre de lait
â˜• boisson chaude, cafÃ©, thÃ©
ğŸ«– boisson, thÃ©, thÃ©iÃ¨re
ğŸµ boisson, tasse, thÃ©
ğŸ¶ bar, boisson, bouteille, sakÃ©, tasse
ğŸ¾ boisson, bouchon, bouteille, bouteille de champagne, pop
ğŸ· bar, boisson, verre, verre de vin, vin
ğŸ¸ cocktail, verre
ğŸ¹ cocktail, tropical, verre
ğŸº bar, biÃ¨re, boisson, chope, chope de biÃ¨re
ğŸ» bar, biÃ¨re, boisson, chope, chopes de biÃ¨re qui tintent, trinquer
ğŸ¥‚ boisson, cÃ©lÃ©brer, trinquer, verre, verres qui tintent
ğŸ¥ƒ bourbon, liqueur, spiritueux, verre, whisky
ğŸ¥¤ jus de fruits, paille, soda, verre, verre avec paille
ğŸ§‹ lait, perles, thÃ©, thÃ© aux perles
ğŸ§ƒ boÃ®te Ã  boire, briquette de jus, carton, jus de fruits
ğŸ§‰ boisson, matÃ©
ğŸ§Š froid, glace, glaÃ§on, iceberg
ğŸ¥¢ baguettes, hashi
ğŸ½ assiette, couteau, couverts, fourchette, fourchette et couteau avec assiette
ğŸ´ couteau, couverts, fourchette, fourchette et couteau, repas
ğŸ¥„ couvert, cuillÃ¨re
ğŸ”ª arme, couteau, couteau de cuisine, cuisine, outil
ğŸº amphore, cuisine, vase, verseau, zodiaque
ğŸŒ Afrique, Europe, globe, globe qui montre lâ€™Europe et lâ€™Afrique, monde
ğŸŒ AmÃ©rique, globe, globe qui montre lâ€™AmÃ©rique, monde
ğŸŒ Asie, Australie, globe, globe qui montre lâ€™Asie et lâ€™Australie, monde
ğŸŒ globe, globe qui montre les mÃ©ridiens, mÃ©ridiens, monde, terre
ğŸ—º carte, carte du monde, monde
ğŸ—¾ carte, carte du Japon, Japon
ğŸ§­ boussole, magnÃ©tique, navigation, orientation
ğŸ” enneigÃ©e, montagne, neige
â›° montagne
ğŸŒ‹ Ã©ruption, montagne, volcan
ğŸ—» Fuji, mont, montagne
ğŸ• camping
ğŸ– parasol, plage, plage et parasol
ğŸœ dÃ©sert
ğŸ dÃ©serte, Ã®le
ğŸ national, parc
ğŸŸ stade
ğŸ› classique, monument
ğŸ— bÃ¢timent, construction, construction dâ€™un bÃ¢timent
ğŸ§± argile, brique, briques, mortier, mur
ğŸª¨ lourde, roche, rocher, solide
ğŸªµ bois, bÃ»che, rondins, tronc
ğŸ›– hutte, maison, ronde, yourte
ğŸ˜ bÃ¢timents, maisons
ğŸš abandonnÃ©e, maison, ruine
ğŸ  bÃ¢timent, maison, pavillon
ğŸ¡ jardin, logement, maison, maison avec jardin
ğŸ¢ bureaux, immeuble, immeuble de bureaux
ğŸ£ bÃ¢timent, bureau de poste japonais, japon, poste, poste japonaise
ğŸ¤ bureau, bureau de poste, poste
ğŸ¥ bÃ¢timent, docteur, hÃ´pital, mÃ©decin, mÃ©decine
ğŸ¦ banque, bÃ¢timent
ğŸ¨ bÃ¢timent, hÃ´tel
ğŸ© couples, hÃ´tel, hÃ´tel pour couples
ğŸª dÃ©panneur, Ã©picerie, magasin
ğŸ« bÃ¢timent, Ã©cole
ğŸ¬ grand magasin, magasin
ğŸ­ bÃ¢timent, usine
ğŸ¯ chÃ¢teau, japonais
ğŸ° chÃ¢teau, europÃ©en
ğŸ’’ amour, chapelle, idylle, mariage
ğŸ—¼ Tokyo, tour, tour de Tokyo
ğŸ—½ statue de la LibertÃ©
â›ª bÃ¢timent, chrÃ©tien, croix, Ã©glise, religion
ğŸ•Œ islam, mosquÃ©e, musulman, religion
ğŸ›• hindou, temple
ğŸ• juif, juive, religion, synagogue, temple
â›© religion, sanctuaire, shinto
ğŸ•‹ islam, kaaba, musulman, religion
â›² fontaine
â›º camping, tente
ğŸŒ brouillard, brume
ğŸŒƒ Ã©toilÃ©e, Ã©toiles, nuit
ğŸ™ bÃ¢timent, paysage urbain, ville
ğŸŒ„ lever, lever de soleil sur les montagnes, montagnes, soleil
ğŸŒ… levant, lever de soleil, matin, soleil
ğŸŒ† coucher, crÃ©puscule, paysage urbain, soir, soleil, ville, ville au crÃ©puscule
ğŸŒ‡ coucher, coucher de soleil, crÃ©puscule, soleil
ğŸŒ‰ nuit, pont, pont de nuit
â™¨ source, sources thermales, thermale
ğŸ  carrousel, cheval, cheval de carrousel, manÃ¨ge
ğŸ¡ grande roue, parc dâ€™attractions
ğŸ¢ montagnes, parc dâ€™attractions, russes
ğŸ’ˆ barbier, coiffure, enseigne, enseigne de barbier
ğŸª chapiteau, cirque
ğŸš‚ chemin de fer, locomotive, train, vapeur
ğŸšƒ chemin de fer, Ã©lectrique, train, tram, trolley, voiture, wagon
ğŸš„ chemin de fer, grande vitesse, shinkansen, TGV, train, train Ã  grande vitesse
ğŸš… chemin de fer, shinkansen, superexpress, train, vitesse
ğŸš† chemin de fer, train
ğŸš‡ mÃ©tro
ğŸšˆ chemin de fer, mÃ©tro lÃ©ger, train de banlieue
ğŸš‰ chemin de fer, gare, train
ğŸšŠ tram, tramway, trolley, trolleybus
ğŸš monorail, vÃ©hicule
ğŸš chemin de fer, montagne, train, train de montagne, voiture, wagon
ğŸš‹ tram, trolley, trolleybus, voiture, wagon de tramway
ğŸšŒ autobus, bus, vÃ©hicule
ğŸš Ã  lâ€™arrivÃ©, autobus, bus, bus de face, de face
ğŸš bus, tram, trolley, trolleybus
ğŸš bus, minibus
ğŸš‘ ambulance, vÃ©hicule
ğŸš’ autopompe, camion, camion de pompier, incendie, pompier
ğŸš“ patrouille, police, voiture, voiture de police
ğŸš” de face, police, voiture, voiture de police de face
ğŸš• taxi, vÃ©hicule
ğŸš– de face, taxi, taxi de face
ğŸš— automobile, char, voiture
ğŸš˜ automobile, char, de face, voiture, voiture de face
ğŸš™ loisirs, sport, utilitaire, vÃ©hicule
ğŸ›» camion, camionnette
ğŸšš camion, camion de livraison, livraison
ğŸš› camion, poids lourd, semi, semi-remorque
ğŸšœ tracteur, vÃ©hicule
ğŸ course, voiture, voiture de course
ğŸ course, moto
ğŸ›µ scooter, scouteur
ğŸ¦½ accessibilitÃ©, fauteuil roulant manuel
ğŸ¦¼ accessibilitÃ©, fauteuil motorisÃ©, fauteuil roulant
ğŸ›º rickshaw, taxi, tricycle, tuk tuk
ğŸš² bicyclette, vÃ©lo
ğŸ›´ trottinette
ğŸ›¹ glisse, longboard, planche Ã  roulettes, roulettes, skateboard
ğŸ›¼ patin, patin Ã  roulettes, roulettes
ğŸš arrÃªt, arrÃªt de bus, autobus, bus
ğŸ›£ autoroute, route, voie publique
ğŸ›¤ chemin de fer, train, voie ferrÃ©e
ğŸ›¢ baril, baril de pÃ©trole, pÃ©trole
â›½ carburant, diesel, essence, pompe, pompe Ã  essence, station
ğŸš¨ gyrophare, lumiÃ¨re, police, voiture
ğŸš¥ circulation, feu, feu de circulation horizontal, horizontal, tricolore
ğŸš¦ circulation, feu, feu de circulation vertical, tricolore, vertical
ğŸ›‘ octogonal, signe, stop
ğŸš§ barriÃ¨re, travaux
âš“ ancre, bateau, outil
â›µ bateau, mer, voile, voilier, yacht
ğŸ›¶ bateau, canoÃ«
ğŸš¤ bateau, hors-bord
ğŸ›³ bateau, paquebot
â›´ bateau, passager, traversier
ğŸ›¥ bateau, bateau Ã  moteur, moteur
ğŸš¢ bateau, navire, passager
âœˆ avion
ğŸ›© avion, petit
ğŸ›« avion, avion au dÃ©collage, dÃ©collage, dÃ©part, embarquement
ğŸ›¬ arrivÃ©e, atterrissage, avion, avion Ã  lâ€™atterissage, dÃ©barquement
ğŸª‚ chute libre, parachute, parachute ascensionnel, parapente
ğŸ’º fauteuil, siÃ¨ge
ğŸš hÃ©licoptÃ¨re, vÃ©hicule
ğŸšŸ suspendu, train
ğŸš  montagne, tÃ©lÃ©cabine, tÃ©lÃ©phÃ©rique
ğŸš¡ funiculaire, tÃ©lÃ©phÃ©rique, tramway, voiture, wagon
ğŸ›° espace, satellite
ğŸš€ espace, fusÃ©e
ğŸ›¸ OVNI, soucoupe volante
ğŸ› cloche, cloche de comptoir, comptoire, hÃ´tel
ğŸ§³ bagage, valise, voyage
âŒ› minuteur, sable, sablier
â³ en cours, minuteur, sable, sablier, sablier avec sable qui coule
âŒš heure, montre
â° alarme, heure, rÃ©veil
â± chronomÃ¨tre, heure
â² heure, minuteur
ğŸ•° horloge, pendule de cheminÃ©e
ğŸ•› 0 h, 12 h, midi, midi/minuit, minuit
ğŸ•§ 00 h 30, 12 h 30, midi et demie, midi/minuit et demie, minuit et demie
ğŸ• 1 h, 13 h, une heure
ğŸ•œ 1 h 30, 13 h 30, une heure et demie
ğŸ•‘ 14 h, 2 h, deux heures
ğŸ• 14 h 30, 2 h 30, deux heures et demie
ğŸ•’ 15 h, 3 h, trois heures
ğŸ• 15 h 30, 3 h 30, trois heures et demie
ğŸ•“ 16 h, 4 h, quatre heures
ğŸ•Ÿ 16 h 30, 4 h 30, quatre heures et demie
ğŸ•” 17 h, 5 h, cinq heures
ğŸ•  17 h 30, 5 h 30, cinq heures et demie
ğŸ•• 18 h, 6 h, six heures
ğŸ•¡ 18 h 30, 6 h 30, six heures et demie
ğŸ•– 19 h, 7 h, sept heures
ğŸ•¢ 19 h 30, 7 h 30, sept heures et demie
ğŸ•— 20 h, 8 h, huit heures
ğŸ•£ 20 h 30, 8 h 30, huit heures et demie
ğŸ•˜ 21 h, 9 h, neuf heures
ğŸ•¤ 21 h 30, 9 h 30, neuf heures et demie
ğŸ•™ 10 h, 22 h, dix heures
ğŸ•¥ 10 h 30, 22 h 30, dix heures et demie
ğŸ•š 11 h, 23 h, onze heures
ğŸ•¦ 11 h 30, 23 h 30, onze heures et demie
ğŸŒ‘ lune, nouvelle
ğŸŒ’ lune, premier croissant, premier croissant de lune
ğŸŒ“ lune, premier quartier, premier quartier de lune
ğŸŒ” gibbeuse croissante, lune, lune gibbeuse croissante
ğŸŒ• lune, pleine
ğŸŒ– gibbeuse dÃ©croissante, lune, lune gibbeuse dÃ©croissante
ğŸŒ— dernier quartier, dernier quartier de lune, lune
ğŸŒ˜ dernier croissant, dernier croissant de lune, lune
ğŸŒ™ croissant, croissant de lune, lune
ğŸŒš lune, nouvelle, nouvelle lune avec visage, visage
ğŸŒ› lune, premier quartier, premier quartier de lune avec visage, visage
ğŸŒœ dernier quartier, dernier quartier de lune avec visage, lune, visage
ğŸŒ¡ mÃ©tÃ©o, thermomÃ¨tre
â˜€ brillant, mÃ©tÃ©o, rayons, soleil
ğŸŒ lune, pleine, pleine lune avec visage, visage
ğŸŒ soleil, soleil avec visage, visage
ğŸª planÃ¨te Ã  anneaux, saturne, saturnien, saturnienne
â­ Ã©toile, Ã©toile moyenne
ğŸŒŸ brillante, Ã©toile
ğŸŒ  Ã©toile, filante
ğŸŒŒ espace, voie lactÃ©e, Voie lactÃ©e
â˜ mÃ©tÃ©o, nuage
â›… nuage, nuageux, soleil, soleil derriÃ¨re un nuage
â›ˆ Ã©clair, nuage, nuage avec Ã©clair et pluie, pluie
ğŸŒ¤ nuage, petit nuage, soleil, soleil derriÃ¨re un petit nuage
ğŸŒ¥ gros nuage, nuage, soleil, soleil derriÃ¨re un gros nuage
ğŸŒ¦ nuage, nuage de pluie, soleil, soleil derriÃ¨re un nuage de pluie
ğŸŒ§ nuage, nuage de pluie, pluie
ğŸŒ¨ flocons, neige, nuage, nuage avec de la neige
ğŸŒ© Ã©clair, nuage, nuage avec un Ã©clair
ğŸŒª nuage, tornade, tourbillon
ğŸŒ« brouillard, nuage
ğŸŒ¬ mÃ©tÃ©o, souffle, vent, visage, visage qui souffle du vent
ğŸŒ€ cyclone, ouragan, tourbillon, typhon
ğŸŒˆ arc-en-ciel, pluie
ğŸŒ‚ fermÃ©, parapluie, pluie, vÃªtement
â˜‚ parapluie, parapluie ouvert, pluie, vÃªtement
â˜” gouttes, parapluie, parapluie avec gouttes de pluie, pluie
â›± mÃ©tÃ©o, parapluie, parasol, parasol sur le sol, pluie, soleil
âš¡ danger, Ã©clair, Ã©lectricitÃ©, Ã©lectrocuter, haute tension
â„ flocon, flocon de neige, froid, neige
â˜ƒ bonhomme de neige, bonhomme de neige avec flocons, flocons, froid, neige
â›„ bonhomme de neige, bonhomme de neige sans neige, froid, neige, sans
â˜„ comÃ¨te, espace
ğŸ”¥ feu, flamme, outil
ğŸ’§ bande dessinÃ©e, eau, goutte, goutte dâ€™eau, gouttelette, sueur
ğŸŒŠ eau, mer, ocÃ©an, vague
ğŸƒ citrouille, citrouille lanterne, halloween
ğŸ„ cÃ©lÃ©bration, noÃ«l, sapin de NoÃ«l
ğŸ† artifice, cÃ©lÃ©bration, feu, feu dâ€™artifice
ğŸ‡ artifice, bengale, cÃ©lÃ©bration, feu, feu de Bengale
ğŸ§¨ dynamite, explosif, feu dâ€™artifice, pÃ©tard
âœ¨ Ã©tincelles, Ã©toile
ğŸˆ ballon, ballon de fÃªte, fÃªte
ğŸ‰ cÃ©lÃ©bration, confettis, cornet, cornet Ã  confettis, fÃªte
ğŸŠ boule, boule de confetti, cÃ©lÃ©bration, confettis, fÃªte
ğŸ‹ arbre, arbre Ã  priÃ¨res, japonais, tanabata
ğŸ bambou, cÃ©lÃ©bration, composition florale, composition florale japonaise, japonais
ğŸ festival, japonais, japonaises, poupÃ©es
ğŸ carpe, fÃªte, koinobori
ğŸ carillon, carillon Ã  vent, clochette, fÃªte, vent
ğŸ‘ cÃ©rÃ©monie, cÃ©rÃ©monie dâ€™observation de la lune, lune
ğŸ§§ argent, bonne chance, cadeau, enveloppe rouge, hÃ³ngbÄo, lai see
ğŸ€ fÃªte, ruban
ğŸ anniversaire, cadeau, cÃ©lÃ©bration, fÃªte, prÃ©sent
ğŸ— commÃ©moratif, ruban, souvenir
ğŸŸ billet, billets dâ€™entrÃ©e, entrÃ©e, spectacle
ğŸ« billet, spectacle
ğŸ– dÃ©coration, mÃ©daille, militaire
ğŸ† prix, trophÃ©e
ğŸ… mÃ©daille, sportive
ğŸ¥‡ 1er, 1re, mÃ©daille, mÃ©daille dâ€™or, or, premiÃ¨re place
ğŸ¥ˆ 2e, argent, deuxiÃ¨me, deuxiÃ¨me place, mÃ©daille, mÃ©daille dâ€™argent
ğŸ¥‰ 3e, bronze, mÃ©daille, mÃ©daille de bronze, troisiÃ¨me, troisiÃ¨me place
âš½ ballon, ballon de soccer, foot, soccer
âš¾ balle, baseball
ğŸ¥ balle, gant, molle, softball
ğŸ€ ballon, ballon de basket, basket, basketball, panier
ğŸ ballon, ballon de volley, volley
ğŸˆ ballon, ballon de football, football
ğŸ‰ ballon, ballon de rugby, rugby
ğŸ¾ balle, raquette, tennis
ğŸ¥ disque dâ€™Ã©quipe, disque volant
ğŸ³ boule, bowling, jeu de quilles, quilles
ğŸ balle, bÃ¢ton, cricket
ğŸ‘ balle, bÃ¢ton, gazon, hockey, hockey sur gazon
ğŸ’ bÃ¢ton, disque, glace, hockey, hockey sur glace, rondelle
ğŸ¥ balle, but, crosse, sport
ğŸ“ balle, ping-pong, raquette, table, tennis, tennis de table
ğŸ¸ badminton, moineau, raquette, volant
ğŸ¥Š boxe, gant, gant de boxe
ğŸ¥‹ arts martiaux, judo, karatÃ©, kimono, taekwondo, uniforme dâ€™arts martiaux
ğŸ¥… but, cage, filet
â›³ drapeau, drapeau de golf, golf, trou
â›¸ glace, patin, patin Ã  glace
ğŸ£ canne, ligne, pÃªche, pÃªche Ã  la ligne
ğŸ¤¿ apnÃ©e, masque de plongÃ©e, plonger, snorkeling, tuba
ğŸ½ athlÃ©tisme, course, maillot, maillot de course
ğŸ¿ neige, ski, skis
ğŸ›· luge, traÃ®neau
ğŸ¥Œ granit, match, partie, pierre de curling, sport
ğŸ¯ cible, dans le mille, flÃ©chette
ğŸª€ descendre, jouet, monter, osciller, yoyo
ğŸª cerf-volant, planer, voler
ğŸ± billard, boule de billard, jeu, pool
ğŸ”® boule, boule de cristal, cristal
ğŸª„ baguette magique, magicien, magicienne, magie, sorcier, sorciÃ¨re
ğŸ§¿ amulette, mauvais Å“il, nazar, talisman
ğŸ® jeu vidÃ©o, manette
ğŸ•¹ jeu, jeu vidÃ©o, joystick, manette de jeu
ğŸ° jeu, machine Ã  sous
ğŸ² dÃ©, dÃ©s, jeu
ğŸ§© casse-tÃªte, piÃ¨ce
ğŸ§¸ jeu, jouet, ours en peluche, peluche, toutou
ğŸª… fÃªte, piÃ±ata
ğŸª† poupÃ©e russe, poupÃ©es russes, russie
â™  carte, couleur, jeu, pique
â™¥ carte, cÅ“ur, cÅ“ur cartes, couleur, jeu
â™¦ carreau, carreaux, carte, couleur, jeu
â™£ carte, couleur, jeu, trÃ¨fle
â™Ÿ duper, Ã©chec, pion, sacrifiable
ğŸƒ carte, jeu, joker
ğŸ€„ dragon, mahjong, rouge
ğŸ´ carte, fleur, japonais, jeu, jeu des fleurs
ğŸ­ art, arts du spectacle, masque, spectacle, thÃ©Ã¢tre
ğŸ–¼ art, cadre avec image, image, musÃ©e, peinture
ğŸ¨ art, musÃ©e, palette, palette de peinture, peinture
ğŸ§µ aiguille, bobine, bobine de fil, couture, ficelle
ğŸª¡ aiguille, aiguille Ã  coudre, broderie, coudre, couture, coutures, points
ğŸ§¶ boule, crochet, fil, pelote, tricot
ğŸª¢ attacher, corde, entrelacer, nÅ“ud, nouÃ©, tordre
ğŸ‘“ lunettes, lunettes de vue, Å“il, vÃªtements
ğŸ•¶ lunettes, lunettes de soleil, soleil
ğŸ¥½ lunettes, natation, protection des yeux, soudage, soudure
ğŸ¥¼ blouse blanche, docteur, expÃ©rience, scientifique
ğŸ¦º sÃ©curitÃ©, urgence, veste, veste de sÃ©curitÃ©
ğŸ‘” cravate, vÃªtements
ğŸ‘• chandail, gaminet, T-shirt, tee-shirt, vÃªtements
ğŸ‘– jean, pantalon, vÃªtements
ğŸ§£ cou, foulard, vÃªtements
ğŸ§¤ gants, main, vÃªtements
ğŸ§¥ manteau, veste, vÃªtements
ğŸ§¦ bas, chaussettes, pieds
ğŸ‘— robe, vÃªtements
ğŸ‘˜ kimono, vÃªtements
ğŸ¥» robe, sari, vÃªtement
ğŸ©± maillot de bain, maillot de bain une piÃ¨ce
ğŸ©² bobettes, maillot de bain, slip, sous-vÃªtement, une piÃ¨ce
ğŸ©³ caleÃ§on, maillot de bain, short, sous-vÃªtement
ğŸ‘™ bikini, maillot de bain, vÃªtements
ğŸ‘š femme, vÃªtements, vÃªtements de femme
ğŸ‘› monnaie, porte-monnaie, vÃªtements
ğŸ‘œ sac, sac Ã  main, vÃªtements
ğŸ‘ pochette, sac, vÃªtements
ğŸ› hÃ´tel, magasinage, sac, sacs de magasinage, shopping
ğŸ’ Ã©cole, sac, sac Ã  dos, sac dâ€™Ã©cole
ğŸ©´ gougoune, sandales, sandales de plage, tongs, zÅri
ğŸ‘ chaussure, chaussure dâ€™homme, homme, soulier, vÃªtements
ğŸ‘Ÿ chaussure, chaussure de sport, course, espadrille, sport
ğŸ¥¾ camping, chaussure, chaussure de marche, chaussure de randonnÃ©e, marche, randonnÃ©e, vÃªtements
ğŸ¥¿ ballerine, chaussure plate, chaussure sans lacets, pantoufle
ğŸ‘  chaussure, chaussure Ã  talon haut, femme, talon, vÃªtements
ğŸ‘¡ chaussure, femme, sandale, sandale Ã  talon, talon, vÃªtements
ğŸ©° ballet, chaussons de danse, chaussures, danse
ğŸ‘¢ botte, botte de femme, chaussure, femme, vÃªtements
ğŸ‘‘ couronne, reine, roi, vÃªtements
ğŸ‘’ chapeau, chapeau de femme, femme, vÃªtements
ğŸ© chapeau, haut-de-forme, vÃªtements
ğŸ“ chapeau, chapeau de diplÃ´mÃ©, diplÃ´mÃ©, mortier, remise de diplÃ´mes, vÃªtements
ğŸ§¢ casquette de baseball
ğŸª– armÃ©e, casque, guerrier, militaire, soldat
â›‘ casque, casque avec une croix blanche, chapeau, croix, secours, visage
ğŸ“¿ chapelet, priÃ¨re, religion, vÃªtements
ğŸ’„ maquillage, rouge Ã  lÃ¨vres
ğŸ’ bague, diamant
ğŸ’ bijou, diamant, joyau, pierre prÃ©cieuse
ğŸ”‡ enceinte, haut-parleur, silence, son, son coupÃ©
ğŸ”ˆ son bas, volume bas, volume faible
ğŸ”‰ son moyen, volume moyen
ğŸ”Š son Ã©levÃ©, son fort, son puissant, volume Ã©levÃ©, volume fort
ğŸ“¢ bruyant, discours, haut-parleur, porte-voix
ğŸ“£ manifestation, mÃ©gaphone, porte-voix
ğŸ“¯ cor de facteur, cor postal, facteur, poste
ğŸ”” cloche
ğŸ”• barrÃ©e, cloche, silence, silencieux
ğŸ¼ musique, partition
ğŸµ musique, note, note de musique
ğŸ¶ musique, note, notes, notes de musique
ğŸ™ micro, micro de studio
ğŸš curseur, curseur de niveau, musique, niveau
ğŸ› boutons, boutons de commande, boutons de rÃ©glage
ğŸ¤ karaoke, micro
ğŸ§ casque dâ€™Ã©coute, Ã©couteur
ğŸ“» radio, vidÃ©o
ğŸ· instrument, musique, saxophone
ğŸª— accordÃ©on, concertina
ğŸ¸ guitare, instrument, musique
ğŸ¹ clavier, instrument, musique, piano
ğŸº instrument, musique, trompette
ğŸ» instrument, musique, violon
ğŸª• banjo, cordes, instrument, musique
ğŸ¥ baguettes, batterie, musique, tambour
ğŸª˜ conga, djembÃ©, rythme, tambour
ğŸ“± tÃ©lÃ©phone, tÃ©lÃ©phone cellulaire
ğŸ“² appel, tÃ©lÃ©phone cellulaire prÃ©cÃ©dÃ© par une flÃ¨che
â˜ tÃ©lÃ©phone
ğŸ“ rÃ©cepteur tÃ©lÃ©phonique, tÃ©lÃ©phone
ğŸ“Ÿ pager, tÃ©lÃ©avertisseur
ğŸ“  fax, tÃ©lÃ©copieur
ğŸ”‹ batterie, pile
ğŸ”Œ prise, prise Ã©lectrique
ğŸ’» ordinateur, ordinateur portable
ğŸ–¥ ordinateur, ordinateur de bureau
ğŸ–¨ imprimante, ordinateur
âŒ¨ clavier, ordinateur
ğŸ–± souris, souris dâ€™ordinateur
ğŸ–² boule de commande
ğŸ’½ disque, disque dur, optique, ordinateur
ğŸ’¾ disque, disquette, ordinateur
ğŸ’¿ CD, disque, ordinateur
ğŸ“€ blu-ray, disque, DVD, ordinateur
ğŸ§® abaque, calcul
ğŸ¥ camÃ©ra, cinÃ©ma, film
ğŸ bande, cinÃ©ma, film, pellicule
ğŸ“½ cinÃ©ma, film, projecteur, projecteur cinÃ©matographique, vidÃ©o
ğŸ¬ clap, film
ğŸ“º tÃ©lÃ©, tÃ©lÃ©viseur, tÃ©lÃ©vision, TV, vidÃ©o
ğŸ“· appareil photo, vidÃ©o
ğŸ“¸ appareil photo, appareil photo avec flash, flash
ğŸ“¹ camÃ©ra, camÃ©scope, vidÃ©o
ğŸ“¼ cassette, vhs, vidÃ©o
ğŸ” agrandir, loupe, loupe orientÃ©e Ã  gauche, outil, rechercher
ğŸ” agrandir, loupe, loupe orientÃ©e Ã  droite, outil, rechercher
ğŸ•¯ bougie, lumiÃ¨re
ğŸ’¡ ampoule, idÃ©e, lumiÃ¨re
ğŸ”¦ lampe de poche, lumiÃ¨re
ğŸ® japonais, lanterne, lanterne dâ€™izakaya, lumiÃ¨re, rouge
ğŸª” ÄrtÄ«, Diwali, diya, huile, lampe, lampe Ã  beurre
ğŸ“” bloc-notes, carnet avec couverture dÃ©corative, couverture, livre
ğŸ“• livre, livre fermÃ©
ğŸ“– livre, livre ouvert
ğŸ“— livre, livre vert
ğŸ“˜ livre, livre bleu
ğŸ“™ livre, livre orange
ğŸ“š livre, livres
ğŸ““ cahier, carnet
ğŸ“’ carnet de compte, grand livre
ğŸ“ƒ page, page enroulÃ©e
ğŸ“œ papier, parchemin
ğŸ“„ document, page
ğŸ“° actualitÃ©s, journal
ğŸ— journal, journal roulÃ©
ğŸ“‘ marque, marqueur, onglets, signet
ğŸ”– marque-page, marqueur
ğŸ· Ã©tiquette
ğŸ’° argent, dollar, sac, sac dâ€™argent, sac plein dâ€™argent
ğŸª™ argent, mÃ©tal, monnaie, or, piÃ¨ce de monnaie, trÃ©sor
ğŸ’´ billet, billet en yens, yen
ğŸ’µ billet, billet en dollars, dollar
ğŸ’¶ billet, billet en euros, euro
ğŸ’· billet, billet en livres, livre
ğŸ’¸ billet, billet avec des ailes
ğŸ’³ argent, carte, carte de crÃ©dit, crÃ©dit
ğŸ§¾ comptabilitÃ©, justificatif, preuve, reÃ§u
ğŸ’¹ courbe, courbe croissante prÃ©cÃ©dÃ©e du symbole du yen, croissance, graphique, monnaie, yen
âœ‰ courriel, courrier, enveloppe, lettre
ğŸ“§ courriel, courrier, lettre
ğŸ“¨ courrier Ã©lectronique, e-mail, message, message reÃ§u
ğŸ“© courriel, enveloppe, enveloppe avec flÃ¨che, envoi, flÃ¨che
ğŸ“¤ boÃ®te dâ€™envoi, courrier Ã©lectronique, e-mail, message
ğŸ“¥ boÃ®te de rÃ©ception, courrier Ã©lectronique, e-mail, message
ğŸ“¦ colis, paquet
ğŸ“« boÃ®te aux lettres, boÃ®te aux lettres fermÃ©e, boÃ®te aux lettres fermÃ©e avec drapeau levÃ©, courrier, drapeau levÃ©
ğŸ“ª boÃ®te aux lettres, boÃ®te aux lettres fermÃ©e, boÃ®te aux lettres fermÃ©e avec drapeau baissÃ©, courrier, drapeau baissÃ©
ğŸ“¬ boÃ®te aux lettres, boÃ®te aux lettres ouverte, boÃ®te aux lettres ouverte avec drapeau levÃ©, courrier, drapeau levÃ©
ğŸ“­ boÃ®te aux lettres, boÃ®te aux lettres ouverte, boÃ®te aux lettres ouverte avec drapeau baissÃ©, courrier, drapeau baissÃ©
ğŸ“® boÃ®te aux lettres, boÃ®te postale, courrier
ğŸ—³ urne, urne Ã©lectorale
âœ crayon
âœ’ plume noire, stylo
ğŸ–‹ stylo, stylo-plume
ğŸ–Š stylo, stylo bille
ğŸ–Œ peinture, pinceau
ğŸ– crayon de cire, crayon pastel
ğŸ“ crayon, mÃ©mo
ğŸ’¼ porte-documents
ğŸ“ dossier, fichier
ğŸ“‚ dossier, dossier ouvert
ğŸ—‚ classement, index, intercalaire, intercalaires
ğŸ“… calendrier, date
ğŸ“† calendrier, calendrier Ã  effeuiller, Ã©phÃ©mÃ©ride
ğŸ—’ bloc-notes Ã  spirale, notes
ğŸ—“ calendrier, calendrier Ã  spirale
ğŸ“‡ carte, fiche, index, rolodex
ğŸ“ˆ croissance, graphique, graphique en hausse, hausse, tendance
ğŸ“‰ baisse, graphique, graphique en baisse, tendance
ğŸ“Š barres, graphique, graphiques Ã  barres
ğŸ“‹ fournitures, presse-papiers
ğŸ“Œ Ã©pingle, fournitures
ğŸ“ Ã©pingle Ã  tÃªte ronde, fournitures
ğŸ“ fournitures, trombone
ğŸ–‡ fournitures, trombones accrochÃ©s
ğŸ“ fournitures, rÃ¨gle
ğŸ“ Ã©querre, fournitures
âœ‚ ciseaux, fournitures
ğŸ—ƒ boÃ®te Ã  dossiers, dossier
ğŸ—„ classeur, dossier
ğŸ—‘ corbeille
ğŸ”’ cadenas, fermÃ©, verrouillÃ©, verrouiller
ğŸ”“ cadenas, dÃ©verrouillÃ©, dÃ©verrouiller, ouvert
ğŸ” cadenas, cadenas fermÃ© avec stylo, confidentialitÃ©, encre, stylo
ğŸ” cadenas, cadenas avec clÃ©, clÃ©, fermÃ©, sÃ©curisÃ©, sÃ»r, verrouillÃ©
ğŸ”‘ clÃ©, mot de passe, serrure
ğŸ— clÃ©, clÃ© ancienne, serrure
ğŸ”¨ marteau, outil
ğŸª“ bois, fendre, hache, hachette
â› mine, outil, pic
âš’ marteau, marteau et pic, pic
ğŸ›  clÃ©, clÃ© Ã  molette, marteau, marteau et clÃ© Ã  molette, outil
ğŸ—¡ arme, couteau, dague, poignard
âš” arme, croisÃ©es, Ã©pÃ©es
ğŸ”« arme, arme Ã  feu, pistolet, pistolet Ã  eau, revolver
ğŸªƒ australie, boomerang, outil, rÃ©percussion, retour
ğŸ¹ arc, arc et flÃ¨che, flÃ¨che, sagittaire, zodiaque
ğŸ›¡ arme, bouclier
ğŸªš bois, outil, scie, scie Ã  bois, scie Ã©goÃ¯ne
ğŸ”§ clÃ©, clÃ© Ã  molette, outil
ğŸª› outil, tournevis, vis
ğŸ”© Ã©crou, outil, vis, vis et Ã©crou
âš™ engrenage, outil
ğŸ—œ Ã©tau, outil, serre-joint
âš– balance, balance Ã  poids, zodiaque
ğŸ¦¯ accessibilitÃ©, aveugle, canne blanche, dÃ©ficient visuel, malvoyant
ğŸ”— chaÃ®nons, maillons
â›“ chaÃ®ne, chaÃ®nes
ğŸª accrocher, appÃ¢ter, attraper, crochet, ferrer, hameÃ§onner
ğŸ§° boÃ®te Ã  outils, coffre, mÃ©canique, outil
ğŸ§² aimant, attraction, fer Ã  cheval, magnÃ©tique
ğŸªœ barreau, Ã©chelle, escabeau, monter
âš— alambic, chimie, outil
ğŸ§ª chimie, chimiste, expÃ©rience, labo, sciences, tube Ã  essai
ğŸ§« bactÃ©rie, biologie, biologiste, boÃ®te de pÃ©tri, culture, labo
ğŸ§¬ adn, biologiste, Ã©volution, gÃ¨ne, gÃ©nÃ©tique, vie
ğŸ”¬ microscope, outi, science
ğŸ”­ outil, science, tÃ©lescope
ğŸ“¡ antenne, antenne parabolique, antenne satellite, parabole
ğŸ’‰ aiguille, docteur, malade, mÃ©decine, seringue
ğŸ©¸ don du sang, goutte de sang, mÃ©decine, menstruation, rÃ¨gles
ğŸ’Š docteur, malade, mÃ©decine, pilule
ğŸ©¹ bandage, mÃ©decine, pansement, premiers secours, sparadrap
ğŸ©º cÅ“ur, docteur, mÃ©decine, poumons, stÃ©thoscope
ğŸšª porte
ğŸ›— accessibilitÃ©, ascenseur, monte-personnes
ğŸª glace, miroir, reflet
ğŸªŸ air frais, cadre, fenÃªtre, ouverture, transparent, vue
ğŸ› dormir, hÃ´tel, lit
ğŸ›‹ canapÃ©, divan, lampe, sofa, sofa et lampe
ğŸª‘ assis, chaise, siÃ¨ge
ğŸš½ cabinet de toilette, siÃ¨ge de toilette, toilettes
ğŸª  force, plombier, succion, toilette, ventouse
ğŸš¿ douche, eau
ğŸ› baignoire, bain
ğŸª¤ apÃ¢t, piÃ¨ge, piÃ¨ge Ã  souris
ğŸª’ coupant, lame, raser, rasoir, tranchant
ğŸ§´ bouteille de lotion, crÃ¨me hydratante, crÃ¨me solaire, flacon, lotion, shampooing
ğŸ§· couche, Ã©pingle de sÃ»retÃ©, lange, punk rock
ğŸ§¹ balai, balayage, nettoyage, sorciÃ¨re
ğŸ§º agriculture, linge, panier, pique-nique
ğŸ§» essuie-main, essuie-tout, papier hygiÃ©nique, papier toilette, rouleau de papier
ğŸª£ chaudiÃ¨re, seau
ğŸ§¼ bain, mousse, pain, savon, savonnette
ğŸª¥ brosse, brosse Ã  dents, dentaire, dents, hygiÃ¨ne, laver, salle de bain
ğŸ§½ absorbante, Ã©ponge, nettoyage, poreuse
ğŸ§¯ Ã©teindre, extincteur, feu, incendie
ğŸ›’ chariot, panier, panier dâ€™Ã©picerie, shopping
ğŸš¬ cigarette, fumeur
âš° cercueil, mort
ğŸª¦ cimetiÃ¨re, pierre tombale, stÃ¨le, tombe
âš± urne, urne funÃ©raire
ğŸ—¿ moaÃ¯, statue
ğŸª§ grÃ¨ve, manifestation, pancarte, panneau, protestation
ğŸ§ bancaire, banque, gab, guichet, guichet automatique bancaire
ğŸš® icÃ´ne Poubelle, poubelle
ğŸš° eau, eau potable
â™¿ accÃ¨s handicapÃ©s, symbole de fauteuil roulant
ğŸš¹ sanitaires, toilettes, toilettes pour hommes
ğŸšº sanitaires, toilettes, toilettes pour femmes
ğŸš» toilettes
ğŸš¼ bÃ©bÃ©, symbole bÃ©bÃ©, table Ã  langer
ğŸš¾ symbole Toilettes, toilettes
ğŸ›‚ contrÃ´le, contrÃ´le des passeports, douane, passeport
ğŸ›ƒ douane
ğŸ›„ bagages, retrait des bagages, tapis Ã  bagages
ğŸ›… bagages, consigne Ã  bagages
âš  avertissement
ğŸš¸ attention, enfants, circulation, enfant, passage dâ€™enfants, piÃ©tons
â›” entrÃ©e interdite, interdiction, interdit, sens interdit
ğŸš« interdit
ğŸš³ interdiction, interdit, vÃ©lo, vÃ©los interdits
ğŸš­ fumer, interdiction, interdiction de fumer, interdit, non fumeur
ğŸš¯ dÃ©chet, dÃ©pÃ´t dâ€™ordures interdit, interdiction, interdit, ordure
ğŸš± eau, eau non potable, non potable
ğŸš· interdiction, interdit, interdit aux piÃ©tons
ğŸ“µ cellulaire, interdiction, interdit, mobile, portable, tÃ©lÃ©phones cellulaires interdits
ğŸ” 18, 18 ans et plus, dix-huit, interdiction
â˜¢ radioactif, symbole
â˜£ biologique, danger
â¬† direction, en haut, flÃ¨che, flÃ¨che pointant vers le haut, nord, point cardinal
â†— direction, en haut Ã  droite, flÃ¨che, flÃ¨che pointant vers le haut Ã  droite, nord-est, point intercardinal
â¡ Ã  droite, direction, est, flÃ¨che, flÃ¨che pointant vers la droite, point cardinal
â†˜ direction, en bas Ã  droite, flÃ¨che pointant vers le bas Ã  droite, lÃ¨che, point intercardinal, sud-est
â¬‡ direction, en bas, flÃ¨che, flÃ¨che pointant vers le bas, point cardinal, sud
â†™ direction, en bas Ã  gauche, flÃ¨che, flÃ¨che pointant vers le bas Ã  gauche, point intercardinal, sud-ouest
â¬… Ã  gauche, direction, flÃ¨che, flÃ¨che pointant vers la gauche, ouest, point cardinal
â†– direction, en haut Ã  gauche, flÃ¨che, flÃ¨che pointant vers le haut Ã  gauche, nord-ouest, point intercardinal
â†• bas haut, en bas et en haut, en haut et en bas, flÃ¨che, flÃ¨che pointant vers le haut et vers le bas, haut bas
â†” Ã  droite et Ã  gauche, Ã  gauche et Ã  droite, droite gauche, flÃ¨che, flÃ¨che pointant Ã  gauche et Ã  droite, gauche droite
â†© courbe vers la gauche, flÃ¨che, flÃ¨che courbe vers la gauche
â†ª courbe vers la droite, flÃ¨che, flÃ¨che courbe vers la droite
â¤´ courbe vers le haut, flÃ¨che, flÃ¨che courbe vers le haut
â¤µ courbe vers le bas, flÃ¨che, flÃ¨che courbe vers le bas
ğŸ”ƒ flÃ¨che, flÃ¨ches verticales dans le sens horaire, horaire, recharger, sens des aiguilles dâ€™une montre, vertical
ğŸ”„ antihoraire, flÃ¨che, flÃ¨ches verticales dans le sens antihoraire, sens inverse des aiguilles dâ€™une montre
ğŸ”™ back, Ã©tiquette Â«Â BACKÂ Â» et flÃ¨che, flÃ¨che, retour
ğŸ”š end, Ã©tiquette Â« END Â» et flÃ¨che, fin, flÃ¨che
ğŸ”› en marche, Ã©tiquette Â« ON! Â» et flÃ¨che, flÃ¨che, on
ğŸ”œ bientÃ´t, Ã©tiquette Â« SOON Â» et flÃ¨che, flÃ¨che, soon
ğŸ” dessus, Ã©tiquette Â« TOP Â» et flÃ¨che, flÃ¨che, haut, top
ğŸ› culte, lieu de culte, religion
âš› athÃ©e, atome, symbole de lâ€™atome
ğŸ•‰ hindou, om, religion
âœ¡ David, Ã©toile, Ã©toile de David, juif, Juif, religion
â˜¸ bouddhiste, dharma, religion, roue, roue du Dharma
â˜¯ religion, tao, yang, yin
âœ chrÃ©tien, croix, croix latine, religion
â˜¦ chrÃ©tien, croix, orthodoxe, rÃ©ligion
â˜ª croissant, Ã©toile, Ã©toile et croissant de lune, islam, musulman, religion
â˜® paix, symbole de paix
ğŸ• chandelier, menora, religion
ğŸ”¯ 6 branches, Ã©toile, Ã©toile Ã  6 branches et point au milieu, fortune, six branches
â™ˆ bÃ©lier, BÃ©lier zodiaque, zodiaque
â™‰ Taureau, zodiaque
â™Š GÃ©meaux, zodiaque
â™‹ Cancer, zodiaque
â™Œ Lion, zodiaque
â™ Vierge, zodiaque
â™ Balance, zodiaque
â™ Scorpion, zodiaque
â™ Sagittaire, zodiaque
â™‘ Capricorne, zodiaque
â™’ Verseau, zodiaque
â™“ Poissons, zodiaque
â› Serpentaire, zodiaque
ğŸ”€ alÃ©atoire, bouton de lecture alÃ©atoire, croisÃ©es, flÃ¨ches
ğŸ” bouton de rÃ©pÃ©tition, flÃ¨ches, horaire, rÃ©pÃ©ter, rÃ©pÃ©tition, sens des aiguilles dâ€™une montre
ğŸ”‚ bouton de rÃ©pÃ©tition unique, flÃ¨ches, horaire, rÃ©pÃ©ter une fois, rÃ©pÃ©tition unique, sens des aiguilles dâ€™une montre
â–¶ bouton de lecture, bouton lecture, droite, flÃ¨che, lecture, triangle
â© avance rapide, bouton dâ€™avance rapide, double, flÃ¨ches, rapide
â­ bouton piste suivante, flÃ¨ches, piste suivante, suivant, triangle
â¯ bouton lecture/pause, droite, flÃ¨che, lecture, pause, triangle
â—€ bouton de retour, bouton retour, flÃ¨che, gauche, retour, triangle
âª bouton de retour rapide, double, flÃ¨ches, rapide, rembobiner, retour rapide
â® bouton piste prÃ©cÃ©dente, flÃ¨ches, piste prÃ©cÃ©dente, prÃ©cÃ©dent, triangle
ğŸ”¼ bouton vers le haut, flÃ¨che, haut, triangle
â« accÃ¨s rapide vers le haut, bouton dâ€™accÃ¨s rapide vers le haut, double, flÃ¨che, triangle
ğŸ”½ bas, bouton vers le bas, flÃ¨che, triangle
â¬ accÃ¨s rapide vers le bas, bouton dâ€™accÃ¨s rapide vers le bas, double, flÃ¨che, triangle
â¸ barres, bouton pause, double, pause, vertical
â¹ bouton, carrÃ©, stop
âº bouton, bouton enregistrer, cercle, enregistrement
â bouton Ã©jecter, Ã©jecter
ğŸ¦ camÃ©ra, cinÃ©ma, film
ğŸ”… faible, luminositÃ©
ğŸ”† Ã©levÃ©e, luminositÃ©
ğŸ“¶ barres de signal
ğŸ“³ cellulaire, mobile, mode, tÃ©lÃ©phone, vibration
ğŸ“´ cellulaire, Ã©teint, mobile, tÃ©lÃ©phone
â™€ femme, symbole de la femme
â™‚ homme, symbole de lâ€™homme
âš§ symbole de la communautÃ© transgenre, symbole transgenre, transgenre
âœ– *, Ã—, annuler, multiplier, non, signe de multiplication, x
â• +, addition, arithmÃ©tique, mathÃ©matiques, plus, signe dâ€™addition
â– -, âˆ’, arithmÃ©tique, mathÃ©matiques, moins, signe de soustraction, soustraction
â— /, Ã·, arithmÃ©tique, division, mathÃ©matiques, signe de division
â™¾ Ã©ternitÃ©, illimitÃ©, infini, universel
â€¼ !, !!, double point dâ€™exclamation, exclamation, point
â‰ !, !?, ?, exclamation, point, points dâ€™exclamation et dâ€™interrogation, points dâ€™interrogation et dâ€™exclamation, ponctuation, question
â“ point dâ€™interrogation, point dâ€™interrogation rouge, ponctuation, question
â” point dâ€™interrogation, point dâ€™interrogation blanc, ponctuation, question
â• point dâ€™exclamation, point dâ€™exclamation blanc, ponctuation, question
â— !, exclamation, point dâ€™exclamation, point dâ€™exclamation rouge, ponctuation
ã€° ligne ondulÃ©e, ponctuation, trait dâ€™union ondulÃ©, vague
ğŸ’± argent, banque, change, devise
ğŸ’² argent, devise, dollar, symbole du dollar en gras
âš• AsclÃ©pios, mÃ©decine, professionnel de la santÃ©, symbole de la mÃ©decine, symbole la mÃ©decine
â™» recyclage, symbole de recyclage
âšœ fleur de lys
ğŸ”± ancre, bateau, trident
ğŸ“› badge, badge nominatif, nom
ğŸ”° chevron, dÃ©butant, feuille, japonais, symbole, symbole japonais du dÃ©butant
â­• cercle, grand, o, rouge
âœ… âœ“, bouton cochÃ©, carrÃ©, coche, marque, oui, sÃ©lection
â˜‘ âœ“, bouton, carrÃ©, case cochÃ©e, coche, oui, sÃ©lection
âœ” coche, coche noire, marque
âŒ annuler, croix, multiplication, multiplier, x
â Ã—, bouton croix, croix, x
â° boucle, bouclette
â¿ boucle, double boucle
ã€½ dÃ©but de la musique, japonais, marque, partition, symbole, symbole japonais indiquant le dÃ©but de la musique
âœ³ astÃ©rique, astÃ©rique Ã  huit branches, huit branches
âœ´ Ã©toile, Ã©toile Ã  huit branches, huit branches
â‡ *, briller, Ã©clat, Ã©tinceler, scintiller
Â© copyright, symbole copyright
Â® Â®, marque commerciale, marque dÃ©posÃ©e, r
â„¢ marque de commerce, marque dÃ©posÃ©e, md
ğŸ”  ABCD, latin, lettres, majuscules, saisie
ğŸ”¡ abcd, latin, lettres, minuscules, saisie
ğŸ”¢ 1234, chiffres, nombres, saisie, saisie de chiffres
ğŸ”£ ã€’â™ª&amp;%, saisie, saisie de symboles, symboles
ğŸ”¤ abc, alphabet, latin, lettres, saisie
ğŸ…° A, groupe sanguin, groupe sanguin A
ğŸ† AB, groupe sanguin, groupe sanguin AB
ğŸ…± B, groupe sanguin, groupe sanguin B
ğŸ†‘ bouton Effacer, cl, effacer
ğŸ†’ bouton Cool, cool
ğŸ†“ free
â„¹ i, informations
ğŸ†” bouton Identifiant, identifiant
â“‚ cercle, m, m encerclÃ©
ğŸ†• bouton NEW, bouton Nouveau, new, nouveau
ğŸ†– bouton NG, bouton Pas bien, NG, no go, not good, pas bien, pas bon
ğŸ…¾ groupe sanguin, groupe sanguin O, O
ğŸ†— bouton OK, OK
ğŸ…¿ icÃ´ne Stationnement, parking, stationnement
ğŸ†˜ aide, bouton SOS, secours, SOS
ğŸ†™ icÃ´ne UP!, nouveau, nouveautÃ©, up
ğŸ†š bouton VS, c., contre, vs
ğŸˆ ici, japonais, katakana, symbole japonais signifiant Â«Â iciÂ Â», ã‚³ã‚³
ğŸˆ‚ japonais, katakana, payant, service, symbole japonais signifiant Â«Â serviceÂ Â» ou Â«Â service payantÂ Â», ã‚µ
ğŸˆ· idÃ©ogramme, japonais, montant mensuel, symbole japonais signifiant Â«Â montant mensuelÂ Â», æœˆ
ğŸˆ¶ idÃ©ogramme, japonais, payant, symbole japonais signifiant Â«Â payantÂ Â», æœ‰
ğŸˆ¯ idÃ©ogramme, japonais, rÃ©servÃ©, symbole japonais signifiant Â«Â rÃ©servÃ©Â Â», æŒ‡
ğŸ‰ aubaine, idÃ©ogramme, japonais, symbole japonais signifiant Â«Â aubaineÂ Â», æŒ‡
ğŸˆ¹ idÃ©ogramme, japonais, rabais, symbole japonais signifiant Â«Â rabaisÂ Â», å‰²
ğŸˆš gratuit, idÃ©ogramme, japonais, symbole japonais signifiant Â«Â gratuitÂ Â», ç„¡
ğŸˆ² idÃ©ogramme, interdit, japonais, symbole japonais signifiant Â«Â interditÂ Â», ç¦
ğŸ‰‘ acceptable, idÃ©ogramme, japonais, symbole japonais signifiant Â«Â acceptableÂ Â», å¯
ğŸˆ¸ application, idÃ©ogramme, japonais, symbole japonais signifiant Â«Â applicationÂ Â», ç”³
ğŸˆ´ idÃ©ogramme, japonais, note de passage, symbole japonais signifiant Â«Â note de passageÂ Â», åˆ
ğŸˆ³ idÃ©ogramme, japonais, places disponibles, symbole japonais signifiant Â«Â places disponiblesÂ Â», ç©º
ãŠ— fÃ©licitations, idÃ©ogramme, japonais, symbole japonais signifiant Â«Â fÃ©licitationsÂ Â», ç¥
ãŠ™ idÃ©ogramme, japonais, secret, symbole japonais signifiant Â«Â secretÂ Â», ç§˜
ğŸˆº idÃ©ogramme, japonais, ouvert, symbole japonais signifiant Â«Â ouvertÂ Â», å–¶
ğŸˆµ complet, idÃ©ogramme, japonais, symbole japonais signifiant Â«Â completÂ Â», æº€
ğŸ”´ cercle, disque, gÃ©omÃ©trie, rond, rouge, sphÃ¨re
ğŸŸ  cercle, disque, gÃ©omÃ©trie, orange, rond, sphÃ¨re
ğŸŸ¡ cercle, disque, gÃ©omÃ©trie, jaune, rond, sphÃ¨re
ğŸŸ¢ cercle, cercle vert, disque, gÃ©omÃ©trie, jaune, rond, sphÃ¨re
ğŸ”µ bleu, cercle, disque, gÃ©omÃ©trie, rond, sphÃ¨re
ğŸŸ£ cercle, disque, gÃ©omÃ©trie, rond, sphÃ¨re, violet
ğŸŸ¤ brun, cercle, disque, gÃ©omÃ©trie, rond, sphÃ¨re
âš« cercle, disque, gÃ©omÃ©trie, noir, rond, sphÃ¨re
âšª blanc, cercle, disque, gÃ©omÃ©trie, rond, sphÃ¨re
ğŸŸ¥ carrÃ©, rouge
ğŸŸ§ carrÃ©, orange
ğŸŸ¨ carrÃ©, jaune
ğŸŸ© carrÃ©, vert
ğŸŸ¦ bleu, carrÃ©
ğŸŸª carrÃ©, violet
ğŸŸ« carrÃ© brun
â¬› carrÃ©, forme gÃ©omÃ©trique, grand carrÃ© noir
â¬œ forme, gÃ©omÃ©trie, grand carrÃ© blanc
â—¼ carrÃ© noir de taille moyenne, forme, gÃ©omÃ©trie
â—» carrÃ© blanc de taille moyenne, forme, gÃ©omÃ©trie
â—¾ carrÃ© noir de taille intermÃ©diaire, forme, gÃ©omÃ©trie
â—½ carrÃ© blanc de taille intermÃ©diaire, forme, gÃ©omÃ©trie
â–ª carrÃ©, forme gÃ©omÃ©trique, petit carrÃ© noir
â–« carrÃ©, forme gÃ©omÃ©trique, petit carrÃ© blanc
ğŸ”¶ gÃ©omÃ©trie, grand losange, grand losange orange, orange
ğŸ”· bleu, gÃ©omÃ©trie, grand losange, grand losange bleu, losange
ğŸ”¸ gÃ©omÃ©trie, losange, orange, petit losange, petit losange orange
ğŸ”¹ bleu, gÃ©omÃ©trie, losange, petit losange, petit losange bleu
ğŸ”º gÃ©omÃ©trie, rouge, triangle qui pointe vers le haut, triangle rouge qui pointe vers le haut
ğŸ”» gÃ©omÃ©trie, rouge, triangle qui pointe vers le bas, triangle rouge qui pointe vers le bas
ğŸ’  dessin, diamant, diamant avec un point, gÃ©omÃ©trique, intÃ©rieur
ğŸ”˜ bouton, forme, gÃ©omÃ©trie, radio
ğŸ”³ bouton, bouton reprÃ©sentant un carrÃ© blanc, carrÃ© blanc, gÃ©omÃ©trie
ğŸ”² bouton, bouton reprÃ©sentant un carrÃ© noir, carrÃ© noir, gÃ©omÃ©trie
ğŸ drapeau, drapeau Ã  damier
ğŸš© drapeau, drapeau triangulaire, fanion
ğŸŒ drapeaux, drapeaux croisÃ©s
ğŸ´ drapeau, drapeau noir
ğŸ³ drapeau, drapeau blanc
ğŸ³â€ğŸŒˆ arc-en-ciel, drapeau
ğŸ³â€âš§ blanc, bleu pÃ¢le, drapeau, rose, transgenre
ğŸ´â€â˜  drapeau de pirate, pillage, piller, pirate, trÃ©sor
Â¢ cent
$ argent, dollar, peso, USD
Â£ devise, EGP, GBP, livre
Â¥ CNY, devise, JPY, yen, yuan
â‚¢ cruzeiro
â‚£ franc franÃ§ais
â‚¤ lire
â‚¥ mill
â‚© KPW, KRW, won
â‚¬ devise, EUR, euro
â‚° penny allemand
â‚± peso
â‚³ austral
â‚¶ livre tournois
â‚· spesmilo
â‚¹ devise, roupie, roupie indienne
â‚½ devise, rouble
â‚¿ bitcoin, BTC
â‚¨ roupie
ï·¼ rial
Â¹ exposant, un
Â² au carrÃ©, deux, exposant
Â³ au cube, exposant, trois
Âµ mesure, symbole micro
â€¾ trait suscrit
â€½ point exclarrogatif
â€¸ caret
â‚ astÃ©risme
â†š flÃ¨che vers la gauche barrÃ©e
â†› flÃ¨che vers la droite barrÃ©e
â†œ flÃ¨che vers la gauche ondulÃ©e
â† flÃ¨che vers la droite ondulÃ©e
â† flÃ¨che Ã  deux pointes vers la gauche
â†Ÿ flÃ¨che Ã  deux pointes vers le haut
â†  flÃ¨che Ã  deux pointes vers la droite
â†¡ flÃ¨che Ã  deux pointes vers le bas
â†¢ flÃ¨che vers la gauche empennÃ©e
â†£ flÃ¨che vers la droite empennÃ©e
â†¤ flÃ¨che dâ€™un taquet vers la gauche
â†¥ flÃ¨che dâ€™un taquet vers le haut
â†¦ flÃ¨che dâ€™un taquet vers la droite
â†§ flÃ¨che dâ€™un taquet vers le bas
â†¨ flÃ¨che haut-bas sur base
â†« flÃ¨che vers la gauche Ã  boucle
â†¬ flÃ¨che vers la droite Ã  boucle
â†­ flÃ¨che gauche-droite ondulÃ©e
â†¯ flÃ¨che vers le bas en zigzag
â†° flÃ¨che vers le haut avec pointe vers la gauche
â†± flÃ¨che vers le haut avec pointe vers la droite
â†² flÃ¨che vers le bas avec pointe vers la gauche
â†³ flÃ¨che vers le bas avec pointe vers la droite
â†´ flÃ¨che vers la droite avec pointe vers le bas
â†µ flÃ¨che vers le bas avec coin vers la gauche
â†¶ flÃ¨che semi-circulaire sens antihoraire en chef
â†· flÃ¨che semi-circulaire sens horaire en chef
â†¸ flÃ¨che nord-ouest jusquâ€™Ã  un long taquet
â†¹ flÃ¨che vers la gauche jusquâ€™Ã  un taquet sur flÃ¨che vers la droite jusquâ€™Ã  un taquet
â†º flÃ¨che circulaire ouverte sens antihoraire
â†» flÃ¨che circulaire ouverte sens horaire
â†¼ harpon vers la gauche avec barbillon vers le haut
â†½ harpon vers la gauche avec barbillon vers le bas
â†¾ harpon vers le haut avec barbillon vers la droite
â†¿ harpon vers le haut avec barbillon vers la gauche
â‡€ harpon vers la droite avec barbillon vers le haut
â‡ harpon vers la droite avec barbillon vers le bas
â‡‚ harpon vers le bas avec barbillon vers la droite
â‡ƒ harpon vers le bas avec barbillon vers la gauche
â‡„ flÃ¨che vers la droite sur flÃ¨che vers la gauche
â‡‡ paire de flÃ¨ches vers la gauche
â‡ˆ paire de flÃ¨ches vers le haut
â‡‰ paire de flÃ¨ches vers la droite
â‡Š paire de flÃ¨ches vers le bas
â‡‹ harpon vers la gauche sur harpon vers la droite
â‡Œ harpon vers la droite sur harpon vers la gauche
â‡ double flÃ¨che vers la gauche barrÃ©e
â‡ double flÃ¨che vers la droite barrÃ©e
â‡ double flÃ¨che gauche-droite barrÃ©e
â‡ flÃ¨che vers le haut avec double barre
â‡Ÿ flÃ¨che vers le bas avec double barre
â‡  flÃ¨che Ã  traits discontinus vers la gauche
â‡¡ flÃ¨che Ã  traits discontinus vers le haut
â‡¢ flÃ¨che Ã  traits discontinus vers la droite
â‡£ flÃ¨che Ã  traits discontinus vers le bas
â‡¤ flÃ¨che vers la gauche jusquâ€™Ã  un taquet
â‡¥ flÃ¨che vers la droite jusquâ€™Ã  un taquet
â‡ª flÃ¨che creuse dâ€™un taquet vers le haut
â‡µ flÃ¨che vers le bas Ã  gauche dâ€™une flÃ¨che vers le haut
âˆ€ pour tous
âˆ‚ dÃ©rivÃ©e partielle
âˆƒ il existe
â†® flÃ¨che gauche-droite barrÃ©e
