{ lijeva vitiÄasta zagrada, vitica, vitiÄasta zagrada, zagrada
ğŸ» boja, emoji modifikator, fitzpatrick, koÅ¾a, svijetla boja koÅ¾e
ğŸ¼ boja, emoji modifikator, fitzpatrick, koÅ¾a, svijetlo maslinasta boja koÅ¾e
ğŸ½ boja, emoji modifikator, fitzpatrick, koÅ¾a, maslinasta boja koÅ¾e
ğŸ¾ boja, emoji modifikator, fitzpatrick, koÅ¾a, smeÄ‘a boja koÅ¾e
ğŸ¿ boja, emoji modifikator, fitzpatrick, koÅ¾a, tamno smeÄ‘a boja koÅ¾e
_ crta, donja crta
- crtica, minus, spojnica, spojnica-minus
â€ crtica, spojnica
â€“ crtica, pravopisni znak
â€” crta, pravopisni znak
â€• crta, crtica, vodoravna crta
ãƒ» katakana, srednja toÄka, srednja toÄka u katakana pismu, toÄke
, zarez
ØŒ arapsko pismo, zarez, zarez u arapskom pismu
ã€ ideografsko pismo, zarez, zarez u ideografskom pismu
; toÄka sa zarezom
Ø› arapsko pismo, toÄka sa zarezom, toÄka sa zarezom u arapskom pismu
: dvotoÄka
! uskliÄnik, usklik
Â¡ obrnuti, uskliÄnik, usklik
? pitanje, upitnik
Â¿ obrnuti, pitanje, upitnik
ØŸ arapsko pismo, pitanje, upitnik, upitnik u arapskom pismu
â€½ upitnik s uskliÄnikom, uskliÄnik-upitnik
. toÄka, toÄka na kraju reÄenice, zavrÅ¡na toÄka
â€¦ izostavljanje, toÄke, trotoÄka
ã€‚ ideografsko pismo, toÄka, toÄka u ideografskom pismu
Â· sredina, srednja toÄka, toÄka
' apostrof, donji navodnik, polunavodnik, polunavodnik na pisaÄ‡em stroju
â€˜ apostrof, jednostruki, lijevi polunavodnik, navodnik, polunavodnik
â€™ apostrof, desni polunavodnik, jednostruki, navodnik, polunavodnik
â€š apostrof, donji desni polunavodnik, donji navodnik, polunavodnik
â€œ dvostruki navodnici, lijevi navodnik, navodnik
â€ desni navodnik, dvostruki navodnici, navodnik
â€ donji desni navodnik, dvostruki navodnici, navodnik, polunavodnik
Â« kareti, lijevo, lijevo usmjereni Å¡iljasti navodnik, navodnik, Å¡evron, ukoÅ¡eno, zagrade
Â» desno, desno usmjereni Å¡iljasti navodnik, kareti, navodnik, Å¡evron, ukoÅ¡eno, zagrade
) desna zagrada, okrugla zagrada, zagrada
[ lijeva uglata zagrada, uglata zagrada, zagrada
] desna uglata zagrada, uglata zagrada, zagrada
} desna vitiÄasta zagrada, vitica, vitiÄasta zagrada, zagrada
ã€ˆ dijamantne zagrade, izlomljena zagrada, lijeva izlomljena zagrada, Å¡iljasta zagrada, zagrada
ã€‰ desna izlomljena zagrada, dijamantne zagrade, izlomljena zagrada, Å¡iljasta zagrada, zagrada
ã€Š dvostruka izlomljena zagrada, lijeva dvostruka izlomljena zagrada, zagrada
ã€‹ desna dvostruka izlomljena zagrada, dvostruka izlomljena zagrada, zagrada
ã€Œ jednouglata zagrada, lijeva jednouglata zagrada, zagrada
ã€ desna jednouglata zagrada, jednouglata zagrada, zagrada
ã€ jednouglata zagrada bez ispune, lijeva jednouglata zagrada bez ispune, zagrada
ã€ desna jednouglata zagrada bez ispune, jednouglata zagrada bez ispune, zagrada
ã€ crna lijeva konkavna zagrada, leÄ‡asta zagrada, lentikularna zagrada, zagrada
ã€‘ crna desna konkavna zagrada, leÄ‡asta zagrada, lentikularna zagrada, zagrada
ã€” lijeva saÄ‡asta zagrada, saÄ‡asta zagrada, zagrada
ã€• desna saÄ‡asta zagrada, saÄ‡asta zagrada, zagrada
ã€– konkavna zagrada bez ispune, leÄ‡asta zagrada bez ispune, lijeva konkavna zagrada bez ispune, zagrada
ã€— desna konkavna zagrada bez ispune, konkavna zagrada bez ispune, leÄ‡asta zagrada bez ispune, zagrada
Â§ dio, odjeljak, odlomak, znak za odjeljak
Â¶ alineja, odjeljak, odlomak, prijelom odlomka, znak prijeloma
@ monkey, znak â€atâ€œ, znak â€atâ€
* asterisk, zamjenski znak, zvjezdica
/ kosa crta, kosina
\ obrnuta kosa crta, obrnuti solidus
& et, i, znak &amp;
# broj, hashtag, ljestve, znak ljestve
% posto, postotak
â€° potisuÄ‡ak, promil
â€  bodeÅ¾, obelisk, znak bodeÅ¾a
â€¡ bodeÅ¾, dvostruko, obelisk, znak dvostrukog bodeÅ¾a
â€¢ grafiÄka oznaka, toÄka
â€§ crtica, spojnica, toÄka, toÄka za rastavljanje rijeÄi
â€² izostavnik
â€³ dvostruki navodnik, navodnik
â€´ navodnik, trostruki navodnik
â€¸ karet
â€» oznaka za referencu, referenca
â‚ asterizam
` kratkouzlazni, naglasak, ton
Â´ dugouzlazni, naglasak, ton
^ cirkumfleks, dugosilazni, naglasak, vrh
Â¨ dijereza, prijeglas, trema
Â° satni kut, stupanj, udio
â„— autorsko pravo, simbol autorskog prava za snimanje zvuka, snimanje, zvuk
â† lijevo, strelica, strelica koja pokazuje ulijevo
â†š kosa crta sa strelicom ulijevo
â†’ desno, strelica, strelica koja pokazuje udesno
â†› kosa crta sa strelicom udesno
â†‘ gore, strelica, strelica koja pokazuje prema gore
â†“ dolje, strelica, strelica koja pokazuje prema dolje
â†œ valovita strelica ulijevo
â† valovita strelica udesno
â† strelica s dva vrha ulijevo
â†Ÿ strelica s dva vrha prema gore
â†  strelica s dva vrha udesno
â†¡ strelica s dva vrha prema dolje
â†­ valovita strelica s vrhom ulijevo i vrhom udesno
â†¯ cik-cak strelica prema dolje
â†° strelica prema gore s vrhom ulijevo
â†± strelica prema gore s vrhom udesno
â†² strelica prema dolje s vrhom ulijevo
â†³ strelica prema dolje s vrhom udesno
â‡„ strelica udesno iznad strelice ulijevo
â‡… dolje, gore, strelica, strelica prema gore i strelica prema dolje
â‡† desno, lijevo, strelica, strelica ulijevo iznad strelice udesno
â‡‡ uparene strelice ulijevo
â‡ˆ uparene strelice prema gore
â‡‰ uparene strelice udesno
â‡Š uparene strelice prema dolje
â‡‘ dvostruka strelica prema gore
â‡’ dvostruka strelica udesno
â‡ precrtana dvostruka strelica udesno
â‡“ dvostruka strelica prema dolje
â‡” dvostruka strelica ulijevo i udesno
â‡ precrtana dvostruka strelica ulijevo i udesno
â‡– dvostruka strelica prema gore-lijevo
â‡— dvostruka strelica prema gore-desno
â‡˜ dvostruka strelica prema dolje-desno
â‡™ dvostruka strelica prema dolje-lijevo
â‡š trostruka strelica ulijevo
â‡› trostruka strelica udesno
â‡ dvostruko precrtana strelica prema gore
â‡Ÿ dvostruko precrtana strelica prema dolje
â‡  iscrtkana strelica ulijevo
â‡¡ iscrtkana strelica prema gore
â‡¢ iscrtkana strelica udesno
â‡£ iscrtkana strelica prema dolje
âˆ€ za sve
âˆ† inkrement, trokut
âˆ‡ nabla, trokut
âˆˆ Älanstvo, element, je element, sadrÅ¾i, skup
âˆ‰ nije element
âˆ‹ sadrÅ¾i Älan
+ plus, zbrajanje, znak plusa
Â± plus-minus
Ã· dijeljenje, podijeli, znak dijeljenja, znak za dijeljenje
Ã— mnoÅ¾enje, pomnoÅ¾i, puta, znak za mnoÅ¾enje
< manje, manje od, oznaka, poÄetna oznaka
= jednako, jednako je
â‰  nije jednako, razliÄito, razliÄito od
> oznaka, veÄ‡e, veÄ‡e od, zavrÅ¡na oznaka
Â¬ ne, negacija
| crta, linija, okomita crta, potez, Å¡eferova crta, uspravna crta, v crta, vertikalna crta, vrh
~ tilda
âˆ’ minus, oduzimanje, znak minusa
â» eksponent, minus, minus u eksponentu
âˆš korijen, kvadratni, radikal, surd
âˆ beskonaÄno
âˆ© presjek skupova, skup
âˆª skup, unija skupova, zbirka
â‰ˆ aproksimativno, pribliÅ¾no, pribliÅ¾no jednako
â‰¡ identiÄno, jednako, trostruko
â‰¤ jednako, jednakost, manje ili jednako, manje od, nejednakost
â‰¥ jednako, jednakost, nejednakost, veÄ‡e ili jednako, veÄ‡e od
â‰¬ izmeÄ‘u
âŠ‚ je pravi podskup od, podskup, skup
âŠ• plus
â–² gore, ispunjen trokut usmjeren prema gore, ispunjeno, strelica, trokut
â–¼ dolje, ispunjen trokut usmjeren prema dolje, ispunjeno, strelica, trokut
â—Š dijamant, romb, znak romba
â—‹ krug, prazan krug, prsten
â— ispunjen krug, krug
â—¯ krug, prsten, velik prazni krug
â™ª glazba, nota, osminka
â™­ glazba, nota, snizilica
â™¯ glazba, nota, povisilica
ğŸ˜€ lice, nasmijano lice, smijeÅ¡ak, usta, zubi
ğŸ˜ƒ lice, nasmijano lice s velikim oÄima, otvorena usta, smijeÅ¡ak
ğŸ˜„ lice, nasmijano lice s nasmijeÅ¡enim oÄima, oÄi, otvoreno, smijeÅ¡ak
ğŸ˜ lice, lice koje sija od zadovoljstva s nasmijeÅ¡enim oÄima, oÄi, smijeÅ¡ak, sretno lice s nasmijeÅ¡enim oÄima
ğŸ˜† lice, nasmijano lice s Ävrsto zatvorenim oÄima, smijeh, smijeÅ¡ak, zadovoljno
ğŸ˜… hladno, lice, nasmijano lice s kapljicom znoja, smijeÅ¡ak, znoj
ğŸ¤£ lice, pod, smijeh, valjanje, valjanje od smijeha
ğŸ˜‚ lice, lice sa suzama radosnicama, smijeh, suze, veselje
ğŸ™‚ blago nasmijeÅ¡eno lice, lice, smijeÅ¡ak
ğŸ™ƒ gore-dolje, lice, naopaÄke okrenuto lice
ğŸ˜‰ lice, lice koje namiguje, namigivanje
ğŸ˜Š lice, nasmijeÅ¡eno lice s nasmijeÅ¡enim oÄima, oÄi, rumeno, smijeÅ¡ak
ğŸ˜‡ anÄ‘eo, aureola, bajka, lice, nasmijeÅ¡eno lice s aureolom, nevinost
ğŸ¥° nasmijano lice sa srcima, oboÅ¾avanje, zaljubiti se, zaljubljenost
ğŸ˜ lice, ljubav, nasmijeÅ¡eno lice s oÄima u obliku srca, oÄi, smijeÅ¡ak, srce
ğŸ¤© lice, lice s oÄima u obliku zvijezda, oÄi, oduÅ¡evljenje, smijeÅ¡ak
ğŸ˜˜ lice, lice koje Å¡alje poljubac, poljubac, srce
ğŸ˜— lice, lice koje ljubi, poljubac
â˜º istaknuto, lice, nasmijeÅ¡eno lice, opuÅ¡teno, smijeÅ¡ak
ğŸ˜š lice, lice koje ljubi zatvorenih oÄiju, oÄi, poljubac, zatvoreno
ğŸ˜™ lice, lice koje ljubi s nasmijeÅ¡enim oÄima, oÄi, poljubac, smijeÅ¡ak
ğŸ¥² dirnutost, nasmijeÅ¡eno lice sa suzom, olakÅ¡anje, ponos, smijeÅ¡ak, suza, zahvalnost
ğŸ˜‹ fino, lice, lice koje uÅ¾iva u hrani, njam, smijeÅ¡ak, ukusno
ğŸ˜› jezik, lice, lice s isplaÅ¾enim jezikom
ğŸ˜œ jezik, lice, lice s isplaÅ¾enim jezikom koje namiguje, namigivanje, oÄi, Å¡ala
ğŸ¤ª ludo lice, malo, oko, veliko
ğŸ˜ gadno, jezik, lice, lice s isplaÅ¾enim jezikom i Ävrsto zatvorenim oÄima, lice s isplaÅ¾enim jezikom i zatvorenim oÄima, oÄi
ğŸ¤‘ glad, lice, novac, pohlepno lice, usta
ğŸ¤— grljenje, lice, lice koje grli, zagrljaj
ğŸ¤­ lice s rukom preko usta, ups
ğŸ¤« lice koje uÅ¡utkava, tiÅ¡ina, uÅ¡utkavanje
ğŸ¤” lice, lice koje razmiÅ¡lja, razmiÅ¡ljanje
ğŸ¤ lice, lice s patentnim zatvaraÄem preko usta, lice s ustima zatvorenim patentnim zatvaraÄem, patentni zatvaraÄ, usta
ğŸ¤¨ lice s podignutom obrvom, nepovjerenje, skeptiÄno
ğŸ˜ bezliÄno, lice, neutralno
ğŸ˜‘ bezizraÅ¾ajno, bezliÄno, lice
ğŸ˜¶ bezglasno, lice, lice bez usta, tiho, usta
ğŸ˜¶â€ğŸŒ« glava u oblacima, lice u magli, lice u oblacima, zaboravnost
ğŸ˜ lice, lice koje se smijulji, smijuljenje
ğŸ˜’ dosaÄ‘ivanje, lice, lice s izrazom dosade, nezadovoljstvo
ğŸ™„ kolutanje, lice, lice s kolutajuÄ‡im oÄima, oÄi
ğŸ˜¬ grimasa, lice, lice s grimasom
ğŸ˜®â€ğŸ’¨ izdisaj, lice koje izdiÅ¡e, olakÅ¡anje, Å¡apat, stenjanje, uzdah, zviÅ¾duk
ğŸ¤¥ laganje, laÅ¾, lice, lice koje laÅ¾e, pinokio
ğŸ˜Œ lice, lice s izrazom olakÅ¡anja, olakÅ¡anje
ğŸ˜” bezvoljnost, lice, zamiÅ¡ljeno lice, zamiÅ¡ljenost
ğŸ˜ª lice, pospano lice, spavanje
ğŸ¤¤ lice, lice koje slini, slinjenje
ğŸ˜´ lice, lice koje spava, spavanje, zzz
ğŸ˜· bolest, doktor, lice, lice s medicinskom maskom, maska
ğŸ¤’ lice, lice s toplomjerom, prehlada, toplomjer
ğŸ¤• bol, lice, lice sa zavojem, ozljeda, zavoj
ğŸ¤¢ lice, lice kojem je pozlilo, muka, povraÄ‡anje
ğŸ¤® bolest, lice koje povraÄ‡a, povraÄ‡anje
ğŸ¤§ kihanje, lice, lice koje kiÅ¡e, nazdravlje
ğŸ¥µ crveno lice, pregrijano lice, toplinski udar, vruÄ‡e, vruÄ‡ica, znoj
ğŸ¥¶ hladno, ledeno, ozebline, plavo lice, zamrznuto lice
ğŸ¥´ intoksikacija, iskrivljena usta, nejednake oÄi, oÅ¡amuÄ‡eno lice, pripitost, vrtoglavica
ğŸ˜µ lice, lice s vrtoglavicom, vrtoglavica
ğŸ˜µâ€ğŸ’« hipnotizirano, iznenaÄ‘enje, lice sa spiralnim oÄima, nevolja, spiralno, vrtoglavica
ğŸ¤¯ eksplodirajuÄ‡a glava, Å¡ok
ğŸ¤  kauboj, kauboj sa Å¡eÅ¡irom, lice, Å¡eÅ¡ir
ğŸ¥³ lice koje se zabavlja, proslava, Å¡eÅ¡ir, slavlje, zabava
ğŸ¥¸ krinka, lice, maska, naoÄale, nos, preruÅ¡eno lice
ğŸ˜ cool, lice, nasmijeÅ¡eno lice sa sunÄanim naoÄalama, sunÄane naoÄale, sunce
ğŸ¤“ lice, pametnjakoviÄ‡, Å¡mokljan, Å¡treber, Å¡trebersko lice
ğŸ§ lice s monoklom, uÅ¡togljeno
ğŸ˜• lice, zbunjeno lice, zbunjenost
ğŸ˜Ÿ briga, lice, zabrinuto lice
ğŸ™ blago namrgoÄ‘eno lice, lice, mrgoÄ‘enje
â˜¹ lice, mrgoÄ‘enje, namrgoÄ‘eno lice
ğŸ˜® lice, lice s otvorenim ustima, otvoreno, suosjeÄ‡anje, usta
ğŸ˜¯ iznenaÄ‘enje, iznenaÄ‘eno lice, lice, uÅ¡utkano, zapanjeno
ğŸ˜² lice, Å¡ok, zapanjeno lice, zapanjenost
ğŸ˜³ lice, nesigurnost, rumenost, zarumenjeno lice
ğŸ¥º milost, moleÄ‡ivo lice, pseÄ‡i pogled
ğŸ˜¦ lice, mrgoÄ‘enje, namrgoÄ‘eno lice s otvorenim ustima, otvoreno, usta
ğŸ˜§ izmuÄeno lice, izmuÄenost, lice, muka
ğŸ˜¨ lice, preplaÅ¡eno lice, preplaÅ¡enost, strah
ğŸ˜° anksiozno lice s kapljicom znoja, hladno, lice, plavo, uÅ¾urbano, znoj
ğŸ˜¥ lice, olakÅ¡anje, razoÄaranje, tuÅ¾no lice, ali s izrazom olakÅ¡anja
ğŸ˜¢ lice, lice koje plaÄe, plakanje, suze, tuga
ğŸ˜­ lice, lice koje glasno plaÄe, plakanje, ridanje, suze, tuga
ğŸ˜± krik, lice, lice koje vriÅ¡ti od straha, munch, strah
ğŸ˜– lice, smeteno lice, smetenost, zbunjenost
ğŸ˜£ lice, odluÄno lice, ustrajanje
ğŸ˜ lice, razoÄaranje, razoÄarano lice
ğŸ˜“ hladno, lice, tuÅ¾no lice s kapljicom znoja, znoj
ğŸ˜© brige, lice, tegobno lice, umor
ğŸ˜« lice, umor, umorno lice
ğŸ¥± dosadno, umor, zijevajuÄ‡e lice, zijevanje
ğŸ˜¤ lice, lice kojem ide para na nos, pobjeda
ğŸ˜¡ bijes, crvenilo, durenje, lice, lice koje se duri, ljutnja
ğŸ˜  lice, ljutito lice, ljutnja
ğŸ¤¬ lice sa simbolima na ustima, psovanje
ğŸ˜ˆ bajka, lice, nasmijeÅ¡eno lice s rogovima, rogovi, smijeÅ¡ak
ğŸ‘¿ bajka, demon, lice, ljuto, vraÅ¾iÄ‡ak
ğŸ’€ bajka, ÄudoviÅ¡te, lice, lubanja, smrt
â˜  ÄudoviÅ¡te, kosti, lice, lubanja, lubanja i prekriÅ¾ene kosti, smrt
ğŸ’© ÄudoviÅ¡te, drek, hrpica izmeta, izmet, lice
ğŸ¤¡ klaun, lice, lice klauna
ğŸ‘¹ bajka, ÄudoviÅ¡te, japanski div, lice, stvor
ğŸ‘º bajka, ÄudoviÅ¡te, goblin, lice, stvor
ğŸ‘» bajka, ÄudoviÅ¡te, duh, maÅ¡ta, stvor
ğŸ‘½ izvanzemaljac, lice, maÅ¡ta, nlo, stvor
ğŸ‘¾ ÄudoviÅ¡te, izvanzemaljac, izvanzemaljsko ÄudoviÅ¡te, lice, nlo, stvor
ğŸ¤– ÄudoviÅ¡te, lice, robot
ğŸ˜º lice, maÄka, nasmijana maÄka, otvorena usta, smijeÅ¡ak
ğŸ˜¸ cerenje, lice, maÄka, nasmijana maÄka s nasmijeÅ¡enim oÄima, oÄi, smijeÅ¡ak
ğŸ˜¹ lice, maÄka, maÄka sa suzama radosnicama, suze, veselje
ğŸ˜» lice, ljubav, maÄka, nasmijeÅ¡ena maÄka s oÄima u obliku srca, oÄi, smijeÅ¡ak
ğŸ˜¼ ironija, iskrivljeno, lice, maÄka, maÄka s kiselim osmijehom, smijeÅ¡ak
ğŸ˜½ lice, maÄka, maÄka koja ljubi, poljubac
ğŸ™€ briga, izbezumljena maÄka, iznenaÄ‘enje, lice, maÄka
ğŸ˜¿ lice, maÄka, suze, tuga, uplakana maÄka
ğŸ˜¾ durenje, lice, maÄka, maÄka koja se duri
ğŸ™ˆ lice, majmun, majmun koji ne vidi niÅ¡ta loÅ¡e, vidjeti, zabranjeno, zlo
ğŸ™‰ Äuti, lice, majmun, majmun koji ne Äuje niÅ¡ta loÅ¡e, zabranjeno, zlo
ğŸ™Š govoriti, lice, majmun, majmun koji ne govori niÅ¡ta loÅ¡e, zabranjeno, zlo
ğŸ’‹ otisak usana, poljubac, trag, usne
ğŸ’Œ ljubav, ljubavno pismo, pismo, poÅ¡ta, srce
ğŸ’˜ kupid, romantika, srce, srce sa strelicom, strelica
ğŸ’ srce, srce s trakom, traka, valentinovo
ğŸ’– iskre, srce, svjetlucavo srce, uzbuÄ‘enost
ğŸ’— nervoza, pulsiranje, srce, srce koje raste, uzbuÄ‘enost
ğŸ’“ kucanje, otkucaj, puls, srce, srce koje kuca
ğŸ’ okretanje, srca koja se vrte u krug, srce
ğŸ’• dva srca, ljubav, srce
ğŸ’Ÿ srce, ukras srca
â£ interpunkcija, srce, uskliÄnik, uskliÄnik u obliku srca
ğŸ’” slomljeno, srce
â¤â€ğŸ”¥ ljubav, poÅ¾uda, srce, srce u plamenu, sveto srce, vatra
â¤â€ğŸ©¹ dobro, obnavljanje, oporavak, poboljÅ¡anje, srce koje se lijeÄi, zarastanje, zdravije
â¤ crveno srce, srce
ğŸ§¡ naranÄasto, srce
ğŸ’› srce, Å¾uto
ğŸ’š srce, zeleno
ğŸ’™ plavo, srce
ğŸ’œ ljubiÄasto, srce
ğŸ¤ smeÄ‘e, srce
ğŸ–¤ crno, iskvareno, srce, zlo
ğŸ¤ bijelo, srce
ğŸ’¯ 100, potpuno, rezultat, sto, sto bodova
ğŸ’¢ bijes, karikatura, ljuto, simbol ljutnje
ğŸ’¥ bum, eksplozija, karikatura, sudar
ğŸ’« karikatura, vrtoglavica, zvjezdice
ğŸ’¦ kapljice, kapljice znoja, karikatura, prskanje, znoj
ğŸ’¨ bjeÅ¾anje, karikatura, trÄanje
ğŸ•³ rupa
ğŸ’£ bomba, eksplozija, karikatura, uskoro
ğŸ’¬ dijalog, govor, govorni oblaÄiÄ‡, oblaÄiÄ‡, strip
ğŸ‘â€ğŸ—¨ oko u oblaÄiÄ‡u, svjedok
ğŸ—¨ dijalog, govor, lijevi govorni oblaÄiÄ‡
ğŸ—¯ bijes, desni ljuti govorni oblaÄiÄ‡, ljutnja, oblaÄiÄ‡
ğŸ’­ misao, oblaÄiÄ‡, oblaÄiÄ‡ za misao, strip
ğŸ’¤ karikatura, spavanje, zzz
ğŸ‘‹ mahanje, ruka, ruka koja maÅ¡e, Å¡aka, tijelo
ğŸ¤š dlan, podignuto, ruka, ruka gore, uspravno
ğŸ– podignuta ruka s raÅ¡irenim prstima, prst, raÅ¡ireno, Å¡aka
âœ‹ podignuta ruka, ruka, Å¡aka, tijelo
ğŸ–– prst, Å¡aka, spock, vulkan, vulkanski pozdrav
ğŸ‘Œ ruka, Å¡aka, tijelo, u redu, znak rukom &quot;u redu&quot;
ğŸ¤Œ gesta rukom, ispitivanje, prsti, sarkastiÄno, skupljeni prsti
ğŸ¤ mala koliÄina, ruka koja Å¡tipa
âœŒ pobjeda, ruka sa znakom pobjede, Å¡aka, v
ğŸ¤ drÅ¾ati, fige, palac, prekriÅ¾eni prsti, sreÄ‡a
ğŸ¤Ÿ gesta &quot;volim te&quot;, ljubav, ruka
ğŸ¤˜ prst, rogovi, Å¡aka, tijelo, znak rogova
ğŸ¤™ nazovi me, poziv, ruka
ğŸ‘ˆ kaÅ¾iprst, kaÅ¾iprst koji pokazuje ulijevo, pokazivanje, prst, Å¡aka
ğŸ‘‰ kaÅ¾iprst, kaÅ¾iprst koji pokazuje udesno, pokazivanje, prst, Å¡aka
ğŸ‘† gore, kaÅ¾iprst, kaÅ¾iprst koji pokazuje prema gore, pokazivanje, prst, Å¡aka
ğŸ–• prst, ruka, Å¡aka, srednji prst, tijelo
ğŸ‘‡ dolje, kaÅ¾iprst, kaÅ¾iprst koji pokazuje prema dolje, pokazivanje, prst, Å¡aka
â˜ gore, kaÅ¾iprst, kaÅ¾iprst pokazuje gore, pokazivanje, prst, Å¡aka
ğŸ‘ +1, dobro, gore, palac, ruka
ğŸ‘ -1, dolje, loÅ¡e, palac, ruka
âœŠ podignuta Å¡aka, ruka, Å¡aka, stisnuto, udarac
ğŸ‘Š ruka, Å¡aka, stisnuta Å¡aka, stisnuto, udarac
ğŸ¤› Å¡aka, ulijevo
ğŸ¤œ Å¡aka, udesno
ğŸ‘ pljeskanje, ruka, ruke koje pljeÅ¡Ä‡u, tijelo
ğŸ™Œ bravo, hura, podiÄ‡i, podignute ruke, ruka, slavlje
ğŸ‘ otvorene ruke, otvoreno, ruka, tijelo
ğŸ¤² molitva, spojeni dlanovi
ğŸ¤ dogovor, ruka, rukovanje, sastanak, stisak ruke
ğŸ™ molitva, moljenje, naklon, ruke, sklopljeni dlanovi, zahvala
âœ pisanje, ruka, ruka koja piÅ¡e, tijelo
ğŸ’… kozmetika, lak, lak za nokte, manikura, nokti
ğŸ¤³ fotoaparat, selfie, slikanje, telefon
ğŸ’ª biceps, miÅ¡iÄ‡, napeto, stegnuti biceps, tijelo
ğŸ¦¾ mehaniÄka ruka, pomagalo, proteza
ğŸ¦¿ mehaniÄka noga, pomagalo, proteza
ğŸ¦µ noga, Å¡utirati, udariti nogom
ğŸ¦¶ korak, stopalo, udarac
ğŸ‘‚ tijelo, uho
ğŸ¦» oÅ¡teÄ‡en sluh, pomagalo, uho sa sluÅ¡nim aparatom
ğŸ‘ƒ nos, tijelo
ğŸ§  inteligencija, mozak
ğŸ«€ anatomski, anatomsko srce, kardiologija, organ, puls, srce
ğŸ« dah, disanje, izdisanje, organ, pluÄ‡a, udisanje
ğŸ¦· zub, zubar
ğŸ¦´ kost, kostur
ğŸ‘€ lice, oÄi, oko, tijelo
ğŸ‘ oko, tijelo
ğŸ‘… jezik, tijelo
ğŸ‘„ tijelo, usne, usta
ğŸ‘¶ beba, djeteÅ¡ce, dojenÄe
ğŸ§’ dijete, mlado, rodno neutralno
ğŸ‘¦ deÄkiÄ‡, deÄko, djeÄak, muÅ¡ko
ğŸ‘§ djeva, djevica, djevojÄica, zodijak
ğŸ§‘ odrasla osoba, rodno neutralno
ğŸ‘± kosa, plava kosa, plavokosa osoba
ğŸ‘¨ muÅ¡karac, muÅ¡ko
ğŸ§” brada, muÅ¡karac, muÅ¡karac s bradom, osoba
ğŸ§”â€â™‚ brada, muÅ¡karac, muÅ¡karac: brada
ğŸ‘±â€â™‚ kosa, muÅ¡karac, plava kosa, plavokosi muÅ¡karac
ğŸ‘© Å¾ena, Å¾ensko
ğŸ§”â€â™€ brada, Å¾ena, Å¾ena: brada
ğŸ‘±â€â™€ plavojka, plavokosa Å¾ena, plavuÅ¡a
ğŸ§“ rodno neutralno, stara osoba, starija osoba
ğŸ‘´ starac, starost
ğŸ‘µ starica, starost
ğŸ™ izraz lica, mrÅ¡tenje, osoba koja se mrÅ¡ti
ğŸ™â€â™‚ izraz lica, mrÅ¡tenje, muÅ¡karac, namrÅ¡teni muÅ¡karac
ğŸ™â€â™€ izraz lica, mrÅ¡tenje, namrÅ¡tena Å¾ena, Å¾ena
ğŸ™ durenje, izraz lica, osoba koja se duri
ğŸ™â€â™‚ durenje, izraz lica, muÅ¡karac, nadureni muÅ¡karac
ğŸ™â€â™€ durenje, izraz lica, nadurena Å¾ena, Å¾ena
ğŸ™… kretnja, ne, osoba pokazuje &quot;ne&quot;, ruka, zabranjeno
ğŸ™…â€â™‚ muÅ¡karac pokazuje &quot;ne&quot;, ne, nedopuÅ¡teno, nije u redu, zabranjeno
ğŸ™…â€â™€ ne, nedopuÅ¡teno, nije u redu, zabranjeno, Å¾ena pokazuje &quot;ne&quot;
ğŸ™† kretnja, ok, osoba pokazuje &quot;u redu&quot;, ruka, u redu
ğŸ™†â€â™‚ gestikulacija, muÅ¡karac pokazuje &quot;u redu&quot;, u redu
ğŸ™†â€â™€ gestikulacija, u redu, Å¾ena pokazuje &quot;u redu&quot;
ğŸ’ informacije, osoba s nagnutim dlanom, pomoÄ‡, ruka
ğŸ’â€â™‚ drskost, muÅ¡karac s nagnutim dlanom, otvorena ruka
ğŸ’â€â™€ drskost, otvorena ruka, Å¾ena s nagnutim dlanom
ğŸ™‹ kretnja, osoba s podignutom rukom, podiÄ‡i, ruka, sreÄ‡a
ğŸ™‹â€â™‚ gestikulacija, muÅ¡karac podiÅ¾e ruku, podignuta ruka
ğŸ™‹â€â™€ gestikulacija, podignuta ruka, Å¾ena podiÅ¾e ruku
ğŸ§ gluha osoba, gluhoÄ‡a, pomagalo, sluh, uho
ğŸ§â€â™‚ gluh, gluhi muÅ¡karac, muÅ¡karac
ğŸ§â€â™€ gluha, Å¾ena
ğŸ™‡ ispriÄavanje, klanjanje, kretnja, naklon, osoba koja se klanja
ğŸ™‡â€â™‚ ispriÄavanje, isprika, muÅ¡karac u dubokom naklonu, naklon, usluga
ğŸ™‡â€â™€ ispriÄavanje, isprika, naklon, usluga, Å¾ena u dubokom naklonu
ğŸ¤¦ dlan, lice, lupanje dlanom o Äelo, nevjerica, oÄaj
ğŸ¤¦â€â™‚ dlan o Äelo, muÅ¡karac lupa dlanom o Äelo, nevjerica, oÄaj
ğŸ¤¦â€â™€ dlan o Äelo, nevjerica, oÄaj, Å¾ena lupa dlanom o Äelo
ğŸ¤· nezainteresiranost, neznanje, slijeganje ramenima, sumnja
ğŸ¤·â€â™‚ muÅ¡karac slijeÅ¾e ramenima, nezainteresiranost, neznanje, sumnja
ğŸ¤·â€â™€ nezainteresiranost, neznanje, sumnja, Å¾ena slijeÅ¾e ramenima
ğŸ§‘â€âš• lijeÄnik, medicinska sestra, terapeut, zdravstveni djelatnik, zdravstvo
ğŸ‘¨â€âš• bolniÄar, doktor, lijeÄnik, terapeut
ğŸ‘©â€âš• bolniÄarka, doktorica, lijeÄnica, terapeutkinja
ğŸ§‘â€ğŸ“ diplomant, student
ğŸ‘¨â€ğŸ“ diplomant, student
ğŸ‘©â€ğŸ“ diplomantica, studentica
ğŸ§‘â€ğŸ« instruktor, profesor, uÄitelj
ğŸ‘¨â€ğŸ« nastavnik, profesor, uÄitelj
ğŸ‘©â€ğŸ« nastavnica, profesorica, uÄiteljica
ğŸ§‘â€âš– arbitar, sudac, vaga
ğŸ‘¨â€âš– pravda, pravo, sudac
ğŸ‘©â€âš– pravda, sutkinja
ğŸ§‘â€ğŸŒ¾ farmer, poljoprivrednik, vrtlar
ğŸ‘¨â€ğŸŒ¾ farmer, poljoprivrednik, seljak, vrtlar
ğŸ‘©â€ğŸŒ¾ farmerica, poljoprivrednica, seljakinja, vrtlarica
ğŸ§‘â€ğŸ³ kuhar, Å¡ef kuhinje
ğŸ‘¨â€ğŸ³ kuhar, Å¡ef kuhinje
ğŸ‘©â€ğŸ³ kuharica, Å¡efica kuhinje
ğŸ§‘â€ğŸ”§ elektriÄar, majstor, mehaniÄar, serviser, vodoinstalater
ğŸ‘¨â€ğŸ”§ elektriÄar, majstor, mehaniÄar, vodoinstalater
ğŸ‘©â€ğŸ”§ elektriÄarka, majstorica, mehaniÄarka, vodoinstalaterka
ğŸ§‘â€ğŸ­ industrija, radnik, radnik u tvornici, traka, tvornica
ğŸ‘¨â€ğŸ­ industrija, radnik, traka, tvornica, tvorniÄki radnik
ğŸ‘©â€ğŸ­ industrija, radnica, traka, tvornica, tvorniÄka radnica
ğŸ§‘â€ğŸ’¼ arhitekt, menadÅ¾er, poslovni Äovjek, sluÅ¾benik, uredski djelatnik
ğŸ‘¨â€ğŸ’¼ arhitekt, menadÅ¾er, poslovni Äovjek, sluÅ¾benik, ured
ğŸ‘©â€ğŸ’¼ arhitektkinja, menadÅ¾erica, poslovna Å¾ena, sluÅ¾benica, ured
ğŸ§‘â€ğŸ”¬ biokemiÄar, biolog, fiziÄar, inÅ¾enjer, kemiÄar, znanstvenik
ğŸ‘¨â€ğŸ”¬ biolog, fiziÄar, inÅ¾enjer, kemiÄar, znanstvenik
ğŸ‘©â€ğŸ”¬ biologinja, fiziÄarka, inÅ¾enjerka, kemiÄarka, znanstvenica
ğŸ§‘â€ğŸ’» izumitelj, koder, programer, softver, tehnoloÅ¡ki djelatnik, tehnoloÅ¡ki inÅ¾enjer
ğŸ‘¨â€ğŸ’» izumitelj, koder, programer, softver, tehnoloÅ¡ki inÅ¾enjer
ğŸ‘©â€ğŸ’» izumiteljica, koderica, programerka, softver, tehnoloÅ¡ka inÅ¾enjerka
ğŸ§‘â€ğŸ¤ glumac, izvoÄ‘aÄ, pjevaÄ, rock, zabavljaÄ, zvijezda
ğŸ‘¨â€ğŸ¤ glumac, pjevaÄ, zabavljaÄ, zvijezda
ğŸ‘©â€ğŸ¤ glumica, pjevaÄica, zabavljaÄica, zvijezda
ğŸ§‘â€ğŸ¨ paleta, slikar
ğŸ‘¨â€ğŸ¨ paleta, umjetnik
ğŸ‘©â€ğŸ¨ paleta, umjetnica
ğŸ§‘â€âœˆ pilot zrakoplova, zrakoplov
ğŸ‘¨â€âœˆ avion, pilot, zrakoplov
ğŸ‘©â€âœˆ avion, pilot, pilotkinja, zrakoplov
ğŸ§‘â€ğŸš€ astronaut, kozmonaut, raketa
ğŸ‘¨â€ğŸš€ astronaut, raketa, svemir
ğŸ‘©â€ğŸš€ astronaut, astronautkinja, raketa, svemir
ğŸ§‘â€ğŸš’ vatrogasni djelatnik, vatrogasno vozilo
ğŸ‘¨â€ğŸš’ vatrogasac, vatrogasno vozilo
ğŸ‘©â€ğŸš’ vatrogasac, vatrogaskinja, vatrogasna kola, Å¾ena
ğŸ‘® pandur, policajac, policija
ğŸ‘®â€â™‚ pandur, policajac, policija, policijski djelatnik, redarstvenik
ğŸ‘®â€â™€ pandurka, policajka, redarstvenica
ğŸ•µ detektiv, Å¡pijun
ğŸ•µâ€â™‚ detektiv, istraÅ¾itelj, muÅ¡karac, privatni istraÅ¾itelj, Å¡pijun
ğŸ•µâ€â™€ detektivka, istraÅ¾iteljica, privatna istraÅ¾iteljica, Å¡pijunka, Å¾ena
ğŸ’‚ Äuvar
ğŸ’‚â€â™‚ Äuvar, muÅ¡karac, straÅ¾ar
ğŸ’‚â€â™€ Äuvarica, straÅ¾arica
ğŸ¥· borac, nindÅ¾a, prikradanje, skrivanje
ğŸ‘· graÄ‘evinski radnik, gradnja, radnik, Å¡ljem
ğŸ‘·â€â™‚ gradnja, radnik, zidar
ğŸ‘·â€â™€ gradnja, radnica, zidarica
ğŸ¤´ princ
ğŸ‘¸ bajka, maÅ¡ta, princeza
ğŸ‘³ osoba s turbanom, turban
ğŸ‘³â€â™‚ muÅ¡karac, muÅ¡karac s turbanom, turban
ğŸ‘³â€â™€ turban, Å¾ena, Å¾ena s turbanom
ğŸ‘² kapa, kina, muÅ¡karac, muÅ¡karac s kineskom kapom
ğŸ§• hidÅ¾ab, marama, Å¾ena s maramom
ğŸ¤µ mladoÅ¾enja, osoba, osoba u smokingu, smoking
ğŸ¤µâ€â™‚ muÅ¡karac, muÅ¡karac u smokingu, smoking
ğŸ¤µâ€â™€ smoking, Å¾ena, Å¾ena u smokingu
ğŸ‘° mladenka, nevjesta s velom, veo, vjenÄanje
ğŸ‘°â€â™‚ muÅ¡karac, muÅ¡karac s velom, veo
ğŸ‘°â€â™€ veo, Å¾ena, Å¾ena s velom
ğŸ¤° trudnica, Å¾ena
ğŸ¤± beba, dojenje, grudi
ğŸ‘©â€ğŸ¼ beba, dojenje, hranjenje, Å¾ena, Å¾ena hrani bebu
ğŸ‘¨â€ğŸ¼ beba, dojenje, hranjenje, muÅ¡karac, muÅ¡karac hrani bebu
ğŸ§‘â€ğŸ¼ beba, dojenje, hranjenje, osoba, osoba hrani bebu
ğŸ‘¼ anÄ‘eo, bajka, beba, lice, maÅ¡ta
ğŸ… bajka, boÅ¾iÄ‡, Djed BoÅ¾iÄ‡njak, djed mraz, maÅ¡ta, slavlje
ğŸ¤¶ Baka Mraz, BoÅ¾iÄ‡, Å¾ena
ğŸ§‘â€ğŸ„ Mraz, BoÅ¾iÄ‡, osoba Mraz
ğŸ¦¸ dobroÄinitelj, junak, junakinja, superheroj, supermoÄ‡i
ğŸ¦¸â€â™‚ dobroÄinitelj, junak, muÅ¡karac, superjunak, supermoÄ‡i
ğŸ¦¸â€â™€ dobroÄinitelj, junak, junakinja, superjunakinja, supermoÄ‡i, Å¾ena
ğŸ¦¹ kriminalac, supermoÄ‡i, zlo, zloÄinac
ğŸ¦¹â€â™‚ kriminalac, muÅ¡karac, stripovski zloÄinac, supermoÄ‡i, zlo, zloÄinac
ğŸ¦¹â€â™€ kriminalka, stripovska zloÄinka, supermoÄ‡i, Å¾ena, zlo, zloÄinka
ğŸ§™ magiÄar, vjeÅ¡tac, vjeÅ¡tica
ğŸ§™â€â™‚ Äarobnjak, vjeÅ¡tac
ğŸ§™â€â™€ Äarobnica, vjeÅ¡tica
ğŸ§š Kosjenka, Malik TintiliniÄ‡, vilinsko biÄ‡e
ğŸ§šâ€â™‚ kuÄ‡ni duh, Malik TintiliniÄ‡
ğŸ§šâ€â™€ Kosjenka, vila
ğŸ§› Drakula, neÅ¾iva osoba
ğŸ§›â€â™‚ Drakula, vampir
ğŸ§›â€â™€ neÅ¾iva, vampirica
ğŸ§œ morska sirena, muÅ¡ka sirena, sirena
ğŸ§œâ€â™‚ muÅ¡ka sirena, Triton
ğŸ§œâ€â™€ sirena, Å¾enska sirena
ğŸ§ magiÄno, Å¡umski vilenjak
ğŸ§â€â™‚ magiÄno, vilenjak
ğŸ§â€â™€ magiÄno, vilenjakinja
ğŸ§ duh, dÅ¾in
ğŸ§â€â™‚ duh, muÅ¡ki dÅ¾in
ğŸ§â€â™€ duh, Å¾enski dÅ¾in
ğŸ§Ÿ Å¾ivi mrtvac, zombi
ğŸ§Ÿâ€â™‚ muÅ¡ki zombi, Å¾ivi mrtvac
ğŸ§Ÿâ€â™€ Å¾enski zombi, Å¾ivi mrtvac
ğŸ’† masaÅ¾a, osoba na masaÅ¾i, salon
ğŸ’†â€â™‚ masaÅ¾a, muÅ¡karac na masaÅ¾i
ğŸ’†â€â™€ masaÅ¾a, Å¾ena na masaÅ¾i
ğŸ’‡ frizer, salon, Å¡iÅ¡anje, uljepÅ¡avanje
ğŸ’‡â€â™‚ muÅ¡karac na Å¡iÅ¡anju, muÅ¡karac se Å¡iÅ¡a, Å¡iÅ¡anje
ğŸ’‡â€â™€ Å¡iÅ¡anje, Å¾ena na Å¡iÅ¡anju, Å¾ena se Å¡iÅ¡a
ğŸš¶ hodanje, pjeÅ¡ak, Å¡etanje
ğŸš¶â€â™‚ hod, muÅ¡karac hoda, Å¡etnja
ğŸš¶â€â™€ hod, Å¡etnja, Å¾ena hoda
ğŸ§ osoba stoji, stajanje, stajati
ğŸ§â€â™‚ muÅ¡karac, muÅ¡karac stoji, stajanje
ğŸ§â€â™€ stajanje, Å¾ena, Å¾ena stoji
ğŸ§ kleÄati, kleknuti, osoba kleÄi
ğŸ§â€â™‚ kleÄanje, muÅ¡karac, muÅ¡karac kleÄi
ğŸ§â€â™€ kleÄanje, Å¾ena, Å¾ena kleÄi
ğŸ§‘â€ğŸ¦¯ osoba s bijelim Å¡tapom, pomagalo, slijep
ğŸ‘¨â€ğŸ¦¯ muÅ¡karac, muÅ¡karac s bijelim Å¡tapom, pomagalo, slijep
ğŸ‘©â€ğŸ¦¯ pomagalo, slijepa, Å¾ena, Å¾ena s bijelim Å¡tapom
ğŸ§‘â€ğŸ¦¼ invalidska kolica, osoba u invalidskim kolicima na motorni pogon, pomagalo
ğŸ‘¨â€ğŸ¦¼ invalidska kolica, muÅ¡karac, muÅ¡karac u motornim invalidskim kolicima, pomagalo
ğŸ‘©â€ğŸ¦¼ invalidska kolica, pomagalo, Å¾ena, Å¾ena u motornim invalidskim kolicima
ğŸ§‘â€ğŸ¦½ invalidska kolica, osoba u invalidskim kolicima na ruÄni pogon, pomagalo
ğŸ‘¨â€ğŸ¦½ invalidska kolica, muÅ¡karac, muÅ¡karac u invalidskim kolicima na ruÄni pogon, pomagalo
ğŸ‘©â€ğŸ¦½ invalidska kolica, pomagalo, Å¾ena, Å¾ena u invalidskim kolicima na ruÄni pogon
ğŸƒ maraton, osoba trÄi, trÄanje
ğŸƒâ€â™‚ maraton, muÅ¡karac trÄi, trÄanje, utrka
ğŸƒâ€â™€ maraton, trÄanje, utrka, Å¾ena trÄi
ğŸ’ƒ plesanje, Å¾ena pleÅ¡e
ğŸ•º Äovjek, muÅ¡karac pleÅ¡e, ples
ğŸ•´ muÅ¡karac, muÅ¡karac u poslovnom odijelu koji levitira, odijelo, posao
ğŸ‘¯ osobe sa zeÄjim uÅ¡ima, ples, uho, zeÄica
ğŸ‘¯â€â™‚ muÅ¡karci sa zeÄjim uÅ¡ima, plesaÄi, zabava, zeÄje uÅ¡i
ğŸ‘¯â€â™€ plesaÄice, zabava, zeÄje uÅ¡i, Å¾ene sa zeÄjim uÅ¡ima
ğŸ§– osoba u sauni, parna kupelj, sauna
ğŸ§–â€â™‚ muÅ¡karac u sauni, parna kupelj, sauna
ğŸ§–â€â™€ parna kupelj, sauna, Å¾ena u sauni
ğŸ§— osoba se penje, penjanje
ğŸ§—â€â™‚ muÅ¡karac se penje, penjanje
ğŸ§—â€â™€ penjanje, Å¾ena se penje
ğŸ¤º maÄ, maÄevalac, maÄevanje, osoba se maÄuje, sport
ğŸ‡ dÅ¾okej, konj, konjiÄke utrke, utrka
â›· skijanje, skijaÅ¡, snijeg
ğŸ‚ daskanje, skijanje, snijeg, snowboarder
ğŸŒ golf, loptica, osoba igra golf
ğŸŒâ€â™‚ golf, golfer, muÅ¡karac igra golf
ğŸŒâ€â™€ golf, golferica, Å¾ena, Å¾ena igra golf
ğŸ„ daskanje, surfer
ğŸ„â€â™‚ muÅ¡karac surfa, surfanje, surfer
ğŸ„â€â™€ surfanje, surferica, Å¾ena surfa
ğŸš£ Äamac, osoba vesla, vozilo
ğŸš£â€â™‚ muÅ¡karac vesla, veslaÄ, veslanje
ğŸš£â€â™€ veslaÄica, veslanje, Å¾ena vesla
ğŸŠ osoba pliva, plivanje
ğŸŠâ€â™‚ muÅ¡karac pliva, plivaÄ, plivanje
ğŸŠâ€â™€ plivaÄica, plivanje, Å¾ena pliva
â›¹ lopta, osoba vodi loptu
â›¹â€â™‚ lopta, muÅ¡karac, muÅ¡karac vodi loptu
â›¹â€â™€ lopta, Å¾ena, Å¾ena vodi loptu
ğŸ‹ dizaÄ, osoba diÅ¾e utege, utezi
ğŸ‹â€â™‚ dizanje utega, muÅ¡karac diÅ¾e utege
ğŸ‹â€â™€ dizanje utega, Å¾ena diÅ¾e utege
ğŸš´ bicikl, osoba vozi bicikl
ğŸš´â€â™‚ bicikl, bicikliranje, muÅ¡karac vozi bicikl
ğŸš´â€â™€ bicikl, bicikliranje, Å¾ena vozi bicikl
ğŸšµ bicikl, biciklist, osoba vozi brdski bicikl, planina
ğŸšµâ€â™‚ bicikl, bicikliranje, muÅ¡karac vozi brdski bicikl
ğŸšµâ€â™€ bicikl, bicikliranje, Å¾ena vozi brdski bicikl
ğŸ¤¸ gimnastika, osoba, osoba izvodi zvijezdu, sport, zvijezda
ğŸ¤¸â€â™‚ gimnastika, muÅ¡karac izvodi zvijezdu, sport, zvijezda
ğŸ¤¸â€â™€ gimnastika, sport, Å¾ena izvodi zvijezdu, zvijezda
ğŸ¤¼ hrvaÄ, hrvanje, osoba, osobe se hrvaju, sport
ğŸ¤¼â€â™‚ hrvanje, muÅ¡karci se hrvaju, sport
ğŸ¤¼â€â™€ hrvanje, sport, Å¾ene se hrvaju
ğŸ¤½ osobe igraju vaterpolo, polo, sport, vaterpolo, voda
ğŸ¤½â€â™‚ muÅ¡karac igra vaterpolo, sport, vaterpolo
ğŸ¤½â€â™€ sport, vaterpolo, Å¾ena igra vaterpolo
ğŸ¤¾ lopta, osoba, osoba igra rukomet, rukomet, sport
ğŸ¤¾â€â™‚ muÅ¡karac igra rukomet, rukomet, sport
ğŸ¤¾â€â™€ rukomet, sport, Å¾ena igra rukomet
ğŸ¤¹ multitasking, odrÅ¾avanje ravnoteÅ¾e, osoba Å¾onglira, vjeÅ¡tina, Å¾ongliranje
ğŸ¤¹â€â™‚ muÅ¡karac Å¾onglira, Å¾ongler
ğŸ¤¹â€â™€ Å¾ena Å¾onglira, Å¾onglerica
ğŸ§˜ meditacija, osoba u poloÅ¾aju lotosa, yoga
ğŸ§˜â€â™‚ meditacija, muÅ¡karac u poloÅ¾aju lotosa, yoga
ğŸ§˜â€â™€ meditacija, yoga, Å¾ena u poloÅ¾aju lotosa
ğŸ›€ kada, kupanje, osoba koja se kupa u kadi
ğŸ›Œ hotel, osoba u krevetu, spavanje
ğŸ§‘â€ğŸ¤â€ğŸ§‘ drÅ¾anje za ruke, drÅ¾ati, osoba, osobe koje se drÅ¾e za ruke, par, ruka
ğŸ‘­ drÅ¾anje ruku, par, ruka, Å¾ene, Å¾ene koje se drÅ¾e za ruke
ğŸ‘« drÅ¾anje, drÅ¾anje za ruke, muÅ¡karac, muÅ¡karac i Å¾ena koji se drÅ¾e za ruke, par, ruke, Å¾ena
ğŸ‘¬ blizanci, Blizanci, drÅ¾anje za ruke, horoskop, muÅ¡karac, muÅ¡karci, muÅ¡karci koji se drÅ¾e za ruke, par
ğŸ’ par, poljubac, romantika
ğŸ’‘ ljubav, par, par sa srcem, romantika, srce
ğŸ‘ª dijete, majka, obitelj, otac
ğŸ—£ glava, glava koja govori, govor, lice, silueta
ğŸ‘¤ poprsje, poprsje u silueti, silueta
ğŸ‘¥ poprsja u silueti, poprsje, silueta
ğŸ«‚ hvala, osobe koje se grle, pozdrav, zagrljaj, zbogom
ğŸ‘£ noge, otisak, otisci stopala, stopala, tijelo
ğŸ¦° crvena kosa, crvenokos, riÄ‘okos
ğŸ¦± afro, kovrÄava, kovrÄava kosa, lokne
ğŸ¦³ bijela, kosa, sijeda, star
ğŸ¦² bez kose, Ä‡elav, kemoterapija, obrijano
ğŸµ lice, lice majmuna, majmun
ğŸ’ majmun
ğŸ¦ gorila, Å¾ivotinja
ğŸ¦§ majmun, orangutan
ğŸ¶ lice, lice psa, ljubimac, pas
ğŸ• ljubimac, pas
ğŸ¦® pas vodiÄ, pomagalo, sljepoÄ‡a, vodiÄ
ğŸ•â€ğŸ¦º pas, pomagalo, pomoÄ‡, radni pas, traganje
ğŸ© ljubimac, pas, pudl
ğŸº lice, vuk
ğŸ¦Š lice, lisica
ğŸ¦ lukavost, rakun, znatiÅ¾elja
ğŸ± lice, lice maÄke, ljubimac, maÄka
ğŸˆ ljubimac, maÄka
ğŸˆâ€â¬› crna maÄka, crno, maÄka, nesreÄ‡a
ğŸ¦ lav, lice, lice lava, zodijak
ğŸ¯ lice, lice tigra, tigar
ğŸ… tigar
ğŸ† leopard
ğŸ´ konj, lice, lice konja
ğŸ konj, trkaÄ‡i konj, utrka
ğŸ¦„ jednorog, lice
ğŸ¦“ pruge, zebra
ğŸ¦Œ jelen, Å¾ivotinja
ğŸ¦¬ bizon, europski bizon, govedo, stado
ğŸ® krava, lice, lice krave
ğŸ‚ bik, govedo, vol, zodijak
ğŸƒ bivol, voda, vodeni bivol
ğŸ„ krava
ğŸ· lice, lice svinje, svinja
ğŸ– krmaÄa, svinja
ğŸ— divlja, svinja, vepar
ğŸ½ lice, njuÅ¡ka, njuÅ¡ka svinje, svinja
ğŸ ovan, ovca, zodijak
ğŸ‘ ovca
ğŸ jarac, koza, zodijak
ğŸª deva, dromedar, grba
ğŸ« deva, dvogrba deva, grba
ğŸ¦™ alpaka, gvanako, ljama, vuna
ğŸ¦’ toÄke, Å¾irafa
ğŸ˜ slon
ğŸ¦£ izumrli, kljove, mamut, veliki, vuneni
ğŸ¦ nosorog, Å¾ivotinja
ğŸ¦› nilski konj, vodeni konj, vodenkonj
ğŸ­ lice, lice miÅ¡a, miÅ¡
ğŸ miÅ¡
ğŸ€ Å¡takor
ğŸ¹ hrÄak, lice, ljubimac
ğŸ° kuniÄ‡, lice, lice zeca, ljubimac, zec
ğŸ‡ kuniÄ‡, ljubimac, zec
ğŸ¿ vjeverica
ğŸ¦« brana, dabar
ğŸ¦” bodlje, jeÅ¾
ğŸ¦‡ Å¡iÅ¡miÅ¡, vampir, Å¾ivotinja
ğŸ» lice, medvjed
ğŸ»â€â„ arktik, bijelo, medvjed, polarni medvjed
ğŸ¨ koala, medvjed
ğŸ¼ lice, panda
ğŸ¦¥ lijen, ljenjivac, spor
ğŸ¦¦ ribolov, vidra, zaigranost
ğŸ¦¨ smrad, tvor
ğŸ¦˜ Australija, klokan, skakanje, tobolac
ğŸ¦¡ jazavac, medojedni jazavac, Å¡tetoÄina
ğŸ¾ otisak, Å¡ape, stopala, tragovi Å¡apa
ğŸ¦ƒ puran, purica
ğŸ” koka, kokoÅ¡
ğŸ“ kokot, pijetao
ğŸ£ beba, izlijeganje, pile, pile izleglo iz jajeta
ğŸ¤ beba, pile
ğŸ¥ beba, pile, pile sprijeda
ğŸ¦ ptica
ğŸ§ pingvin, ptica
ğŸ•Š golubica, letenje, mir, ptica
ğŸ¦… orao, ptica
ğŸ¦† patka, ptica
ğŸ¦¢ labud, ptica, ruÅ¾no paÄe
ğŸ¦‰ mudrost, ptica, sova
ğŸ¦¤ dodo, izumrlo, Mauricijus, veliko
ğŸª¶ lagano, letjeti, perje, pero, ptica
ğŸ¦© flamingo, plamenac, tropski
ğŸ¦š paun, paunica, ponos, ptica, razmetljivost, ukras
ğŸ¦œ govor, gusar, papiga, ptica
ğŸ¸ lice, Å¾aba
ğŸŠ krokodil
ğŸ¢ kornjaÄa
ğŸ¦ guÅ¡ter, reptil
ğŸ ophiuchus, zmija, zmijonosac, zodijak
ğŸ² bajka, lice, lice zmaja, zmaj
ğŸ‰ bajka, zmaj
ğŸ¦• brahiosaur, brontosaur, diplodok, sauropod
ğŸ¦– t-rex, tiranosaur
ğŸ³ kit, kit koji izbacuje mlaz vode, lice, mlaz
ğŸ‹ kit
ğŸ¬ delfin, dupin, Flipper
ğŸ¦­ morski lav, tuljan
ğŸŸ riba, ribe, zodijak
ğŸ  riba, tropi, tropska ribica
ğŸ¡ riba, riba napuhaÄa
ğŸ¦ˆ morski pas, riba
ğŸ™ hobotnica
ğŸš Å¡kolja, spirala, spiralna Å¡koljka
ğŸŒ puÅ¾
ğŸ¦‹ insekt, leptir, ljepota
ğŸ› gusjenica, insekt
ğŸœ insekt, mrav
ğŸ insekt, pÄela
ğŸª² buba, insekt, kukac
ğŸ buba, bubamara, insekt
ğŸ¦— cvrÄak, skakavac
ğŸª³ insekt, kukac, nametnik, Å¾ohar
ğŸ•· insekt, pauk
ğŸ•¸ mreÅ¾a, pauk, paukova mreÅ¾a
ğŸ¦‚ Å¡korpion, zodijak
ğŸ¦Ÿ bolest, groznica, insekt, komarac, malarija, virus
ğŸª° bolest, crv, muha, nametnik, truleÅ¾
ğŸª± crv, glista, kolutiÄ‡avac, parazit
ğŸ¦  ameba, bakterija, mikrob, virus
ğŸ’ biljka, buket, cvijet, romantika
ğŸŒ¸ biljka, cvijet, treÅ¡nja, treÅ¡njin cvijet
ğŸ’® bijeli cvijet, cvijet
ğŸµ biljka, rozeta
ğŸŒ¹ biljka, cvijet, ruÅ¾a
ğŸ¥€ cvijet, uveo
ğŸŒº biljka, cvijet, hibiskus
ğŸŒ» biljka, cvijet, sunce, suncokret
ğŸŒ¼ biljka, cvijet, cvjetanje
ğŸŒ· biljka, cvijet, tulipan
ğŸŒ± biljka, mlado, sadnica
ğŸª´ beskorisno, biljka, biljka u tegli, dosadno, kuÄ‡a, rasti, uzgoj
ğŸŒ² biljka, drvo, zimzeleno drvo
ğŸŒ³ biljka, drvo, listopadno
ğŸŒ´ biljka, drvo, palma
ğŸŒµ biljka, kaktus
ğŸŒ¾ biljka, klas, klas riÅ¾e, riÅ¾a
ğŸŒ¿ biljka, list
â˜˜ biljka, djetelina
ğŸ€ 4, biljka, Äetverolisna djetelina, djetelina, list
ğŸ biljka, javor, javorov list, list, padanje
ğŸ‚ biljka, list, otpali list, padanje
ğŸƒ list, list koji treperi na vjetru, puhanje, treperenje, vjetar
ğŸ‡ biljka, groÅ¾Ä‘e, voÄ‡e
ğŸˆ biljka, dinja, voÄ‡e
ğŸ‰ biljka, lubenica, voÄ‡e
ğŸŠ biljka, mandarina, naranÄa, voÄ‡e
ğŸ‹ biljka, limun, voÄ‡e
ğŸŒ banana, biljka, voÄ‡e
ğŸ ananas, biljka, voÄ‡e
ğŸ¥­ mango, tropsko, voÄ‡e
ğŸ biljka, crvena, jabuka, voÄ‡e
ğŸ biljka, jabuka, voÄ‡e, zelena
ğŸ biljka, kruÅ¡ka, voÄ‡e
ğŸ‘ biljka, breskva, voÄ‡e
ğŸ’ biljka, treÅ¡nja, treÅ¡nje, voÄ‡e
ğŸ“ biljka, jagoda, voÄ‡e
ğŸ« bobica, borovnica, borovnice, plavo, Å¡umsko voÄ‡e
ğŸ¥ hrana, kivi, voÄ‡e
ğŸ… biljka, povrÄ‡e, rajÄica, voÄ‡e
ğŸ«’ hrana, maslina
ğŸ¥¥ kokos, palma, piÃ±a colada
ğŸ¥‘ avokado, hrana, voÄ‡e
ğŸ† biljka, patlidÅ¾an, povrÄ‡e
ğŸ¥” hrana, krumpir, povrÄ‡e
ğŸ¥• hrana, mrkva, povrÄ‡e
ğŸŒ½ biljka, klip, klip kukuruza, kukuruz
ğŸŒ¶ biljka, ljuta papriÄica, ljuto, papriÄica, paprika
ğŸ«‘ babura, papriÄica, paprika, povrÄ‡e
ğŸ¥’ hrana, kiseli krastavac, krastavac, povrÄ‡e
ğŸ¥¬ blitva, kelj, kupus, lisnato povrÄ‡e, salata, zelena salata
ğŸ¥¦ biljka, brokula, povrÄ‡e
ğŸ§„ ÄeÅ¡njak, povrÄ‡e
ğŸ§… luk, povrÄ‡e
ğŸ„ biljka, gljiva
ğŸ¥œ grickalice, hrana, kikiriki, povrÄ‡e
ğŸŒ° biljka, kesten
ğŸ kruh, Å¡truca
ğŸ¥ francuska, hrana, kroasan, kruh
ğŸ¥– baget, francuska, hrana, kruh
ğŸ«“ bublica, lepinja, naan, pecivo, pita
ğŸ¥¨ ispleteno, perec
ğŸ¥¯ pecivo, pekarski proizvod, uÅ¡tipak
ğŸ¥ crÃªpe, hrana, palaÄinke
ğŸ§‡ neodluÄan, tost, vafel
ğŸ§€ komad sira, sir
ğŸ– kost, meso, meso na kosti
ğŸ— batak, kost, noga, perad, piletina
ğŸ¥© janjetina, odrezak, svinjetina
ğŸ¥“ hrana, meso, slanina
ğŸ” burger, hamburger
ğŸŸ krumpiriÄ‡, pomfrit, prÅ¾eno
ğŸ• kriÅ¡ka, pizza, sir
ğŸŒ­ hot dog, hotdog, hrenovka, kobasica
ğŸ¥ª kruh, sendviÄ
ğŸŒ® meksiÄka, taco
ğŸŒ¯ burrito, meksiÄka
ğŸ«” meksiÄko, tamal, umotano
ğŸ¥™ falafel, giros, hrana, kebab, lepinja
ğŸ§† Ä‡ufte, falafel, okruglice, slanutak
ğŸ¥š doruÄak, hrana, jaje
ğŸ³ jaje, kuhanje, peÄenje, tava
ğŸ¥˜ hrana, lonac, paella, plitko, posuda, posuda s hranom
ğŸ² gulaÅ¡, lonac, lonac s hranom, lonac s jelom
ğŸ«• Äokolada, fondi, otopljeno, posuda, sir, Å¡vicarsko
ğŸ¥£ doruÄak, zdjelica sa Å¾licom, Å¾itarice
ğŸ¥— hrana, salata, zelena salata, zeleno
ğŸ¿ kokice
ğŸ§ˆ maslac, mlijeÄni, proizvod
ğŸ§‚ sol, soljenka, zaÄin
ğŸ¥« konzerva, limenka
ğŸ± bento, japan, kutija
ğŸ˜ keks, keks od riÅ¾e, riÅ¾a
ğŸ™ japan, kuglica, kuglica od riÅ¾e, riÅ¾a
ğŸš kuhana, riÅ¾a
ğŸ› curry, riÅ¾a
ğŸœ kipuÄ‡a zdjelica, para, ramen, tjestenina, zdjelica
ğŸ Å¡pageti, tjestenina
ğŸ  batat, krumpir, peÄeni batat, peÄeno
ğŸ¢ morski plodovi, oden, raÅ¾njiÄ‡, Å¡tapiÄ‡
ğŸ£ sushi
ğŸ¤ kozica, prÅ¾eni raÄiÄ‡, prÅ¾eno, raÄiÄ‡, tempura
ğŸ¥ kolaÄ, riba, riblji kolaÄ s motivom spirale, spirala, tijesto
ğŸ¥® festival, jesen, mjeseÄev kolaÄ, slastica
ğŸ¡ dango, desert, japan, raÅ¾njiÄ‡, slatko, Å¡tapiÄ‡
ğŸ¥Ÿ empanada, gyÅza, jiaozi, okruglica, pierogi, Å¡koljkica
ğŸ¥  kolaÄiÄ‡ sreÄ‡e, proroÄanstvo
ğŸ¥¡ kutija za dostavu, kutija za kinesku hranu
ğŸ¦€ rak, zodijak
ğŸ¦ jastog, klijeÅ¡ta, morski plodovi, oklop
ğŸ¦ hrana, rak, Å¡kamp, Å¡koljka
ğŸ¦‘ hrana, lignja, mekuÅ¡ac
ğŸ¦ª biser, izroniti, kamenica, Å¡koljka
ğŸ¦ desert, led, meki sladoled, meko, sladoled, slatko, vrhnje
ğŸ§ desert, komadiÄ‡i, led, sladoled s komadiÄ‡ima leda, slatko
ğŸ¨ desert, led, sladoled, slatko, vrhnje
ğŸ© desert, krafna, slatko
ğŸª desert, keks, slatko
ğŸ‚ desert, roÄ‘endan, roÄ‘endanska torta, slatko, slavlje, tijesto, torta
ğŸ° desert, kolaÄ, komad kolaÄa, kriÅ¡ka, slatko, tijesto, torta
ğŸ§ muffin, pekarski proizvod, slastica
ğŸ¥§ pita, punjenje, tijesto
ğŸ« Äokolada, desert, slatko, tabla, tabla Äokolade
ğŸ¬ bombon, desert, slatko
ğŸ­ bombon, desert, lizalica, slatko
ğŸ® desert, krema od jaja, puding, slatko
ğŸ¯ med, slatko, tegla, tegla meda
ğŸ¼ beba, boÄica, boÄica za bebe, mlijeko, piti
ğŸ¥› ÄaÅ¡a, ÄaÅ¡a mlijeka, mlijeko, piÄ‡e
â˜• Äaj, kava, napitak, vruÄ‡e, vruÄ‡i napitak
ğŸ«– Äaj, Äajnik, piÄ‡e, posuda
ğŸµ Äaj, napitak, piti, Å¡alica, Å¡alica za Äaj bez ruÄke
ğŸ¶ bar, boca, napitak, piÄ‡e, sake, Å¡alica
ğŸ¾ bar, boca, boca iz koje izlijeÄ‡e Äep, Äep, piÄ‡e
ğŸ· bar, ÄaÅ¡a, ÄaÅ¡a za vino, piÄ‡e, vino
ğŸ¸ bar, ÄaÅ¡a, ÄaÅ¡a za koktel, koktel, piÄ‡e
ğŸ¹ bar, piÄ‡e, tropi, tropsko piÄ‡e
ğŸº bar, krigla, krigla za pivo, piÄ‡e, pivo
ğŸ» bar, krigla, kucanje, pivo, zdravica, zdravica kriglama piva
ğŸ¥‚ ÄaÅ¡a, kucanje, piÄ‡e, proslava, zdravica
ğŸ¥ƒ ÄaÅ¡a, piÄ‡e, viski, Å¾estoko
ğŸ¥¤ ÄaÅ¡a sa slamkom, sok
ğŸ§‹ Äaj, kuglica, mjehuriÄasti Äaj, mjehuriÄ‡i, mlijeko
ğŸ§ƒ sok, sok u tetrapaku, tetrapak
ğŸ§‰ Äaj, mate, piÄ‡e
ğŸ§Š blok leda, hladno, kocka leda, santa leda
ğŸ¥¢ kineski Å¡tapiÄ‡i, Å¡tapiÄ‡i
ğŸ½ kuhanje, noÅ¾, tanjur, vilica, vilica i noÅ¾ s tanjurom
ğŸ´ kuhanje, noÅ¾, vilica, vilica i noÅ¾
ğŸ¥„ pribor za jelo, Å¾lica
ğŸ”ª alat, kuhanje, kuhinjski noÅ¾, noÅ¾, oruÅ¾je
ğŸº amfora, kuhanje, piÄ‡e, vodenjak, vrÄ, zodijak
ğŸŒ Afrika, Europa, globus, globus s prikazom Europe i Afrike, svijet, Zemlja
ğŸŒ Amerika, globus, globus s prikazom Amerika, juÅ¾na, sjeverna, svijet, Zemlja
ğŸŒ Australija, Azija, globus, globus s prikazom Azije i Australije, svijet, Zemlja
ğŸŒ globus, globus s meridijanima, meridijani, svijet, zemlja
ğŸ—º karta, karta svijeta, svijet
ğŸ—¾ japan, karta, karta Japana
ğŸ§­ kompas, magnetski, navigacija, orijentacija
ğŸ” hladno, planina, planina sa snjeÅ¾nim vrhovima, snijeg
â›° planina
ğŸŒ‹ erupcija, planina, vrijeme, vulkan
ğŸ—» fuji, planina, planina Fuji
ğŸ• kampiranje
ğŸ– plaÅ¾a, plaÅ¾a sa suncobranom, suncobran
ğŸœ pustinja
ğŸ otok, pusti otok, pusto
ğŸ nacionalni park, park
ğŸŸ stadion
ğŸ› antiÄka graÄ‘evina, antika, graÄ‘evina, zgrada
ğŸ— gradiliÅ¡te, gradnja, zgrada
ğŸ§± cigla, cigle, glina, Å¾buka, zid
ğŸª¨ Ävrsto, gromada, kamen, stijena, teÅ¡ko
ğŸªµ cjepanica, cjepanice, drva, drvo
ğŸ›– koliba, kuÄ‡a, kuÄ‡a od slame, slamnata kuÄ‡a
ğŸ˜ kuÄ‡a, kuÄ‡e, zgrada
ğŸš kuÄ‡a, zapuÅ¡tena kuÄ‡a, zapuÅ¡teno, zgrada
ğŸ  dom, kuÄ‡a, zgrada
ğŸ¡ dom, dvoriÅ¡te, kuÄ‡a, kuÄ‡a s vrtom, vrt
ğŸ¢ poslovna zgrada, zgrada
ğŸ£ japan, japanski poÅ¡tanski ured, poÅ¡ta, zgrada
ğŸ¤ Europa, poÅ¡ta, poÅ¡tanski ured, zgrada
ğŸ¥ bolnica, doktor, medicina, zgrada
ğŸ¦ banka, zgrada
ğŸ¨ hotel, zgrada
ğŸ© hotel, ljubav, ljubavni hotel, zgrada
ğŸª trgovina, trgovina mjeÅ¡ovitom robom, zgrada
ğŸ« Å¡kola, zgrada
ğŸ¬ robna kuÄ‡a, trgovina, zgrada
ğŸ­ tvornica, zgrada
ğŸ¯ dvorac, japan, japanski dvorac, zgrada
ğŸ° dvorac, Europa, zgrada
ğŸ’’ crkva, kapelica, romantika, vjenÄanje
ğŸ—¼ tokijski toranj, tokio, toranj
ğŸ—½ kip, kip slobode, sloboda
â›ª crkva, kriÅ¾, krÅ¡Ä‡anstvo, religija, zgrada
ğŸ•Œ dÅ¾amija, islam, religija
ğŸ›• hinduski, hram
ğŸ• hram, judaizam, religija, sinagoga, Å¾idovstvo
â›© hram, religija, Å¡intoistiÄki hram, Å¡intoizam, svetiÅ¡te
ğŸ•‹ islam, kaba, religija
â›² fontana, vodoskok
â›º kampiranje, Å¡ator
ğŸŒ magla, maglovito, vrijeme
ğŸŒƒ noÄ‡, vrijeme, zvijezde, zvjezdana noÄ‡
ğŸ™ grad, panorama grada, zgrada
ğŸŒ„ izlazak sunca iznad planina, jutro, planina, sunce, vrijeme, zora
ğŸŒ… izlazak sunca, jutro, sunce, vrijeme
ğŸŒ† grad, krajolik, panorama grada u sumrak, sumrak, veÄer, zalazak, zgrada
ğŸŒ‡ sumrak, sunce, vrijeme, zalazak sunca, zgrada
ğŸŒ‰ most, most noÄ‡u, noÄ‡, vrijeme, zvijezde
â™¨ izvor, para, termalni izvori, vruÄ‡e
ğŸ  konj, konjiÄ‡ na vrtuljku, vrtuljak
ğŸ¡ kotaÄ, panorama, panoramski kotaÄ, zabavni park
ğŸ¢ smrt, vlak, vlak smrti, zabavni park
ğŸ’ˆ brijaÄ, frizer, stup, stup koji oznaÄava brijaÄnicu
ğŸª cirkus, cirkuski Å¡ator, Å¡ator
ğŸš‚ lokomotiva, para, vlak, vozilo
ğŸšƒ pruga, tramvaj, trolejbus, vagon, vlak, Å¾eljeznica
ğŸš„ brzi vlak, brzina, Japan, vlak, Å¾eljeznica
ğŸš… brzi vlak s lokomotivom u obliku metka, brzina, japan, metak, vlak, Å¾eljeznica
ğŸš† vlak, vozilo, Å¾eljeznica
ğŸš‡ metro, podzemna, podzemna Å¾eljeznica, vozilo
ğŸšˆ laka Å¾eljeznica, vozilo, Å¾eljeznica
ğŸš‰ postaja, vlak, vozilo, Å¾eljeznica
ğŸšŠ tramvaj, trolejbus, vozilo
ğŸš jednotraÄna Å¾eljeznica, vozilo
ğŸš planina, planinska Å¾eljeznica, vagon, vozilo, Å¾eljeznica
ğŸš‹ tramvaj, tramvajska kola, trolejbus, vagon, vozilo
ğŸšŒ autobus, vozilo
ğŸš autobus, autobus u dolasku, dolazak, vozilo
ğŸš autobus, tramvaj, trolejbus, vozilo
ğŸš autobus, minibus, vozilo
ğŸš‘ ambulantno vozilo, vozilo
ğŸš’ kamion, vatra, vatrogasno vozilo, vozilo
ğŸš“ automobil, patrola, policija, policijski automobil, vozilo
ğŸš” automobil, dolazak, policija, policijski automobil u dolasku, vozilo
ğŸš• taksi, vozilo
ğŸš– dolazak, taksi, taksi u dolasku, vozilo
ğŸš— automobil, vozilo
ğŸš˜ automobil, automobil u dolasku, dolazak, vozilo
ğŸš™ rekreacija, rekreacijsko vozilo, rv, vozilo
ğŸ›» kamionet, pick-up, teretno vozilo
ğŸšš dostava, dostavni kamion, kamion, vozilo
ğŸš› kamion, prikolica, vozilo, zglob, zglobni kamion
ğŸšœ traktor, vozilo
ğŸ automobil, trkaÄ‡i automobil, utrka
ğŸ motocikl, utrka
ğŸ›µ motor, skuter
ğŸ¦½ invalidska kolica na ruÄni pogon, pomagalo
ğŸ¦¼ invalidska kolica na motorni pogon, pomagalo
ğŸ›º rikÅ¡a, tuk tuk
ğŸš² bicikl, vozilo
ğŸ›´ noga, romobil
ğŸ›¹ skateboard
ğŸ›¼ koturaljka, koturaljke
ğŸš autobus, autobusna stanica, stanica
ğŸ›£ autocesta, autoput, cesta
ğŸ›¤ vlak, Å¾eljeznica, Å¾eljezniÄka pruga
ğŸ›¢ baÄva, baÄva za naftu, nafta
â›½ benzin, gorivo, postaja, pumpa, pumpa za gorivo
ğŸš¨ policija, policijska rotirka, rotirka, svjetlo, vozilo
ğŸš¥ promet, signalizacija, svjetlo, vodoravni semafor
ğŸš¦ okomiti semafor, promet, signalizacija, svjetlo
ğŸ›‘ osmerokut, stop, znak
ğŸš§ prepreka, znak radova
âš“ alat, brod, sidro
â›µ Äamac, jahta, jedrilica, more, odmor
ğŸ›¶ Äamac, kanu
ğŸš¤ Äamac, gliser, vozilo
ğŸ›³ brod, putniÄki brod, putnik, vozilo
â›´ brod, putnici, trajekt
ğŸ›¥ Äamac, motor, motorni Äamac, vozilo
ğŸš¢ brod, putnici, vozilo
âœˆ vozilo, zrakoplov
ğŸ›© mali zrakoplov, vozilo, zrakoplov
ğŸ›« odlazak, polijetanje, polijetanje zrakoplova, vozilo, zrakoplov
ğŸ›¬ dolazak, slijetanje, slijetanje zrakoplova, vozilo, zrakoplov
ğŸª‚ padobran, paraglajd, paraglajder, parajedrilica
ğŸ’º sjedalo, stolica
ğŸš helikopter, vozilo
ğŸšŸ viseÄ‡a, vozilo, Å¾eljeznica
ğŸš  gondola, planina, vozilo, Å¾iÄara
ğŸš¡ gondola, tramvaj, vozilo, Å¾iÄara, zraÄni tramvaj
ğŸ›° orbita, satelit, svemir
ğŸš€ raketa, svemir, vozilo
ğŸ›¸ leteÄ‡i tanjur, NLO
ğŸ› hotel, recepcija, zvono, zvono za recepciju
ğŸ§³ kofer, prtljaga, putna torba, putovanje
âŒ› pijesak, pjeÅ¡Äani sat, vrijeme
â³ pijesak, pjeÅ¡Äani sat s pijeskom koji curi, vrijeme
âŒš ruÄni sat, sat
â° alarm, budilica, sat
â± sat, Å¡toperica
â² brojaÄ, sat, tajmer
ğŸ•° sat, stolni sat
ğŸ•› 00, 12, 12:00, dvanaest, dvanaest sati, sat
ğŸ•§ 12, 12:30, dvanaest, dvanaest i trideset, sat, trideset
ğŸ• 00, 1, 1:00, jedan, sat
ğŸ•œ 1, 1:30, jedan, jedan i trideset, sat, trideset
ğŸ•‘ 00, 2, 2:00, dva, dva sata, sat
ğŸ• 2, 2:30, dva, dva i trideset, sat, trideset
ğŸ•’ 00, 3, 3:00, sat, tri, tri sata
ğŸ• 3, 3:30, sat, tri, tri i trideset, trideset
ğŸ•“ 00, 4, 4:00, Äetiri, Äetiri sata, sat
ğŸ•Ÿ 4, 4:30, Äetiri, Äetiri i trideset, sat, trideset
ğŸ•” 00, 5, 5:00, pet, pet sati, sat
ğŸ•  5, 5:30, pet, pet i trideset, sat, trideset
ğŸ•• 00, 6, 6:00, sat, Å¡est, Å¡est sati
ğŸ•¡ 6, 6:30, sat, Å¡est, Å¡est i trideset, trideset
ğŸ•– 00, 7, 7:00, sat, sedam, sedam sati
ğŸ•¢ 7, 7:30, sat, sedam, sedam i trideset, trideset
ğŸ•— 00, 8, 8:00, osam, osam sati, sat
ğŸ•£ 8, 8:30, osam, osam i trideset, sat, trideset
ğŸ•˜ 00, 9, 9:00, devet, devet sati, sat
ğŸ•¤ 9, 9:30, devet, devet i trideset, sat, trideset
ğŸ•™ 00, 10, 10:00, deset, deset sati, sat
ğŸ•¥ 10, 10:30, deset, deset i trideset, sat, trideset
ğŸ•š 00, 11, 11:00, jedanaest, jedanaest sati, sat
ğŸ•¦ 11, 11:30, jedanaest, jedanaest i trideset, sat, trideset
ğŸŒ‘ mjesec, mlaÄ‘ak, mrak, svemir, vrijeme
ğŸŒ’ mjesec, polumjesec, polumjesec prve Äetvrti, rast, svemir, vrijeme
ğŸŒ“ Äetvrt, mjesec, mjesec prve Äetvrti, svemir, vrijeme
ğŸŒ” mjesec, mjesec rastuÄ‡e prve Äetvrti, rast, svemir, vrijeme
ğŸŒ• mjesec, puni, svemir, uÅ¡tap, vrijeme
ğŸŒ– mjesec, mjesec opadajuÄ‡e prve Äetvrti, opadanje, svemir, vrijeme
ğŸŒ— Äetvrt, mjesec, mjesec posljednje Äetvrti, svemir, vrijeme
ğŸŒ˜ mjesec, opadanje, polumjesec, polumjesec posljednje Äetvrti, svemir, vrijeme
ğŸŒ™ mjesec, polumjesec, svemir, vrijeme
ğŸŒš lice, mjesec, mlaÄ‘ak s licem, svemir, vrijeme
ğŸŒ› Äetvrt, lice, mjesec, mjesec prve Äetvrti s licem, svemir, vrijeme
ğŸŒœ Äetvrt, lice, mjesec, mjesec posljednje Äetvrti s licem, svemir, vrijeme
ğŸŒ¡ termometar, vrijeme
â˜€ sunÄano, sunce, svemir, vedro, vrijeme, zrake
ğŸŒ lice, mjesec, puni, puni mjesec s licem, svemir, vedro, vrijeme
ğŸŒ lice, sunce, sunce s licem, svemir, vedro, vrijeme
ğŸª planet s prstenom, Saturn
â­ zvijezda
ğŸŒŸ iskre, sjaj, zvijezda, zvijezda koja sjaji
ğŸŒ  komet, meteor, padanje, zvijezda, zvijezda padalica
ğŸŒŒ Kumova slama, MlijeÄna staza, MlijeÄni put, svemir
â˜ oblak, vrijeme
â›… oblak, sunce, sunce iza oblaka, vrijeme
â›ˆ grmljavina, kiÅ¡a, oblak, oblak s grmljavinom i kiÅ¡om, vrijeme
ğŸŒ¤ oblak, sunce, sunce iza malog oblaka, vrijeme
ğŸŒ¥ oblak, sunce, sunce iza velikog oblaka, vrijeme
ğŸŒ¦ kiÅ¡a, oblak, sunce, sunce iza kiÅ¡nog oblaka, sunce iza oblaka s kiÅ¡om, vrijeme
ğŸŒ§ kiÅ¡a, oblak, oblak s kiÅ¡om, vrijeme
ğŸŒ¨ hladno, oblak, oblak sa snijegom, snijeg, vrijeme
ğŸŒ© grmljavina, oblak, oblak s grmljavinom, vrijeme
ğŸŒª oblak, pijavica, tornado, vihor, vrijeme
ğŸŒ« magla, oblak, vrijeme
ğŸŒ¬ lice, lice vjetra, oblak, puhanje, vjetar, vrijeme
ğŸŒ€ ciklona, orkan, pijavica, tajfun, vrijeme, vrtoglavica
ğŸŒˆ duga, kiÅ¡a, vrijeme
ğŸŒ‚ kiÅ¡a, kiÅ¡obran, odjeÄ‡a, vrijeme, zatvoreni kiÅ¡obran
â˜‚ kiÅ¡a, kiÅ¡obran, odjeÄ‡a, vrijeme
â˜” kiÅ¡a, kiÅ¡obran, kiÅ¡obran s kapima kiÅ¡e, odjeÄ‡a, vrijeme
â›± sunce, suncobran, vrijeme
âš¡ munja, napon, opasnost, smrt, struja, visoki napon
â„ hladno, snijeg, snjeÅ¾na pahulja, vrijeme
â˜ƒ hladno, snijeg, snjegoviÄ‡, vrijeme
â›„ hladno, snijeg, snjegoviÄ‡, snjegoviÄ‡ bez snijega, vrijeme
â˜„ komet, svemir
ğŸ”¥ alat, plamen, vatra
ğŸ’§ hladno, kapljica, karikatura, vrijeme, znoj
ğŸŒŠ ocean, val, voda, vodeni val, vrijeme
ğŸƒ bundeva, izrezbarena bundeva, noÄ‡ vjeÅ¡tica, slavlje
ğŸ„ boÅ¾iÄ‡, boÅ¾iÄ‡no drvce, drvo, slavlje
ğŸ† slavlje, vatromet
ğŸ‡ iskra, prskalica, slavlje, vatromet
ğŸ§¨ dinamit, eksploziv, petarda, vatromet
âœ¨ iskra, iskre, zvijezda
ğŸˆ balon, slavlje
ğŸ‰ ispaljivaÄ, ispaljivaÄ konfeta, konfeti, slavlje, zabava
ğŸŠ konfeti, kugla, kugla s konfetima, slavlje
ğŸ‹ drvo, drvo tanabata, Japan, slavlje, zastava
ğŸ bambus, bor, japanski, slavlje, ukras od ÄeÅ¡era
ğŸ festival, japanske lutke, japanski, lutka, slavlje
ğŸ cjevasti zmaj u obliku ribe, riba, slavlje, zmaj
ğŸ slavlje, vjetar, vjetreno zvono, zvonjenje, zvono
ğŸ‘ mjesec, mjeseÄeva sveÄanost, slavlje, sveÄanost
ğŸ§§ crvena omotnica, dar, novac, poklon, sreÄ‡a
ğŸ€ maÅ¡na, slavlje
ğŸ dar, kutija, poklon, slavlje, umotani poklon, umotano
ğŸ— podsjetnik, slavlje, spomen, spomen-traka, traka
ğŸŸ ulaz, ulaznica, ulaznice
ğŸ« ulaz, ulaznica
ğŸ– odliÄje, slavlje, vojno odliÄje, vojska
ğŸ† nagrada, trofej
ğŸ… medalja, sportska medalja
ğŸ¥‡ medalja, prva, prvi, zlatna medalja, zlato
ğŸ¥ˆ druga, drugi, medalja, srebrna medalja, srebro
ğŸ¥‰ bronca, bronÄana medalja, medalja, treÄ‡a, treÄ‡i
âš½ lopta, nogomet, nogometna lopta
âš¾ lopta, lopta za bejzbol
ğŸ¥ lopta, lopta za softball, rukavica
ğŸ€ koÅ¡arkaÅ¡ka lopta, lopta, skok
ğŸ igra, lopta, odbojkaÅ¡ka lopta
ğŸˆ ameriÄki nogomet, amerika, lopta, nogomet
ğŸ‰ lopta, ragbi
ğŸ¾ loptica, reket, tenis
ğŸ¥ frizbi, ultimate frizbi
ğŸ³ igra, kugla, kuglanje
ğŸ igra, kriket, kugla, palica
ğŸ‘ hokej, hokej na travi, lopta, palica, teren, trava
ğŸ’ hokej, igra, led, pak, palica, palica i pak za hokej na ledu
ğŸ¥ gol, lacrosse, lopta, Å¡tap
ğŸ“ igra, loptica, ping pong, reket, stol, stolni tenis, tenis
ğŸ¸ badminton, igra, loptica, reket
ğŸ¥Š boks, boksaÄka rukavica, rukavica, sport
ğŸ¥‹ borilaÄke vjeÅ¡tine, borilaÄki sportovi, dÅ¾udo, karate, taekwondo, uniforma, uniforma za borilaÄke vjeÅ¡tine
ğŸ¥… gol, mreÅ¾a, sport
â›³ golf, rupa, zastavica u rupi
â›¸ klizaljka, led
ğŸ£ riba, ribiÄki Å¡tap, Å¡tap
ğŸ¤¿ maska za ronjenje, ronjenje
ğŸ½ majica, majica za trÄanje, trÄanje
ğŸ¿ skijanje, skije, snijeg
ğŸ›· sanjkanje, sanjke, snijeg
ğŸ¥Œ igra, kamen, kamen za karling
ğŸ¯ cilj, igra, meta, pogodak, pogodak u sredinu, sredina, strelica
ğŸª€ igraÄka, jo-jo
ğŸª igraÄka, let, papirnati zmaj
ğŸ± 8, biljarske kugle, igra, kugla, osam
ğŸ”® alat, kristal, kristalna kugla, kugla, sudbina
ğŸª„ Äarobni Å¡tapiÄ‡, Äarobnjak, magija, vjeÅ¡tica
ğŸ§¿ nazar, perlica, plavo oko, talisman, tursko oko, zlo oko
ğŸ® igra, kontroler, videoigrica
ğŸ•¹ igra, igraÄ‡a palica, videoigra
ğŸ° automat, igra, jednoruki jack
ğŸ² igra, igraÄ‡a kocka, kocka
ğŸ§© dio slagalice, komadiÄ‡, slagalica, trag
ğŸ§¸ igraÄka, medvjediÄ‡, pliÅ¡anac, pliÅ¡ani medvjediÄ‡
ğŸª… pinjata, slavlje, zabava
ğŸª† babuÅ¡ka, lutka, matrjoÅ¡ka, Rusija
â™  igra, karta, pik
â™¥ herc, igra, karta
â™¦ igra, karo, karta
â™£ igra, karta, tref
â™Ÿ pijun, potroÅ¡no, Å¡ah, Å¡ahovski pjeÅ¡ak
ğŸƒ dÅ¾oker, igra, kartanje, karte
ğŸ€„ crveno, igra, mahjong, mahjong crveni zmaj
ğŸ´ cvijeÄ‡e, igra, igraÄ‡e karte s cvijeÄ‡em, japan, kartanje, karte
ğŸ­ izvedba, izvedbene umjetnosti, kazaliÅ¡te, maska, umjetnost
ğŸ–¼ muzej, okvir, slika, slikarstvo, umjetnost, uokvirena slika
ğŸ¨ muzej, paleta, slikarska paleta, slikarstvo, umjetnost
ğŸ§µ konac, Å¡ivaÄ‡a igla, Å¡ivanje, uzica
ğŸª¡ igla, krojenje, Å¡avovi, Å¡ivaÄ‡a igla, Å¡ivanje, vezenje
ğŸ§¶ klupko vune, loptica, pletivo, vuna
ğŸª¢ Ävor, ispreplesti, uÅ¾ad, uÅ¾e, zapetljano, zapetljati
ğŸ‘“ naoÄale, odjeÄ‡a, oko
ğŸ•¶ naoÄale, oko, sunÄane naoÄale, tamno
ğŸ¥½ naoÄale za plivanje, plivanje, varenje, zaÅ¡titne naoÄale
ğŸ¥¼ eksperiment, laboratorijska kuta, lijeÄnik, znanstvenik
ğŸ¦º hitni sluÄaj, prsluk, sigurnosni prsluk, sigurnost
ğŸ‘” kravata, odjeÄ‡a
ğŸ‘• majica, majica kratkih rukava, odjeÄ‡a
ğŸ‘– hlaÄe, odjeÄ‡a, traperice
ğŸ§£ Å¡al, vrat
ğŸ§¤ ruka, rukavice
ğŸ§¥ jakna, kaput
ğŸ§¦ Äarape, najlonke
ğŸ‘— haljina, odjeÄ‡a
ğŸ‘˜ kimono, odjeÄ‡a
ğŸ¥» haljina, odjeÄ‡a, sari
ğŸ©± jednodijelni kupaÄ‡i kostim, kupaÄ‡i kostim
ğŸ©² donje rublje, gaÄ‡ice, kupaÄ‡i kostim
ğŸ©³ donje rublje, hlaÄe, hlaÄice za kupanje, kratke hlaÄe
ğŸ‘™ bikini, odjeÄ‡a, plivanje
ğŸ‘š odjeÄ‡a, Å¾ene, Å¾enska odjeÄ‡a
ğŸ‘› novÄanik, odjeÄ‡a, sitan novac
ğŸ‘œ odjeÄ‡a, ruÄna torbica, torba
ğŸ‘ odjeÄ‡a, torba, torbica
ğŸ› kupovanje, shopping, vreÄ‡ica, vreÄ‡ice za kupovinu
ğŸ’ Å¡kola, Å¡kolski ruksak, torba
ğŸ©´ japanka, japanke, obuÄ‡a za plaÅ¾u, sandale, sandale za plaÅ¾u, zÅri
ğŸ‘ cipela, muÅ¡ka cipela, muÅ¡karci, obuÄ‡a
ğŸ‘Ÿ cipela, obuÄ‡a, sport, tenisica
ğŸ¥¾ Äizma, gojzerica, kampiranje, obuÄ‡a za planinarenje, planinarenje
ğŸ¥¿ balerinka, cipela s ravnim Ä‘onom, papuÄa
ğŸ‘  cipela, cipela s visokom potpeticom, obuÄ‡a, potpetica, Å¾ene
ğŸ‘¡ cipela, obuÄ‡a, sandala, Å¾ene, Å¾enska sandala
ğŸ©° balet, baletne papuÄice, ples
ğŸ‘¢ cipela, Äizma, obuÄ‡a, Å¾ene, Å¾enska Äizma
ğŸ‘‘ kralj, kraljica, kruna, odjeÄ‡a
ğŸ‘’ odjeÄ‡a, Å¡eÅ¡ir, Å¾ene, Å¾enski Å¡eÅ¡ir
ğŸ© cilindar, odjeÄ‡a, Å¡eÅ¡ir
ğŸ“ diploma, kapa, kiÄ‡anka, matura, maturalna kapa, odjeÄ‡a, slavlje
ğŸ§¢ kapa sa Å¡iltom, Å¡ilterica
ğŸª– ratnik, Å¡ljem, vojni, vojnik, vojska
â›‘ kaciga, kriÅ¾, lice, pomoÄ‡, Å¡ljem, Å¡ljem s bijelim kriÅ¾em
ğŸ“¿ brojanica, molitva, odjeÄ‡a, ogrlica, perlice, religija
ğŸ’„ kozmetika, ruÅ¾ za usne, Å¡minka
ğŸ’ dijamant, prsten, romantika
ğŸ’ dijamant, dragi kamen, dragulj, romantika
ğŸ”‡ glasnoÄ‡a, iskljuÄen zvuÄnik, iskljuÄen zvuk, utiÅ¡ano, zvuÄnik
ğŸ”ˆ stiÅ¡an zvuÄnik, tiho
ğŸ”‰ srednja glasnoÄ‡a, srednje glasan zvuÄnik
ğŸ”Š glasan zvuÄnik, glasno
ğŸ“¢ glasno, obraÄ‡anje javnosti, razglas
ğŸ“£ megafon, navijanje
ğŸ“¯ poÅ¡ta, poÅ¡tanski rog, rog
ğŸ”” zvono
ğŸ”• iskljuÄen zvuk, prekriÅ¾eno zvono, tiÅ¡ina, zabranjeno, zvono
ğŸ¼ crtovlje, glazba, notno crtovlje
ğŸµ glazba, glazbena nota, nota
ğŸ¶ glazba, glazbene note, nota, note
ğŸ™ glazba, mikrofon, studijski mikrofon, studio
ğŸš glazba, klizaÄ, kliznik za podeÅ¡avanje, razina
ğŸ› glazba, gumbi, kontrola, kontrolni gumbi
ğŸ¤ karaoke, mikrofon
ğŸ§ sluÅ¡alica, sluÅ¡alice
ğŸ“» radio
ğŸ· glazba, instrument, saks, saksofon
ğŸª— harmonika, instrument, mala harmonika, ruÄna harmonika
ğŸ¸ gitara, glazba, instrument
ğŸ¹ glazba, instrument, klavijatura, klavir
ğŸº glazba, instrument, truba
ğŸ» glazba, instrument, violina
ğŸª• bendÅ¾o, glazba, Å¾iÄani instrument
ğŸ¥ bubanj, glazba, palice
ğŸª˜ bubanj, konga, ritam, udarac, visoki bubanj
ğŸ“± mobilni telefon, mobitel, telefon
ğŸ“² dolazni poziv, mobilni telefon, mobilni telefon sa strelicom, mobitel, strelica, telefon
â˜ telefon
ğŸ“ sluÅ¡alica, telefon, telefonska sluÅ¡alica
ğŸ“Ÿ dojavljivaÄ, pager
ğŸ“  faks, telefaks
ğŸ”‹ baterija
ğŸ”Œ struja, strujni utikaÄ, utikaÄ
ğŸ’» osobno raÄunalo, pc, prijenosno raÄunalo, raÄunalo
ğŸ–¥ raÄunalo, stolno raÄunalo
ğŸ–¨ pisaÄ, raÄunalo
âŒ¨ raÄunalo, tipkovnica
ğŸ–± miÅ¡, raÄunalni miÅ¡, raÄunalo
ğŸ–² raÄunalo, upravljaÄka kuglica
ğŸ’½ disk, minidisk, optiÄki, raÄunalo
ğŸ’¾ disk, disketa, raÄunalo
ğŸ’¿ cd, disk, optiÄki, raÄunalo
ğŸ“€ blu-ray, disk, dvd, optiÄki, raÄunalo
ğŸ§® abakus, raÄunanje
ğŸ¥ film, filmska kamera, kamera, kino
ğŸ film, filmska vrpca, kadrovi, kino
ğŸ“½ film, filmski projektor, kino, projektor, video
ğŸ¬ film, klapa
ğŸ“º televizor, tv, video
ğŸ“· fotoaparat, video
ğŸ“¸ bljeskalica, fotoaparat, fotoaparat s bljeskalicom, video
ğŸ“¹ kamera, video, videokamera
ğŸ“¼ vhs, video, videokaseta, vrpca
ğŸ” alat, poveÄ‡alo, poveÄ‡alo nagnuto ulijevo, staklo, traÅ¾enje
ğŸ” alat, poveÄ‡alo, poveÄ‡alo nagnuto udesno, staklo, traÅ¾enje
ğŸ•¯ svijeÄ‡a, svjetlo
ğŸ’¡ ideja, struja, svjetlo, Å¾arulja
ğŸ”¦ alat, lampa, ruÄna svjetiljka, struja, svjetlo
ğŸ® bar, crveni lampion, crveni papirnati lampion, crveno, lampion, svjetlo
ğŸª” diya, lampa, ulje
ğŸ“” biljeÅ¾nica, biljeÅ¾nica s ukrasnim omotom, knjiga, omot, ukras
ğŸ“• knjiga, zatvorena knjiga, zatvoreno
ğŸ“– knjiga, otvorena knjiga, otvoreno
ğŸ“— knjiga, zelena knjiga, zeleno
ğŸ“˜ knjiga, plava knjiga, plavo
ğŸ“™ knjiga, naranÄasta knjiga, naranÄasto
ğŸ“š knjiga, knjige
ğŸ““ biljeÅ¾nica
ğŸ“’ biljeÅ¾nica, raÄunovodstvena knjiga
ğŸ“ƒ dokument, savinuta stranica, savinuto, stranica
ğŸ“œ papir, svitak
ğŸ“„ dokument, stranica, stranica okrenuta prema gore
ğŸ“° novine, papir, vijesti
ğŸ— novine, papir, presavinuto, vijesti, zarolane novine
ğŸ“‘ jeziÄak, kartice knjiÅ¾nih oznaka, knjiÅ¾na oznaka, marker, oznaka
ğŸ”– knjiÅ¾na oznaka, oznaka
ğŸ· oznaka
ğŸ’° dolar, novac, vreÄ‡a, vreÄ‡a s novcem
ğŸª™ blago, kovanica, metal, novac, srebro, zlato
ğŸ’´ banka, jen, novac, novÄanica, novÄanica sa znakom jena, valuta
ğŸ’µ banka, dolar, novac, novÄanica, novÄanica sa znakom dolara, valuta
ğŸ’¶ banka, euro, novac, novÄanica, novÄanica sa znakom eura, valuta
ğŸ’· banka, funta, novac, novÄanica, novÄanica sa znakom funte, valuta
ğŸ’¸ krila, letjeti, novac, novac s krilima, novÄanica
ğŸ’³ kartica, kredit, kreditna kartica, novac
ğŸ§¾ dokaz, dokaz o kupnji, raÄun, raÄunovodstvo
ğŸ’¹ grafikon, grafikon rastuÄ‡eg trenda sa znakom jena, jen, novac, rast, trend, valuta
âœ‰ e-poÅ¡ta, omotnica, pismo
ğŸ“§ e-poÅ¡ta, pismo, poÅ¡ta
ğŸ“¨ dolazno, e-poÅ¡ta, omotnica, omotnica dolazne poÅ¡te, pismo, primanje
ğŸ“© e-poÅ¡ta, odlazno, omotnica sa strelicom, slanje, strelica
ğŸ“¤ ladica, ladica izlazne poÅ¡te, ladica odlazne poÅ¡te, odlazna poÅ¡ta, pismo, poÅ¡ta, slanje
ğŸ“¥ dolazna poÅ¡ta, ladica, ladica dolazne poÅ¡te, pismo, poÅ¡ta, primanje
ğŸ“¦ kutija, paket, poÅ¡iljka
ğŸ“« poÅ¡ta, sanduÄiÄ‡, zatvoreni poÅ¡tanski sanduÄiÄ‡ s podignutom zastavicom, zatvoreni sanduÄiÄ‡ s podignutom zastavicom, zatvoreno
ğŸ“ª poÅ¡ta, sanduÄiÄ‡, spuÅ¡teno, zatvoreni poÅ¡tanski sanduÄiÄ‡ sa spuÅ¡tenom zastavicom, zatvoreni sanduÄiÄ‡ sa spuÅ¡tenom zastavicom, zatvoreno
ğŸ“¬ otvoreni poÅ¡tanski sanduÄiÄ‡ s podignutom zastavicom, otvoreni sanduÄiÄ‡ s podignutom zastavicom, otvoreno, poÅ¡ta, sanduÄiÄ‡
ğŸ“­ otvoreni poÅ¡tanski sanduÄiÄ‡ sa spuÅ¡tenom zastavicom, otvoreni sanduÄiÄ‡ sa spuÅ¡tenom zastavicom, otvoreno, poÅ¡ta, sanduÄiÄ‡, spuÅ¡teno
ğŸ“® poÅ¡ta, poÅ¡tanski sanduÄiÄ‡, sanduÄiÄ‡
ğŸ—³ glasaÄka kutija s glasaÄkim listiÄ‡em, glasanje, kutija
âœ olovka
âœ’ crno pero, pero, tinta
ğŸ–‹ nalivpero, pero
ğŸ–Š penkala
ğŸ–Œ kist, slikanje
ğŸ– bojica
ğŸ“ biljeÅ¡ka, olovka
ğŸ’¼ aktovka
ğŸ“ mapa
ğŸ“‚ mapa, otvorena mapa, otvoreno
ğŸ—‚ indeks, pregradni karton, razdjelnici, razdjelnik
ğŸ“… datum, kalendar
ğŸ“† kalendar, kalendar na trganje
ğŸ—’ biljeÅ¡ka, blok, spirala, spiralni notes
ğŸ—“ blok, kalendar, spirala, spiralni kalendar
ğŸ“‡ indeks, kartice, kartoteka, rolodex
ğŸ“ˆ grafikon, grafikon uzlaznog trenda, rast, uzlazni trend
ğŸ“‰ grafikon, grafikon silaznog trenda, pad, silazni trend
ğŸ“Š grafikon, traka, trakasti grafikon
ğŸ“‹ drÅ¾aÄ spisa
ğŸ“Œ pribadaÄa
ğŸ“ ÄavliÄ‡, pribadaÄa, zaobljena pribadaÄa
ğŸ“ spajalica
ğŸ–‡ spajalica, spojene spajalice, veza
ğŸ“ ravnalo, ravno
ğŸ“ ravnalo, trokut
âœ‚ alat, Å¡kare
ğŸ—ƒ datoteka, kartica, kartoteÄna kutija, kutija
ğŸ—„ datoteka, kartoteÄni ladiÄar, ladiÄar
ğŸ—‘ koÅ¡ za smeÄ‡e
ğŸ”’ zakljuÄano, zatvoreno
ğŸ”“ lokot, otkljuÄano, otvoreno
ğŸ” lokot, pero, privatnost, tinta, zatvoreni lokot s nalivperom
ğŸ” kljuÄ, lokot, sigurno, zatvoreni lokot s kljuÄem, zatvoreno
ğŸ”‘ kljuÄ, lokot, zaporka
ğŸ— brava, kljuÄ, starina, starinski kljuÄ, znak
ğŸ”¨ alat, ÄekiÄ‡
ğŸª“ alat, drvo, sjeÄ‡i, sjekira
â› alat, pijuk, rudarstvo
âš’ alat, ÄekiÄ‡, ÄekiÄ‡ i pijuk, pijuk
ğŸ›  alat, ÄekiÄ‡, ÄekiÄ‡ i francuski kljuÄ, francuski kljuÄ
ğŸ—¡ bodeÅ¾, noÅ¾, oruÅ¾je
âš” maÄevi, oruÅ¾je, prekriÅ¾eni maÄevi, prekriÅ¾eno
ğŸ”« alat, oruÅ¾je, piÅ¡tolj, piÅ¡tolj na vodu, revolver
ğŸªƒ Australija, bumerang, posljedica, vraÄ‡anje
ğŸ¹ alat, luk, luk i strijela, oruÅ¾je, strijela, strijelac, zodijak
ğŸ›¡ oruÅ¾je, Å¡tit
ğŸªš alat, drvo, pila, ruÄna pila, stolar
ğŸ”§ alat, francuski kljuÄ
ğŸª› alat, odvijaÄ, vijak
ğŸ”© alat, matica, vijak, vijak i matica
âš™ alat, zupÄanik
ğŸ—œ alat, Å¡krip, stezaÄ
âš– alat, pravda, uteg, vaga, zodijak
ğŸ¦¯ bijeli Å¡tap, pomagalo, sljepoÄ‡a
ğŸ”— karika, veza
â›“ lanac, lanci
ğŸª kuka, prodajno mjesto, udica, uhvatiti, uloviti, zakrivljeno
ğŸ§° alat, kutija, kutija za alat, mehaniÄar
ğŸ§² magnet, magnetizam, potkova, privlaÄenje
ğŸªœ ljestve, penjanje, preÄka, stuba
âš— alat, kemija, retorta
ğŸ§ª eksperiment, epruveta, kemiÄar, kemija, laboratorij, znanost
ğŸ§« bakterije, biolog, biologija, kultura, laboratorij, petrijeva zdjelica
ğŸ§¬ biologija, dnk, evolucija, genetika, geni, Å¾ivot
ğŸ”¬ alat, mikroskop
ğŸ”­ alat, teleskop
ğŸ“¡ antena, satelit, satelitska antena, tanjur
ğŸ’‰ bolest, igla, injekcija, medicina, Å¡prica
ğŸ©¸ doniranje krvi, kap krvi, medicina, menstruacija
ğŸ’Š bolest, doktor, medicina, pilula
ğŸ©¹ flaster, samoljepivi flaster
ğŸ©º lijeÄnik, medicina, srce, stetoskop
ğŸšª vrata
ğŸ›— dizalo, dizanje, lift, pristupaÄnost
ğŸª odraz, ogledalo, zrcalo
ğŸªŸ okvir, otvaranje, pogled, prozirno, prozor, svjeÅ¾ zrak
ğŸ› hotel, krevet, spavanje
ğŸ›‹ hotel, kauÄ, kauÄ i svjetiljka, svjetiljka
ğŸª‘ sjediti, sjesti, stolica
ğŸš½ kupaonica, toalet, WC Å¡koljka
ğŸª  odÄepljivaÄ, odÄepljivanje, vakuum, vodoinstalater, WC
ğŸš¿ tuÅ¡, voda
ğŸ› kada, kupanje
ğŸª¤ klopka, mamac, miÅ¡olovka, uhvatiti, zamka
ğŸª’ brijanje, britva, oÅ¡tro
ğŸ§´ boÄica losiona, krema za sunÄanje, losion, losion za tijelo, Å¡ampon
ğŸ§· pelena, punk rock, sigurnica, ziherica
ğŸ§¹ ÄiÅ¡Ä‡enje, metenje, metla, vjeÅ¡tica
ğŸ§º domaÄ‡instvo, koÅ¡ara, piknik, rublje
ğŸ§» papirnati ruÄnici, rola papira, toaletni papir
ğŸª£ baÄva, kabao, kanta, vjedro
ğŸ§¼ kupanje, pjena, pranje, sapun, sapunica
ğŸª¥ Äetkanje, Äetkica za zube, Äisto, dentalna, higijena, kupaonica, zubi
ğŸ§½ ÄiÅ¡Ä‡enje, porozno, pranje, spuÅ¾va, upijanje
ğŸ§¯ gaÅ¡enje vatre, poÅ¾ar, vatrogasni aparat
ğŸ›’ kolica, kolica za kupnju, kupnja, kupovanje
ğŸš¬ cigareta, puÅ¡enje
âš° lijes, smrt
ğŸª¦ grob, groblje, nadgrobni spomenik
âš± pogreb, smrt, urna
ğŸ—¿ kipovi, lice, moai, rapa nui
ğŸª§ demonstracije, prosvjed, protest, transparent, znak
ğŸ§ bankomat, znak za bankomat
ğŸš® koÅ¡ za smeÄ‡e, otpad, smeÄ‡e, znak za koÅ¡ za smeÄ‡e
ğŸš° piÄ‡e, pitka, voda
â™¿ invalidska kolica, pristup
ğŸš¹ muÅ¡ki, toalet, zahod
ğŸšº toalet, zahod, Å¾enski
ğŸš» toalet, zahod
ğŸš¼ beba, presvlaÄenje, simbol bebe
ğŸš¾ nuÅ¾nik, toalet, wc, zahod
ğŸ›‚ kontrola, putovnica
ğŸ›ƒ carina
ğŸ›„ preuzimanje, preuzimanje prtljage, prtljaga
ğŸ›… odlaganje, odlaganje prtljage, ormariÄ‡i, prtljaga
âš  upozorenje
ğŸš¸ dijete, pjeÅ¡aÄki prijelaz za djecu, pjeÅ¡ak, prijelaz, promet
â›” ne, promet, ulaz, zabrana ulaza, zabranjeno
ğŸš« ne, nema, ulaz, zabranjeno
ğŸš³ bicikl, ne, promet, vozilo, zabranjeno, zabranjeno za bicikle
ğŸš­ ne, nema, puÅ¡enje, zabranjeno
ğŸš¯ ne, nema, otpaci, zabranjeno, zabranjeno bacanje otpadaka
ğŸš± ne, nije pitko, voda, voda nije za piÄ‡e, zabranjeno
ğŸš· ne, pjeÅ¡ak, promet, zabranjeno, zabranjeno za pjeÅ¡ake
ğŸ“µ mobitel, ne, telefon, zabranjena uporaba mobilnih telefona, zabranjena upotreba mobilnih telefona, zabranjeno
ğŸ” 18, dobno ograniÄenje, maloljetnici, ne, osamnaest, zabranjeno, zabranjeno za mlaÄ‘e od osamnaest
â˜¢ radioaktivno, radioaktivnost
â˜£ bioloÅ¡ka opasnost, bioloÅ¡ki opasno
â¬† sjever, smjer, strelica, strelica prema gore
â†— sjeveroistok, smjer, strelica, strelica prema gore-desno
â¡ istok, smjer, strelica, strelica prema desno
â†˜ jugoistok, smjer, strelica, strelica prema dolje-desno
â¬‡ jug, smjer, strelica, strelica prema dolje
â†™ jugozapad, smjer, strelica, strelica prema dolje-lijevo
â¬… smjer, strelica, strelica prema lijevo, zapad
â†– sjeverozapad, smjer, strelica, strelica prema gore-lijevo
â†• strelica, strelica gore-dolje
â†” strelica, strelica lijevo-desno
â†® kosa crta sa strelicom ulijevo i udesno
â†© desna strelica koja se zakrivljuje ulijevo, strelica
â†ª lijeva strelica koja se zakrivljuje udesno, strelica
â¤´ desna strelica koja se zakrivljuje prema gore, strelica
â¤µ desna strelica koja se zakrivljuje prema dolje, strelica
ğŸ”ƒ okomite strelice u smjeru kazaljki na satu, ponovno uÄitavanje, smjer kazaljki na satu, strelica
ğŸ”„ strelica, suprotno od kazaljki na satu, tipka sa strelicama ulijevo
ğŸ”™ natrag, strelica, strelica s natpisom &quot;back&quot;
ğŸ”š kraj, strelica, strelica s natpisom &quot;end&quot;
ğŸ”› oznaka, strelica, strelica s natpisom &quot;on!&quot;, ukljuÄeno
ğŸ”œ strelica, strelica s natpisom &quot;soon&quot;, uskoro
ğŸ” gore, strelica, strelica s natpisom &quot;top&quot;, vrh
ğŸ› bogosluÅ¾je, mjesto za bogosluÅ¾je, religija
âš› ateizam, atom, simbol atoma
ğŸ•‰ hinduizam, om, religija
âœ¡ David, davidova zvijezda, religija, Å¾idovstvo, zvijezda
â˜¸ budizam, dharma, kotaÄ, kotaÄ dharme, religija
â˜¯ jang, jin, jin i jang, religija, taoizam
âœ kriÅ¾, krÅ¡Ä‡anstvo, latinski kriÅ¾, religija
â˜¦ kriÅ¾, krÅ¡Ä‡anstvo, pravoslavni kriÅ¾, religija
â˜ª islam, religija, zvijezda i polumjesec
â˜® mir, simbol mira
ğŸ• menora, religija, svijeÄ‡njak
ğŸ”¯ Å¡esterokraka zvijezda s toÄkom, sreÄ‡a, zvijezda
â™ˆ astroloÅ¡ki znak ovna, ovan, zodijak
â™‰ astroloÅ¡ki znak bika, bik, zodijak
â™Š astroloÅ¡ki znak blizanaca, blizanci, zodijak
â™‹ astroloÅ¡ki znak raka, rak, zodijak
â™Œ astroloÅ¡ki znak lava, lav, zodijak
â™ astroloÅ¡ki znak djevice, djevica, zodijak
â™ astroloÅ¡ki znak vage, vaga, zodijak
â™ astroloÅ¡ki znak Å¡korpiona, Å¡korpion, zodijak
â™ astroloÅ¡ki znak strijelca, strijelac, zodijak
â™‘ astroloÅ¡ki znak jarca, jarac, zodijak
â™’ astroloÅ¡ki znak vodenjaka, vodenjak, zodijak
â™“ astroloÅ¡ki znak riba, ribe, zodijak
â› astroloÅ¡ki znak zmijonosca, zmija, zmijonosac, zodijak
ğŸ”€ prekriÅ¾eno, strelica, tipka za nasumiÄnu reprodukciju pjesama
ğŸ” ponavljanje, strelica, tipka za ponavljanje, u smjeru kazaljki na satu
ğŸ”‚ jedanput, strelica, tipka za ponavljanje jedne pjesme, u smjeru kazaljki na satu
â–¶ desno, reprodukcija, strelica, tipka za reprodukciju, trokut
â© dvostruko brzo, premotavanje, strelica, tipka za pretraÅ¾ivanje unaprijed, unaprijed
â­ sljedeÄ‡a pjesma, sljedeÄ‡i prizor, strelica, tipka za sljedeÄ‡u pjesmu, trokut
â¯ desno, pauza, reprodukcija, strelica, tipka za reprodukciju ili pauzu, trokut
â—€ lijevo, strelica, tipka za pretraÅ¾ivanje unatrag, trokut, vraÄ‡anje
âª dvostruko brzo, premotavanje, strelica, tipka za brzo pretraÅ¾ivanje unatrag, unatrag
â® prethodna pjesma, prethodni prizor, strelica, tipka za posljednju pjesmu, trokut
ğŸ”¼ gore, strelica, tipka, tipka prema gore
â« dvostruko brzo, gore, strelica, tipka za brzo kretanje prema gore
ğŸ”½ dolje, strelica, tipka, tipka prema dolje
â¬ dolje, dvostruko brzo, strelica, tipka za brzo kretanje prema dolje
â¸ dvostruko, okomito, pauziranje, tipka za pauzu, trake
â¹ kvadrat, stop, tipka za zaustavljanje, zaustavljanje
âº krug, snimanje, tipka za snimanje
â izbacivanje, tipka za izbacivanje
ğŸ¦ film, kamera, kino
ğŸ”… slabo, svjetlina, tamno, tipka za smanjivanje svjetline
ğŸ”† svijetlo, svjetlina, tipka za poveÄ‡anje svjetline
ğŸ“¶ mobitel, prijem, signal, snaga signala, telefon, trakice jaÄine signala
ğŸ“³ mobitel, naÄin rada, naÄin vibracije, telefon, vibracija
ğŸ“´ iskljuÄen mobilni telefon, iskljuÄeno, mobilni telefon, mobitel, telefon
â™€ Å¾enski simbol
â™‚ muÅ¡ki simbol
âš§ simbol transrodnosti, transrodnost
âœ– Ã—, mnoÅ¾enje, operator, otkaÅ¾i, pomnoÅ¾i, x, znak mnoÅ¾enja
â• matematika, plus, znak plus
â– matematika, minus, znak minus
â— dijeljenje, matematika, znak dijeljenja
â™¾ beskonaÄnost, beskrajno, univerzalno, zauvijek
â€¼ dvostruki uskliÄnik, interpunkcija, uskliÄnik, znak
â‰ interpunkcija, pitanje, upitnik, uskliÄnik, uskliÄnik-upitnik, znak
â“ crveni upitnik, interpunkcija, pitanje, upitnik, znak
â” bijeli upitnik, interpunkcija, obris, pitanje, znak
â• bijeli uskliÄnik, interpunkcija, obris, uskliÄnik, znak
â— crveni uskliÄnik, interpunkcija, uskliÄnik, znak
ã€° crta, interpunkcija, valovita crta, valovito
ğŸ’± banka, mjenjaÄnica, novac, valuta
ğŸ’² dolar, masno otisnut znak dolara, novac, valuta
âš• Asklepijev Å¡tap, simbol medicine
â™» recikliranje, simbol recikliranja
âšœ fleur-de-lis, heraldiÄki ljiljan
ğŸ”± alat, brod, grb, sidro, trozubac, znak trozupca
ğŸ“› bedÅ¾, bedÅ¾ s imenom, ime
ğŸ”° Äin, japanski, japanski simbol za poÄetnika, list, poÄetnik
â­• crveni, crveni krug s rupom, krug, o, veliki
âœ… âœ“, gumb, kvaÄica, oznaka, tipka s kvaÄicom
â˜‘ âœ“, okvir, potvrda, potvrdni okvir s kvaÄicom
âœ” âœ“, kvaÄica, oznaka
âŒ kriÅ¾iÄ‡, mnoÅ¾enje, odustajanje, oznaka kriÅ¾iÄ‡a, puta, x, znak
â kvadrat, tipka s oznakom kriÅ¾iÄ‡a, znak
â° petlja, vitica, vitiÄasta petlja
â¿ dvostruka vitiÄasta petlja, dvostruko, petlja, vitica
ã€½ djelomiÄno, oznaka djelomiÄne alternacije, znak
âœ³ osmerokraka zvjezdica, zvjezdica
âœ´ osmerokraka zvijezda, zvijezda
â‡ iskra, zvjezdica
Â© autorska prava, copyright, znak za autorska prava
Â® registrirano, znak za registrirano
â„¢ tm, zaÅ¡titni znak, zaÅ¡titni znak tm, znak
ğŸ”  latinica, slova, unos, unos velikih latiniÄnih slova, velika
ğŸ”¡ abcd, latinica, mala, unos, unos malih latiniÄnih slova
ğŸ”¢ 1234, brojevi, unos, unos brojeva
ğŸ”£ unos, unos simbola
ğŸ”¤ abc, abeceda, latinica, slova, unos latiniÄnih slova
ğŸ…° a, krv, tipka krvne grupe A
ğŸ† ab, krv, tipka krvne grupe AB
ğŸ…± b, krv, tipka krvne grupe B
ğŸ†‘ cl, tipka CL
ğŸ†’ cool, tipka COOL
ğŸ†“ free, tipka FREE
â„¹ i, informacije, izvor informacija
ğŸ†” id, identitet, tipka ID
â“‚ krug, m, slovo m u krugu
ğŸ†• new, tipka NEW
ğŸ†– ng, tipka NG
ğŸ…¾ 0, krv, tipka krvne grupe 0
ğŸ†— ok, tipka OK, u redu
ğŸ…¿ parkiranje, tipka P
ğŸ†˜ pomoÄ‡, sos, tipka SOS
ğŸ†™ gore, tipka UP!, up, znak
ğŸ†š tipka VS, versus, vs
ğŸˆ japanski, tipka s ideogramom &quot;ovdje&quot;
ğŸˆ‚ japanski, tipka s ideogramom &quot;naplata usluge&quot;
ğŸˆ· japanski, tipka s ideogramom &quot;mjeseÄni iznos&quot;
ğŸˆ¶ japanski, tipka s ideogramom &quot;nije besplatno&quot;
ğŸˆ¯ japanski, tipka s ideogramom &quot;rezervirano&quot;
ğŸ‰ japanski, tipka s ideogramom &quot;povoljno&quot;
ğŸˆ¹ japanski, tipka s ideogramom &quot;popust&quot;
ğŸˆš japanski, tipka s ideogramom &quot;besplatno&quot;
ğŸˆ² japanski, tipka s ideogramom &quot;zabranjeno&quot;
ğŸ‰‘ japanski, tipka s ideogramom &quot;prihvatljivo, tipka s ideogramom &quot;prihvatljivo&quot;
ğŸˆ¸ japanski, tipka s ideogramom &quot;zahtjev&quot;
ğŸˆ´ japanski, tipka s ideogramom &quot;prolazna ocjena&quot;
ğŸˆ³ japanski, tipka s ideogramom &quot;ima slobodnih mjesta&quot;
ãŠ— Äestitanje, ideogram, japanski, tipka s ideogramom &quot;Äestitke&quot;
ãŠ™ ideogram, japanski, tajna, tipka s ideogramom &quot;tajna&quot;
ğŸˆº japanski, tipka s ideogramom &quot;otvoreno&quot;
ğŸˆµ japanski, tipka s ideogramom &quot;popunjeno&quot;
ğŸ”´ crveni krug, crveno, geometrija, krug
ğŸŸ  krug, naranÄasti
ğŸŸ¡ krug, Å¾uti
ğŸŸ¢ krug, zeleni
ğŸ”µ geometrija, krug, plavi krug, plavo
ğŸŸ£ krug, ljubiÄasti
ğŸŸ¤ krug, smeÄ‘i
âš« crni krug, geometrija, krug
âšª bijeli krug, geometrija, krug
ğŸŸ¥ crveni, kvadrat
ğŸŸ§ kvadrat, naranÄasti
ğŸŸ¨ kvadrat, Å¾uti
ğŸŸ© kvadrat, zeleni
ğŸŸ¦ kvadrat, plavi
ğŸŸª kvadrat, ljubiÄasti
ğŸŸ« kvadrat, smeÄ‘i
â¬› geometrija, kvadrat, veliki crni kvadrat
â¬œ geometrija, kvadrat, veliki bijeli kvadrat
â—¼ geometrija, kvadrat, srednji crni kvadrat
â—» geometrija, kvadrat, srednji bijeli kvadrat
â—¾ geometrija, kvadrat, srednje mali crni kvadrat
â—½ geometrija, kvadrat, srednje mali bijeli kvadrat
â–ª geometrija, kvadrat, mali crni kvadrat
â–« geometrija, kvadrat, mali bijeli kvadrat
ğŸ”¶ geometrija, naranÄasto, romb, veliki naranÄasti romb
ğŸ”· geometrija, plavo, romb, veliki plavi romb
ğŸ”¸ geometrija, mali naranÄasti romb, naranÄasto, romb
ğŸ”¹ geometrija, mali plavi romb, plavo, romb
ğŸ”º crveni trokut usmjeren prema gore, crveno, geometrija, gore, trokut
ğŸ”» crveni trokut usmjeren prema dolje, crveno, dolje, geometrija, trokut
ğŸ’  geometrija, romb, romb s toÄkom, unutra
ğŸ”˜ geometrija, kruÅ¾iÄ‡, kruÅ¾iÄ‡ za oznaÄavanje
ğŸ”³ bijela uglata tipka, geometrija, gumb, obris, uglato
ğŸ”² crna uglata tipka, geometrija, gumb, uglato
ğŸ Å¡ahovnica, utrka, zastava s crno-bijelom Å¡ahovnicom
ğŸš© poÅ¡ta, trokutasta zastava
ğŸŒ japan, prekriÅ¾ene zastave, prekriÅ¾eno, slavlje
ğŸ´ crna zastava, vijorenje
ğŸ³ bijela zastava, vijorenje
ğŸ³â€ğŸŒˆ duga, zastava, zastava duginih boja
ğŸ³â€âš§ bijela, ruÅ¾iÄasta, svjetloplava, transrodne osobe, zastava, zastava pokreta transrodnih osoba
ğŸ´â€â˜  blago, gusar, gusarska zastava, Jolly Roger
Â¢ cent
$ dolar, novac, pezo, USD
Â£ EGP, funta, GBP, valuta
Â¥ CNY, jen, JPY, juan, valuta
â‚£ francuski franak
â‚¤ lira
â‚¥ mil, mill
â‚© KPW, sjevernokorejski von, von
â‚¬ EUR, euro, valuta
â‚° njemaÄki pfennig
â‚± pezo
â‚¶ valuta
â‚· valuta
â‚¹ indijska rupija, rupija, valuta
â‚½ rubalj, valuta
â‚¿ bitcoin, BTC
â‚¨ rupija
ï·¼ rijal
Â¹ 1, eksponent
Â² 2, eksponent, kvadratni
Â³ 3, eksponent, kubiÄni
Âµ mjera, znak mikro
