{ oddsvigi, slaufa, slaufusvigi, svigi, vinstri oddsvigi
ğŸ» hÃºÃ°litur, ljÃ³s hÃºÃ°litur, tegund 1â€“2
ğŸ¼ hÃºÃ°litur, meÃ°alljÃ³s hÃºÃ°litur, tegund 3
ğŸ½ hÃºÃ°litur, millihÃºÃ°litur, tegund 4
ğŸ¾ hÃºÃ°litur, meÃ°aldÃ¶kkur hÃºÃ°litur, tegund 5
ğŸ¿ dÃ¶kkur hÃºÃ°litur, hÃºÃ°litur, tegund 6
â€¾ lÃ­na, yfirstrik
_ lÃ¡gstrik, niÃ°urstrik, strik, undirstrik
- bandstrik, bandstrik-mÃ­nus, mÃ­nus, Ã¾ankastrik
â€ bandstrik, Ã¾ankastrik
â€“ stutt, tilstrik, Ã¾ankastrik
â€” langt, Ã¾ankastrik
â€• lÂ´Ã­na, lÃ¡rÃ©tt rÃ¶nd, rÃ¶nd, Ã¾ankastrik
ãƒ» katakana, katakana miÃ°stÃ¦Ã°ur punktur, miÃ°depill, miÃ°punktur, punktar
, komma
ØŒ arabÃ­sk, komma
ã€ komma, myndletur, myndleturskomma
; semÃ­komma
Ø› arabÃ­sk, semÃ­komma
: tvÃ­punktur
! bang, hrÃ³pmerki, upphrÃ³pun, upphrÃ³punarmerki
Â¡ bang, hrÃ³pmerki, Ã¶fugt, upphrÃ³pun, upphrÃ³punarmerki
? spurning, spurningarmerki
Â¿ Ã¶fugt, spurning, spurningarmerki
ØŸ arabÃ­skt, spurning, spurningarmerki
. depill, punktur
â€¦ punktar, Ãºrfelling, Ãºrfellingarpunktar
ã€‚ myndpunktur, punktur
Â· depill, miÃ°depill, miÃ°ja, miÃ°judepill, millipunktur
' hÃ¶gg, prenthÃ¶gg, tilvitnun, Ãºrfelling
â€˜ hÃ¶gg, tilvitnun, Ãºrfelling, vinstra hÃ¶gg
â€™ hÃ¦gra hÃ¶gg, hÃ¶gg, tilvitnun, Ãºrfelling
â€š lÃ¡gstÃ¦tt hÃ¦gra hÃ¶gg, lÃ¡gstÃ¦tt hÃ¶gg, tilvitnun, Ãºrfelling
â€œ hÃ¡stÃ¦tt vinstra tvÃ­hÃ¶gg, tilvitnun, tvÃ­hÃ¶gg, vinstra tvÃ­hÃ¶gg
â€ hÃ¦gra tvÃ­hÃ¶gg, hÃ¡stÃ¦tt hÃ¦gra tvÃ­hÃ¶gg, tilvitnun, tvÃ­hÃ¶gg
â€ lÃ¡gstÃ¦tt hÃ¦gra tvÃ­hÃ¶gg, lÃ¡gstÃ¦tt tvÃ­hÃ¶gg, tilvitnun, tvÃ­hÃ¶gg
Â« franskar gÃ¦salappir vinstri, horn, hornklofar, innskotsmerki, setja Ã­ gÃ¦salappir, tvÃ­oddur, vinstri
Â» franskar gÃ¦salappir hÃ¦gri, hÃ¦gri, horn, hornklofar, innskotsmerki, setja Ã­ gÃ¦salappir, tvÃ­oddur
) hÃ¦gri svigi, svigi, svigi lokast
[ hornklofi, klofi, vinstri hornklofi
] hÃ¦gri hornklofi, hornklofi, klofi
} hÃ¦gri oddsvigi, oddsvigi, slaufa, slaufusvigi, svigi
ã€ˆ oddklofi, oddsvigi, olnbogasvigi, vinstri oddklofi
ã€‰ hÃ¦gri oddklofi, oddklofi, oddsvigi, olnbogasvigi
ã€Š svigi, tvÃ¶faldur oddklofi, tvÃ¶faldur vinstri oddklofi
ã€‹ svigi, tvÃ¶faldur hÃ¦gri oddklofi, tvÃ¶faldur oddklofi
ã€Œ hÃ¡stÃ¦tt vinstra vinkilmerki, vinkill, vinkilmerki
ã€ lÃ¡gstÃ¦tt hÃ¦gra vinkilmerki, vinkill, vinkilmerki
ã€ hÃ¡stÃ¦tt holt vinstra vinkilmerki, holt vinkilmerki, vinkilmerki
ã€ holt vinkilmerki, lÃ¡gstÃ¦tt holt hÃ¦gra vinkilmerki, vinkilmerki
ã€ linsusvigi, svartur linsusvigi, vinstri svartur linsusvigi
ã€‘ hÃ¦gri svartur linsusvigi, linsusvigi, svartur linsusvigi
ã€” skeljarsvigi, skjaldbÃ¶kuskel, svigi, vinstri skjaldbÃ¶kuskel
ã€• hÃ¦gri skjaldbÃ¶kuskel, skeljarsvigi, skjaldbÃ¶kuskel, svigi
ã€– holur linsusvigi, linsusvigi, vinstri holur linsusvigi
ã€— hÃ¦gri holur linsusvigi, holur linsusvigi, linsusvigi
Â§ efnisgrein, hluti, kaflamerki, silcrow
Â¶ efnisgrein, efnisgreinarmerki, greinaskil, greinaskilamerki
@ Ã¡-merki, at-merki, att-merki, hjÃ¡, hjÃ¡-merki, vistmerki
* algildisstafur, stjarna, stjÃ¶rnumerki
/ brotastrik, hallandi, skÃ¡strik, strik Ã¡ skÃ¡
\ bakstrik, flÃ¡strik, Ã¶fugt skÃ¡strik
& og, og-merki
# endamerki, nÃºmer, pund
% af hundraÃ°i, hundraÃ°shluti, prÃ³sent
â€° prÃ³mil, prÃ³mÃ­l, prÃ³mill, Ã¾Ãºsundasti hluti
â€  broddsÃºla, obelus, Ãºreldingarmerki
â€¡ broddsÃºla, obelus, tvÃ¶falt, Ãºreldingarmerki
â€¢ depill, merkill
â€§ bandstrik, miÃ°punktur, miÃ°stÃ¦Ã°ur punktur, punktur
â€² mÃ­nÃºtumerki
â€³ tvÃ­hÃ¶gg
â€´ Ã¾rÃ­hÃ¶gg
â€¸ innskotsmerki
â€» tilvÃ­sunarmerki
â‚ stjÃ¶rnuÃ¾rÃ­hyrningur
` Ã¡hersla, broddur, Ã¶fugur broddur, tÃ³nn
Â´ Ã¡hersla, broddur, frambroddur, tÃ³nn
^ hattur, innskotsmerki, oddur
Â¨ hljÃ³Ã°varp, hljÃ³Ã°varpshljÃ³Ã°, tvÃ­depill
Â° alkÃ³hÃ³lstyrkur, grÃ¡Ã°a, klukkustund
â„— hljÃ³Ã°, hÃ¶fundarrÃ©ttur, hÃ¶fundarrÃ©ttur hljÃ³Ã°upptÃ¶ku, upptaka
â† Ã¶r, Ã¶r sem vÃ­sar til vinstri, vinstri
â†’ hÃ¦gri, Ã¶r, Ã¶r sem vÃ­sar til hÃ¦gri
â†‘ Ã¶r, Ã¶r sem vÃ­sar upp, upp
â†“ niÃ°ur, Ã¶r, Ã¶r sem vÃ­sar niÃ°ur
â†œ bylgjuÃ¶r til vinstri
â† bylgjuÃ¶r til hÃ¦gri
â† tvihÃ¶fÃ°a Ã¶r til vinstri, tvÃ­hÃ¶fÃ°a Ã¶r til vinstri
â†Ÿ tvÃ­hÃ¶fÃ°a Ã¶r upp Ã¡ viÃ°
â†  tvÃ­hÃ¶fÃ°a Ã¶r til hÃ¦gri
â†¡ tvÃ­hÃ¶fÃ°a Ã¶r niÃ°ur Ã¡ viÃ°
â†¢ Ã¶rvarendi til vinstri
â†£ Ã¶rvarendi til hÃ¦gri
â†­ bylgjuÃ¶r vinstri hÃ¦gri
â†¯ sikksakk, sikksakk Ã¶r niÃ°ur Ã¡ viÃ°
â†° Ã¶rvaroddur upp Ã¡ viÃ° til vinstri
â†± Ã¶rvaroddur upp Ã¡ viÃ° til hÃ¦gri
â†² Ã¶rvaroddur niÃ°ur Ã¡ viÃ° til vinstri
â†³ Ã¶rvaroddur niÃ°ur Ã¡ viÃ° til hÃ¦gri
â†º opin hringÃ¶r rangsÃ¦lis
â†» opin hringÃ¶r rÃ©ttsÃ¦lis
â†¼ broddur, skutull til vinstri meÃ° brodd upp Ã¡ viÃ°
â†½ skutull til vinstri meÃ° brodd niÃ°ur Ã¡ viÃ°
â†¾ broddur, skutull upp Ã¡ viÃ° meÃ° brodd til hÃ¦gri
â†¿ broddur, skutull upp Ã¡ viÃ° meÃ° brodd til vinstri
â‡€ broddur, skutull til hÃ¦gri meÃ° brodd upp Ã¡ viÃ°
â‡ broddur, skutull til hÃ¦gri meÃ° brodd niÃ°ur Ã¡ viÃ°
â‡‚ broddur, skutull niÃ°ur Ã¡ viÃ° meÃ° brodd til hÃ¦gri
â‡ƒ broddur, skutull niÃ°ur Ã¡ viÃ° meÃ° brodd til vinstri
â‡„ Ã¶r til hÃ¦gri yfir Ã¶r til vinstri
â‡… niÃ°ur, Ã¶r, Ã¶r sem vÃ­sar upp og Ã¶r sem vÃ­sar niÃ°ur, upp
â‡† hÃ¦gri, Ã¶r, Ã¶r sem vÃ­sar til vinstri yfir Ã¶r sem vÃ­sar til hÃ¦gri, vinstri, vinstriÃ¶r yfir hÃ¦griÃ¶r
â‡‡ Ã¶rvapar til vinstri
â‡ˆ Ã¶rvapar upp Ã¡ viÃ°, Ã¶rvarpar upp Ã¡ viÃ°
â‡‰ Ã¶rvarpar til hÃ¦gri
â‡Š Ã¶rvapar niÃ°ur Ã¡ viÃ°, Ã¶rvarpar niÃ°ur Ã¡ viÃ°
â‡‹ skutull til vinstri yfir skutli til hÃ¦gri
â‡Œ skutull til hÃ¦gri yfir skutli til vinstri
â‡ tvÃ¶fÃ¶ld Ã¶r til vinstri
â‡‘ tvÃ¶fÃ¶ld Ã¶r upp Ã¡ viÃ°
â‡’ tvÃ¶fÃ¶ld Ã¶r til hÃ¦gri
â‡“ tvÃ¶fÃ¶ld Ã¶r niÃ°ur Ã¡ viÃ°
â‡” tvÃ¶fÃ¶ld Ã¶r vinstri hÃ¦gri
â‡– tvÃ¶fÃ¶ld Ã¶r Ã­ norÃ°vestur
â‡— tvÃ¶fÃ¶ld Ã¶r Ã­ norÃ°austur
â‡˜ tvÃ¶fÃ¶ld Ã¶r Ã­ suÃ°austur
â‡™ tvÃ¶fÃ¶ld Ã¶r Ã­ suÃ°vestur
â‡š Ã¾refÃ¶ld Ã¶r til vinstri
â‡› Ã¾refÃ¶ld Ã¶r til hÃ¦gri
â‡œ hlykkjÃ³tt Ã¶r til vinstri
â‡ hlykkjÃ³tt Ã¶r til hÃ¦gri
â‡ tvÃ­strikuÃ° Ã¶r upp Ã¡ viÃ°
â‡Ÿ tvÃ­strikuÃ° Ã¶r niÃ°ur Ã¡ viÃ°
â‡¦ hol Ã¶r til vinstri
â‡§ hol Ã¶r upp Ã¡ viÃ°
â‡¨ hol Ã¶r til hÃ¦gri
â‡© hol Ã¶r niÃ°ur Ã¡ viÃ°
â‡µ Ã¶r niÃ°ur Ã¡ viÃ° vinstra megin viÃ° Ã¶r upp Ã¡ viÃ°
âˆ… mengjavirkir, stÃ¦rÃ°frÃ¦Ã°i, tÃ³mamengi
âˆ† aukning, Ã¾rÃ­hyrningur
âˆ‡ nafla, Ã¾rÃ­hyrningur
âˆˆ aÃ°ild, inniheldur, mengi, stak, stak Ã­
âˆ‰ ekki stak, stak
âˆ‹ stak
âˆ margfeldi, n-unda-margfeldi, rÃ¶kfÃ¦rsla
âˆ‘ n-unda-summun, stÃ¦rÃ°frÃ¦Ã°i, summun
+ leggja saman, plÃºs, plÃºsmerki
Â± plÃºs-mÃ­nus
Ã· deila, deiling, deilingarmerki, obelus
Ã— margfalda, margfÃ¶ldun, margfÃ¶ldunarmerki, sinnum
< lÃ¦gra en, minna en, vinstri fleygur
â‰® ekki minna en, Ã³jÃ¶fnuÃ°ur, stÃ¦rÃ°frÃ¦Ã°i
= jafnt, samasem
â‰  ekki jafnt, Ã³jafnt, Ã³jÃ¶fnuÃ°ur
> hÃ¦gri fleygur, meira en, stÃ¦rra en
â‰¯ ekki stÃ¦rra en, Ã³jÃ¶fnuÃ°ur, stÃ¦rÃ°frÃ¦Ã°i
Â¬ ekki, neitun
| lÃ³Ã°lÃ­na, lÃ³Ã°rÃ©tt lÃ­na, lÃ³Ã°rÃ©tt strik, lÃ³Ã°strik, stÃ¶ng
~ tilda
âˆ’ draga frÃ¡, mÃ­nus, mÃ­nusmerki
â» brjÃ³stletur, mÃ­nus
âˆ“ mÃ­nus-eÃ°a-plÃºs, plÃºs-mÃ­nus
âˆ• deilingarskÃ¡strik
â„ brotaskÃ¡strik
âˆ— stjarna
âˆ™ virkir
âˆš annaÃ° veldi, kvaÃ°ratrÃ³t, Ã³rÃ¦Ã° tala, rÃ³t, rÃ³tarstÃ¦rÃ°, stofntala
âˆ hlutfallsleiki
âˆ Ã³endanlegt, Ã³endanlegt-merki
âˆŸ rÃ©tt horn, stÃ¦rÃ°frÃ¦Ã°i
âˆ  horn
âˆ£ deilir
âˆ¥ samsÃ­Ã°a
âˆ© mengi, sniÃ°mengi
âˆª mengi, sammengi, samsafn
âˆ« heildi, Ã¶rsmÃ¦Ã°arreikningur
âˆ¬ Ã¶rsmÃ¦Ã°arreikningur, tvÃ¶falt heildi
âˆ® lykkjuheildi
âˆ´ rÃ¶kfrÃ¦Ã°i, Ã¾ar af leiÃ°andi
âˆµ rÃ¶kfrÃ¦Ã°i, vegna Ã¾ess
âˆ¶ hlutfall
âˆ· hlutfallsleiki
âˆ¼ tilduvirkir, virkir
âˆ½ Ã¶fug tilda, tilda
â‰ˆ nÃ¦stum jafnt, nÃ¡lgun, nÃ¡mundun
â‰Œ jÃ¶fnuÃ°ur, stÃ¦rÃ°frÃ¦Ã°i
â‰– jÃ¶fnuÃ°ur, stÃ¦rÃ°frÃ¦Ã°i
â‰¡ nÃ¡kvÃ¦mlega eins, nÃ¡kvÃ¦mlega eins og, nÃ¡kvÃ¦mur, Ã¾refalt
â‰£ jÃ¶fnuÃ°ur, stÃ¦rÃ°frÃ¦Ã°i
â‰¤ jafnt, minna en, minna en eÃ°a jafnt, Ã³jÃ¶fnuÃ°ur, samasem
â‰¥ jafnt, Ã³jÃ¶fnuÃ°ur, samasem, stÃ¦rra en, stÃ¦rra en eÃ°a jafnt
â‰¦ minna en yfir jafngildi, Ã³jÃ¶fnuÃ°ur, stÃ¦rÃ°frÃ¦Ã°i
â‰§ Ã³jÃ¶fnuÃ°ur, stÃ¦rÃ°frÃ¦Ã°i, stÃ¦rra en yfir jafngildi
â‰ª miklu minna en, Ã³jÃ¶fnuÃ°ur, stÃ¦rÃ°frÃ¦Ã°i
â‰« Â´Ã³jÃ¶fnuÃ°ur, miklu stÃ¦rra en, stÃ¦rÃ°frÃ¦Ã°i
â‰¬ Ã¡ milli
â‰³ Ã³jÃ¶fnuÃ°ur, stÃ¦rÃ°frÃ¦Ã°i, stÃ¦rra en jafngildi
â‰º kemur Ã¡ undan, mengjavirkir, stÃ¦rÃ°frÃ¦Ã°i
â‰» kemur Ã¡ eftir, mengjavirkir, stÃ¦rÃ°frÃ¦Ã°i
âŠ kemur ekki Ã¡ eftir, mengjavirkir, stÃ¦rÃ°frÃ¦Ã°i
âŠ‚ hlutmengi, hlutmengi Ã­, mengi
âŠƒ mengjavirkir, stÃ¦rÃ°frÃ¦Ã°i
âŠ‡ jÃ¶fnuÃ°ur, stÃ¦rÃ°frÃ¦Ã°i
âŠ• plÃºs, plÃºs Ã­ hring
âŠ– mÃ­nus Ã­ hring
âŠ° mengjavirkir, stÃ¦rÃ°frÃ¦Ã°i
âŠ± mengjavirkir, stÃ¦rÃ°frÃ¦Ã°i
âŠ¿ rÃ©tthyrndur Ã¾rÃ­hyrningur, rÃ©ttur Ã¾rÃ­hyrningur, stÃ¦rÃ°frÃ¦Ã°i
â‹‚ mengjavirkir, n-unda-sniÃ°mengi, sniÃ°mengi, stÃ¦rÃ°frÃ¦Ã°i
â‹… punktavirkir, virkir
â‹† stjÃ¶rnuvirkir, virkir
â‹˜ mjÃ¶g miklu minna en, Ã³jÃ¶fnuÃ°ur, stÃ¦rÃ°frÃ¦Ã°i
â‹™ mjÃ¶g miklu stÃ¦rra en, Ã³jÃ¶fnuÃ°ur, stÃ¦rÃ°frÃ¦Ã°i
â‹® lÃ³Ã°rÃ©tt Ãºrfellingarmerki, stÃ¦rÃ°frÃ¦Ã°i, Ãºrfellingarmerki
â‹¯ Ãºrfellingarmerki
â‹° stÃ¦rÃ°frÃ¦Ã°i, Ãºrfellingarmerki
â‹± stÃ¦rÃ°frÃ¦Ã°i, Ãºrfellingarmerki
â–  fylltur ferningur
â–¡ holur ferningur
â–¢ holur ferningur meÃ° rÃºnnuÃ°um hornum
â–£ fylltur ferningur Ã­ holum ferningi
â–¤ ferningur meÃ° lÃ¡rÃ©ttri fyllingu
â–¥ ferningur meÃ° lÃ³Ã°rÃ©ttri fyllingu
â–¬ fylltur rÃ©tthyrningur
â–­ holur rÃ©tthyrningur
â–® fylltur lÃ³Ã°rÃ©ttur rÃ©tthyrningur
â–° fylltur samsÂ´Ã­Ã°ungur, fylltur samsÃ­Ã°ungur
â–² fylltur, fylltur Ã¾rÃ­hyrningur sem vÃ­sar upp, Ã¶r, upp, Ã¾rÃ­hyrningur
â–³ holur Ã¾rÃ­hyrningur sem vÃ­sar upp
â–´ fylltur lÃ­till Ã¾rÃ­hyrningur sem vÃ­sar upp
â–µ holur lÃ­till Ã¾rÃ­hyrningur sem vÃ­sar upp
â–· holur Ã¾rÃ­hyrningur sem vÃ­sar til hÃ¦gri
â–¸ fylltur lÃ­till Ã¾rÃ­hyrningur sem vÃ­sar til hÃ¦gri
â–¹ holur lÃ­till Ã¾rÃ­hyrningur sem vÃ­sar til hÃ¦gri
â–º fylltur bendir sem vÃ­sar til hÃ¦gri
â–» holur bendir sem vÃ­sar til hÃ¦gri
â–¼ fylltur, fylltur Ã¾rÃ­hyrningur sem vÃ­sar niÃ°ur, niÃ°ur, Ã¶r, Ã¾rÃ­hyrningur
â–½ holur Ã¾rÃ­hyrningur sem vÃ­sar niÃ°ur
â–¾ fylltur lÃ­till Ã¾rÃ­hyrningur sem vÃ­sar niÃ°ur
â–¿ holur lÃ­till Ã¾rÃ­hyrningur sem vÃ­sar niÃ°ur
â— holur Ã¾rÃ­hyrningur sem vÃ­sar til vinstri
â—‚ fylltur lÃ­till Ã¾rÃ­hyrningur sem vÃ­sar til vinstri
â—ƒ holur lÃ­till Ã¾rÃ­hyrningur sem vÃ­sar til vinstri
â—„ fylltur bendir sem vÃ­sar til vinstri
â—… holur bendir sem vÃ­sar til vinstri
â—† fylltur tÃ­gull
â—‡ holur tÃ­gull
â—ˆ fylltur tÃ­gull Ã­ holum tÃ­gli
â—‰ fylltur hringur Ã­ holum hring
â—Š demantur, rhombus, tÃ­gullaga
â—‹ holur hringflÃ¶tur, hringflÃ¶tur, hringur
â—Œ hringur Ãºr punktum
â— hringur meÃ° lÃ³Ã°rÃ©ttri fyllingu
â— fylltur hringflÃ¶tur, hringflÃ¶tur
â— hringur hÃ¡lffylltur til vinstri
â—‘ hringur hÃ¡lffylltur til hÃ¦gri
â—’ fylltur neÃ°ri helmingur hrings
â—“ fylltur efri helmingur hrings
â—” fylltur efri fjÃ³rÃ°ungsbogi hrings til hÃ¦gri
â—– fylltur vinstri helmingur hrings
â—— fylltur hÃ¦gri helmingur hrings
â—  efri helmingur hrings
â—¡ neÃ°ri helmingur hrings
â—¢ fylltur neÃ°ri Ã¾rÃ­hyrningur til hÃ¦gri
â—£ fylltur neÃ°ri Ã¾rÃ­hyrningur til vinstri
â—¤ fylltu efri Ã¾rÃ­hyrningur til vinstri, fylltur efri Ã¾rÃ­hyrningur til vinstri
â—¥ fylltur efri Ã¾rÃ­hyrningur til hÃ¦gri
â—¦ holt Ã¡herslumerki
â—¯ hringflÃ¶tur, hringur, stÃ³r holur hringflÃ¶tur
â—³ holur ferningur meÃ° efri fjÃ³rÃ°ungsgeira til hÃ¦gri
â—· holur hringur meÃ° efri fjÃ³rÃ°ungsboga til hÃ¦gri
â—¿ neÃ°ri Ã¾rÃ­hyrningur til hÃ¦gri
â™ª Ã¡ttundapartsnÃ³ta, Ã¡ttungur, nÃ³ta, tÃ³nlist
âªš Ã³jÃ¶fnuÃ°ur, stÃ¦rÃ°frÃ¦Ã°i
â™­ bemolle, lÃ¦kkaÃ°ur tÃ³nn, nÃ³ta, tÃ³nlist
â™¯ hÃ¦kkaÃ°ur tÃ³nn, hÃ¦kkunarmerki, nÃ³ta, tÃ³nlist
ğŸ˜€ andlit, glott, glottandi andlit
ğŸ˜ƒ andlit, bros, brosandi andlit meÃ° opinn munn, brosandi andlit meÃ° stÃ³rum augum, opinn munnur
ğŸ˜„ andlit, bros, bros og opinn munnur, hlÃ¦ja, hlÃ¦jandi andlit
ğŸ˜ andlit, glottandi andlit, glottandi andlit meÃ° brosandi augum, hlÃ¦ja
ğŸ˜† Ã¡nÃ¦gja, andlit, bros, brosandi andlit meÃ° pÃ­rÃ° augu, brosandi andlit og pÃ­rÃ° augu
ğŸ˜… andlit, bros, bros og kaldur sviti, brosandi sveitt andlit, sviti
ğŸ¤£ hlÃ¡tur, veltast, veltist um af hlÃ¡tri
ğŸ˜‚ andlit, andlit tÃ¡rast af gleÃ°i, gleÃ°itÃ¡r
ğŸ™‚ andlit, bros, milt bros
ğŸ™ƒ Ã¡ hvolfi, andlit, andlit Ã¡ hvolfi
ğŸ˜‰ andlit, blikk, blikkandi andlit
ğŸ˜Š andlit, bros, brosandi andlit og augu, brosandi augu
ğŸ˜‡ andlit, bros, bros og geislabaugur, brosandi andlit meÃ° geislabaug, geislabaugur
ğŸ¥° aÃ°dÃ¡un, Ã¡stfangin, Ã¡stfanginn, brosandi andlit meÃ° hjÃ¶rtum, skotinn Ã­
ğŸ˜ andlit, Ã¡st, augu, bros, brosandi andlit meÃ° hjartalaga augu
ğŸ¤© andlit, augu, brosandi, stjarna, stjÃ¶rnustjarfur
ğŸ˜˜ andlit, kasta kossi, koss, kveÃ°jukoss, kyssa
ğŸ˜— andlit, koss, kyssa, kyssandi andlit
â˜º andlit, bros, brosandi andlit, broskall, broskarl
ğŸ˜š andlit, augu, koss, kyssandi andlit meÃ° lokuÃ° augu, kyssandi andlit og lokuÃ° augu
ğŸ˜™ andlit, koss og bros, kyssa og brosa, kyssandi og brosandi andlit
ğŸ¥² Ã¡nÃ¦gja, bros, brosandi andlit meÃ° tÃ¡r, snortiÃ°, stolt, tÃ¡r, Ã¾akklÃ¦ti
ğŸ˜‹ andlit, andlit aÃ° njÃ³ta matar, gÃ³Ã°ur matur
ğŸ˜› andlit, andlit aÃ° ulla, tunga Ãºt, ulla
ğŸ˜œ andlit, auga, blikkandi auga aÃ° ulla, blikkarl meÃ° ÃºtrÃ©tta tungu, brandari, tunga
ğŸ¤ª auga, lÃ­tiÃ°, stÃ³rt, sturlaÃ° andlit
ğŸ˜ andlit, andlit aÃ° ulla og pÃ­rÃ° augu, auga, hryllingur, oj, tunga
ğŸ¤‘ andlit, andlit meÃ° peningaseÃ°il Ã­ munninum, munnur, peningaseÃ°ill
ğŸ¤— andlit, faÃ°mandi andlit, faÃ°mar, faÃ°mlag
ğŸ¤­ andlit meÃ° hendi fyrir munn, Ãºps
ğŸ¤« andilt aÃ° segja uss, suss, uss, Ã¾Ã¶gn
ğŸ¤” andlit, hugsandi
ğŸ¤ andlit, andlit meÃ° rennilÃ¡s fyrir munninum, munnur, rennilÃ¡s
ğŸ¤¨ andlit meÃ° yppta brÃºn, efasemdir, hissa, vantraust
ğŸ˜ andlit, hlutlaust andlit, hlutleysi
ğŸ˜‘ andlit, engin svipbrigÃ°i, svipbrigÃ°alaust andlit
ğŸ˜¶ andlit, andlit Ã¡n munns, enginn munnur
ğŸ˜¶â€ğŸŒ« andlit Ã­ skÃ½jum, andlit Ã­ Ã¾oku, annarshugar, hÃ¶fuÃ° Ã­ skÃ½jum
ğŸ˜ andlit, glott, sjÃ¡lfsÃ¡nÃ¦gt andlit
ğŸ˜’ andlit, ekki skemmt, engin gleÃ°i, fÃ½la
ğŸ™„ andlit, augu, ranghvolfir, ranghvolfir augum
ğŸ˜¬ andlit, andlit meÃ° grettu, gretta
ğŸ˜®â€ğŸ’¨ andkÃ¶f, andlit aÃ° anda frÃ¡ sÃ©r, blÃ­stur, hvÃ­sl, lÃ©ttir, stuna, ÃºtÃ¶ndun
ğŸ¤¥ andlit, gosi, ljÃºga, lygari, lygi
ğŸ˜Œ andlit, andlit sem er lÃ©tt, lÃ©ttir
ğŸ˜” andlit, Ã­ Ã¾ungum Ã¾Ã¶nkum, Ã­byggiÃ° andlit
ğŸ˜ª andlit, syfja, syfjaÃ° andlit
ğŸ¤¤ andlit, slefa, slefandi
ğŸ˜´ andlit, sofandi
ğŸ˜· andlit, andlit meÃ° grÃ­mu, andlit meÃ° lÃ¦knagrÃ­mu, grÃ­ma, kalt, veikindi
ğŸ¤’ andlit, andlit meÃ° hitamÃ¦li Ã­ munninum, hitamÃ¦lir, meÃ° flensu, veikur
ğŸ¤• andlit, andlit meÃ° sÃ¡rabindi, meiddur, sÃ¡rabindi, slasaÃ°ur
ğŸ¤¢ andlit, gubba, gubbukall, Ã³gleÃ°i
ğŸ¤® Ã¦la, Ã¦landi andlit, veikindi
ğŸ¤§ andlit, hnerra, hnerrandi andlit, hnerri, kvef
ğŸ¥µ heitt, meÃ° hita, rauÃ°ur Ã­ framan, sÃ³lstingur, sviti
ğŸ¥¶ blÃ¡r Ã­ framan, frostbit, grÃ½lukerti, Ã­skalt, kalt
ğŸ¥´ hlykkjÃ³ttur munnur, kenderÃ­, Ã³jÃ¶fn augu, ringlaÃ° andlit, svima, vÃ­ma
ğŸ˜µ andlit, andlit meÃ° svima, svimi
ğŸ˜µâ€ğŸ’« andlit meÃ° gormaugu, dÃ¡leiddur, gormur, hÃ¦gan, svimar, vandrÃ¦Ã°i
ğŸ¤¯ splundraÃ° hÃ¶fuÃ°
ğŸ¤  hattur, kÃºreki
ğŸ¥³ fagna, flauta, hattur, partÃ­, partÃ­andlit
ğŸ¥¸ andlit, dulargervi, gleraugu, nef, Ã³Ã¾ekkjanlegt
ğŸ˜ bjart, brosandi andlit meÃ° sÃ³lgleraugu, brosandi andlit meÃ° sÃ³lgleraugum, sÃ³l, sÃ³lgleraugu, svalt
ğŸ¤“ andlit, lÃºÃ°i, nÃ¶rd, nÃ¶rdaandlit
ğŸ§ andlit meÃ° einglyrni, gamaldags, teprulegur
ğŸ˜• andlit, ringlaÃ° andlit, ringlun, ruglingslegt andlit
ğŸ˜Ÿ Ã¡hyggjufullt andlit, Ã¡hyggjur, andlit
ğŸ™ andlit, andlit meÃ° litla skeifu, skeifa
â˜¹ andlit, andlit meÃ° stÃ³ra skeifu, skeifa
ğŸ˜® andlit, andlit meÃ° opinn munn, munnur, opinn munnur
ğŸ˜¯ andlit, undrandi, undrun
ğŸ˜² andlit, stÃ³rundrandi andlit, undrandi, undrun
ğŸ˜³ andlit, andlit aÃ° roÃ°na, roÃ°na
ğŸ¥º biÃ°jandi andlit, grÃ¡tbiÃ°ja, hvolpaaugu, miskunn
ğŸ˜¦ andlit, leiÃ°i, leitt andlit, leitt andlit opinn munn, opinn munnur
ğŸ˜§ andlit, angist, angistarfullt andlit, kvalir
ğŸ˜¨ andlit, hrÃ¦Ã°sla, hrÃ¦tt andlit, Ã³tti
ğŸ˜° andlit, kaldur sviti, sveitt andlit, sviti
ğŸ˜¥ andlit, hjÃºkk, lÃ©ttir
ğŸ˜¢ andlit, depurÃ°, grÃ¡tandi andlit, grÃ¡tur, tÃ¡r
ğŸ˜­ andlit, grÃ¡tandi andlit, grÃ¡tur, hÃ¡grÃ¡tandi andlit, sorg, tÃ¡r
ğŸ˜± andlit, hrÃ¦Ã°sla, Ã¶skra af Ã³tta, Ã³ttaslegiÃ° andlit, Ã³tti
ğŸ˜– andlit, forviÃ°a
ğŸ˜£ andlit, erfiÃ°leikar, klÃºÃ°ur
ğŸ˜ andlit, vonbrigÃ°aandlit, vonbrigÃ°i
ğŸ˜“ andlit, andlit meÃ° kÃ¶ldum svita, kaldur sviti
ğŸ˜© andlit, Ã¾reyta, Ã¾reytulegt andlit
ğŸ˜« andlit, Ã¾reyta, Ã¾reytt andlit
ğŸ¥± geispa, geispandi andlit, leiÃ°indi, Ã¾reyta
ğŸ˜¤ andlit, Ã©g vann, sigur, sigursvipur
ğŸ˜¡ andlit, fÃ½lulegt andlit, rautt andlit, rautt reiÃ°iandlit, reiÃ°i
ğŸ˜  andlit, reiÃ°iandlit, reitt andlit
ğŸ¤¬ andlit meÃ° tÃ¡kn fyrir munni, blÃ³ta, reiÃ°i
ğŸ˜ˆ andlit, bros, bros og horn, broskarl meÃ° horn, horn
ğŸ‘¿ andlit, djÃ¶full, pÃºki, skratti
ğŸ’€ Ã¦vintÃ½ri, andlit, hauskÃºpa, lÃ­kami
â˜  andlit, beinleggir, dauÃ°i, hauskÂ´Ãºpa og beinleggir, hauskÃºpa og beinleggir, hÃ¶fuÃ°kÃºpa
ğŸ’© della, kÃºkur, skÃ­tur
ğŸ¤¡ andlit, trÃºÃ°ur
ğŸ‘¹ Ã¦vintÃ½ri, andlit, oni, trÃ¶ll, vera
ğŸ‘º Ã¦vintÃ½ri, andlit, Ã¡ri, pÃºki, trÃ¶ll
ğŸ‘» Ã¦vintÃ½ri, andlit, draugur
ğŸ‘½ Ã¦vintÃ½ri, andlit, geimskip, geimvera, skrÃ­msli
ğŸ‘¾ Ã¦vintÃ½ri, andlit, geimskip, geimveruskrÃ­msli, skrÃ­msli
ğŸ¤– andlit, skrÃ­msli, vÃ©lmenni, vÃ©lmennisandlit
ğŸ˜º bros, brosandi kÃ¶ttur meÃ° opinn munn, hlÃ¦jandi kÃ¶ttur, kÃ¶ttur, opinn munnur
ğŸ˜¸ glott, glottandi kÃ¶ttur, kÃ¶ttur, kÃ¶ttur meÃ° glott
ğŸ˜¹ gleÃ°itÃ¡r, kÃ¶ttur, kÃ¶ttur meÃ° gleÃ°itÃ¡r
ğŸ˜» andlit, Ã¡st, Ã¡starkÃ¶ttur, brosandi kÃ¶ttur, brosandi kÃ¶ttur og hjartalaga augu, kÃ¶ttur
ğŸ˜¼ glott, glottandi kÃ¶ttur, kÃ¶ttur, lÃºmskur kÃ¶ttur, lymska
ğŸ˜½ andlit, auga, koss, kÃ¶ttur, kyssandi kÃ¶ttur
ğŸ™€ andlit, hissa, hnugginn kÃ¶ttur, kÃ¶ttur, Ã³vÃ¦nt, undrandi
ğŸ˜¿ grÃ¡tandi, grÃ¡tur, kÃ¶ttur
ğŸ˜¾ fÃ½la, fÃ½lukÃ¶ttur, kÃ¶ttur, kÃ¶ttur Ã­ fÃ½lu
ğŸ™ˆ api, api heldur fyrir augu, bannaÃ°, illska, mÃ¡ ekki sjÃ¡
ğŸ™‰ api, api heldur fyrir eyru, illska, mÃ¡ ekki heyra
ğŸ™Š api, api heldur fyrir munn, illska, mÃ¡ ekki tala
ğŸ’‹ koss, kossafar, rÃ³mantÃ­k, varir
ğŸ’Œ Ã¡starbrÃ©f, brÃ©f, brÃ©f meÃ° hjarta, hjarta, rÃ³mantÃ­k
ğŸ’˜ Ã¡st, hjarta, hjarta meÃ° Ã¶r, Ã¶r, tilfinningar
ğŸ’ hjarta, hjarta meÃ° slaufu, slaufa, tilfinningar, valentÃ­nusardagurinn
ğŸ’– Ã¦singur, Ã¡st, glitrandi, glitrandi hjarta, tilfinningar
ğŸ’— Ã¡st, pÃºls, spenna, stÃ¦kkandi hjarta, taugaspenna
ğŸ’“ Ã¡st, hjarta, hjartslÃ¡ttur, slÃ¡ttur, tilfinningar
ğŸ’ Ã¡st, hjarta, snÃºningshjÃ¶rtu
ğŸ’• Ã¡st, elskendur, tilfinningar, tvÃ¶ hjÃ¶rtu
ğŸ’Ÿ hjarta, skraut meÃ° hjarta
â£ greinarmerki, hjarta, hjarta sem upphrÃ³punarmerki, merki, upphrÃ³punarmerki
ğŸ’” Ã¡starsorg, brostiÃ°, hjarta
â¤â€ğŸ”¥ Ã¡st, brenna, girnd, heilagt hjarta, hjarta, logandi hjarta
â¤â€ğŸ©¹ heilbrigÃ°ari, hjarta aÃ° grÃ³a, hress, jafna sig, lagast, nÃ¡ sÃ©r, skÃ¡na
â¤ hjarta, rautt hjarta
ğŸ§¡ appelsÃ­nugult, hjarta, tilfinningar
ğŸ’› gult, hjarta, tilfinningar
ğŸ’š grÃ¦nt, hjarta, tilfinningar
ğŸ’™ blÃ¡tt, hjarta, tilfinningar
ğŸ’œ fjÃ³lublÃ¡tt, hjarta, tilfinningar
ğŸ¤ brÃºnt, hjarta
ğŸ–¤ hjarta, illt innrÃ¦ti, svart hjarta, svartur
ğŸ¤ hjarta, hvÃ­tt
ğŸ’¯ 100, fullt hÃºs, stig
ğŸ’¢ reiÃ°i, reiÃ°itÃ¡kn, reiÃ°ur, skrÃ­pÃ³, tilfinningar
ğŸ’¥ Ã¡rekstrartÃ¡kn, Ã¡rekstur, skrÃ­pÃ³, tilfinningar
ğŸ’« ringlaÃ°ur, sjÃ¡ stjÃ¶rnur, skrÃ­pÃ³, stjÃ¶rnur, tilfinningar
ğŸ’¦ skrÃ­pÃ³, svitadropar, sviti, tilfinningar
ğŸ’¨ flÃ½ja, hlaupa, hraÃ°ferÃ°, skrÃ­pÃ³, tilfinningar
ğŸ•³ hola, op
ğŸ’£ skrÃ­pÃ³, sprengja, tilfinningar
ğŸ’¬ blaÃ°ra, skrÃ­pÃ³, tala, talblaÃ°ra
ğŸ‘â€ğŸ—¨ auga, auga Ã­ talblÃ¶Ã°ru, samrÃ¦Ã°a, sjÃ¡, talblaÃ°ra
ğŸ—¨ rÃ¦Ã°a, samrÃ¦Ã°a, vinstri talblaÃ°ra
ğŸ—¯ blaÃ°ra, bÃ³la, reiÃ°ileg hÃ¦gri talblaÃ°ra, reiÃ°ur
ğŸ’­ blaÃ°ra, hugsa, hugsanablaÃ°ra, skrÃ­pÃ³
ğŸ’¤ hrotur, skrÃ­pÃ³, sofandi, zzz, Ã¾reyta
ğŸ‘‹ hÃ¶nd, hÃ¶nd veifar, veifa
ğŸ¤š hÃ¶nd, lÃ³fi, upprÃ©tt
ğŸ– fingur, glennt, hÃ¶nd, lÃ­kami, upprÃ©tt hÃ¶nd meÃ° glennta fingur
âœ‹ lÃ³fi, upprÃ©tt hÃ¶nd
ğŸ–– fingur, hendi, kveÃ°ja, spock, vulcan-kveÃ°ja, vÃºlkan
ğŸ‘Œ bending, handarmerki, Ã lagi, OK, Ã³kei
ğŸ¤Œ fingur, handahreyfing, kaldhÃ¦Ã°ni, klÃ­pa, klÃ­pandi fingur, yfirheyrsla
ğŸ¤ klÃ­pandi hÃ¶nd, lÃ­tiÃ° magn
âœŒ friÃ°armerki, friÃ°ur, sigur, sigurmerki
ğŸ¤ fingur, hendi, kross, krosslagÃ°ir fingur, lukka
ğŸ¤Ÿ elska-Ã¾ig merki, hendi, ILY
ğŸ¤˜ fingur, glennt, hÃ¶nd, lÃ­kami, rokkmerki
ğŸ¤™ hÃ¶nd, hringdu, hringitÃ¡kn, hringja
ğŸ‘ˆ benda, benda til vinstri, fingur, fingur bendir til vinstri, hÃ¶nd, vÃ­sifingur
ğŸ‘‰ benda, benda til hÃ¦gri, fingur, fingur bendir til hÃ¦gri, hÃ¶nd, vÃ­sifingur
ğŸ‘† bakhÃ¶nd bendir upp, benda, fingur, fingur bendir upp, hÃ¶nd, upp
ğŸ–• fingur, hÃ¶nd, langatÃ¶ng, lÃ­kami
ğŸ‘‡ bakhÃ¶nd bendir niÃ°ur, benda, fingur, fingur bendir niÃ°ur, hÃ¶nd, niÃ°ur
â˜ benda, benda upp, fingur, hÃ¶nd, vÃ­sifingur, vÃ­sifingur bendir upp
ğŸ‘ bending, hÃ¶nd, Ã¾umall upp
ğŸ‘ bending, hÃ¶nd, Ã¾umall niÃ°ur
âœŠ hnefi, upprÃ©ttur hnefi
ğŸ‘Š hnefi, hÃ¶nd, krepptur hnefi, kÃ½la, samankrepptur hnefi
ğŸ¤› hÃ¦gri hnefi, hnefi, hÃ¶nd, krepptur
ğŸ¤œ hnefi, hÃ¶nd, krepptur, vinstri hnefi
ğŸ‘ hendur, hendur klappa, klapp, lÃ³faklapp
ğŸ™Œ bÃ¡Ã°ar hendur, fagna, hendur upp Ã­ loft, hÃºrra
ğŸ‘ hendur, lÃ³far, opinn lÃ³fi, opnir lÃ³far
ğŸ¤² lÃ³far saman, spenntar greipar
ğŸ¤ handaband, heilsa, heilsast, samkomulag
ğŸ™ bÃ¦n, spenna greipar, spenntar greipar
âœ hÃ¶nd, lÃ­kami, skrifa, skrifandi hÃ¶nd
ğŸ’… handsnyrting, naglalakk, neglur, snyrtivÃ¶rur
ğŸ¤³ myndavÃ©l, sjÃ¡lfa
ğŸ’ª skrÃ­pÃ³, spenna vÃ¶Ã°va, spenntir vÃ¶Ã°var, upphandleggsvÃ¶Ã°var, vÃ¶Ã°var
ğŸ¦¾ aÃ°gengi, gervilimur, vÃ©lhandleggur
ğŸ¦¿ aÃ°gengi, gervilimur, vÃ©lfÃ³tleggur
ğŸ¦µ fÃ³tleggur, sparka, Ãºtlimur
ğŸ¦¶ fÃ³tur, sparka, stappa, Ã¾ramma
ğŸ‘‚ eyru, lÃ­kami
ğŸ¦» aÃ°gengileiki, eyra meÃ° heyrnartÃ¦ki, heyrnarlaus, heyrnarskerÃ°ing
ğŸ‘ƒ andlit, lÃ­kami, nef
ğŸ§  gÃ¡fur, heili
ğŸ«€ hjartavÃ¶Ã°vi, hjartslÃ¡ttur, lÃ­ffÃ¦ri, miÃ°ja, pÃºls
ğŸ« anda, innÃ¶ndun, lÃ­ffÃ¦ri, lungu, Ã¶ndun, ÃºtÃ¶ndun
ğŸ¦· tannlÃ¦knir, tennur
ğŸ¦´ bein, beinagrind
ğŸ‘€ andlit, augu
ğŸ‘ auga, lÃ­kami
ğŸ‘… andlit, lÃ­kami, tunga
ğŸ‘„ andlit, lÃ­kami, munnur, varir
ğŸ‘¶ fÃ³lk, ungbarn
ğŸ§’ barn, kynhlutlaust, ungt
ğŸ‘¦ drengur, fÃ³lk, strÃ¡kur
ğŸ‘§ meyja, stelpa, stjÃ¶rnumerki, stÃºlka
ğŸ§‘ fullorÃ°inn, kynhlutlaust, manneskja
ğŸ‘± fÃ³lk, ljÃ³shÃ¦rÃ° manneskja, ljÃ³st hÃ¡r
ğŸ‘¨ fÃ³lk, karl, maÃ°ur
ğŸ§” maÃ°ur meÃ° skegg, skegg
ğŸ§”â€â™‚ karl, karl: skegg, skegg
ğŸ‘±â€â™‚ ljÃ³shÃ¦rÃ°ur, ljÃ³st hÃ¡r, maÃ°ur
ğŸ‘© fÃ³lk, kona
ğŸ§”â€â™€ kona, kona: skegg, skegg
ğŸ‘±â€â™€ kona, ljÃ³shÃ¦rÃ°, ljÃ³st hÃ¡r
ğŸ§“ eldri fullorÃ°inn, gamall, kynhlutlaust
ğŸ‘´ eldri maÃ°ur, fÃ³lk, gamall, maÃ°ur
ğŸ‘µ eldri kona, fÃ³lk, gÃ¶mul, kona
ğŸ™ fÃ½lusvipur, manneskja meÃ° ygglibrÃºn
ğŸ™â€â™‚ fÃ½la, karl, leiÃ°ur, maÃ°ur meÃ° skeifu, skeifa
ğŸ™â€â™€ fÃ½la, kona, kona meÃ° skeifu, leiÃ°, skeifa
ğŸ™ fÃ½lusvipur, manneskja Ã­ fÃ½lu
ğŸ™â€â™‚ fÃ½la, fÃ½lusvipur, karl, maÃ°ur Ã­ fÃ½lu, sÃºr
ğŸ™â€â™€ fÃ½la, fÃ½lusvipur, kona, kona Ã­ fÃ½lu, sÃºr
ğŸ™… bannaÃ°, ekki gott, hendur Ã­ kross
ğŸ™…â€â™‚ bannaÃ°, ekki, karl, maÃ°ur segir ekki Ã­ lagi, nei
ğŸ™…â€â™€ bannaÃ°, ekki, kona, kona segir ekki Ã­ lagi, nei
ğŸ™† allt Ã­ lagi, Ã­ lagi
ğŸ™†â€â™‚ Ã­ lagi, jÃ¡, karl, maÃ°ur segir allt Ã­ lagi, Ã³kei
ğŸ™†â€â™€ Ã­ lagi, jÃ¡, kona, kona segir allt Ã­ lagi, Ã³kei
ğŸ’ aÃ°stoÃ°, fÃ³lk, hjÃ¡lp, upplÃ½singaborÃ°, upplÃ½singar
ğŸ’â€â™‚ karl, lÃ©ttur, lÃ³fi, maÃ°ur rÃ©ttir Ãºt lÃ³fa
ğŸ’â€â™€ kona, kona rÃ©ttir Ãºt lÃ³fa, lÃ©tt, lÃ³fi
ğŸ™‹ gleÃ°i, Ã¶nnur hÃ¶nd, upprÃ©tt hÃ¶nd
ğŸ™‹â€â™‚ karl, maÃ°ur rÃ©ttir upp hÃ¶nd, rÃ©tta upp hÃ¶nd, upprÃ©tt hÃ¶nd
ğŸ™‹â€â™€ kona, kona rÃ©ttir upp hÃ¶nd, rÃ©tta upp hÃ¶nd, upprÃ©tt hÃ¶nd
ğŸ§ aÃ°gengi, eyra, heyra, heyrnarlaus
ğŸ§â€â™‚ heyrnarlaus, heyrnarlaus karl, maÃ°ur
ğŸ§â€â™€ heyrnarlaus, kona
ğŸ™‡ auÃ°mÃ½kt, fyrirgefÃ°u, hneiging, hneigja
ğŸ™‡â€â™‚ afsakiÃ°, auÃ°mÃ½kt, hneiging, karl, maÃ°ur hneigir sig
ğŸ™‡â€â™€ afsakiÃ°, auÃ°mÃ½kt, hneiging, kona, kona hneigir sig
ğŸ¤¦ andlit, hÃ¶nd, hÃ¶nd fyrir andlit, lÃ³fi
ğŸ¤¦â€â™‚ andlit, hÃ¶nd, karl, lÃ³fi, maÃ°ur meÃ° hÃ¶nd fyrir andlit
ğŸ¤¦â€â™€ andlit, hÃ¶nd, kona, kona meÃ° hÃ¶nd fyrir andlit, lÃ³fi
ğŸ¤· axlir, yppa, yppir Ã¶xlum
ğŸ¤·â€â™‚ karl, maÃ°ur yppir Ã¶xlum, Ã¶xlum, yppa
ğŸ¤·â€â™€ kona, kona yppir Ã¶xlum, Ã¶xlum, yppa
ğŸ§‘â€âš• heilbrigÃ°ismÃ¡l, heilbrigÃ°isstarfsmaÃ°ur, hjÃºkrunarfrÃ¦Ã°ingur, lÃ¦knir, sÃ©rfrÃ¦Ã°ingur
ğŸ‘¨â€âš• heilsa, hjÃºkrunarfrÃ¦Ã°ingur, karl, karlkyns heilbrigÃ°isstarfsmaÃ°ur, lÃ¦knir
ğŸ‘©â€âš• heilsa, hjÃºkrunarfrÃ¦Ã°ingur, kona, kvenkyns heilbrigÃ°isstarfsmaÃ°ur, lÃ¦knir
ğŸ§‘â€ğŸ“ nemi, Ãºtskrift
ğŸ‘¨â€ğŸ“ karl, karlkyns nÃ¡msmaÃ°ur, nÃ¡msmaÃ°ur, nemandi, Ãºtskrift
ğŸ‘©â€ğŸ“ kona, kvenkyns nÃ¡msmaÃ°ur, nÃ¡msmaÃ°ur, nemandi, Ãºtskrift
ğŸ§‘â€ğŸ« kennari, leiÃ°beinandi, prÃ³fessor
ğŸ‘¨â€ğŸ« karl, karlkyns kennari, kennari, leiÃ°beinandi, skÃ³li
ğŸ‘©â€ğŸ« kennari, kona, kvenkyns kennari, leiÃ°beinandi, skÃ³li
ğŸ§‘â€âš– dÃ³mari, vog
ğŸ‘¨â€âš– dÃ³mari, dÃ³mur, karl, karlkyns dÃ³mari, rÃ©ttur
ğŸ‘©â€âš– dÃ³mari, dÃ³mur, kona, kvenkyns dÃ³mari, rÃ©ttur
ğŸ§‘â€ğŸŒ¾ bÃ³ndi, garÃ°yrkjumaÃ°ur, stÃ³rbÃ³ndi
ğŸ‘¨â€ğŸŒ¾ bÃ³ndi, garÃ°yrkjumaÃ°ur, karl, karlkyns bÃ³ndi
ğŸ‘©â€ğŸŒ¾ bÃ³ndi, garÃ°yrkjumaÃ°ur, kona, kvenkyns bÃ³ndi
ğŸ§‘â€ğŸ³ kokkur, matreiÃ°slumaÃ°ur
ğŸ‘¨â€ğŸ³ elda, karl, karlkyns kokkur, kokkur, matreiÃ°sla
ğŸ‘©â€ğŸ³ elda, kokkur, kona, kvenkyns kokkur, matreiÃ°sla
ğŸ§‘â€ğŸ”§ iÃ°nverkamaÃ°ur, pÃ­pulagningarmaÃ°ur, rafvirki, vÃ©lvirki
ğŸ‘¨â€ğŸ”§ karl, karl meÃ° skiptilykil, verkfÃ¦ri, viÃ°gerÃ°, viÃ°hald
ğŸ‘©â€ğŸ”§ kona, kona meÃ° skiptilykil, verkfÃ¦ri, viÃ°gerÃ°, viÃ°hald
ğŸ§‘â€ğŸ­ fjÃ¶ldaframleiÃ°sla, iÃ°naÃ°ur, starfsmaÃ°ur, verksmiÃ°ja, verksmiÃ°justarfsmaÃ°ur
ğŸ‘¨â€ğŸ­ iÃ°naÃ°ur, karl, karlkyns verksmiÃ°justarfsmaÃ°ur, verkfÃ¦ri, verksmiÃ°ja
ğŸ‘©â€ğŸ­ iÃ°naÃ°ur, kona, kvenkyns verksmiÃ°justarfsmaÃ°ur, verkfÃ¦ri, verksmiÃ°ja
ğŸ§‘â€ğŸ’¼ arkÃ­tekt, hvÃ­tflibbi, skrifstofustarfsmaÃ°ur, viÃ°skipti, yfirmaÃ°ur
ğŸ‘¨â€ğŸ’¼ karl, karlkyns skrifstofustarfsmaÃ°ur, skrifstofa, stjÃ³rnandi, viÃ°skipti
ğŸ‘©â€ğŸ’¼ kona, kvenkyns skrifstofustarfsmaÃ°ur, skrifstofa, stjÃ³rnandi, viÃ°skipti
ğŸ§‘â€ğŸ”¬ eÃ°lisfrÃ¦Ã°ingur, efnafrÃ¦Ã°ingur, lÃ­ffrÃ¦Ã°ingur, verkfrÃ¦Ã°ingur, vÃ­sindafrÃ¦Ã°ingur, vÃ­sindamaÃ°ur
ğŸ‘¨â€ğŸ”¬ efnafrÃ¦Ã°i, karl, rannsÃ³knir, vÃ­sindamaÃ°ur
ğŸ‘©â€ğŸ”¬ efnafrÃ¦Ã°i, kona, rannsÃ³knir, vÃ­sindakona, vÃ­sindamaÃ°ur
ğŸ§‘â€ğŸ’» forritari, hÃ¶nnuÃ°ur, hugbÃºnaÃ°ur, tÃ¦knimaÃ°ur
ğŸ‘¨â€ğŸ’» forritari, hÃ¶nnuÃ°ur, hugbÃºnaÃ°ur, karl, karlkyns forritari
ğŸ‘©â€ğŸ’» forritari, hÃ¶nnuÃ°ur, hugbÃºnaÃ°ur, kona, kvenkyns forritari
ğŸ§‘â€ğŸ¤ skemmtikraftur, sÃ¶ngfugl, sÃ¶ngvari, stjarna, tÂ´Ã³nlist
ğŸ‘¨â€ğŸ¤ karl, skemmtikraftur, sÃ¶ngvari, tÃ³nlist
ğŸ‘©â€ğŸ¤ kona, skemmtikraftur, sÃ¶ngkona, tÃ³nlist
ğŸ§‘â€ğŸ¨ listamaÃ°ur, listmÃ¡lari, litaspjald
ğŸ‘¨â€ğŸ¨ karl, karlkyns listamaÃ°ur, listamaÃ°ur, litaspjald, mÃ¡lari
ğŸ‘©â€ğŸ¨ kona, listakona, listamaÃ°ur, litaspjald, mÃ¡lari
ğŸ§‘â€âœˆ flugstjÃ³ri, flugvÃ©l
ğŸ‘¨â€âœˆ flugmaÃ°ur, flugstjÃ³ri, flugvÃ©l, karl, karlkyns flugstjÃ³ri
ğŸ‘©â€âœˆ flugmaÃ°ur, flugstjÃ³ri, flugvÃ©l, kona, kvenkyns flugstjÃ³ri
ğŸ§‘â€ğŸš€ eldflaug, geimfari
ğŸ‘¨â€ğŸš€ eldflaug, geimfari, geimur, karl, karlkyns geimfari
ğŸ‘©â€ğŸš€ eldflaug, geimfari, geimur, kona, kvenkyns geimfari
ğŸ§‘â€ğŸš’ brunabÃ­ll, brunaliÃ°smaÃ°ur, slÃ¶kkviliÃ°smaÃ°ur
ğŸ‘¨â€ğŸš’ brunabÃ­ll, karl, slÃ¶kkviliÃ°, slÃ¶kkviliÃ°smaÃ°ur
ğŸ‘©â€ğŸš’ brunabÃ­ll, kona, slÃ¶kkviliÃ°, slÃ¶kkviliÃ°skona, slÃ¶kkviliÃ°smaÃ°ur
ğŸ‘® fÃ³lk, lÃ¶gregla, lÃ¶greglumaÃ°ur, lÃ¶gregluÃ¾jÃ³nn
ğŸ‘®â€â™‚ karl, karlkyns lÃ¶gregluÃ¾jÃ³nn, lÃ¶gga, lÃ¶gregla, lÃ¶gregluÃ¾jÃ³nn
ğŸ‘®â€â™€ kona, kvenkyns lÃ¶gregluÃ¾jÃ³nn, lÃ¶gga, lÃ¶gregla, lÃ¶gregluÃ¾jÃ³nn
ğŸ•µ leynilÃ¶greglumaÃ°ur, spÃ¦jari
ğŸ•µâ€â™‚ karl, karlkyns spÃ¦jari, leynilÃ¶greglumaÃ°ur, njÃ³snari, spÃ¦jari
ğŸ•µâ€â™€ kona, kvenkyns spÃ¦jari, leynilÃ¶greglumaÃ°ur, njÃ³snari, spÃ¦jari
ğŸ’‚ fÃ³lk, vakt, vÃ¶rÃ°ur
ğŸ’‚â€â™‚ karl, karlkyns vÃ¶rÃ°ur, vakt, vaktmaÃ°ur, vÃ¶rÃ°ur
ğŸ’‚â€â™€ kona, kvenkyns vÃ¶rÃ°ur, vakt, vaktmaÃ°ur, vÃ¶rÃ°ur
ğŸ¥· bardagamaÃ°ur, falinn, laumulegur, ninja
ğŸ‘· fÃ³lk, verkamaÃ°ur
ğŸ‘·â€â™‚ byggingar, karl, karlkyns byggingarstarfsmaÃ°ur, verkamaÃ°ur
ğŸ‘·â€â™€ byggingar, kona, kvenkyns byggingarstarfsmaÃ°ur, verkamaÃ°ur
ğŸ¤´ prins
ğŸ‘¸ Ã¦vintÃ½ri, fÃ³lk, prinsessa
ğŸ‘³ fÃ³lk, maÃ°ur meÃ° tÃºrban, tÃºrban
ğŸ‘³â€â™‚ karl meÃ° tÃºrban, maÃ°ur, tÃºrban
ğŸ‘³â€â™€ kona, kona meÃ° tÃºrban, tÃºrban
ğŸ‘² gua pi mao, hattur, maÃ°ur, maÃ°ur meÃ° kÃ­nverska hÃºfu, maÃ°ur meÃ° kÃ­nverskan hatt
ğŸ§• blÃ¦ja, hÃ¶fuÃ°klÃºtur, kona meÃ° hÃ¶fuÃ°klÃºt, slÃ¦Ã°a, slÃ¶r
ğŸ¤µ brÃºÃ°gumi, fÃ­nn, maÃ°ur, smÃ³king
ğŸ¤µâ€â™‚ karl, karl Ã­ smÃ³king, smÃ³king
ğŸ¤µâ€â™€ kona, kona Ã­ smÃ³king, smÃ³king
ğŸ‘° brÃºÃ°arslÃ¶r, brÃºÃ°kaup, brÃºÃ°ur, brÃºÃ°ur meÃ° slÃ¶r, fÃ³lk
ğŸ‘°â€â™‚ karl, karl meÃ° slÃ¶r, slÃ¶r
ğŸ‘°â€â™€ kona, kona meÃ° slÃ¶r, slÃ¶r
ğŸ¤° kona, Ã³frÃ­sk, Ã³lÃ©tt
ğŸ¤± barn, brjÃ³st, brjÃ³stagjÃ¶f
ğŸ‘©â€ğŸ¼ barn, brjÃ³stagjÃ¶f, gjÃ¶f, kona, kona aÃ° gefa barni
ğŸ‘¨â€ğŸ¼ barn, brjÃ³stagjÃ¶f, gjÃ¶f, karl, karl aÃ° gefa barni
ğŸ§‘â€ğŸ¼ barn, brjÃ³stagjÃ¶f, gjÃ¶f, manneskja, manneskja aÃ° gefa barni
ğŸ‘¼ Ã¦vintÃ½ri, andlit, barnsengill, engill
ğŸ… hÃ¡tÃ­Ã°, jÃ³l, jÃ³lasveinn
ğŸ¤¶ amma, jÃ³l, jÃ³lamamma, mamma
ğŸ§‘â€ğŸ„ frÃº sveinki, Sveinki, jÃ³l
ğŸ¦¸ gÃ³Ã°, hetja, kvenhetja, ofurhetja, ofurkraftur
ğŸ¦¸â€â™‚ gÃ³Ã°ur, hetja, maÃ°ur, ofurkraftur, ofurmaÃ°ur
ğŸ¦¸â€â™€ gÃ³Ã°, hetja, kona, kvenhetja, ofurkona, ofurkraftur
ğŸ¦¹ glÃ¦pamaÃ°ur, illmenni, illur, ofurkraftur, skÃºrkur
ğŸ¦¹â€â™‚ glÃ¦pamaÃ°ur, illmenni, illur, ofurkraftur, skÃºrkur
ğŸ¦¹â€â™€ glÃ¦pamaÃ°ur, ill, illkvendi, kona, ofurkraftur
ğŸ§™ galdramaÃ°ur, norn, seiÃ°karl, seiÃ°kona
ğŸ§™â€â™‚ galdrakarl, seiÃ°karl
ğŸ§™â€â™€ galdrakona, norn, seiÃ°kona
ğŸ§š Ã¡lfur, Bokki, Ã“beron, TÃ­tanÃ­a
ğŸ§šâ€â™‚ Ã¡lfakarl
ğŸ§šâ€â™€ Ã¡lfadÃ­s
ğŸ§› DrakÃºla, hinir Ã³dauÃ°legu, vampÃ­ra
ğŸ§›â€â™‚ DrakÃºla, hinir Ã³dauÃ°legu, karlkyns vampÃ­ra
ğŸ§›â€â™€ hinir Ã³dauÃ°legu, kvenkyns vampÃ­ra
ğŸ§œ hafmÃ¦r, hafmeyja, marbendill, sÃ¦bÃºi
ğŸ§œâ€â™‚ marbendill, TrÃ­ton
ğŸ§œâ€â™€ hafmÃ¦r, hafmeyja
ğŸ§ galdrar, huldumaÃ°ur, tÃ¶frandi, tÃ¶frar, yfirnÃ¡ttÃºrleiki
ğŸ§â€â™‚ huldukarl
ğŸ§â€â™€ huldukona
ğŸ§ andi, djinn
ğŸ§â€â™‚ djinn, karlkyns andi
ğŸ§â€â™€ djinn, kvenkyns andi
ğŸ§Ÿ hinir gangandi dauÃ°u, hinir Ã³dauÃ°legu, uppvakningur
ğŸ§Ÿâ€â™‚ hinir gangandi dauÃ°u, hinir Ã³dauÃ°legu, karlkyns uppvakningur
ğŸ§Ÿâ€â™€ hinir gangandi dauÃ°u, hinir Ã³dauÃ°legu, kvenkyns uppvakningur
ğŸ’† andlitsnudd, nudd, snyrtistofa
ğŸ’†â€â™‚ andlitsnudd, karl, maÃ°ur fÃ¦r andlitsnudd, nudd
ğŸ’†â€â™€ andlitsnudd, kona, kona fÃ¦r andlitsnudd, nudd
ğŸ’‡ fegurÃ°, hÃ¡rgreiÃ°slustofa, klipping, snyrtistofa
ğŸ’‡â€â™‚ hÃ¡r, hÃ¡rgreiÃ°sla, karl, klipping, maÃ°ur Ã­ klippingu
ğŸ’‡â€â™€ hÃ¡r, hÃ¡rgreiÃ°sla, klipping, kona, kona Ã­ klippingu
ğŸš¶ ganga, gÃ¶nguferÃ°, labba, vegfarandi
ğŸš¶â€â™‚ ganga, gangandi maÃ°ur, gÃ¶nguferÃ°, karl, labba
ğŸš¶â€â™€ ganga, gangandi kona, gÃ¶nguferÃ°, kona, labba
ğŸ§ standa, standandi manneskja, stendur
ğŸ§â€â™‚ maÃ°ur, standa, standandi maÃ°ur
ğŸ§â€â™€ kona, standandi
ğŸ§ krjÃºpa, krjÃºpandi, krjÃºpandi manneskja
ğŸ§â€â™‚ krjÃºpandi, maÃ°ur
ğŸ§â€â™€ kona, krjÃºpandi
ğŸ§‘â€ğŸ¦¯ aÃ°gengi, manneskja meÃ° blindrastaf, manneskja meÃ° hvÃ­tan staf, sjÃ³nlaus
ğŸ‘¨â€ğŸ¦¯ aÃ°gengi, blindur, maÃ°ur, maÃ°ur meÃ° blindrastaf
ğŸ‘©â€ğŸ¦¯ aÃ°gengi, blind, kona, kona meÃ° blindrastaf
ğŸ§‘â€ğŸ¦¼ aÃ°gengi, hjÃ³lastÃ³ll, manneskja Ã­ vÃ©lknÃºnum hjÃ³lastÃ³l
ğŸ‘¨â€ğŸ¦¼ aÃ°gengi, hjÃ³lastÃ³ll, maÃ°ur, maÃ°ur Ã­ vÃ©lknÃºnum hjÃ³lastÃ³l
ğŸ‘©â€ğŸ¦¼ aÃ°gengi, hjÃ³lastÃ³ll, kona, kona Ã­ vÃ©lknÃºnum hjÃ³lastÃ³l
ğŸ§‘â€ğŸ¦½ aÃ°gengi, hjÃ³lastÃ³ll, manneskja Ã­ hjÃ³lastÃ³l
ğŸ‘¨â€ğŸ¦½ aÃ°gengi, hjÃ³lastÃ³ll, maÃ°ur, maÃ°ur Ã­ hjÃ³lastÃ³l
ğŸ‘©â€ğŸ¦½ aÃ°gengi, hjÃ³lastÃ³ll, kona, kona Ã­ hjÃ³lastÃ³l
ğŸƒ hlaup, hlaupari, maraÃ¾on
ğŸƒâ€â™‚ hlaup, hlaupandi maÃ°ur, maraÃ¾on
ğŸƒâ€â™€ hlaup, hlaupandi kona, maraÃ¾on
ğŸ’ƒ dans, dansandi kona, fÃ³lk
ğŸ•º dansa, dansandi karl, dansari, diskÃ³
ğŸ•´ jakkafÃ¶t, maÃ°ur, svÃ­fandi bisnessmaÃ°ur Ã­ jakkafÃ¶tum, viÃ°skipti
ğŸ‘¯ fÃ³lk, kanÃ­nueyru, kona, stelpa
ğŸ‘¯â€â™‚ dans, karlar, menn meÃ° kanÃ­nueyru, partÃ­, skemmtun
ğŸ‘¯â€â™€ dans, konur, konur meÃ° kanÃ­nueyru, partÃ­, skemmtun
ğŸ§– eimbaÃ°, einstaklingur Ã­ gufubaÃ°i, gufubaÃ°
ğŸ§–â€â™‚ eimbaÃ°, gufubaÃ°, maÃ°ur Ã­ gufubaÃ°i
ğŸ§–â€â™€ eimbaÃ°, gufubaÃ°, kona Ã­ gufubaÃ°i
ğŸ§— maÃ°ur Ã­ klettaklifri
ğŸ§—â€â™‚ karl Ã­ klettaklifri, klettaklifur
ğŸ§—â€â™€ klettaklifur, kona Ã­ klettaklifri
ğŸ¤º bardagaÃ­Ã¾rÃ³tt, Ã­Ã¾rÃ³tt, skylmast, skylmingar
ğŸ‡ hestur, Ã­Ã¾rÃ³tt, knapi, veÃ°reiÃ°ahestur, veÃ°reiÃ°ar
â›· skÃ­Ã°amaÃ°ur, skÃ­Ã°i, snjÃ³r
ğŸ‚ Ã­Ã¾rÃ³ttir, snjÃ³brettamaÃ°ur, snjÃ³bretti
ğŸŒ golf, kylfingur
ğŸŒâ€â™‚ golf, karl, kylfingur, maÃ°ur Ã­ golfi
ğŸŒâ€â™€ golf, kona, kona Ã­ golfi, kylfingur
ğŸ„ brimbrettamaÃ°ur, brimbretti, Ã­Ã¾rÃ³ttir
ğŸ„â€â™‚ brimbrettamaÃ°ur, brimbretti, karl, maÃ°ur Ã¡ brimbretti
ğŸ„â€â™€ brimbrettamaÃ°ur, brimbretti, kona, kona Ã¡ brimbretti
ğŸš£ Ã¡rabÃ¡tur, bÃ¡tur
ğŸš£â€â™‚ Ã¡rabÃ¡tur, bÃ¡tur, karl, maÃ°ur Ã¡ Ã¡rabÃ¡t, rÃ³Ã°ur
ğŸš£â€â™€ Ã¡rabÃ¡tur, bÃ¡tur, kona, kona Ã¡ Ã¡rabÃ¡t, rÃ³Ã°ur
ğŸŠ Ã­Ã¾rÃ³tt, sund, sundmaÃ°ur, synda
ğŸŠâ€â™‚ karl, sund, sundmaÃ°ur
ğŸŠâ€â™€ kona, sund, sundkona
â›¹ bolti, manneskja meÃ° bolta
â›¹â€â™‚ bolti, karl, kÃ¶rfubolti, maÃ°ur meÃ° bolta
â›¹â€â™€ bolti, kona, kona meÃ° bolta, kÃ¶rfubolti
ğŸ‹ kraftlyftingamaÃ°ur, lyftingakappi, Ã¾yngd
ğŸ‹â€â™‚ karl, lÃ­kamsrÃ¦kt, lyftingar, maÃ°ur Ã­ kraftlyftingum
ğŸ‹â€â™€ kona, kona Ã­ kraftlyftingum, lÃ­kamsrÃ¦kt, lyftingar
ğŸš´ hjÃ³l, hjÃ³lreiÃ°ar
ğŸš´â€â™‚ hjÃ³l, hjÃ³lreiÃ°ar, karl, maÃ°ur Ã¡ hjÃ³li
ğŸš´â€â™€ hjÃ³l, hjÃ³lreiÃ°ar, kona, kona Ã¡ hjÃ³li
ğŸšµ fjall, fjallahjÃ³l, hjÃ³l, hjÃ³lreiÃ°ar
ğŸšµâ€â™‚ fjallahjÃ³l, hjÃ³lreiÃ°ar, karl, maÃ°ur Ã¡ fjallahjÃ³li
ğŸšµâ€â™€ fjallahjÃ³l, hjÃ³lreiÃ°ar, kona, kona Ã¡ fjallahjÃ³li
ğŸ¤¸ fimleikar, handalaup, hlaup, Ã­Ã¾rÃ³tt
ğŸ¤¸â€â™‚ fimleikar, handahlaup, karl, maÃ°ur Ã¡ handahlaupum
ğŸ¤¸â€â™€ fimleikar, handahlaup, kona, kona Ã¡ handahlaupum
ğŸ¤¼ glÃ­ma, Ã­Ã¾rÃ³tt
ğŸ¤¼â€â™‚ glÃ­ma, karlar, menn Ã­ glÃ­mu
ğŸ¤¼â€â™€ glÃ­ma, konur, konur Ã­ glÃ­mu
ğŸ¤½ manneskja Ã­ vatnapÃ³lÃ³, pÃ³lÃ³, vatn
ğŸ¤½â€â™‚ maÃ°ur, maÃ°ur Ã­ vatnapÃ³lÃ³, vatnapÃ³lÃ³
ğŸ¤½â€â™€ kona, kona Ã­ vatnapÃ³lÃ³, vatnapÃ³lÃ³
ğŸ¤¾ boltaÃ­Ã¾rÃ³tt, handbolti, handknattleikur, Ã­Ã¾rÃ³tt
ğŸ¤¾â€â™‚ handbolti, karl, maÃ°ur Ã­ handbolta
ğŸ¤¾â€â™€ handbolti, kona, kona Ã­ handbolta
ğŸ¤¹ boltakast, djÃ¶ggla, jÃ¶ggla, juggla
ğŸ¤¹â€â™‚ boltakast, boltar, jÃ¶ggla, juggla, maÃ°ur kastar boltum
ğŸ¤¹â€â™€ boltakast, boltar, jÃ¶ggla, juggla, kona kastar boltum
ğŸ§˜ maÃ°ur Ã­ lÃ³tuspÃ³su
ğŸ§˜â€â™‚ karl Ã­ lÃ³tuspÃ³su
ğŸ§˜â€â™€ kona Ã­ lÃ³tuspÂ´Ã³su
ğŸ›€ baÃ°, baÃ°kar
ğŸ›Œ hÃ³tel, manneskja Ã­ rÃºmi, sofa
ğŸ§‘â€ğŸ¤â€ğŸ§‘ fÃ³lk aÃ° leiÃ°ast, haldast Ã­ hendur, hÃ¶nd, leiÃ°a, leiÃ°ast, par
ğŸ‘­ hendur, konur, konur sem leiÃ°ast, leiÃ°ast, par
ğŸ‘« haldast, hendur, karl og kona sem leiÃ°ast, kona, leiÃ°ast, maÃ°ur, par
ğŸ‘¬ karl, karlar, karlar sem leiÃ°ast, leiÃ°ast, par, stjÃ¶rnumerki, tvÃ­burar
ğŸ’ fÃ³lk, koss, kyssast, rÃ³mantÃ­k
ğŸ’‘ fÃ³lk, hjarta, par, par meÃ° hjarta, rÃ³mantÃ­k
ğŸ‘ª barn, faÃ°ir, fjÃ¶lskylda, fÃ³lk, mÃ³Ã°ir
ğŸ—£ andlit, hÃ¶fuÃ°, skuggamynd, tala, talandi
ğŸ‘¤ brjÃ³stmynd, brjÃ³stmynd Ã­ skugga, fÃ³lk, framan Ã¡
ğŸ‘¥ brjÃ³stmynd, brjÃ³stmyndir Ã­ skugga, fÃ³lk, framan Ã¡
ğŸ«‚ faÃ°mlag, fÃ³lk aÃ° faÃ°mast, hallÃ³, kveÃ°ja, Ã¾akklÃ¦ti
ğŸ‘£ fÃ³tspor, fÃ³tur, lÃ­kami, spor
ğŸ¦° rauÃ°leitt hÃ¡r, rautt hÃ¡r
ğŸ¦± afrÃ³, krullaÃ° hÃ¡r, krullur, lokkar
ğŸ¦³ gamalt, grÃ¡tt hÃ¡r, hÃ¡r, hvÃ­tt
ğŸ¦² hÃ¡rleysi, hÃ¡rlos, lyfjameÃ°ferÃ°, rakaÃ° hÃ¶fuÃ°, skalli
ğŸµ apahÃ¶fuÃ°, api, dÃ½r, hÃ¶fuÃ°
ğŸ’ api
ğŸ¦ api, gÃ³rilla
ğŸ¦§ api, Ã³rangÃºtan
ğŸ¶ gÃ¦ludÃ½r, hÃ¶fuÃ°, hundshÃ¶fuÃ°, hundur
ğŸ• gÃ¦ludÃ½r, hundur
ğŸ¦® aÃ°gengi, leiÃ°sÃ¶gn, leiÃ°sÃ¶guhundur, sjÃ³nlaus
ğŸ•â€ğŸ¦º aÃ°gengi, aÃ°stoÃ°, hundur, Ã¾jÃ³nusta, Ã¾jÃ³nustuhundur
ğŸ© gÃ¦ludÃ½r, hundur, pÃºÃ°luhundur
ğŸº andlit, Ãºlfur
ğŸ¦Š andlit, refur
ğŸ¦ forvitinn, slÃ³ttugur, Ã¾vottabjÃ¶rn
ğŸ± gÃ¦ludÃ½r, hÃ¶fuÃ°, kattarhÃ¶fuÃ°, kÃ¶ttur
ğŸˆ gÃ¦ludÃ½r, kÃ¶ttur
ğŸˆâ€â¬› kÃ¶ttur, Ã³heppni, svartur
ğŸ¦ andlit, ljÃ³n, ljÃ³niÃ°, stjÃ¶rnumerki
ğŸ¯ hÃ¶fuÃ°, tÃ­grisdÃ½r, tÃ­grisdÃ½rshÃ¶fuÃ°
ğŸ… tÃ­grisdÃ½r
ğŸ† hlÃ©barÃ°i
ğŸ´ hestshÃ¶fuÃ°, hestur, hÃ¶fuÃ°
ğŸ hestur, veÃ°hlaupahestur
ğŸ¦„ andlit, einhyrningur
ğŸ¦“ rendur, rÃ¶nd, sebrahestur
ğŸ¦Œ Â´hjartardÃ½r, dÃ½r, hjÃ¶rtur, hreindÃ½r
ğŸ¦¬ buffali, EvrÃ³pusvÃ­sundur, hjÃ¶rÃ°, vÃ­sundur
ğŸ® hÃ¶fuÃ°, kÃ½r, kÃ½rhÃ¶fuÃ°
ğŸ‚ naut, stjÃ¶rnumerki, uxi
ğŸƒ buffalÃ³, vatn, vatnabuffalÃ³
ğŸ„ kÃº, kÃ½r
ğŸ· hÃ¶fuÃ°, svÃ­n, svÃ­nshÃ¶fuÃ°
ğŸ– grÃ­s, svÃ­n
ğŸ— svÃ­n, villisvÃ­n
ğŸ½ svÃ­n, svÃ­nstrÃ½ni, trÃ½ni
ğŸ hrÃºtur, kind, stjÃ¶rnumerki
ğŸ‘ Ã¦r, fÃ©, kind, sauÃ°fÃ©
ğŸ geit, stjÃ¶rnumerki
ğŸª drÃ³medari, kryppa, Ãºlfaldi
ğŸ« kameldÃ½r
ğŸ¦™ alpaka, lamadÃ½r, ull, villt lamadÃ½r, villt suÃ°ur-amerÃ­skt spendÃ½r
ğŸ¦’ blettir, doppur, gÃ­raffi
ğŸ˜ fÃ­ll
ğŸ¦£ loÃ°fÃ­ll, loÃ°inn, mammÃºtur, stÃ³r, tennur, ÃºtdauÃ°i
ğŸ¦ dÃ½r, nashyrningur
ğŸ¦› flÃ³Ã°hestur
ğŸ­ hÃ¶fuÃ°, mÃºs, mÃºsarhÃ¶fuÃ°
ğŸ mÃºs
ğŸ€ rotta
ğŸ¹ andlit, gÃ¦ludÃ½r, hamstur
ğŸ° hÃ¶fuÃ°, kanÃ­na, kanÃ­nuhÃ¶fuÃ°
ğŸ‡ kanÃ­na
ğŸ¿ Ã­korni, jarÃ°Ã­korni
ğŸ¦« bifur, bjÃ³r, stÃ­fla
ğŸ¦” broddar, broddgÃ¶ltur, broddÃ³ttur
ğŸ¦‡ dÃ½r, leÃ°urblaka, vampÃ­ra
ğŸ» andlit, bjÃ¶rn
ğŸ»â€â„ bjÃ¶rn, hvÂ´Ã­tur, Ã­sbjÃ¶rn, norÃ°urheimskaut
ğŸ¨ hÃ¶fuÃ°, kÃ³alabjÃ¶rn
ğŸ¼ andlit, panda
ğŸ¦¥ hÃ¦gur, latur, letidÃ½r
ğŸ¦¦ gamansamur, otur, veiÃ°i
ğŸ¦¨ Ã³Ã¾efur, skunkur
ğŸ¦˜ ÃstralÃ­a, hopp, kengÃºra, kengÃºruungi, pokadÃ½r, ungi
ğŸ¦¡ greifingi, hunangsgreifingi, rellÃ³ttur, Ã¾jakandi
ğŸ¾ fÃ³tspor, loppa, loppur
ğŸ¦ƒ fugl, kalkÃºnn
ğŸ” fugl, hÃ¦na, kjÃºklingur
ğŸ“ fugl, hani
ğŸ£ fuglsungi, hÃ¦nuungi Ã­ eggi, kjÃºklingur, ungi
ğŸ¤ fuglsungi, hÃ¦nuungi, kjÃºklingur, ungi
ğŸ¥ framhliÃ° hÃ¦nuunga, fuglsungi, kjÃºklingur, ungi
ğŸ¦ fugl
ğŸ§ fugl, mÃ¶rgÃ¦s
ğŸ•Š dÃºfa, friÃ°ur, fugl
ğŸ¦… fugl, Ã¶rn
ğŸ¦† fugl, Ã¶nd
ğŸ¦¢ Ã¡lft, Ã¡lftarungi, fugl, ljÃ³ti andarunginn, svanur
ğŸ¦‰ fugl, ugla
ğŸ¦¤ dÃºdÃºfugl, MÃ¡rÃ­tÃ­us, stÃ³r, ÃºtdauÃ°i
ğŸª¶ fjaÃ°raskraut, fjÃ¶Ã°ur, flug, fugl, lÃ©tt
ğŸ¦© flamingÃ³i, hitabeltis, litrÃ­kur
ğŸ¦š fugl, pÃ¡fugl, pÃ¡hÃ¦na, stoltur, sÃ½ndarmennska
ğŸ¦œ fugl, pÃ¡fagaukur, sjÃ³rÃ¦ningi, tal
ğŸ¸ andlit, froskur
ğŸŠ krÃ³kÃ³dÃ­ll, krÃ³kÃ³kÃ­ll
ğŸ¢ skjaldbaka
ğŸ¦ eÃ°la, skriÃ°dÃ½r
ğŸ naÃ°ra, naÃ°urvaldi, snÃ¡kur, stjÃ¶rnumerki
ğŸ² drekahÃ¶fuÃ°, dreki, hÃ¶fuÃ°
ğŸ‰ Ã¦vintÃ½ri, dreki
ğŸ¦• finngÃ¡lkn, graseÃ°la, Ã¾Ã³rseÃ°la, Ã¾Ã³rseÃ°lubrÃ³Ã°ir
ğŸ¦– GrameÃ°la
ğŸ³ blÃ¡sandi hvalur, hvalur
ğŸ‹ hvalur, keikÃ³
ğŸ¬ hÃ¶frungur
ğŸ¦­ sÃ¦ljÃ³n, selur
ğŸŸ fiskar, fiskur, stjÃ¶rnumerki
ğŸ  fiskur, hitabelti, hitabeltisfiskur
ğŸ¡ blÃ¶Ã°rufiskur, fiskur
ğŸ¦ˆ fiskur, hÃ¡karl, sjÃ¡vardÃ½r
ğŸ™ kolkrabbi
ğŸš kuÃ°ungur
ğŸŒ snigill
ğŸ¦‹ dÃ½r, fiÃ°rildi, skordÃ½r
ğŸ› margfÃ¦tla, skordÃ½r
ğŸœ maur, skordÃ½r
ğŸ bÃ½fluga, hunangsfluga
ğŸª² bjalla, bjÃ¶lludÃ½r, padda, skordÃ½r
ğŸ bjalla, marÃ­ubjalla, marÃ­uhÃ¦na, skordÃ½r
ğŸ¦— engispretta, krybba
ğŸª³ kakkalakki, plÃ¡ga, skordÃ½r
ğŸ•· kÃ¶ngulÃ³, skordÃ½r
ğŸ•¸ kÃ¶ngulÃ³, kÃ¶ngulÃ³arvefur, vefur
ğŸ¦‚ sporÃ°dreki, stjÃ¶rnumerki
ğŸ¦Ÿ hiti, malarÃ­a, moskÃ­tÃ³, skordÃ½r, veiki, veira
ğŸª° fluga, maÃ°kar, plÃ¡ga, rotnun, sjÃºkdÃ³mur
ğŸª± Ã¡namaÃ°kur, liÃ°ormur, ormur, snÃ­kjudÃ½r
ğŸ¦  amaba, bakterÃ­a, Ã¶rvera, veira, vÃ­rus
ğŸ’ blÃ³m, blÃ³mvÃ¶ndur, rÃ³mantÃ­k
ğŸŒ¸ blÃ³m, kirsuber, kirsuberjablÃ³m
ğŸ’® blÃ³m, hvÃ­tt blÃ³m, stimpill
ğŸµ blÃ³m, planta, rÃ³s, rÃ³sarmynstur
ğŸŒ¹ blÃ³m, rÃ³s
ğŸ¥€ blÃ³m, rÃ³s, sÃ¶lnaÃ° blÃ³m
ğŸŒº blÃ³m, HavaÃ­rÃ³s
ğŸŒ» blÃ³m, sÃ³l, sÃ³lblÃ³m
ğŸŒ¼ blÃ³m, planta
ğŸŒ· blÃ³m, tÃºlÃ­pani
ğŸŒ± grÃ¦Ã°lingur, planta
ğŸª´ gagnslaus, hÃºs, nÃ¦ra, planta, pottaplanta, vaxa
ğŸŒ² sÃ­grÃ¦nt, trÃ©
ğŸŒ³ lauftrÃ©, sumargrÃ¦nt trÃ©, trÃ©
ğŸŒ´ pÃ¡lmatrÃ©, pÃ¡lmi, trÃ©
ğŸŒµ kaktus, planta
ğŸŒ¾ ax, hrÃ­sgrjÃ³n, hrÃ­sgrjÃ³naax, hrÃ­sgrjÃ³naplanta
ğŸŒ¿ krydd, kryddjurt, lauf
â˜˜ mÃºsarsmÃ¡ri, planta, smÃ¡ri
ğŸ€ fjÃ¶gurra laufa smÃ¡ri, happamerki, smÃ¡ri
ğŸ hlynslauf, hlynur, lauf, laufblaÃ°
ğŸ‚ fallandi, fallandi laufblÃ¶Ã°, haust, lauf, laufblaÃ°
ğŸƒ lauf, lauf Ã­ vindi, laufblaÃ°, vindur
ğŸ‡ Ã¡vÃ¶xtur, vÃ­nber
ğŸˆ Ã¡vÃ¶xtur, melÃ³na
ğŸ‰ Ã¡vÃ¶xtur, melÃ³na, vatnsmelÃ³na
ğŸŠ appelsÃ­na, Ã¡vÃ¶xtur, mandarÃ­na
ğŸ‹ Ã¡vÃ¶xtur, sÃ­trÃ³na, sÃ­trusÃ¡vÃ¶xtur
ğŸŒ Ã¡vÃ¶xtur, banani
ğŸ ananas, Ã¡vÃ¶xtur
ğŸ¥­ Ã¡vÃ¶xtur, mangÃ³, suÃ°rÃ¦nn
ğŸ Ã¡vÃ¶xtur, epli, rautt
ğŸ Ã¡vÃ¶xtur, epli, grÃ¦nt
ğŸ Ã¡vÃ¶xtur, pera
ğŸ‘ Ã¡vÃ¶xtur, ferskja
ğŸ’ Ã¡vÃ¶xtur, kirsuber
ğŸ“ Ã¡vÃ¶xtur, jarÃ°arber
ğŸ« aÃ°alblÃ¡ber, ber, blÃ¡, blÃ¡ber
ğŸ¥ Ã¡vÃ¶xtur, kÃ­vÃ­, matur
ğŸ… grÃ¦nmeti, tÃ³matur
ğŸ«’ matur, Ã³lÃ­fa, Ã³lÃ­fur
ğŸ¥¥ kÃ³koshneta, pÃ¡lmatrÃ©, pina colada
ğŸ¥‘ avÃ³kadÃ³, grÃ¦nmeti, matur
ğŸ† eggaldin, grÃ¦nmeti
ğŸ¥” grÃ¦nmeti, kartafla, matur
ğŸ¥• grÃ¦nmeti, gulrÃ³t, matur
ğŸŒ½ maÃ­s
ğŸŒ¶ chilipipar, chilli, pipar, planta, sterkt
ğŸ«‘ grÃ¦nmeti, paprika
ğŸ¥’ grÃ¦nmeti, gÃºrka, matur
ğŸ¥¬ bok choi, grÃ¦nkÃ¡l, hvÃ­tkÃ¡l, kÃ¡l
ğŸ¥¦ brokkÃ³lÃ­, garÃ°akÃ¡l
ğŸ§„ bragÃ°bÃ¦tir, hvÃ­tlaukur
ğŸ§… bragÃ°efni, laukur
ğŸ„ sveppur
ğŸ¥œ grÃ¦nmeti, jarÃ°hneta, jarÃ°hnetur
ğŸŒ° hneta, kastanÃ­a
ğŸ brauÃ°, brauÃ°hleifur
ğŸ¥ brauÃ°, Croissant, franskt, horn
ğŸ¥– brauÃ°, fransbrauÃ°, franskt, matur
ğŸ«“ arepa, flakaka, flatbrauÃ°, flatkaka, flatkÃ¶kur, lavash, nan
ğŸ¥¨ saltkringla, snÃºin
ğŸ¥¯ bakarÃ­, beygla, smurostur
ğŸ¥ eftirrÃ©ttur, matur, pÃ¶nnukÃ¶kur
ğŸ§‡ jÃ¡rn, vaffla, vÃ¶fflujÃ¡rn
ğŸ§€ gÃ¶tÃ³ttur ostur, ostur
ğŸ– bein, kjÃ¶t, veitingastaÃ°ur
ğŸ— fuglakjÃ¶t, kjÃºklingaleggur, kjÃºklingur, leggur
ğŸ¥© kjÃ¶tsneiÃ°, kÃ³tiletta, lambakÃ³tiletta, steik, svÃ­nakÃ³tiletta
ğŸ¥“ beikon, kjÃ¶t, matur
ğŸ” borgari, hamborgari, veitingastaÃ°ur
ğŸŸ franskar, franskar kartÃ¶flur, veitingastaÃ°ur
ğŸ• ostur, pÃ­tsa, pÃ­tsusneiÃ°, sneiÃ°
ğŸŒ­ pulsa, pylsa, pylsa Ã­ brauÃ°i, vÃ­narpylsa
ğŸ¥ª brauÃ°, samloka
ğŸŒ® mexÃ­kÃ³skt, takÃ³
ğŸŒ¯ bÃºrrÃ­tÃ³, mexÃ­kÃ³skt
ğŸ«” mexÃ­kÃ³skt, mexÃ­kÃ³skur matur, tamale, vefja
ğŸ¥™ kebab, kebap, matur, rÃºlla
ğŸ§† falafel, kjÃ¶tbollur, kjÃºklingabaunir
ğŸ¥š egg, matur
ğŸ³ elda, steikarpanna, steiking, veitingastaÃ°ur
ğŸ¥˜ matur, panna, pÃ¶nnurÃ©ttur
ğŸ² kÃ¡ssa, pottrÃ©ttur
ğŸ«• brÃ¦tt, fondÃº, ostur, pottur, sÃºkkulaÃ°i, Sviss
ğŸ¥£ morgunkorn, morgunmatur, morgunverÃ°ur, skÃ¡l og skeiÃ°
ğŸ¥— grÃ¦nmeti, matur, salat
ğŸ¿ popp
ğŸ§ˆ mjÃ³lkurvara, smjÃ¶r
ğŸ§‚ krydd, salt, saltstaukur
ğŸ¥« dÃ³s, dÃ³samatur
ğŸ± bento-box, nesti, nestisbox
ğŸ˜ hrÃ­sgrjÃ³n, hrÃ­sgrjÃ³nakex, kex
ğŸ™ hrÃ­sgrjÃ³n, hrÃ­sgrjÃ³nabolla, onigiri
ğŸš hrÃ­sgrjÃ³n, soÃ°in
ğŸ› hrÃ­sgrjÃ³n, hrÃ­sgrjÃ³n og karrÃ­, karrÃ­, veitingastaÃ°ur
ğŸœ gufusoÃ°nar, nÃºÃ°lur, nÃºÃ°luskÃ¡l, skÃ¡l, veitingastaÃ°ur
ğŸ pasta, spagettÃ­, veitingastaÃ°ur
ğŸ  kartafla, sÃ¦t, steikt, steiktar sÃ¦tar kartÃ¶flur
ğŸ¢ oden, sjÃ¡varrÃ©ttir, sjÃ¡varrÃ©ttir Ã¡ teini, veitingastaÃ°ur
ğŸ£ sushi, veitingastaÃ°ur
ğŸ¤ djÃºpsteikt rÃ¦kja, rÃ¦kja, veitingastaÃ°ur
ğŸ¥ fiskkaka, fiskur, veitingastaÃ°ur
ğŸ¥® hÃ¡tÃ­Ã°, haust, tunglkaka
ğŸ¡ dango, mochi, soÃ°kÃ¶kur, soÃ°kÃ¶kur Ã¡ teini, veitingastaÃ°ur
ğŸ¥Ÿ dumpling, empanada, gyosa, pierogi, soÃ°kaka
ğŸ¥  opinberun, spÃ¡dÃ³mskaka, spÃ¡dÃ³mur, vitrun
ğŸ¥¡ kÃ­nverskur matur, taka-meÃ°, takeaway-box
ğŸ¦€ krabbi, stjÃ¶rnumerki
ğŸ¦ bisque, humar, klÃ¦r, matarmikil sÃºpa, sjÃ¡varfang
ğŸ¦ rÃ¦kja, sjÃ¡vardÃ½r, skelfiskur
ğŸ¦‘ sjÃ¡vardÃ½r, smokkfiskur
ğŸ¦ª kÃ¶fun, ostra, perla
ğŸ¦ Ã­s, Ã­s Ãºr vÃ©l, rjÃ³maÃ­s, veitingastaÃ°ur
ğŸ§ Ã­s, skafinn, skafÃ­s, veitingastaÃ°ur
ğŸ¨ Ã­s, kÃºluÃ­s, veitingastaÃ°ur
ğŸ© eftirrÃ©ttur, kleinuhringur, sÃ¦tindi
ğŸª smÃ¡kaka, sÃºkkulaÃ°ibitakaka, veitingastaÃ°ur
ğŸ‚ afmÃ¦li, afmÃ¦liskaka, kaka, veisla
ğŸ° kaka, kÃ¶kusneiÃ°, terta, veitingastaÃ°ur
ğŸ§ bakarÃ­, bollakaka, sÃ¦tindi
ğŸ¥§ baka, bÃ¶kudeig, fylling, sÃ¦tabrauÃ°
ğŸ« sÃºkkulaÃ°i, sÃºkkulaÃ°iplata, veitingastaÃ°ur
ğŸ¬ eftirrÃ©ttur, nammi, sÃ¦lgÃ¦ti
ğŸ­ nammi, sÃ¦lgÃ¦ti, sleikibrjÃ³stsykur, sleikjÃ³, veitingastaÃ°ur
ğŸ® bÃºÃ°ingur, veitingastaÃ°ur
ğŸ¯ hunang, hunangskrukka, veitingastaÃ°ur
ğŸ¼ drekka, mjÃ³lk, peli
ğŸ¥› drykkur, glas, mjÃ³lk, mjÃ³lkurglas
â˜• drykkur, heitt, heitur drykkur, kaffi, rjÃºkandi, te
ğŸ«– drykkur, kanna, te, tekanna
ğŸµ bolli, drykkur, te, tebolli
ğŸ¶ bar, bolli, drykkur, flaska, sake
ğŸ¾ bar, flaska, flaska meÃ° korktappa, korkur, skjÃ³ta
ğŸ· bar, drekka, drykkur, glas, vÃ­n
ğŸ¸ bar, hanastÃ©l, kokteilglas, kokteill, veitingastaÃ°ur
ğŸ¹ bar, drykkur, glas, suÃ°rÃ¦nn kokteill, veitingastaÃ°ur
ğŸº bar, bjÃ³r, bjÃ³rglas, glas, veitingastaÃ°ur
ğŸ» bar, bjÃ³r, bjÃ³rglÃ¶s, bjÃ³rkÃ¶nnur, drykkur, skÃ¡l
ğŸ¥‚ drykkur, glas, glÃ¶s, skÃ¡l
ğŸ¥ƒ Ã¡fengi, drykkur, glas, viskÃ­, viskÃ­glas
ğŸ¥¤ glas og rÃ¶r, gos, safi
ğŸ§‹ kÃºlur, kÃºlute, mjÃ³lk, perlur, te
ğŸ§ƒ ferna, safaferna
ğŸ§‰ drykkur, mate
ğŸ§Š Ã­sjaki, Ã­smoli, kuldi
ğŸ¥¢ matprjÃ³nar
ğŸ½ diskur, eldamennska, gaffall, gaffall og hnÃ­fur viÃ° disk, hnÃ­fur
ğŸ´ hnÃ­fapÃ¶r, hnÃ­fur og gaffall, veitingastaÃ°ur
ğŸ¥„ hnÃ­fapÃ¶r, skeiÃ°
ğŸ”ª eldhÃºshnÃ­fur, hnÃ­fur
ğŸº drykkur, eldamennska, krukka, leirkrukka, vatnsberi
ğŸŒ AfrÃ­ka, EvrÃ³pa, hnÃ¶ttur sem sÃ½nir EvrÃ³pu-AfrÃ­ku, jÃ¶rÃ°in
ğŸŒ AmerÃ­ka, hnÃ¶ttur sem sÃ½nir AmerÃ­ku, jÃ¶rÃ°in, N- og S-AmerÃ­ka
ğŸŒ AsÃ­a, ÃstralÃ­a, hnÃ¶ttur sem sÃ½nir AsÃ­u-ÃstralÃ­u, jÃ¶rÃ°in
ğŸŒ breiddargrÃ¡Ã°ur, hnÃ¶ttur sem sÃ½nir lengdarbauga, lengdargrÃ¡Ã°ur
ğŸ—º heimskort, heimur, kort
ğŸ—¾ Japan, kort, kort af Japan
ğŸ§­ Ã¡ttaviti, kompÃ¡s, leiÃ°arlÃ½sing, leiÃ°sÃ¶gn, segulmagn
ğŸ” fjall, kalt, snÃ¦viÃ¾akinn fjallstindur, snjÃ³r
â›° fjall
ğŸŒ‹ eldfjall, eldgos
ğŸ—» fjall, fuji, fuji-fjall
ğŸ• ferÃ°alag, tjald, tjaldstÃ¦Ã°i
ğŸ– sÃ³lhlÃ­f, strÃ¶nd, strÃ¶nd meÃ° sÃ³lhlÃ­f
ğŸœ eyÃ°imÃ¶rk
ğŸ eyÃ°ieyja, eyÃ°imÃ¶rk, eyja
ğŸ garÃ°ur, Ã¾jÃ³Ã°garÃ°ur
ğŸŸ leikvangur
ğŸ› bygging, klassÃ­sk, klassÃ­sk fornbygging, sÃ­gild
ğŸ— bygging, Ã­ byggingu, mannvirki Ã­ byggingu
ğŸ§± leir, mÃºrhÃºÃ°, mÃºrsteinar, mÃºrsteinn, vegglÃ­m, veggur
ğŸª¨ gegnheill, grjÃ³t, hnullungur, steinn, Ã¾ungur
ğŸªµ timbur, trÃ©, trjÃ¡bolur, viÃ°ur
ğŸ›– fÃ¦ranlegt hÃºs, hÃºs, kofi, kringlÃ³tt hÃºs
ğŸ˜ bygging, hÃºs, hÃºsaÃ¾yrping
ğŸš bygging, hÃºs, niÃ°urnÃ­tt
ğŸ  bygging, heimili, hÃºs
ğŸ¡ garÃ°ur, heimili, hÃºs, hÃºs meÃ° garÃ°i
ğŸ¢ bygging, hÃºs, skrifstofuhÃºsnÃ¦Ã°i, skrifstofur
ğŸ£ japan, japanskt pÃ³sthÃºs, pÃ³sthÃºs
ğŸ¤ evrÃ³pskt, pÃ³sthÃºs, pÃ³stur
ğŸ¥ bygging, lÃ¦kningar, lÃ¦knir, sjÃºkrahÃºs
ğŸ¦ banki, bygging
ğŸ¨ bygging, hÃ³tel
ğŸ© Ã¡starhÃ³tel, bygging, hÃ³tel
ğŸª bÃºÃ°, bygging, matvÃ¶rubÃºÃ°, verslun
ğŸ« bygging, skÃ³lahÃºs, skÃ³li
ğŸ¬ stÃ³rmarkaÃ°ur, verslun
ğŸ­ bygging, verksmiÃ°ja
ğŸ¯ bygging, japanskur kastali, kastali
ğŸ° bygging, evrÃ³pskur kastali, kastali
ğŸ’’ brÃºÃ°kaup, kirkja, kirkjubrÃºÃ°kaup, rÃ³mantÃ­k
ğŸ—¼ tokyo, tokyo-turninn, turn
ğŸ—½ frelsisstyttan, stytta
â›ª bygging, kirkja, kross, trÃº
ğŸ•Œ Ã­slam, moska, mÃºslimi, trÃºarbrÃ¶gÃ°
ğŸ›• hindÃº, hindÃºahof, hof
ğŸ• gyÃ°ingatrÃº, gyÃ°ingur, samkunduhÃºs, sÃ½nagÃ³ga, trÃºarbrÃ¶gÃ°
â›© hof, sjintÃ³, sjintÃ³-hof, trÃºarbrÃ¶gÃ°
ğŸ•‹ Ã­slam, kaaba-byggingin, mÃºslimi, trÃºarbrÃ¶gÃ°
â›² brunnur, gosbrunnur
â›º tjald, tjaldstÃ¦Ã°i, Ãºtilega
ğŸŒ veÃ°ur, Ã¾oka, Ã¾okukennt
ğŸŒƒ nÃ¦turhiminn, nÃ³tt, stjÃ¶rnuhiminn, stjÃ¶rnur
ğŸ™ borg, borgarlandslag, byggingar
ğŸŒ„ fjall, morgunsÃ³l, sÃ³l kemur upp, sÃ³larupprÃ¡s yfir fjÃ¶llum
ğŸŒ… morgunn, sÃ³l, sÃ³larupprÃ¡s
ğŸŒ† borg, borg Ã­ rÃ¶kkurrÃ³, borg um kvÃ¶ld, borgarlandslag, kvÃ¶ld, sÃ³larlag
ğŸŒ‡ hÃºs, rÃ¶kkur, sÃ³larlag, sÃ³larlag yfir hÃºsum
ğŸŒ‰ brÃº, brÃº um nÃ³tt, nÃ³tt
â™¨ gufa, heitt, hverir, laugar
ğŸ  hestur, hringekja, hringekjuhestur, skemmtun
ğŸ¡ parÃ­sarhjÃ³l, skemmtigarÃ°ur, skemmtun
ğŸ¢ rÃºssÃ­bani, skemmtigarÃ°ur, skemmtun
ğŸ’ˆ rakarastofa, rakari
ğŸª sirkus, sirkustjald, skemmtun, tjald
ğŸš‚ eimreiÃ°, gufulest, lest
ğŸšƒ jÃ¡rnbrautarlest, lestarvagn, rafmagnslest
ğŸš„ hraÃ°lest, lest
ğŸš… hÃ¡hraÃ°alest, hraÃ°lest, lest
ğŸš† jÃ¡rnbraut, lest
ğŸš‡ farartÃ¦ki, neÃ°anjarÃ°arlest
ğŸšˆ lest, lÃ©tt, lÃ©ttlest
ğŸš‰ lest, lestarstÃ¶Ã°, stÃ¶Ã°
ğŸšŠ farartÃ¦ki, sporvagn, vagn
ğŸš einteinungur, lest
ğŸš fjall, fjallaklÃ¡fur, fjallalest, klÃ¡fur, lest
ğŸš‹ farartÃ¦ki, sporvagn, vagn
ğŸšŒ rÃºta, strÃ¦tisvagn, strÃ¦tÃ³
ğŸš strÃ¦tÃ³, strÃ¦tÃ³ Ã¡ mÃ³ti, strÃ¦tÃ³ nÃ¡lgast
ğŸš rafknÃºinn strÃ¦tisvagn, rafmagnsstrÃ¦tÃ³, strÃ¦tÃ³, trissustrÃ¦tÃ³
ğŸš rÃºta, smÃ¡rÃºta
ğŸš‘ sjÃºkrabifreiÃ°, sjÃºkrabÃ­ll
ğŸš’ brunabÃ­ll, slÃ¶kkvibÃ­ll, slÃ¶kkviliÃ°, slÃ¶kkviliÃ°sbÃ­ll
ğŸš“ lÃ¶gregla, lÃ¶greglubifreiÃ°, lÃ¶greglubÃ­ll
ğŸš” lÃ¶gregla, lÃ¶greglubifreiÃ°, lÃ¶greglubÃ­ll, lÃ¶greglubÃ­ll Ã¡ mÃ³ti
ğŸš• leigubifreiÃ°, leigubÃ­ll
ğŸš– leigubÃ­ll, leigubÃ­ll Ã¡ mÃ³ti, leigubÃ­ll nÃ¡lgast
ğŸš— bifreiÃ°, bÃ­ll
ğŸš˜ bÃ­ll, bÃ­ll Ã¡ mÃ³ti, bÃ­ll nÃ¡lgast
ğŸš™ dÃ¦grastytting, farartÃ¦ki, jeppi
ğŸ›» pallbÃ­ll, pallur, trukkur
ğŸšš flutningabifreiÃ°, flutningabÃ­ll, sendibÃ­ll
ğŸš› flutningabÃ­ll, trukkur, vÃ¶rubifreiÃ°, vÃ¶rubÃ­ll
ğŸšœ drÃ¡ttarvÃ©l, traktor
ğŸ bÃ­ll, kappakstur, kappakstursbÃ­ll
ğŸ kappakstur, mÃ³torhjÃ³l
ğŸ›µ farartÃ¦ki, hjÃ³l, mÃ³torhjÃ³l, skellinaÃ°ra, vespa
ğŸ¦½ aÃ°gengi, hjÃ³lastÃ³ll
ğŸ¦¼ aÃ°gengi, vÃ©lknÃºinn hjÂ´Ã³lastÃ³ll
ğŸ›º tÃºk-tÃºk, vÃ©lknÃºinn lÃ©ttvagn
ğŸš² hjÃ³l, hjÃ³lreiÃ°ar, reiÃ°hjÃ³l
ğŸ›´ hjÃ³l, hlaupa, hlaupahjÃ³l
ğŸ›¹ bretti, hjÃ³labretti
ğŸ›¼ hjÃ³l, hjÃ³laskautar, skauti
ğŸš langferÃ°abÃ­ll, rÃºta, strÃ¦tisvagn, strÃ¦tÃ³
ğŸ›£ hraÃ°braut, vegur
ğŸ›¤ brautarteinar, jÃ¡rnbrautarteinar, lest
ğŸ›¢ olÃ­a, olÃ­utunna, tunna
â›½ bensÃ­n, bensÃ­ndÃ¦la, bensÃ­nstÃ¶Ã°, dÃ­sil
ğŸš¨ lÃ¶gregla, lÃ¶gregluljÃ³s, sÃ­rena
ğŸš¥ lÃ¡rÃ©tt umferÃ°arljÃ³s, ljÃ³s, umferÃ°
ğŸš¦ ljÃ³s, lÃ³Ã°rÃ©tt umferÃ°arljÃ³s, umferÃ°
ğŸ›‘ Ã¡tthyrningur, merki, stÃ¶Ã°vunarskylda, stopp
ğŸš§ framkvÃ¦mdir, vegavinna
âš“ akkeri, skip, tÃ³l
â›µ bÃ¡tur, seglskÃºta, skÃºta, smÃ¡bÃ¡tahÃ¶fn
ğŸ›¶ bÃ¡tur, farartÃ¦ki, kanÃ³
ğŸš¤ bÃ¡tur, hraÃ°bÃ¡tur, spÃ­ttbÃ¡tur
ğŸ›³ farartÃ¦ki, farÃ¾egaskip, farÃ¾egi, skip
â›´ bÃ¡tur, ferja
ğŸ›¥ bÃ¡tur, farartÃ¦ki, mÃ³torbÃ¡tur
ğŸš¢ bÃ¡tur, skip
âœˆ farartÃ¦ki, flugvÃ©l
ğŸ›© farartÃ¦ki, flugvÃ©l, lÃ­til flugvÃ©l
ğŸ›« brottfarir, brottfÃ¶r, flugvÃ©l, flugvÃ©l Ã­ flugtaki, innritun
ğŸ›¬ flugvÃ©l, flugvÃ©l Ã­ lendingu, komur, lendir
ğŸª‚ fallhlÃ­f, fallhlÃ­farsigling, fallhlÃ­farstÃ¶kk, svifdrekaflug
ğŸ’º sÃ¦ti, stÃ³ll
ğŸš Ã¾yrla
ğŸšŸ lest, loftlest
ğŸš  fjall, fjallaklÃ¡fur, klÃ¡fferja Ã­ fjalli, klÃ¡fur
ğŸš¡ klÃ¡fferja Ã¡ lÃ­nu, klÃ¡fur, loftferja
ğŸ›° farartÃ¦ki, geimur, gervihnÃ¶ttur
ğŸš€ eldflaug, farartÃ¦ki, geimur
ğŸ›¸ fljÂ´Ãºgandi furÃ°uhlutur, fljÃºgandi diskur
ğŸ› bjalla, hÃ³tel, hÃ³telbjalla
ğŸ§³ farangur, ferÃ°alag, pakka niÃ°ur, taska
âŒ› niÃ°urtalning, sandur, stundaglas
â³ niÃ°urtalning, sandur, stundaglas, stundaglas meÃ° rennandi sandi
âŒš klukka, Ãºr
â° klukka, vekjaraklukka, vekjari
â± klukka, skeiÃ°klukka
â² klukka, tÃ­mamÃ¦lir
ğŸ•° klukka, stÃ¡ssklukka
ğŸ•› 12:00, klukka, klukkan tÃ³lf, tÃ³lf
ğŸ•§ 12:30, hÃ¡lfeitt, klukka, tÃ³lf Ã¾rjÃ¡tÃ­u
ğŸ• 1:00, eitt, klukka, klukkan eitt
ğŸ•œ 1:30, eitt Ã¾rjÃ¡tÃ­u, hÃ¡lftvÃ¶, klukka
ğŸ•‘ 2:00, klukka, klukkan tvÃ¶, tvÃ¶
ğŸ• 2:30, hÃ¡lfÃ¾rjÃº, klukka, tvÃ¶ Ã¾rjÃ¡tÃ­u
ğŸ•’ 3:00, klukka, klukkan Ã¾rjÃº, Ã¾rjÃº
ğŸ• 3:30, hÃ¡lffjÃ¶gur, klukka, Ã¾rjÃº Ã¾rjÃ¡tÃ­u
ğŸ•“ 4:00, fjÃ¶gur, klukka, klukkan fjÃ¶gur
ğŸ•Ÿ 4:30, fjÃ¶gur Ã¾rjÃ¡tÃ­u, hÃ¡lffimm, klukka
ğŸ•” 5:00, fimm, klukka, klukkan fimm
ğŸ•  5:30, fimm Ã¾rjÃ¡tÃ­u, hÃ¡lfsex, klukka
ğŸ•• 6:00, klukka, klukkan sex, sex
ğŸ•¡ 6:30, hÃ¡lfsjÃ¶, klukka, sex Ã¾rjÃ¡tÃ­u
ğŸ•– 7:00, klukka, klukkan sjÃ¶, sjÃ¶
ğŸ•¢ 7:30, hÃ¡lfÃ¡tta, klukka, sjÃ¶ Ã¾rjÃ¡tÃ­u
ğŸ•— 8:00, Ã¡tta, klukka, klukkan Ã¡tta
ğŸ•£ 8:30, Ã¡tta Ã¾rjÃ¡tÃ­u, hÃ¡lfnÃ­u, klukka
ğŸ•˜ 9:00, klukka, klukkan nÃ­u, nÃ­u
ğŸ•¤ 9:30, hÃ¡lftÃ­u, klukka, nÃ­u Ã¾rjÃ¡tÃ­u
ğŸ•™ 10:00, klukka, klukkan tÃ­u, tÃ­u
ğŸ•¥ 10:30, hÃ¡lfellefu, klukka, tÃ­u Ã¾rjÃ¡tÃ­u
ğŸ•š 11:00, ellefu, klukka, klukkan ellefu
ğŸ•¦ 11:30, ellefu Ã¾rjÃ¡tÃ­u, hÃ¡lftÃ³lf, klukka
ğŸŒ‘ dÃ¶kkt, mÃ¡ni, nÃ½r mÃ¡ni, nÃ½tt, tungl
ğŸŒ’ mÃ¡nasigÃ°, mÃ¡ni, tungl, vaxandi, vaxandi tungl (minna en hÃ¡lft)
ğŸŒ“ fyrsta kvartil tungls, mÃ¡ni, tungl, vaxandi hÃ¡lfmÃ¡ni
ğŸŒ” Ã¡valt tungl, mÃ¡ni, tungl, vaxandi, vaxandi tungl (meira en hÃ¡lft)
ğŸŒ• fullt, mÃ¡ni, tungl
ğŸŒ– Ã¡valt tungl, mÃ¡ni, minnkandi, minnkandi tungl (meira en hÃ¡lft), tungl
ğŸŒ— hÃ¡lfmÃ¡ni, kvartil, mÃ¡ni, sÃ­Ã°asta kvartil, tungl
ğŸŒ˜ hÃ¡lfmÃ¡ni, mÃ¡ni, minnkandi, minnkandi tungl (minna en hÃ¡lft), tungl
ğŸŒ™ hÃ¡lfmÃ¡ni, mÃ¡ni, tungl
ğŸŒš andlit, karlinn Ã­ tunglinu, mÃ¡ni, nÃ½tt tungl, nÃ½tt tungl meÃ° andliti, tungl
ğŸŒ› andlit, fyrsta kvartil tungls, fyrsta kvartil tungls meÃ° andliti, mÃ¡ni, tungl, tunglsigÃ°
ğŸŒœ andlit, mÃ¡ni, sÃ­Ã°asta kvartil tungls, sÃ­Ã°asta kvartil tungls meÃ° andliti, tungl, tunglsigÃ°
ğŸŒ¡ hitamÃ¦lir, veÃ°ur
â˜€ bjart, geislar, sÃ³l, sÃ³largeislar, sÃ³lskin
ğŸŒ andlit, bjart, fullt tungl, fullt tungl meÃ° andliti, mÃ¡ni, tungl
ğŸŒ andlit, sÃ³l, sÃ³l meÃ° andliti
ğŸª fÃ¡lÃ¡tur, plÃ¡neta meÃ° hringi, satÃºrnus
â­ hvÃ­t stjarna, stjarna
ğŸŒŸ skÃ­nandi, stjarna
ğŸŒ  Ã³skastjarna, stjarna, stjÃ¶rnuhrap
ğŸŒŒ geimurinn, vetrarbrautin
â˜ skÃ½, skÃ½jaÃ°, svart skÃ½
â›… skÃ½, sÃ³l, sÃ³l bakviÃ° skÃ½, sÃ³l og skÃ½
â›ˆ regn, skÃ½, skÃ½ meÃ° eldingu og regni, veÃ°ur, Ã¾ruma
ğŸŒ¤ skÃ½, sÃ³l, sÃ³l Ã¡ bak viÃ° skÃ½, veÃ°ur
ğŸŒ¥ skÃ½, sÃ³l, sÃ³l Ã¡ bak viÃ° stÃ³rt skÃ½, veÃ°ur
ğŸŒ¦ regn, skÃ½, sÃ³l, sÃ³l Ã¡ bak viÃ° regnskÃ½, veÃ°ur
ğŸŒ§ regn, regnskÃ½, skÃ½, veÃ°ur
ğŸŒ¨ kalt, skÃ½, snjÃ³r, snjÃ³skÃ½, veÃ°ur
ğŸŒ© elding, eldingarskÃ½, skÃ½, veÃ°ur
ğŸŒª hvirfilbylur, skÃ½, skÃ½strÃ³kur, veÃ°ur
ğŸŒ« skÃ½, veÃ°ur, Ã¾oka
ğŸŒ¬ andlit, blÃ¦s, skÃ½, veÃ°urandlit, vindur
ğŸŒ€ fellibylur, hvirfilbylur, hvirfilvindur, snÃ½st, stormsveipur
ğŸŒˆ regn, regnbogi, veÃ°ur
ğŸŒ‚ klÃ¦Ã°naÃ°ur, lokuÃ° regnhlÃ­f, regnhlÃ­f, rigning, samanlÃ¶gÃ° regnhlÃ­f, veÃ°ur
â˜‚ klÃ¦Ã°naÃ°ur, regn, regnhlÃ­f, veÃ°ur
â˜” dropi, klÃ¦Ã°naÃ°ur, regn, regnhlÃ­f, regnhlÃ­f meÃ° regndropum
â›± regn, regnhlÃ­f, regnhlÃ­f Ã¡ jÃ¶rÃ°inni, sÃ³l, veÃ°ur
âš¡ hÃ¡spenna, lÃ­fshÃ¦tta, rafmagn, spenna
â„ kalt, snjÃ³korn, snjÃ³r, veÃ°ur
â˜ƒ kalt, snjÃ³karl Ã­ snjÃ³komu, snjÃ³r, veÃ°ur
â›„ snjÃ³kall, snjÃ³karl, snjÃ³r
â˜„ geimur, halastjarna
ğŸ”¥ eldur, logi
ğŸ’§ dropi, skrÃ­pÃ³, smÃ¡dropi, sviti
ğŸŒŠ alda, bylgja
ğŸƒ hÃ¡tÃ­Ã°, hrekkjavaka, hrekkjavÃ¶kugrasker
ğŸ„ hÃ¡tÃ­Ã°, jÃ³l, jÃ³latrÃ©, trÃ©
ğŸ† Ã¡ramÃ³t, flugeldar, hÃ¡tÃ­Ã°
ğŸ‡ Ã¡ramÃ³t, blys, hÃ¡tÃ­Ã°, stjÃ¶rnuljÃ³s
ğŸ§¨ dÃ­namÃ­t, flugeldar, pÃºÃ°urkerling, sprengiefni
âœ¨ glit, neistar, stjÃ¶rnur
ğŸˆ blaÃ°ra, veisla
ğŸ‰ hÃ¡tÃ­Ã°, knall, veisla
ğŸŠ confetti, pappÃ­rssnifsi, veisla, veisluskraut
ğŸ‹ borÃ°i, fagnaÃ°ur, japanskt, tanabata-trÃ©, Tanabata-trÃ©, trÃ©
ğŸ Ã¡ramÃ³t, blÃ³maskreyting meÃ° furu, fura, hÃ¡tÃ­Ã°, japanskt
ğŸ brÃºÃ°uhÃ¡tÃ­Ã°, hÃ¡tÃ­Ã°, japanskar brÃºÃ°ur, japanskt
ğŸ fiskveifur, hÃ¡tÃ­Ã°, veifur
ğŸ Ã³rÃ³i, vindharpa
ğŸ‘ hÃ¡tÃ­Ã°, tungl, tunglskoÃ°un, tunglskoÃ°unarhÃ¡tÃ­Ã°
ğŸ§§ gjÃ¶f, lai see, lukka, peningar, rautt umslag
ğŸ€ borÃ°i, slaufa, veisla
ğŸ gjÃ¶f, innpÃ¶kkuÃ° gjÃ¶f, veisla
ğŸ— borÃ°i, fagnaÃ°ur, minnisvarÃ°aborÃ°i, minnisvarÃ°i
ğŸŸ aÃ°gangseyrir, aÃ°gÃ¶ngumiÃ°ar, miÃ°i
ğŸ« aÃ°gÃ¶ngumiÃ°i, miÃ°i, skemmtun
ğŸ– fagnaÃ°ur, her, hermedalÃ­a, medalÃ­a
ğŸ† bikar, verÃ°laun, verÃ°launabikar
ğŸ… Ã­Ã¾rÃ³ttamedalÃ­a, medalÃ­a
ğŸ¥‡ fyrsta, gull, gullverÃ°laun, sÃ¦ti, verÃ°laun
ğŸ¥ˆ annaÃ° sÃ¦ti, silfur, silfurverÃ°laun, verÃ°laun
ğŸ¥‰ brons, bronsverÃ°laun, sÃ¦ti, verÃ°laun, Ã¾riÃ°ja
âš½ bolti, fÃ³tbolti
âš¾ bolti, hafnabolti
ğŸ¥ bolti, hanski, mjÃºkbolti, undirhandarkast
ğŸ€ bolti, Ã­Ã¾rÃ³ttir, karfa, kÃ¶rfubolti
ğŸ blak, bolti, leikur
ğŸˆ amerÃ­skur fÃ³tbolti, bolti, Ã­Ã¾rÃ³tt, ruÃ°ningur
ğŸ‰ bolti, Ã­Ã¾rÃ³tt, rÃºgbÃ­bolti
ğŸ¾ bolti, Ã­Ã¾rÃ³ttir, tennis, tennisbolti, tennisspaÃ°i og bolti
ğŸ¥ frisbÃ­, frisbÃ­diskur, ultimate
ğŸ³ keila, keilukÃºla, keilur, leikur
ğŸ bolti, krikket, kylfa, leikur
ğŸ‘ bolti, grashokkÃ­, hokkÃ­, kylfa, leikur, vÃ¶llur
ğŸ’ Ã­s, Ã­shokkÃ­, kylfa, leikur, pÃ¶kkur
ğŸ¥ bolti, hÃ¡fleikur, kylfa, mark
ğŸ“ bolti, borÃ°tennis, leikur, spaÃ°i
ğŸ¸ badminton, badmintonbolti, fjaÃ°rabolti, leikur, spaÃ°i
ğŸ¥Š box, boxhanski, hanski, Ã­Ã¾rÃ³tt
ğŸ¥‹ bardagabÃºningur, bardagaÃ­Ã¾rÃ³tt, bardagi, Ã­Ã¾rÃ³tt, jÃºdÃ³
ğŸ¥… fÃ³tbolti, Ã­Ã¾rÃ³tt, mark, net
â›³ flagg Ã­ holu, golf, golfhola, hola
â›¸ Ã­s, skauti, svell
ğŸ£ fiskur, stangveiÃ°i, veiÃ°istÃ¶ng
ğŸ¤¿ dÃ½fingar, kafa, kÃ¶funargrÃ­ma, snorkla
ğŸ½ bolur, borÃ°i, hlaup, hlaupabolur, Ã­Ã¾rÃ³ttir
ğŸ¿ Ã­Ã¾rÃ³ttir, skÃ­Ã°askÃ³r, skÃ­Ã°i, skÃ­Ã°i og skÃ­Ã°askÃ³r
ğŸ›· sleÃ°i, SleÃ°i
ğŸ¥Œ krulla, krullusteinn, leikur, steinn
ğŸ¯ beint Ã­ mark, leikur, skotfimi, skotmark
ğŸª€ jÃ³jÃ³, leikfang
ğŸª fljÃºga, flugdreki, svÃ­fa
ğŸ± biljarÃ°ur, billjard, leikur, pool
ğŸ”® kristall, kristalskÃºla, kÃºla, spÃ¡, spÃ¡dÃ³mur
ğŸª„ galdrakarl, galdrar, galdur, norn, tÃ¶frasproti
ğŸ§¿ heillagripur, illt auga, nazar, perla, verndargripur
ğŸ® leikjatÃ¶lva, leikur, stÃ½ripinni, tÃ¶lvuleikur
ğŸ•¹ leikur, stÃ½ripinni, tÃ¶lvuleikur
ğŸ° leikur, spilakassi
ğŸ² leikur, spilateningur, teningur
ğŸ§© krÃ¦kja saman, pÃºsl, pÃºsluspil, vÃ­sbending
ğŸ§¸ bangsi, dÃ³t, leikfang, tuskudÃ½r
ğŸª… fÃ¶gnuÃ°ur, piÃ±ata, slÃ¡ kÃ¶ttinn Ãºr tunnunni
ğŸª† babÃºskur, dÃºkkur, RÃºssland
â™  leikur, spaÃ°i, spil, spilalitur
â™¥ hjarta, leikur, spil, spilalitur
â™¦ leikur, spil, spilalitur, tigull, tÃ­gull
â™£ lauf, leikur, spil, spilalitur
â™Ÿ fÃ³rn, peÃ°, skÃ¡k, tafl, taflpeÃ°
ğŸƒ jÃ³ker, jÃ³kerspil, spil
ğŸ€„ dreki, mahjong, Mahjong-tafla, rauÃ°ur dreki
ğŸ´ blÃ³m, blÃ³maspil, japanskur, leikur, spil
ğŸ­ leikhÃºsgrÃ­mur, leiklist, list, skemmtun, sviÃ°slistir
ğŸ–¼ list, mÃ¡lverk, mynd, rammi, rammi meÃ° mynd, safn
ğŸ¨ list, litapalletta, litaspjald, mÃ¡lning, palletta
ğŸ§µ kefli, nÃ¡l, sauma, tvinni, Ã¾rÃ¡Ã°ur
ğŸª¡ nÃ¡l, sauma, saumaspor, saumnÃ¡l, snÃ­Ã°a, spor, Ãºtsaumur
ğŸ§¶ garn, hekl, hespa, hnykill
ğŸª¢ binda, flÃ¦kja, hnÃºtur, reipi, snÃºa, tvinni
ğŸ‘“ augu, gleraugu, klÃ¦Ã°naÃ°ur
ğŸ•¶ auga, dimmt, gleraugu, sÃ³lgleraugu
ğŸ¥½ hlÃ­fÃ°argleraugu, logsuÃ°a, rafsuÃ°a, sund
ğŸ¥¼ lÃ¦knasloppur, lÃ¦knir, tilraun, vÃ­sindamaÃ°ur
ğŸ¦º neyÃ°artilfelli, Ã¶ryggi, Ã¶ryggisvesti, vesti
ğŸ‘” bindi, hÃ¡lsbindi, klÃ¦Ã°naÃ°ur
ğŸ‘• bolur, klÃ¦Ã°naÃ°ur, stuttermabolur
ğŸ‘– buxur, gallabuxur, klÃ¦Ã°naÃ°ur
ğŸ§£ hÃ¡ls, trefill
ğŸ§¤ hanskar, hendi
ğŸ§¥ jakki, kÃ¡pa
ğŸ§¦ hÃ¡ir sokkar, sokkar
ğŸ‘— fÃ¶t, kjÃ³ll, klÃ¦Ã°naÃ°ur
ğŸ‘˜ kÃ­mÃ³nÃ³, klÃ¦Ã°naÃ°ur, sloppur
ğŸ¥» fÃ¶t, kjÃ³ll, klÃ¦Ã°naÃ°ur, sari
ğŸ©± sundbolur, sundfÃ¶t
ğŸ©² nÃ¦rbuxur, nÃ¦rfÃ¶t, sundbolur, sundfÃ¶t
ğŸ©³ buxur, nÃ¦rbuxur, nÃ¦rfÃ¶t, stuttbuxur, sundfÃ¶t
ğŸ‘™ bikÃ­nÃ­, klÃ¦Ã°naÃ°ur, sundfÃ¶t
ğŸ‘š fÃ¶t, klÃ¦Ã°naÃ°ur, kona, kvenfÃ¶t
ğŸ‘› budda, klÃ¦Ã°naÃ°ur, peningabudda, smÃ¡peningar
ğŸ‘œ handtaska, klÃ¦Ã°naÃ°ur, taska
ğŸ‘ budda, klÃ¦Ã°naÃ°ur, smÃ¡veski
ğŸ› hÃ³tel, innkaupapoki, poki, verslunarleiÃ°angur
ğŸ’ skÃ³lataska, skÃ³li, taska
ğŸ©´ flipflops, Ã³l, sandalar, sandali meÃ° Ã³l, strandsandalar, zori
ğŸ‘ herraskÃ³r, karl, klÃ¦Ã°naÃ°ur, skÃ³r
ğŸ‘Ÿ Ã­Ã¾rÃ³ttaskÃ³r, klÃ¦Ã°naÃ°ur, skÃ³r, strigaskÃ³r
ğŸ¥¾ bakpokaferÃ°alag, fjallganga, gÃ¶nguskÃ³r, tjaldferÃ°alag
ğŸ¥¿ ballettskÃ³r, inniskÃ³r, lÃ¡gbotna skÃ³r, skÃ³r
ğŸ‘  hÃ¡hÃ¦laÃ°ur skÃ³r, klÃ¦Ã°naÃ°ur, skÃ³r
ğŸ‘¡ klÃ¦Ã°naÃ°ur, kvensandali, kvenskÃ³r, sandali
ğŸ©° ballet, balletskÃ³r, dans
ğŸ‘¢ klÃ¦Ã°naÃ°ur, kvenskÃ³r, kvenstÃ­gvÃ©l, stÃ­gvÃ©l
ğŸ‘‘ klÃ¦Ã°naÃ°ur, kÃ³rÃ³na
ğŸ‘’ hattur, klÃ¦Ã°naÃ°ur, kvenhattur
ğŸ© hattur, pÃ­puhattur, skemmtun
ğŸ“ hÃ¡tÃ­Ã°, hÃºfa, stÃºdentshÃºfa, Ãºtskrift, ÃºtskriftarhÃºfa
ğŸ§¢ derhÃºfa, hafnarboltahÃºfa
ğŸª– her, herinn, hermaÃ°ur, hermannahjÃ¡lmur, hjÃ¡lmur, strÃ­Ã°smaÃ°ur
â›‘ andlit, bjÃ¶rgun, hjÃ¡lmur, hjÃ¡lmur meÃ° hvÃ­tum krossi, hjÃ¡lp, kross
ğŸ“¿ bÃ¦n, bÃ¦naband, fÃ¶t, hÃ¡lsmen, perlur, trÃº
ğŸ’„ fÃ¶rÃ°un, snyrtivÃ¶rur, varalitur
ğŸ’ hringur, rÃ³mantÃ­k
ğŸ’ demantur, gimsteinn, rÃ³mantÃ­k
ğŸ”‡ ekki tala, hÃ¡talari, hljÃ³Ã°laus hÃ¡talari, Ã¾Ã¶gn
ğŸ”ˆ hÃ¡talari, hljÃ³Ã°styrkur, lÃ¡gvÃ¦r hÃ¡talari
ğŸ”‰ hÃ¡talari, hÃ¡talari Ã­ gangi, hljÃ³Ã°styrkur, lÃ¡gt
ğŸ”Š hÃ¡talari, hÃ¡tt, hÃ¡vÃ¦r hÃ¡talari, hljÃ³Ã°styrkur
ğŸ“¢ AlmannavarnahÃ¡talari, almannavarnir, gjallarhorn, samskipti
ğŸ“£ fÃ¶gnuÃ°ur, gjallarhorn, samskipti
ğŸ“¯ lÃºÃ°ur, pÃ³stlÃºÃ°ur, pÃ³stur
ğŸ”” bjalla, hringing
ğŸ”• bjalla, ekkert hljÃ³Ã°, engin bjalla, yfirstrikuÃ° bjalla
ğŸ¼ G-lykill, nÃ³tnaskrif, tÃ³nlist
ğŸµ nÃ³ta, tÃ³nlist
ğŸ¶ nÃ³ta, nÃ³tur, tÃ³nlist
ğŸ™ hljÃ³Ã°nemi, hljÃ³Ã°nemi Ã­ hljÃ³Ã°veri, hljÃ³Ã°ver, tÃ³nlist
ğŸš hljÃ³Ã°styrkssleÃ°i, hljÃ³Ã°styrkur, sleÃ°i, tÃ³nlist
ğŸ› stÃ½ring, stÃ½ritakkar, takkar, tÃ³nlist
ğŸ¤ hljÃ³Ã°nemi, karaoke, karÃ³kÃ­, mÃ­krÃ³fÃ³nn, skemmtun
ğŸ§ heyrnartÃ³l, skemmtun
ğŸ“» myndband, Ãºtvarp
ğŸ· hljÃ³Ã°fÃ¦ri, saxÃ³fÃ³nn, tÃ³nlist
ğŸª— harmonika, harmonikuleikari, konsertÃ­na, nikka
ğŸ¸ gÃ­tar, hljÃ³Ã°fÃ¦ri, tÃ³nlist
ğŸ¹ hljÃ³Ã°fÃ¦ri, hljÃ³mborÃ°, pÃ­anÃ³, tÃ³nlist
ğŸº hljÃ³Ã°fÃ¦ri, tÃ³nlist, trompet
ğŸ» fiÃ°la, hljÃ³Ã°fÃ¦ri, tÃ³nlist
ğŸª• banjÃ³, strengir, strengjahljÃ³Ã°fÃ¦ri, tÃ³nlist
ğŸ¥ hljÃ³Ã°fÃ¦ri, tÃ³nlist, tromma, trommuleikari, trommusett
ğŸª˜ handtromma, hrynjandi, kÃ³nga, taktur, tromma
ğŸ“± farsÃ­mi, sÃ­mi
ğŸ“² farsÃ­mi, farsÃ­mi meÃ° Ã¶r, hringja, sÃ­mi
â˜ sÃ­mi
ğŸ“ samskipti, sÃ­mi, sÃ­mtÃ³l
ğŸ“Ÿ samskipti, sÃ­mboÃ°i
ğŸ“  brÃ©fsÃ­mi, fax, samskipti
ğŸ”‹ batterÃ­, rafhlaÃ°a
ğŸ”Œ innstunga, rafmagn
ğŸ’» fartÃ¶lva, tÃ¶lva
ğŸ–¥ borÃ°tÃ¶lva, heimilistÃ¶lva, tÃ¶lva
ğŸ–¨ prentari, tÃ¶lva
âŒ¨ lyklaborÃ°, tÃ¶lva
ğŸ–± mÃºs, takki, tÃ¶lva, tÃ¶lvumÃºs
ğŸ–² stÃ½rihjÃ³l, tÃ¶lva
ğŸ’½ MD, MD-diskur, mini disc, smÃ¡diskur
ğŸ’¾ disketta, diskur
ğŸ’¿ blu-ray, diskur, geisladiskur, tÃ¶lva
ğŸ“€ blu-ray, diskur, DVD, geisladiskur, mynddiskur, tÃ¶lva
ğŸ§® reikningur, talnagrind
ğŸ¥ bÃ­Ã³, kvikmynd, kvikmyndatÃ¶kuvÃ©l, skemmtun
ğŸ bÃ­Ã³mynd, kvikmynd, kvikmyndafilma, kvikmyndalist, rammi
ğŸ“½ bÃ­Ã³mynd, kvikmynd, kvikmyndalist, myndband, sÃ½ningarvÃ©l
ğŸ¬ klappspjald, klapptrÃ©, kvikmynd, skemmtun
ğŸ“º myndband, sjÃ³nvarp
ğŸ“· myndavÃ©l, myndband
ğŸ“¸ flass, myndavÃ©l, myndavÃ©l meÃ° flassi, myndband
ğŸ“¹ lÃ­til kvikmyndatÃ¶kuvÃ©l, myndavÃ©l, vÃ­deÃ³
ğŸ“¼ myndbandsspÃ³la, vÃ­deÃ³spÃ³la
ğŸ” leita, stÃ¦kkunargler, stÃ¦kkunargler sem vÃ­sar til vinstri
ğŸ” leita, stÃ¦kkunargler, stÃ¦kkunargler sem vÃ­sar til hÃ¦gri
ğŸ•¯ kerti, ljÃ³s
ğŸ’¡ hugmynd, ljÃ³s, ljÃ³sapera, rafmagn, skrÃ­pÃ³
ğŸ”¦ ljÃ³s, vasaljÃ³s
ğŸ® bar, izakaya, lampi, rauÃ°ur, veitingastaÃ°ur
ğŸª” diya, diya-lampi, lampi, olÃ­a, olÃ­ulampi
ğŸ“” glÃ³subÃ³k, glÃ³subÃ³k meÃ° skrautkÃ¡pu, kÃ¡pa, skreytt glÃ³subÃ³k
ğŸ“• bÃ³k, lokuÃ° bÃ³k
ğŸ“– bÃ³k, opin bÃ³k
ğŸ“— bÃ³k, grÃ¦n
ğŸ“˜ blÃ¡, bÃ³k
ğŸ“™ appelsÃ­nugul, bÃ³k
ğŸ“š bÃ¦kur, bÃ³k
ğŸ““ dagbÃ³k, glÃ³subÃ³k
ğŸ“’ dagbÃ³k, fÃ¦rslubÃ³k
ğŸ“ƒ sÃ­Ã°a, skjal, uppÃ¡brett sÃ­Ã°a
ğŸ“œ bÃ³krolla, pappÃ­r
ğŸ“„ sÃ­Ã°a, sÃ­Ã°a snÃ½r upp, skjal snÃ½r upp, snÃ½r upp
ğŸ“° blaÃ°, dagblaÃ°, frÃ©ttir
ğŸ— dagblaÃ°, frÃ©ttir, pappÃ­r, samanrÃºllaÃ°
ğŸ“‘ bÃ³kamerki Ã­ tÃ¶lvu, flipar, merki
ğŸ”– bÃ³kamerki, merki
ğŸ· merki, merkimiÃ°i
ğŸ’° peningapoki, peningar, poki
ğŸª™ fjÃ¡rsjÃ³Ã°ur, gull, mÃ¡lmur, mynt, peningur, silfur
ğŸ’´ peningar, peningaseÃ°ill, seÃ°ill, yen, yenaseÃ°ill
ğŸ’µ dollaraseÃ°ill, dollari, gjaldmiÃ°ill, peningaseÃ°ill, peningur, seÃ°ill
ğŸ’¶ evra, evruseÃ°ill, peningar, peningaseÃ°ill, seÃ°ill
ğŸ’· peningar, peningaseÃ°ill, pund, pundaseÃ°ill
ğŸ’¸ fljÃºgandi peningar, fljÃºgandi peningaseÃ°ill, peningar, peningaseÃ°ill meÃ° vÃ¦ngi, seÃ°ill
ğŸ’³ greiÃ°slukort, kort, kredit, kreditkort
ğŸ§¾ bÃ³kfÃ¦rsla, bÃ³khald, endurskoÃ°un, kvittun, sÃ¶nnun, sÃ¶nnunargagn
ğŸ’¹ Ã¡ uppleiÃ°, hÃ¦kkar, jÃ¡kvÃ¦tt, markaÃ°ur Ã¡ uppleiÃ°, verÃ°brÃ©famarkaÃ°ur
âœ‰ tÃ¶lvupÃ³stur, umslag
ğŸ“§ brÃ©f, pÃ³stur, samskipti, tÃ¶lvubrÃ©f, tÃ¶lvupÃ³stur
ğŸ“¨ brÃ©f, mÃ³ttekiÃ°, pÃ³stur, pÃ³stur Ã¡ innleiÃ°, tÃ¶lvupÃ³stur, umslag
ğŸ“© Ã¶r, pÃ³stsending, pÃ³stur Ã¡ ÃºtleiÃ°, tÃ¶lvupÃ³stur, umsalg, umslag meÃ° Ã¶r
ğŸ“¤ brÃ©f, pÃ³sthÃ³lf, pÃ³stur, sendur pÃ³stur, sent, ÃºthÃ³lf
ğŸ“¥ box, brÃ©f, innhÃ³lf, mÃ³ttekiÃ°, mÃ³ttekinn pÃ³stur, pÃ³stur
ğŸ“¦ bÃ¶ggull, kassi, pakki
ğŸ“« flagg, lokaÃ°ur, lokaÃ°ur pÃ³stkassi meÃ° reistum fÃ¡na, pÃ³stkassi meÃ° flaggiÃ° uppi, pÃ³stur
ğŸ“ª flagg, lokaÃ°ur, lokaÃ°ur pÃ³stkassi meÃ° niÃ°urdregnum fÃ¡na, pÃ³stkassi meÃ° flaggiÃ° niÃ°ri, pÃ³stur
ğŸ“¬ flagg, opinn, opinn pÃ³stkassi meÃ° flaggiÃ° uppi, opinn pÃ³stkassi meÃ° reistum fÃ¡na, pÃ³stur
ğŸ“­ flagg, opinn, opinn pÃ³stkassi meÃ° flaggiÃ° niÃ°ri, opinn pÃ³stkassi meÃ° niÃ°urdregnum fÃ¡na, pÃ³stur
ğŸ“® pÃ³stkassi, pÃ³stur
ğŸ—³ kassi, kjÃ¶rseÃ°ill, kjÃ¶rseÃ°lakassi meÃ° kjÃ¶rseÃ°li
âœ blÃ½antur, penni, skrifa
âœ’ pennaoddur, penni, svartur pennaoddur
ğŸ–‹ penni, sjÃ¡lfblekungur
ğŸ–Š kÃºlupenni, penni
ğŸ–Œ mÃ¡la, mÃ¡lningarpensill
ğŸ– lita, teikna, vaxlitur
ğŸ“ minnisbÃ³k, minnismiÃ°i, samskipti
ğŸ’¼ skjalataska, taska
ğŸ“ mappa, skrÃ¡, skrÃ¡amappa
ğŸ“‚ opin mappa, opin skrÃ¡amappa
ğŸ—‚ blÃ¶Ã°, spjald, spjaldskrÃ¡, spjaldskrÃ¡arblÃ¶Ã°
ğŸ“… dagatal, dagsetning
ğŸ“† dagatal, dagatal meÃ° rifgÃ¶tum
ğŸ—’ blokk, glÃ³sa, gormar, minnisblokk meÃ° gormum
ğŸ—“ blokk, dagatal, dagatal meÃ° gormum, gormar
ğŸ“‡ spjaldskrÃ¡, uppflettiskrÃ¡
ğŸ“ˆ Ã¡ uppleiÃ°, graf Ã¡ uppleiÃ°
ğŸ“‰ Ã¡ niÃ°urleiÃ°, graf Ã¡ niÃ°urleiÃ°
ğŸ“Š myndrit, sÃºlur, sÃºlurit
ğŸ“‹ klemmuspjald, klippiborÃ°, muna
ğŸ“Œ pinni, teiknibÃ³la
ğŸ“ teiknibÃ³la, teiknibÃ³la meÃ° kÃºlu
ğŸ“ brÃ©faklemma, klemma
ğŸ–‡ brÃ©faklemmur, samankrÃ¦ktar
ğŸ“ bein reglustika, reglustika
ğŸ“ reglustika, Ã¾rÃ­hyrnd reglustika, Ã¾rÃ­hyrningur
âœ‚ skÃ¦ri, verkfÃ¦ri
ğŸ—ƒ kassi, kassi meÃ° minnismiÃ°um, skjal, spjÃ¶ld
ğŸ—„ skÃ¡pur, skjal, skjalaskÃ¡pur
ğŸ—‘ rusl, ruslakarfa
ğŸ”’ lÃ¡s, lokaÃ°ur lÃ¡s
ğŸ”“ lÃ¦sa, lÃ¡s, opinn lÃ¡s, opna, taka Ãºr lÃ¡s
ğŸ” blekpenni, lÃ¡s meÃ° blekpenna, lÃ¡s meÃ° penna, persÃ³nuvernd
ğŸ” lÃ¡s meÃ° lykli, lokaÃ°ur lÃ¡s, Ã¶ruggt
ğŸ”‘ aÃ°gangsorÃ°, lykill, lykilorÃ°
ğŸ— gamall, lÃ¡s, lykill, vÃ­sbending
ğŸ”¨ hamar, verkfÃ¦ri
ğŸª“ handÃ¶xi, hÃ¶ggva, kljÃºfa, Ã¶xi, timbur, viÃ°ur
â› haki, nÃ¡mugrÃ¶ftur, verkfÃ¦ri
âš’ haki, hamar, hamar og haki, verkfÃ¦ri
ğŸ›  hamar, hamar og skiptilykill, skiptilykill, verkfÃ¦ri
ğŸ—¡ hnÃ­fur, rÃ½tingur, vopn
âš” krosslÃ¶gÃ°, sverÃ°, vopn
ğŸ”« byssa, skammbyssa
ğŸªƒ ÃstralÃ­a, bÃºmerang, endurkast, endurvarp
ğŸ¹ bogaskytta, bogi, bogi og Ã¶r, bogmaÃ°ur, Ã¶r
ğŸ›¡ skjÃ¶ldur, vopn
ğŸªš smiÃ°ur, sÃ¶g, timbur, verkfÃ¦ri, viÃ°ur
ğŸ”§ skiptilykill, verkfÃ¦ri
ğŸª› skrÃºfa, skrÃºfjÃ¡rn, verkfÃ¦ri
ğŸ”© bolti, bolti og rÃ³, rÃ³, verkfÃ¦ri
âš™ gÃ­rhjÃ³l, verkfÃ¦ri
ğŸ—œ skrÃºfstykki, verkfÃ¦ri, Ã¾jÃ¶ppun
âš– jafnrÃ©ttisvog, jafnvÃ¦gi, vog, vogarskÃ¡l
ğŸ¦¯ aÃ°gengi, blindrastafur, blindur, sjÃ³nlaus
ğŸ”— tenglamerki, tenglar, tveir hlekkir
â›“ keÃ°ja
ğŸª bogi, gildra, krÃ¦kja, krÃ³kur
ğŸ§° kista, tÃ³l, verkfÃ¦rakassi, verkfÃ¦ri, viÃ°gerÃ°ir
ğŸ§² aÃ°drÃ¡ttarafl, segull, segulmagn, skeifa
ğŸªœ klifra, rim, stigi, trappa
âš— efnafrÃ¦Ã°i, eimingarflaska
ğŸ§ª efnafrÃ¦Ã°i, efnafrÃ¦Ã°ingur, tilraun, tilraunaglas, tilraunastofa, vÃ­sindi
ğŸ§« bakterÃ­a, gerlaflÃ³ra, lÃ­ffrÃ¦Ã°i, lÃ­ffrÃ¦Ã°ingur, petrÃ­lskÃ¡l, tilraunastofa
ğŸ§¬ dna, erfÃ°aefni, gen, lÃ­f, lÃ­ffrÃ¦Ã°ingur, Ã¾rÃ³un
ğŸ”¬ smÃ¡sjÃ¡, verkfÃ¦ri, vÃ­sindi
ğŸ”­ sjÃ³nauki, verkfÃ¦ri, vÃ­sindi
ğŸ“¡ diskur, gervihnattadiskur, gervihnattaloftnet, loftnet
ğŸ’‰ lÃ¦knir, lyf, nÃ¡l, sprauta
ğŸ©¸ blÃ¦Ã°ingar, blÃ³Ã°dropi, blÃ³Ã°gjÃ¶f, lÃ¦knisfrÃ¦Ã°i
ğŸ’Š lÃ¦knir, lyf, pilla
ğŸ©¹ plÃ¡stur
ğŸ©º hjarta, hlustunarpÃ­pa, lÃ¦knir, lÃ¦knisfrÃ¦Ã°i
ğŸšª dyr, hurÃ°
ğŸ›— aÃ°gengi, hÃ­fa, lyfta
ğŸª endurspeglun, endurvarp, spegill, speglun
ğŸªŸ ferskt loft, gegnsÃ¦tt, gluggi, opna, rammi, ÃºtsÃ½ni
ğŸ› hÃ³tel, rÃºm, sofa
ğŸ›‹ hÃ³tel, lampi, sÃ³fi, sÃ³fi og lampi
ğŸª‘ setjast, sitja, stÃ³ll
ğŸš½ klÃ³sett, salerni
ğŸª  drullusokkur, klÃ³sett, pÃ­pulagningar, salerni
ğŸš¿ sturta, vatn
ğŸ› baÃ°, baÃ°kar, baÃ°ker
ğŸª¤ gildra, mÃºsagildra, veiÃ°i
ğŸª’ beittur, raka sig, rakhnÃ­fur
ğŸ§´ Ã¡burÃ°arflaska, Ã¡burÃ°ur, krem, sjampÃ³, sÃ³larvÃ¶rn
ğŸ§· bleyja, Ã¶ryggisnÃ¦la, pÃ¶nk, sikrisnÃ¦la
ğŸ§¹ kÃºstur, norn, sÃ³pa, Ã¾rif
ğŸ§º bÃºskapur, karfa, lautarferÃ°, Ã¾vottur
ğŸ§» klÃ³settpappÃ­r, pappÃ­rsrÃºlla, salernispappÃ­r
ğŸª£ fata, Ã­lÃ¡t, skjÃ³la
ğŸ§¼ baÃ°, lÃ¶Ã°ur, sÂ´Ã¡pudiskur, sÃ¡pa, sÃ¡pustykki, Ã¾rif
ğŸª¥ baÃ°herbergi, bursti, hreinlÃ¦ti, hreinn, tannbursti, tannhirÃ°a, tennur
ğŸ§½ drekkur Ã­ sig, gljÃºpur, svampur, Ã¾rif
ğŸ§¯ eldur, kÃ¦fa, slÃ¶kkva, slÃ¶kkvitÃ¦ki
ğŸ›’ innkaup, innkaupakerra, innkaupavagn, kerra
ğŸš¬ reykingar, sÃ­garetta
âš° dauÃ°i, lÃ­kkista
ğŸª¦ grafsteinn, grÃ¶f, kirkjugarÃ°ur, legsteinn, leiÃ°i
âš± aska, dauÃ°i, duftker, jarÃ°arfÃ¶r
ğŸ—¿ andlit, moyai, moyai-stytta, stytta
ğŸª§ krÃ¶fuganga, mÃ³tmÃ¦li, skilti, veggspjald
ğŸ§ banki, hraÃ°banki
ğŸš® merki, rusl Ã­ ruslatunnu, rusl, ruslafata
ğŸš° drykkjarvatn, vatn
â™¿ aÃ°gengi, fatlaÃ°ir, hjÃ³lastÃ³laaÃ°gengi, hjÃ³lastÃ³ll
ğŸš¹ karl, karlaklÃ³sett, klÃ³sett, salerni, snyrting
ğŸšº klÃ³sett, kona, kvennaklÃ³sett, salerni, snyrting
ğŸš» klÃ³sett, salernisaÃ°staÃ°a, snyrting, WC
ğŸš¼ barn um borÃ°, barnamerki, bleyjuskipti, skiptiborÃ°
ğŸš¾ klÃ³sett, salerni, snyrting, WC
ğŸ›‚ eftirlit, vegabrÃ©f, vegabrÃ©faeftirlit
ğŸ›ƒ tollhliÃ°, tollur
ğŸ›„ farangur, ferÃ°ataska, tÃ¶skur
ğŸ›… farangur, farangursgeymsla, lÃ¡s, skÃ¡par
âš  varÃºÃ°, varÃºÃ°armerki, viÃ°vÃ¶run
ğŸš¸ bÃ¶rn, bÃ¶rn Ã¡ ferÃ°
â›” bannaÃ°, einstefna, enginn aÃ°gangur, nei, umferÃ°
ğŸš« bannaÃ°, bannaÃ° aÃ° leggja
ğŸš³ hjÃ³l, hjÃ³l bÃ¶nnuÃ°, hjÃ³lreiÃ°ar bannaÃ°ar
ğŸš­ bannaÃ° aÃ° reykja, reykingar bannaÃ°ar
ğŸš¯ bannaÃ° aÃ° fleygja rusli, ekkert rusl, ekki henda rusli
ğŸš± ekki drekka, Ã³drekkandi, Ã³hÃ¦ft drykkjarvatn, vatn
ğŸš· bannaÃ° aÃ° ganga, vegfarendur, vegfarendur bannaÃ°ir
ğŸ“µ bannaÃ° aÃ° hringja, enginn farsÃ­mi, farsÃ­mi, sÃ­mi
ğŸ” 18, bannaÃ° undir 18 Ã¡ra, enginn undir 18 Ã¡ra, undir 18
â˜¢ geislavirkni, merki
â˜£ efni, hÃ¦ttuleg
â¬† Ã¡tt, hÃ¶fuÃ°Ã¡tt, norÃ°ur, Ã¶r, Ã¶r upp
â†— Ã¡tt, norÃ°austur, Ã¶r, Ã¶r skÃ¡ upp til hÃ¦gri
â¡ Ã¡tt, austur, hÃ¶fuÃ°Ã¡tt, Ã¶r, Ã¶r til hÃ¦gri
â†˜ Ã¡tt, Ã¶r, Ã¶r skÃ¡ niÃ°ur til hÃ¦gri, suÃ°austur
â¬‡ Ã¡tt, hÃ¶fuÃ°Ã¡tt, niÃ°ur, Ã¶r, suÃ°ur
â†™ Ã¡tt, Ã¶r, Ã¶r skÃ¡ niÃ°ur til vinstri, suÃ°vestur
â¬… Ã¡tt, hÃ¶fuÃ°Ã¡tt, Ã¶r, Ã¶r til vinstri, vestur
â†– Ã¡tt, norÃ°vestur, Ã¶r, Ã¶r skÃ¡ upp til vinstri
â†• Ã¶r, Ã¶r upp og niÃ°ur
â†” Ã¶r, Ã¶r til vinstri og hÃ¦gri
â†© Ã¶r, sveigÃ° Ã¶r til vinstri
â†ª Ã¶r, sveigÃ° Ã¶r til hÃ¦gri
â¤´ Ã¶r, sveig Ã¶r upp
â¤µ niÃ°ur, Ã¶r, sveigÃ° Ã¶r niÃ°ur
ğŸ”ƒ endurhlaÃ°a, endurhleÃ°slutÃ¡kn, lÃ³Ã°rÃ©ttar rÃ©ttsÃ¦lisÃ¶rvar, Ã¶rvar
ğŸ”„ Ã¶rvar, rangsÃ¦lis
ğŸ”™ Ã¶r, Ã¶r til baka, Ã¶r til vinstri, til baka, vinstri Ã¶r
ğŸ”š endaÃ¶r, endaÃ¶r til vinstri, endir, Ã¶r, vinstri Ã¶r
ğŸ”› Kveikt meÃ° upphrÃ³punarmerki og Ã¶r, kveikt-Ã¶r, Ã¶r, upphrÃ³pun, upphrÃ³punarmerki
ğŸ”œ brÃ¡Ã°um, brÃ¡Ã°um meÃ° vinstri Ã¶r, brÃ¡Ã°um-merki, brÃ¡Ã°um-Ã¶r, Ã¶r
ğŸ” efst, efst-Ã¶r, Ã¶r, upp, uppÃ¶r
ğŸ› tilbeiÃ°sla, tilbeiÃ°slustaÃ°ur, trÃºarbrÃ¶gÃ°
âš› frumeind, frumeindartÃ¡kn, trÃºleysingi
ğŸ•‰ hindÃºismi, om-merki, trÃºarbrÃ¶gÃ°
âœ¡ DavÃ­Ã°, davÃ­Ã°sstjarna, gyÃ°ingdÃ³mur, gyÃ°ingur, stjarna
â˜¸ bÃºddisti, dharma, dharmahjÃ³l, hjÃ³l, trÃºarbrÃ¶gÃ°
â˜¯ jang, jin, taÃ³, taÃ³isti, trÃºarbrÃ¶gÃ°
âœ kristni, kross, latneskur kross, trÃºarbrÃ¶gÃ°
â˜¦ kristni, kross, rÃ©tttrÃºnaÃ°arkross, trÃºarbrÃ¶gÃ°
â˜ª Ã­slam, mÃºslimi, stjarna og skarÃ°ur mÃ¡ni, trÃºarbrÃ¶gÃ°
â˜® friÃ°artÃ¡kn, friÃ°ur
ğŸ• ljÃ³sastjaki, margÃ¡lma kertastjaki, menorah-ljÃ³sastika, trÃºarbrÃ¶gÃ°
ğŸ”¯ sexhyrnd, spÃ¡, spÃ¡dÃ³mur, stjarna
â™ˆ hrÃºtur, hrÃºturinn, stjÃ¶rnumerki
â™‰ naut, nautiÃ°, stjÃ¶rnumerki
â™Š stjÃ¶rnumerki, tvÃ­burar
â™‹ krabbi, krabbinn, stjÃ¶rnumerki
â™Œ ljÃ³n, ljÃ³niÃ°, stjÃ¶rnumerki
â™ meyja, stjÃ¶rnumerki
â™ stjÃ¶rnumerki, vog, vogin
â™ sporÃ°dreki, sporÃ°drekinn, stjÃ¶rnumerki
â™ bogamaÃ°ur, bogmaÃ°ur, stjÃ¶rnumerki
â™‘ steingeit, stjÃ¶rnumerki
â™’ stjÃ¶rnumerki, vatnsberi
â™“ fiskar, stjÃ¶rnumerki
â› naÃ°ra, naÃ°urvaldi, snÃ¡kur, stjÃ¶rnumerki
ğŸ”€ flÃ©ttaÃ°ar Ã¶rvar, flÃ©ttaÃ°ar Ã¶rvar til hÃ¦gri, Ã¶rvar, Ã¶rvar Ã­ kross
ğŸ” endurtaka, Ã¶rvar, rÃ©ttsÃ¦lis
ğŸ”‚ einu sinni, nÃºmer 1, Ã¶rvar, rÃ©ttsÃ¦lis, rÃ©ttsÃ¦lis Ã¶rvar meÃ° tÃ¶lunni 1
â–¶ hÃ¦gri, Ã¶r, spila, spilunartakki, Ã¾rÃ­hyrningur
â© hÃ¦gri, Ã¶r, spÃ³la Ã¡fram, tvÃ¶fÃ¶ld Ã¶r til hÃ¦gri
â­ Ã¡fram, nÃ¦sta lag, Ã¶r, skiptitakki, Ã¾rÃ­hyrningur
â¯ Ã¶r, pÃ¡sa, spila, spilunar- og pÃ¡suhnappur, spilunar- og pÃ¡sutakki, Ã¾rÃ­hyrningur
â—€ hnappur til aÃ° spÃ³la til baka, Ã¶r, spÃ³la til baka, vinstri, Ã¾rÃ­hyrningur
âª Ã¶r, spÃ³la til baka, tvÃ¶fÃ¶ld Ã¶r til vinstri, vinstri
â® fyrri sena, hnappur til aÃ° skipta Ã¡ sÃ­Ã°ustu rÃ¡s, Ã¶r, Ã¾rÃ­hyringingur
ğŸ”¼ hnappur, uppvÃ­sandi Ã¾rÃ­hyrningur, Ã¾rÃ­hyrningur, Ã¾rÃ­hyrningur upp
â« Ã¶r, tvÃ¶fÃ¶ld uppÃ¶r, upp, uppÃ¶r
ğŸ”½ hnappur, niÃ°urvÃ­sandi Ã¾rÃ­hyrningur, Ã¾rÃ­hyrningur, Ã¾rÃ­hyrningur niÃ°ur
â¬ niÃ°ur, niÃ°urÃ¶r, Ã¶r, tvÃ¶fÃ¶ld niÃ°urÃ¶r
â¸ lÃ³Ã°rÃ©tt, pÃ¡sa, pÃ¡sutakki, tvÃ¶falt
â¹ kassi, stoppa, stopptakki
âº hringur, taka upp, upptÃ¶kutakki
â opna, takki til aÃ° opna
ğŸ¦ bÃ­Ã³, bÃ­Ã³hÃºs, kvikmynd, kvikmyndahÃºs, skemmtun
ğŸ”… birta, dimmt, lÃ­til birta, tÃ¡kn um litla birtu
ğŸ”† birta, bjart, mikil birta, tÃ¡kn um mikla birtu
ğŸ“¶ farsÃ­masamband, farsÃ­mastyrkur, farsÃ­mi, loftnet
ğŸ“³ farsÃ­mi, sÃ­mi, stilling, titringur
ğŸ“´ farsÃ­mi, sÃ­mi, slÃ¶kkt, slÃ¶kkt Ã¡ farsÃ­ma, slÃ¶kkt Ã¡ sÃ­ma
â™€ konur, kvenkyns, merki
â™‚ karlar, karlkyns, merki
âš§ trans, transmerki
âœ– Ã—, hÃ¦tta viÃ°, margfalda, margfÃ¶ldun, margfÃ¶ldunartÃ¡kn, tÃ¡kn, x
â• +, merki, plÃºs, plÃºsmerki, stÃ¦rÃ°frÃ¦Ã°i
â– -, â€“, merki, mÃ­nus, mÃ­nusmerki, stÃ¦rÃ°frÃ¦Ã°i
â— Ã·, deiling, deilingarmerki, merki, stÃ¦rÃ°frÃ¦Ã°i
â™¾ algilt, eilÃ­fÃ°, Ã³endanleiki, takmarkaleysi
â€¼ greinarmerki, merki, tvÃ¶falt upphrÃ³punarmerki, upphrÂ´Ã³punarmerki
â‰ !, !?, ?, greinarmerki, interrobang, spurningarmerki, upphrÃ³punarmerki, upphrÃ³punarmerki og spurningarmerki
â“ greinarmerki, merki, rautt spurningarmerki, spurning, spurningarmerki
â” greinarmerki, hvÃ­tt spurningarmerki, merki, spurning
â• greinarmerki, hvÃ­tt upphrÃ³punarmerki, merki, upphrÃ³pun, ÃºtlÃ­nur
â— greinarmerki, merki, rautt upphrÃ³punarmerki, upphrÃ³pun, upphrÃ³punarmerki
ã€° alda, bugÃ°a, bugÃ°ustrik, strik
ğŸ’± gjaldmiÃ°lar, gjaldmiÃ°lareikningur, gjaldmiÃ°laskipti, peningar
ğŸ’² dalur, dollaramerki, dollari, feitletraÃ° dollaramerki, peningar
âš• lÃ¦knavÃ­sindi, lÃ¦kningamerki, lÃ¦kningar, lÃ¦knir, merki
â™» alÃ¾jÃ³Ã°legt endurvinnslumerki, endurvinnsla, endurvinnslumerki
âšœ fleur-de-lis, fleur-de-lis-tÃ¡kn
ğŸ”± akkeri, skip, tÃ¡kn, tÃ³l, Ã¾rÃ­forkur
ğŸ“› nafn, nafnspjald, spjald
ğŸ”° byrjandi, grÃ¦n og gul, grÃ¦n og gul lauf, japanskt
â­• holur rauÃ°ur hringur, hringur, o, rauÃ°ur, stÃ³r
âœ… hak, hakmerki, hnappur, merki
â˜‘ âœ“, hak, hakreitur meÃ° haki, hakreitur meÃ° hakmerki, reitur
âœ” âœ“, hak, merki
âŒ Ã—, hÃ¦tta viÃ°, kross, krossmerki, margfalda, margfÃ¶ldun, x
â Ã—, ferningur, krosshnappur, merki
â° lykkja
â¿ gormur, lykkjur, tvÃ¶fÃ¶ld lykkja
ã€½ japanskt upphafsmerki sÃ¶ngs, merki
âœ³ *, Ã¡ttarma stjarna, Ã¡ttarma stjÃ¶rnumerki, stjarna
âœ´ Ã¡ttarma stjarna, stjarna
â‡ *, leiftur
Â© hÃ¶fundarrÃ©ttarmerki, hÃ¶fundarrÃ©ttarvariÃ°, hÃ¶fundarrÃ©ttur
Â® skrÃ¡Ã°, skrÃ¡Ã° vÃ¶rumerki
â„¢ skrÃ¡sett vÃ¶rumerki, vÃ¶rumerki
ğŸ”  hÃ¡stafir, latneskir hÃ¡stafir, latneskt letur, setja inn latneska hÃ¡stafi
ğŸ”¡ lÃ¡gstafir, latneskir lÃ¡gstafir, latneskt letur, setja inn latneska lÃ¡gstafi
ğŸ”¢ setja inn tÃ¶lustafi, tÃ¶lustafir
ğŸ”£ setja inn tÃ¡kn, tÃ¡kn
ğŸ”¤ ABC, enska, latneska stafrÃ³fiÃ°, setja inn latneska stafrÃ³fiÃ°
ğŸ…° A, A-blÃ³Ã°flokkur, blÃ³Ã°, blÃ³Ã°flokkur
ğŸ† AB, AB-blÃ³Ã°flokkur, blÃ³Ã°, blÃ³Ã°flokkur
ğŸ…± B, B-blÃ³Ã°flokkur, blÃ³Ã°, blÃ³Ã°flokkur
ğŸ†‘ CL, CL-skilti, skilti
ğŸ†’ kÃºl, skilti, svalt
ğŸ†“ Ã³keypis, Ã³keypis-skilti, skilti
â„¹ u, upplÃ½singar, upplÃ½singaveita
ğŸ†” ID, ID-skilti, skilrÃ­ki, skilti
â“‚ bÃ³kstafurinn m inni Ã­ hring, hringur, m
ğŸ†• nÃ½tt, nÃ½tt-skilti, skilti
ğŸ†– NG, NG-skilti, skilti
ğŸ…¾ blÃ³Ã°, blÃ³Ã°flokkur, O, O-blÃ³Ã°flokkur
ğŸ†— Ã­ lagi, OK, OK-skilti
ğŸ…¿ bÃ­lastÃ¦Ã°i, leggja
ğŸ†˜ hjÃ¡lp, skilti, SOS, SOS-skilti
ğŸ†™ skilti, UP!
ğŸ†š gegn, skilti, versus, versus-skilti, VS
ğŸˆ hÃ©r, japanska, katakana, katakana koko, kassi
ğŸˆ‚ japanska, katakana, katakana sa, kassi, Ã¾jÃ³nustugjald
ğŸˆ· japanska, mÃ¡naÃ°arleg upphÃ¦Ã°, mÃ¡naÃ°arleg upphÃ¦Ã°, kassi, myndletur
ğŸˆ¶ â€Ekki Ã³keypisâ€œ Ã¡ japÃ¶nsku, ekki Ã³keypis, japanska, myndletur
ğŸˆ¯ â€FrÃ¡tekiÃ°â€œ Ã¡ japÃ¶nsku, frÃ¡tekiÃ°, japanska, myndletur
ğŸ‰ â€Kjarakaupâ€œ Ã¡ japÃ¶nsku, gÂ´Ã³Ã° kaup, japanska, myndletur
ğŸˆ¹ â€AfslÃ¡tturâ€œ Ã¡ japÃ¶nsku, afslÃ¡ttur, japanska, myndletur
ğŸˆš â€Ã“keypisâ€œ Ã¡ japÃ¶nsku, japanska, myndletur, Ã³keypis
ğŸˆ² â€BannaÃ°â€œ Ã¡ japÃ¶nsku, bannaÃ°, japanska, myndletur
ğŸ‰‘ â€ViÃ°unandiâ€œ Ã¡ japÃ¶nsku, japanska, myndletur, samÃ¾ykkja
ğŸˆ¸ â€UmsÃ³knâ€œ Ã¡ japÃ¶nsku, beiÃ°ni, japanska, myndletur
ğŸˆ´ â€ViÃ°unandi einkunnâ€œ Ã¡ japÃ¶nsku, japanska, lÃ¡gmarkseinkunn, myndletur
ğŸˆ³ â€Laust plÃ¡ssâ€œ Ã¡ japÃ¶nsku, japanska, myndletur, tÃ³mt
ãŠ— â€Til hamingjuâ€œ Â´a japÃ¶nsku, japanska, myndletur, til hamingju
ãŠ™ â€LeyndarmÃ¡lâ€œ Ã¡ japÃ¶nsku, japanska, leyndarmÃ¡l, myndletur
ğŸˆº â€OpiÃ°â€œ Ã¡ japÃ¶nsku, japanska, myndletur, vinna
ğŸˆµ â€Allt fulltâ€œ Ã¡ japÃ¶nsku, allt fullt, japanska, myndletur
ğŸ”´ hringur, rauÃ°ur, rÃºmfrÃ¦Ã°i, stÃ³r rauÃ°ur hringur
ğŸŸ  appelsÃ­nugulur, hringur
ğŸŸ¡ gulur, hringur
ğŸŸ¢ grÃ¦nn, hringur
ğŸ”µ blÃ¡r, hringur, rÃºmfrÃ¦Ã°i, stÃ³r blÃ¡r hringur
ğŸŸ£ fjÃ³lublÃ¡r, hringur
ğŸŸ¤ brÃºnn, hringur
âš« hringur, rÃºmfrÃ¦Ã°i, svartur
âšª hringur, hvÃ­tur, rÃºmfrÃ¦Ã°i
ğŸŸ¥ ferningur, rauÃ°ur
ğŸŸ§ appelsÃ­nugulur, ferningur
ğŸŸ¨ ferningur, gulur
ğŸŸ© ferningur, grÃ¦nn
ğŸŸ¦ blÃ¡r, ferningur
ğŸŸª ferningur, fjÃ³lublÃ¡r
ğŸŸ« brÃºnn, ferningur
â¬› ferningur, rÃºmfrÃ¦Ã°i, stÃ³r svartur ferningur
â¬œ ferningur, rÃºmfrÃ¦Ã°i, stÃ³r hvÃ­tur ferningur
â—¼ ferningur, rÃºmfrÃ¦Ã°i, svartur meÃ°alstÃ³r ferningur
â—» ferningur, hvÃ­tur meÃ°alstÃ³r ferningur, rÃºmfrÃ¦Ã°i
â—¾ ferningur, rÃºmfrÃ¦Ã°i, svartur meÃ°alsmÃ¡r ferningur
â—½ ferningur, hvÃ­tur meÃ°alsmÃ¡r ferningur, rÃºmfrÃ¦Ã°i
â–ª ferningur, lÃ­till svartur ferningur, rÃºmfrÃ¦Ã°i
â–« ferningur, lÃ­till hvÃ­tur ferningur, rÃºmfrÃ¦Ã°i
ğŸ”¶ appelsÃ­nugulur, stÃ³r appelsÃ­nugulur tÃ­gull, tÃ­gull
ğŸ”· blÃ¡r, stÃ³r blÃ¡r tÃ­gull, tÃ­gull
ğŸ”¸ appelsÃ­nugulur, lÃ­till appelsÃ­nugulur tÃ­gull, tÃ­gull
ğŸ”¹ blÃ¡r, lÃ­till blÃ¡r tÃ­gull, tÃ­gull
ğŸ”º rauÃ°ur, rauÃ°ur Ã¾rÃ­hyrningur upp, uppvÃ­sandi rauÃ°ur Ã¾rÃ­hyrningur, Ã¾rÃ­hyrningur
ğŸ”» niÃ°urvÃ­sandi rauÃ°ur Ã¾rÃ­hyrningur, rauÃ°ur, rauÃ°ur Ã¾rÃ­hyrningur niÃ°ur, Ã¾rÃ­hyrningur
ğŸ’  blÃ³m meÃ° punkti, sÃ¦tt, tÃ­gull, tÃ­gullaga, tilfinningar
ğŸ”˜ hnappur, valhnappur
ğŸ”³ ferningur, hnappur, hvÃ­tur ferningslaga hnappur
ğŸ”² ferningur, hnappur, svartur ferningslaga hnappur
ğŸ flagg, Ã­Ã¾rÃ³ttir, kappakstur, rÃ¡sflagg
ğŸš© fÃ¡ni, flagg, staÃ°setningarmerki, veifa
ğŸŒ fÃ¡nar, fÃ¡nar Ã­ kross, hÃ¡tÃ­Ã°, japanskir fÃ¡nar Ã­ kross
ğŸ´ blaktandi, blaktandi svartur fÃ¡ni, svartur fÃ¡ni
ğŸ³ blaktandi, blaktandi hvÃ­tur fÃ¡ni, hvÃ­tur fÃ¡ni
ğŸ³â€ğŸŒˆ fÃ¡ni, gay pride, gleÃ°iganga, regnbogafÃ¡ni, regnbogi
ğŸ³â€âš§ bleikur, fÃ¡ni, hvÃ­tur, ljÃ³sblÃ¡r, trans, transfÃ¡ni
ğŸ´â€â˜  fjÃ¡rsjÃ³Ã°ur, hauskÂ´Ãºpuflagg, rÃ¦na og rupla, sjÃ³rÃ¦ningi, sjÃ³rÃ¦ningjafÃ¡ni
Â¢ sent
$ dalur, peningar, pesi, USD
Â£ EGP, GBP, gjaldmiÃ°ill, pund
Â¥ CNY, gjaldmiÃ°ill, jen, JPY, jÃºan
â‚£ franki, franskur franki, gjaldmiÃ°ill
â‚¤ gjaldmiÃ°ill, lÃ­ra
â‚¥ millidalur, millitomma
â‚© KPW, vonn, won
â‚¬ EUR, evra, gjaldmiÃ°ill
â‚± pesi
â‚³ suÃ°lÃ¦gur
â‚¶ gjaldmiÃ°ill
â‚· gjaldmiÃ°ill
â‚¹ gjaldmiÃ°ill, indversk rÃºpÃ­a, rÃºpÃ­a
â‚½ gjaldmiÃ°ill, rÃºbla
â‚¿ bitcoin, BTC
â‚¨ gjaldmiÃ°ill, rÃºpÃ­a
ï·¼ gjaldmiÃ°ill
Â¹ brjÃ³stletur, einn
Â² brjÃ³stletur, Ã­ Ã¶Ã°ru veldi, tveir
Â³ brjÃ³stletur, Ã­ Ã¾riÃ°ja veldi, Ã¾rÃ­r
Âµ mÃ¡l, mÃ­krÃ³-merki
