{ jepit, jepit kriwil, kurung, kurung kriwil, kurung kriwil mbukak, swiwi manuk
ğŸ» kulit putih, praupan kulit, tipe 1 - 2
ğŸ¼ kulit putih langsep, praupan kulit, tipe 3
ğŸ½ kulit kuning, praupan kulit, tipe 4
ğŸ¾ kulit sawo mateng, praupan kulit, tipe 5
ğŸ¿ kulit ireng, praupan kulit, tipe 6
_ garis, garis ngisor, tandha garis, tandha pisah, tandha pisah ngisor
- minus, tandha garis, tandha sambung, tandha sambung-minus
â€ tandha garis, tandha sambung
â€“ en, setrip
â€” em, setrip
â€• garis, palang, palang mlumah, tandha garis
ãƒ» interpunct, katakana, okeh titik, titik tengah, titik tengah katakana
, pada lingsa
ØŒ arab, pada lingsa, pada lingsa arab
ã€ nduweni sifat gambar, pada lingsa, pada lingsa nduweni sifat gambar
; pada lungsi pada lingsa
Ø› arab, pada lingsa pada lungsi, pada lingsa pada lungsi arab
: pada lungsi loro
! sero, tandha penthung, tembung sero
Â¡ kewalik, sero, tandha penthung, tandha sero, tandha sero kewalik, tembung sero
? pitakon, tandha pitakon
Â¿ kewalik, pitakon, tandha pitakon, tandha pitakon kewalik
ØŸ arab, pitakon, tandha pitakon, tandha pitakon arab
. bintek, mandhek dek, titik
â€¦ klalen, okeh titik, tandha ganti
ã€‚ mandhek dek, nduweni sifat gambar, titik, titik nduweni sifat gambar
Â· mudhuk, tengah, titik, titik cilek
' apostrof, apostrof mesin tik, kutip, kutip siji
â€˜ apostrof, apostrof kiwa, kutip, kutip pinter, kutip siji
â€™ apostrof, apostrof tengen, kutip, kutip pinter, kutip siji
â€š apostrof, apostrof tengen ngisor, kutip, kutip ngisor
â€œ kutip, kutip loro, kutipan, kutipan pinter, tandha kutipan kiwo
â€ kutip, kutip loro, kutipan, kutipan pinter, tandha kutipan tengen
â€ kutip, kutip loro, kutipan, kutipan ngisor, kutipan pinter, tandha kutipan tengen ngisor
Â« amba, kiwa, kurung, kurung lancip kiwa, nggulung, ngutip, v kualik
Â» amba, kurung, kurung lancip tengen, nggulung, ngutip, tengen, v kualik
) induk, indukan, kurung, kurung bunder, tandha kurung
[ khayal, kurung, kurung kothak, kurung kothak mbukak
] khayal, kurung, kurung kothak, kurung kothak nutup
} jepit, jepit kriwil, kurung, kurung kriwil, kurung kriwil nutup, swiwi manuk
ã€ˆ kurung, kurung panunjuk, kurung permata, kurung sudut, kurung sudut mbukak, tuple, v kewalik
ã€‰ kurung, kurung panunjuk, kurung permata, kurung sudut, kurung sudut nutup, tuple, v kewalik
ã€Š kurung, kurung sudut loro, kurung sudut loro mbukak
ã€‹ kurung, kurung sudut loro, kurung sudut loro nutup
ã€Œ kurung, kurung panjuru, kurung panjuru mbukak
ã€ kurung, kurung panjuru, kurung panjuru nutup
ã€ kurung, kurung panjuru bolong, kurung panjuru bolong mbukak
ã€ kurung, kurung panjuru bolong, kurung panjuru bolong nutup
ã€ kurung, kurung kantha, kurung kantha bengkok, kurung kantha ireng mbukak
ã€‘ kurung, kurung kantha, kurung kantha bengkok, kurung kantha ireng nutup
ã€” kurung, kurung tempurung bulus, kurung tempurung bulus mbukak, tempurung bulus
ã€• kurung, kurung tempurung bulus, kurung tempurung bulus nutup, tempurung bulus
ã€– kurung, kurung kantha bengkok bolong, kurung kantha bolong, kurung kantha bolong mbukak
ã€— kurung, kurung kantha bengkok bolong, kurung kantha bolong, kurung kantha bolong nutup
Â§ bagean, bagean cilik, gugus ukara, tanda bagean
Â¶ alinea, pilcrow, tandha ukara, tembung, ukoro
@ ampersat, arobase, arroba, at, at komersial, strudel, tandha at
* lintang, tandha lintang, wildcard
/ garis mireng, oblique, solidus, stroke, virgule, whack
\ mbalik, solidus, tandha mireng kewalik, whack
& et, lan, tandha lan
# angka, lb, ngiris, pound, tandha pager
% per sen, per-sen, persen
â€° per mil, permil, permill
â€  lading, obelisk, obelus, tanda lading
â€¡ lading, obelisk, obelus, pindo, tanda lading pindo
â€¢ pluru, titik
â€§ tandha garis, tandha sambung, titik, titik tandha sambung
â€² tandha kuthip
â€³ tandha kuthip loro, tandha kutip loro
â€´ tandha kutip telu
â€» tandha referensi
` abot, aksen, gendhing
Â´ aksen, alus, gendhing
^ aksen, aksen sirkomflek, dhaya, kontrol, panunjuk, pathok, tandha sisipan, topi
Â¨ diaeresis, trÃ©ma, umlaut
Â° bukti, drajat, jam
â„— hak cipta, hak cipta rekaman swara, rekaman, swara
â† kiwo, panah, panah nuding ngiwo
â†’ panah, panah nuding nengen, tengen
â†‘ ndhuwur, panah, panah nuding ndhuwur
â†“ ngisor, panah, panah nuding ngisor
â‡… ndhuwur, ngisor, panah, panah nuding ndhuwur lan nuding ngisor
â‡† kiwo, panah, panah nuding ngiwo lewat sisih tengen, tengen
âˆ† mundhak, pesagi telu
âˆ‡ mlorot, pesagi telu
âˆˆ kaanggotaan, ngamot, set, unsur, unsur saka
+ ditambahi, tambah, tandha tambah
Â± kurang luwih
Ã· dipara, obelus, para, tandha para
Ã— dipingke, kaping, ping-pingan, tandha ping-pingan
< luwih cilik, tandha, tandha mbuka
= pada karo
â‰  ora imbang, ora podho, ora roto
> luwih gedhe, tandha, tandha tutup
Â¬ nolak, ora
| coretan, garis, garis tegak lurus, lembing, palang, palang tegak lurus, pipo, tongkat
~ garis kriwil
âˆ’ dikurangi, kurang, tandha kurang
â» kurang, tandha kurang ing dhuwur, tika ngisor
âˆš oyod, oyod peng loro, peng loro, radikal, radix, surd
âˆ tandha tanpa wates, tanpa wates
âˆ© set, simpangan
âˆª koleksi, sarekat, set
â‰ˆ kiro-kiro, meh pada, prakiroan
â‰¡ peng telu, persis, podho, podho karo
â‰¤ luwih cilik, luwih cilik utowo podho, ora podho, podho, podho karo
â‰¥ luwih gedhe, luwih gedhe utowo podho, ora podho, podho, podho karo
âŠ‚ set, subset, subset saka
â–² kapenuhan, ndhuwur, panah, pesagi telu, pesagi telu kapenuhan pucuke ing ndhuwur
â–¼ kapenuhan, ngisor, panah, pesagi telu, pesagi telu kapenuhan pucuke ing ngisor
â—Š kupatan, pesagi papat kupatan, sigaran kupatan
â—‹ binderan, bunderan kothong, cincen
â— bundera kapenuhan, bunderan, bunderan kapenuhan
â—¯ bunderan, bunderan kothong gedhe, cincen
â™ª gendhing, karawitan, wolu
â™­ bemolle, gendhing, karawitan, warata
â™¯ diÃ¨se, diesis, gendhing, karawitan, landep
ğŸ˜€ guyu, rai, rai ngguyu
ğŸ˜ƒ cangkem, menga, mesem, rai, rai ngguyu matane mblalak
ğŸ˜„ cangkem, mata, menga, mesem, rai, rai ngguyu nganti merem-merem
ğŸ˜ mata, mecengis, mesem, rai, rai ngguyu mecengis nganti merem
ğŸ˜† cangkem, guyu, marem, mesem, rai, rai ngguyu nganti matane dhipet
ğŸ˜… adhem, kringet, menga, mesem, rai, rai ngguyu nganti kringet tumetes
ğŸ¤£ guyu, jogan, ngglinting, ngguyu ngakak nganti glintingan ing jogan, rai
ğŸ˜‚ bungah, guyu, luh, rai, rai ngguyu nganti luhen saking bungahe
ğŸ™‚ mesem, rai
ğŸ™ƒ kuwalik, rai
ğŸ˜‰ kedhÃ¨p, rai, rai ngedhÃ¨pi
ğŸ˜Š abang pipine, mata, mesem, rai, rai mesem matane merem
ğŸ˜‡ fantasi, rai, rai mesem mawa tandha santo ing sirahe, suci, tandha santo
ğŸ¥° ati-ati, kesengsem, naksir, rai mesem mawa ati-ati manguncup, tumiba tresna
ğŸ˜ katresnan, mata, mesem, rai, rai mesem matane metu atine
ğŸ¤© ketiban lintang, lintang, mata, ngguyu, rai
ğŸ˜˜ ambung, rai, rai nyebul sun
ğŸ˜— ambung, rai, rai ngambung
â˜º anteng, gambar sketsa, mesem, rai, rai lagi mesem
ğŸ˜š ambung, mata, merem, rai, rai ngambung karo matane merem
ğŸ˜™ ambung, mata, mesem, rai, rai ngambung matane merem bungah
ğŸ¥² bangga, luh, matur nuwun, mesem, nguculake, nyentuh, rai mesem nanging mripat luhen
ğŸ˜‹ enak, mesem, rai, rai themal-themel mangan, sedhep, themal-themel
ğŸ˜› ilat, rai, rai melet
ğŸ˜œ guyon, kedhep, mata, melet, rai, rai kedhep karo melet
ğŸ¤ª cilik, gedhe, mata, plolak-plolek, rai merat-merot
ğŸ˜ mata, melet, nggilani, rai, rai melet matane ndhipet, rasane
ğŸ¤‘ dhuwit, ijo, rai, rai mata dhuwiten
ğŸ¤— nyikep, rai, sikep
ğŸ¤­ rai mawa tangan nutupi cangkem, waduh
ğŸ¤« hus, meneng, rai ngaba-aba akon meneng, rai ngaba-aba hus
ğŸ¤” mikir, rai
ğŸ¤ cangkem, leregan, rai, rai sing leregan lambene ditutup
ğŸ¤¨ ora percaya, rai alise siji kaangkat, skeptis
ğŸ˜ anteng, luweh, rai, tanpa ekspresi
ğŸ˜‘ luweh, rai, rai tanpa ekspresi, tanpa ekspresi
ğŸ˜¶ anteng, cangkem, meneng, rai, rai tanpa cangkem
ğŸ˜¶â€ğŸŒ« lalenan, rai ora dong, rai ora mudeng, sirah ora dong
ğŸ˜ ngenyek, rai, rai mesem ngenyek
ğŸ˜’ anyel, rai, rai wegah ngguyu, wegah ngguyu
ğŸ™„ mata, mlerok, rai, rai matane mlerok
ğŸ˜¬ mbatek, rai, rai mringis mbatek
ğŸ˜®â€ğŸ’¨ ambegan, lega, mbisiki, megap-megap, nglenguh, rai ambegan lego, singsot
ğŸ¤¥ ngapusi, pinokio, rai
ğŸ˜Œ lega, rai
ğŸ˜” kesel ati, mikir, rai, rai sedhih anggone mikir
ğŸ˜ª ngantuk, rai, turu
ğŸ¤¤ ngiler, rai, rai ileren
ğŸ˜´ rai, turu, zzzz
ğŸ˜· dhokter, masker, mriang, rai, rai nganggo masker dhokter, watuk
ğŸ¤’ lara, mriang, rai, rai ngemut termometer, termometer
ğŸ¤• bebet, cidra, rai, rai sirahe dibebet, tatu
ğŸ¤¢ muleg-muleg, mutah, rai, rai ngrasa muleg-muleg
ğŸ¤® lara, mutah, rai mutah-mutah
ğŸ¤§ mugi gusti paring sehat, rai, wahing
ğŸ¥µ abang mbranang, kemringet, kepanasen, ndrodhog, panas, rai panas
ğŸ¥¶ atis, kadhemen, mati rasa amarga kadhemen, rai biru katisen, rai katisen
ğŸ¥´ cangkem mlethat-mlethot, mata ora pakra, mendem, mlaku ora jejeg, mumet, rai mendem
ğŸ˜µ mumet, rai
ğŸ˜µâ€ğŸ’« alangan, hipnotis, kodisek, ngelu, ngluwer, rai ngelu
ğŸ¤¯ njeblug ndhase, rai ndhase njeblug, tratapan
ğŸ¤  koboi lanang, koboi wadon, rai, rai nganggo topi koboi, topi
ğŸ¥³ pista, rai pista, seneng-seneng, topi, trompet
ğŸ¥¸ irung, kaca mripat, nyamarake, nyamarke, rai, rai disamarno
ğŸ˜ blereng, kacamata ireng, nggaya, rai, rai mesem nganggo kacamata ireng, srengenge
ğŸ¤“ kutu buku, kutu komputer, rai, rai kutu buku
ğŸ§ kolot, rai nganggo kacamata lensa tunggal
ğŸ˜• bingung, owalah, rai
ğŸ˜Ÿ kuwatir, rai
ğŸ™ rai, susah
â˜¹ nelangsa, rai
ğŸ˜® cangkem, menga, rai, rai mlongo, simpati
ğŸ˜¯ dumadakan meneng, kaget, ora nyana, rai, rai dumadakan meneng
ğŸ˜² babar pisan, gumun, kaget, rai
ğŸ˜³ isin, kaget, rai
ğŸ¥º mata ngarep-arep, ngarep-arep, rai ngarep-arep welas, welas
ğŸ˜¦ cangkem, menga, rai, rai sedhih karo mlongo, sedhih
ğŸ˜§ kaget lan kuciwa, rai, rai kaget lan kuciwa
ğŸ˜¨ keweden, kuwatir, rai, wedi
ğŸ˜° anyep, kemrungsung, kringet, pucet, rai, rai kuwatir nganti kringet tumetes
ğŸ˜¥ kuciwa, lega, rai, rai sedhih nanging lega, sedhih, syukur marang gusti
ğŸ˜¢ luh, nangis, rai, sedhih
ğŸ˜­ luh, nangis, rai, rai nangis kejer, sedhih, sengguk-sengguk
ğŸ˜± keweden, njerit, nruthuk, rai, rai mbengok keweden, wedi
ğŸ˜– bingung, rai, rai prasa bingung ora karuan
ğŸ˜£ ora kuat, rai, rai prasa wis ora kuat maneh
ğŸ˜ kuciwa, rai
ğŸ˜“ adhem, kringet, rai, rai prasa wis kesel nganti kringet tumetes
ğŸ˜© kesel, rai, sayah
ğŸ˜« kesel, rai
ğŸ¥± angop, bosen, kesel, rai angop
ğŸ˜¤ kamenangan, menang, rai, rai sing irunge ngebul
ğŸ˜¡ abang mbranang, mbesengut, muring, nesu, ngamuk, rai
ğŸ˜  muring, nesu, rai
ğŸ¤¬ misuh, rai mawa simbol pisuhan ing cangkeme
ğŸ˜ˆ crita dongeng, fantasi, mesem, rai, rai mesem karo metu sungune, sungu
ğŸ‘¿ dhemit, fantasi, rai, rai nesu karo metu sungune, setan, thuyul jail
ğŸ’€ crita dongeng, jrangkong, monster, pati, rai
â˜  balung timpuk, jrangkong, jrangkong karo balung timpuk, monster, pati, rai
ğŸ’© monster, rai, tai, tai seunthuk, tembelek
ğŸ¤¡ badhut, rai
ğŸ‘¹ buta ogre, crita dongeng, fantasi, monster, rai, wewujudan
ğŸ‘º buta goblin, crita dongeng, fantasi, monster, rai, wewujudan
ğŸ‘» crita dongeng, fantasi, monster, pocongan, rai, wewujudan
ğŸ‘½ alien, fantasi, rai, saka njaba bumi, ufo, wewujudan, wujud alien
ğŸ‘¾ alien, monster alien, rai, saka njaba bumi, ufo, wewujudan
ğŸ¤– monster, rai, robot, wujud robot
ğŸ˜º cangkem, kucing, menga, mesem, ngguyu, rai
ğŸ˜¸ kucing, kucing ngguyu nganti merem-merem, mata, mesem, ngguyu, rai
ğŸ˜¹ bungah, kucing, kucing ngguyu nganti luhen, luh, rai
ğŸ˜» ati, kucing, kucing mesem matane metu atine, mata, mesem, rai, tresna
ğŸ˜¼ ironis, kucing, mesem, ngece, rai
ğŸ˜½ ambung, kucing, kucing ngambung, mata, rai
ğŸ™€ hah, kaget, kucing, rai, sayah
ğŸ˜¿ kucing, luh, nangis, rai, susah
ğŸ˜¾ kucing, mbesengut, rai
ğŸ™ˆ aja ndelengake sing ala, ala, larangan, munyuk, munyuk aja ndelengake sing ala, rai, weruh
ğŸ™‰ aja ngrungokake sing ala, ala, krungu, larangan, munyuk, munyuk aja ngrungokake sing ala, rai
ğŸ™Š aja omong sing ala, ala, larangan, munyuk, munyuk aja omong sing ala, omong, rai
ğŸ’‹ ambung, lambe, tandha ambung
ğŸ’Œ ati, katresnan, layang, surat
ğŸ’˜ ati katuncep panah, kupid, panah
ğŸ’ ati ditaleni pita, pita, valentin
ğŸ’– ati kinclong-kinclong, bungah, kinclong-kinclong
ğŸ’— ati nggembung, bungah, ewuh, mak ser, nggembung
ğŸ’“ ati dheg-dhegan, dheg-dhegan, dheging ati, ser-seran
ğŸ’ ati mubeng-mubeng, mubeng
ğŸ’• ati loro, katresnan
ğŸ’Ÿ ati, dhekorasi ati
â£ mbangetake, tandha, tandha penthung wujude ati, tandha wacan
ğŸ’” kelaran, lara, lara ati
â¤â€ğŸ”¥ ati, ati kasmaran, ati resik, kobong, pepinginan, tresna
â¤â€ğŸ©¹ luwih waras, mbalekake, mulehake awak, ndandani, ndandani ati, ningkatake, waras
â¤ ati, ati abang
ğŸ§¡ ati kunir, kunir
ğŸ’› ati kuning, kuning
ğŸ’š ati ijo, ijo
ğŸ’™ ati biru, biru
ğŸ’œ ati wungu, wungu
ğŸ¤ ati, soklat
ğŸ–¤ ala, ati ireng, culika, ireng
ğŸ¤ ati, putih
ğŸ’¯ 100, biji satus, kebak, satus, sekor
ğŸ’¢ komik, muring, nesu, simbol nesu
ğŸ’¥ komik, mak brak, tabrakan
ğŸ’« komik, lintang, ngelu
ğŸ’¦ komik, kringet, nyiprat, tesing kringet
ğŸ’¨ geblas, komik, mlayu, nggeblas
ğŸ•³ bolongan
ğŸ’£ bom, komik
ğŸ’¬ balon, dhiyalog, komik, omongan, plendhungan
ğŸ‘â€ğŸ—¨ balon omongan, mata, mata ing njero balon omongan, seksi
ğŸ—¨ balon omongan sisih kiwa, dhiyalog, omongan
ğŸ—¯ balon, balon nesu sisih tengen, muring, nesu, plendhungan
ğŸ’­ balon, komik, pikiran, plendhungan
ğŸ’¤ komik, turu, zzzz
ğŸ‘‹ awe-awe, tangan, tangan ngawe-awe
ğŸ¤š diangkat, geger tangan, tangan diangkat nuduhake gegere bae
ğŸ– driji, megar, tangan, tangan sing driji-drijine megar
âœ‹ angkat, tangan, tangan diangkat
ğŸ–– driji, ngurmat cara bangsa vulcan, spock, tangan, vulcan
ğŸ‘Œ OK, tangan, tangan nuduhake tandha OK
ğŸ¤Œ basa tangan, digatukake, driji, interogasi, landep
ğŸ¤ sethithik bae, tangan njiwit
âœŒ kamenangan, tangan, tangan nuduhake tandha kamenangan, v
ğŸ¤ driji, driji loro tetalenan, kabegjan, tangan, tetalen
ğŸ¤Ÿ ILY, tangan, tangan nuduhake tandha tresna sliramu
ğŸ¤˜ driji, isarat gandem apike, sungu, tandha sungu, tangan
ğŸ¤™ tangan, tangan nuduhake tandha telpuna aku, telpun
ğŸ‘ˆ driji, driji panuduh, geger tangan, geger tangan nuding ngiwa, nuding, tangan
ğŸ‘‰ driji, driji panuduh, geger tangan, geger tangan nuding nengen, nuding, tangan
ğŸ‘† driji, geger tangan, geger tangan nuding ndhuwur, ndhuwur, nuding, tangan
ğŸ–• driji, driji tengah, tangan
ğŸ‘‡ driji, geger tangan, geger tangan nuding ngisor, ngisor, nuding, tangan
â˜ driji, driji panuduh, driji panuduh ngacung, ngacung, nuding, tangan
ğŸ‘ +1, jempol, ngacung, tangan
ğŸ‘ -1, jempol, jempol ngacung mudhun, ngacung mudhun, tangan
âœŠ kepel, ngacungake kepel, ngantem, nggegem, tangan
ğŸ‘Š kepel, kepel mara, ngantem, nggegem, tangan
ğŸ¤› kepel, kepel katon saka sisih kiwa, sisih kiwa
ğŸ¤œ kepel, kepel katon saka sisih tengen, sisih tengen
ğŸ‘ keplok, tangan, tangan keplok-keplok
ğŸ™Œ diangkat, hore, isarat, pista, tangan, tangan loro diangkat
ğŸ‘ mlumah, tangan, tangan loro mlumah
ğŸ¤² ndonga, tangan loro mandho nadhah amin, tangan loro nadhah
ğŸ¤ rapat, salam, salaman, sarujuk, tangan
ğŸ™ maturnuwun, ndonga, njaluk, nyenyuwun, tangan, tangan nyembah
âœ nulis, tangan
ğŸ’… cet kuku, kosmetik, kuku, menikur, ngrumat
ğŸ¤³ foto selfi, hp, kamera, selfi
ğŸ’ª lelucon, ngotot, otot, otot lengen, otot lengen mlenthung
ğŸ¦¾ kalancaran, lengen mekanis, prostetik
ğŸ¦¿ kalancaran, prostetik, sikil mekanis
ğŸ¦µ perangan awak, sikil, tendhang
ğŸ¦¶ pidak, sikil, tendhang, tlapakan sikil
ğŸ‘‚ awak, kuping
ğŸ¦» budheg, kalancaran, kuping sarwa piranti pangrungon
ğŸ‘ƒ awak, irung
ğŸ§  pinter, utek
ğŸ«€ anatomi, deg-degan, jantung, kardiologi, organ
ğŸ« ambegan, ngetokake ambegan, nglebokake ambegan, organ, paru, respirasi
ğŸ¦· dokter untu, untu
ğŸ¦´ balung, wrangka
ğŸ‘€ mata, mata sakloron, rai
ğŸ‘ awak, mata
ğŸ‘… awak, ilat
ğŸ‘„ cangkem, lambe
ğŸ‘¶ bayi, nom
ğŸ§’ bocah, jender netral, nom, ora tamtu lanang wadone
ğŸ‘¦ bocah lanang, nom
ğŸ‘§ bocah wadon, nom, palintangan, Virgo
ğŸ§‘ jender netral, ora tamtu lanang wadone, wong, wong diwasa
ğŸ‘± pirang, rambut, wong arambut pirang, wong: rambute pirang
ğŸ‘¨ lanang, wong diwasa, wong lanang
ğŸ§” jenggot, wong, wong: jenggot
ğŸ§”â€â™‚ jenggot, wong lanang, wong lanang: jenggot
ğŸ‘±â€â™‚ pirang, rambut, wong lanang, wong lanang arambut pirang, wong lanang: rambut pirang
ğŸ‘© wadon, wong diwasa, wong wadon
ğŸ§”â€â™€ jenggot, wong wadon, wong wadon: jenggot
ğŸ‘±â€â™€ pirang, rambut, wong wadon, wong wadon arambut pirang, wong wadon: rambut pirang
ğŸ§“ jender netral, ora tamtu lanang wadone, tuwa, wong diwasa, wong tuwa
ğŸ‘´ tuwa, wong diwasa, wong lanang, wong tuwa lanang
ğŸ‘µ tuwa, wong diwasa, wong wadon, wong wadon tuwa
ğŸ™ isarat, sedhih, wong sedhih
ğŸ™â€â™‚ isarat, sedhih, wong lanang, wong lanang sedhih
ğŸ™â€â™€ isarat, sedhih, wong lanang, wong wadon sedhih
ğŸ™ isarat, mbesengut, wong mbesengut
ğŸ™â€â™‚ isarat, mbesengut, wong lanang, wong lanang mbesengut
ğŸ™â€â™€ isarat, mbesengut, wong wadon, wong wadon mbesengut
ğŸ™… isarat, larangan, ora kena, ora oleh, tangan, wong ngisaratake AJA
ğŸ™…â€â™‚ isarat, larangan, ora kena, ora oleh, tangan, wong lanang, wong lanang ngisaratake AJA
ğŸ™…â€â™€ isarat, ora kena, ora oleh, tangan, wong wadon, wong wadon menehi isarat AJA
ğŸ™† isarat, OK, tangan, wong ngisaratake OK
ğŸ™†â€â™‚ isarat, OK, tangan, wong lanang, wong lanang ngisaratake OK
ğŸ™†â€â™€ isarat, OK, tangan, wong wadon, wong wadon ngisaratake OK
ğŸ’ anyangga, informasi, nggaya, pitulungan, tangan, wong tangane anyangga
ğŸ’â€â™‚ nggaya, tangan anyangga, wong lanang, wong lanang tangane anyangga
ğŸ’â€â™€ nggaya, tangan anyangga, wong wadon, wong wadon tangane anyangga
ğŸ™‹ bungah, isarat, ngacung, tangan, wong ngacungake tangan
ğŸ™‹â€â™‚ isarat, ngacungake tangan, wong lanang, wong lanang ngacungake tangan
ğŸ™‹â€â™€ isarat, ngacungake tangan, wong wadon, wong wadon ngacungake tangan
ğŸ§ budheg, kalancaran, krungu, kuping, wong budheg
ğŸ§â€â™‚ budheg, wong lanang, wong lanang budheg
ğŸ§â€â™€ budheg, wong wadon, wong wadon budheg
ğŸ™‡ isarat, kilap, mbungkuk, njaluk ngapura, wong mbungkuk ngurmati
ğŸ™‡â€â™‚ isarat, kilap, mbungkuk, njaluk ngapura, njaluk tulung, wong lanang, wong lanang mbungkuk ngurmati
ğŸ™‡â€â™€ isarat, kilap, mbungkuk, njaluk ngapura, njaluk tulung, wong wadon, wong wadon mbungkuk ngurmati
ğŸ¤¦ dlamakan, gumun, mangkel, rai, wong anutup raine mawa dlamakan
ğŸ¤¦â€â™‚ dlamakan ing rai, gumun, mangkel, wong lanang, wong lanang anutup raine mawa dlamakan
ğŸ¤¦â€â™€ dlamakan ing rai, gumun, mangkel, wong wadon, wong wadon anutup raine mawa dlamakan
ğŸ¤· angangkat pundhak, mangu-mangu, ora gati, ora sudi, wong angangkat pundhak
ğŸ¤·â€â™‚ mangu-mangu, ngangkat pundhak, ora gati, ora sudi, wong lanang, wong lanang angangkat pundhak
ğŸ¤·â€â™€ mangu-mangu, ngangkat pundhak, ora gati, ora sudi, wong wadon, wong wadon ngangkat pundhak
ğŸ§‘â€âš• dokter, mantri, parumatan kasehatan, perawat, terapis
ğŸ‘¨â€âš• dokter, mantri lanang, parumatan kasehatan, perawat, terapis, wong lanang
ğŸ‘©â€âš• dokter, mantri wadon, parumatan kasehatan, perawat, terapis, wong wadon
ğŸ§‘â€ğŸ“ mahasiswa, wisuda
ğŸ‘¨â€ğŸ“ lanang, mahasiswa, wisuda
ğŸ‘©â€ğŸ“ mahasiswa, wadon, wisuda
ğŸ§‘â€ğŸ« dosen, guru, instruktur
ğŸ‘¨â€ğŸ« dosen, guru, instruktur, lanang
ğŸ‘©â€ğŸ« dosen, guru, instruktur, wadon
ğŸ§‘â€âš– hakim, timbangan
ğŸ‘¨â€âš– adil, hakim lanang, lanang, pradata, timbangan
ğŸ‘©â€âš– hakim wadon, pradata, timbangan, wadon
ğŸ§‘â€ğŸŒ¾ juragan tani, tani, tukang kebon
ğŸ‘¨â€ğŸŒ¾ juragan tani, lanang, pak tani, tani, tukang kebon
ğŸ‘©â€ğŸŒ¾ bu tani, juragan tani, tani, tukang kebon, wadon
ğŸ§‘â€ğŸ³ koki, mangsak
ğŸ‘¨â€ğŸ³ koki, lanang, mangsak
ğŸ‘©â€ğŸ³ koki, mangsak, wadon
ğŸ§‘â€ğŸ”§ montir, tukang, tukang ledheng, tukang listik
ğŸ‘¨â€ğŸ”§ lanang, montir, tukang, tukang ledheng, tukang listrik
ğŸ‘©â€ğŸ”§ montir, tukang, tukang ledheng, tukang listrik, wadon
ğŸ§‘â€ğŸ­ buruh, industri, karoseri, pabrik
ğŸ‘¨â€ğŸ­ buruh, industri, karoseri, lanang, pabrik
ğŸ‘©â€ğŸ­ buruh, buruh pabrik wadon, industri, karoseri, lanang, pabrik
ğŸ§‘â€ğŸ’¼ arsitek, bisnis, manajer, pegawe, pegawe kantor
ğŸ‘¨â€ğŸ’¼ arsitek, bisnis, lanang, manajer, pegawe, pegawe kantor lanang
ğŸ‘©â€ğŸ’¼ arsitek, bisnis, manajer, pegawe, pegawe kantor wadon, wadon
ğŸ§‘â€ğŸ”¬ ahli biologi, ahli fisika, ahli kimia, ilmuwan, insinyur
ğŸ‘¨â€ğŸ”¬ ahli biologi, ahli fisika, ahli kimia, ilmuwan, insinyur, lanang
ğŸ‘©â€ğŸ”¬ ahli biologi, ahli fisika, ahli kimia, ilmuwan, insinyur, wadon
ğŸ§‘â€ğŸ’» ahli teknologi, ahli teknologi wadon, developer, koder, panemu, prangkat alus
ğŸ‘¨â€ğŸ’» ahli teknologi, ahli teknologi lanang, developer, koder, lanang, panemu, prangkat alus
ğŸ‘©â€ğŸ’» ahli teknologi, ahli teknologi wadon, developer, koder, panemu, prangkat alus, wadon
ğŸ§‘â€ğŸ¤ aktor, biduan, musik rock, panampil, selebriti
ğŸ‘¨â€ğŸ¤ aktor, biduan, lanang, musik rock, panampil, selebriti
ğŸ‘©â€ğŸ¤ aktor, biduan, musik rock, panampil, selebriti, wadon
ğŸ§‘â€ğŸ¨ artis, palet
ğŸ‘¨â€ğŸ¨ artis, lanang, palet, seniman
ğŸ‘©â€ğŸ¨ artis, palet, wadon
ğŸ§‘â€âœˆ montor mabur, pilot
ğŸ‘¨â€âœˆ lanang, montor mabur, pilot
ğŸ‘©â€âœˆ montor mabur, pilot, wadon
ğŸ§‘â€ğŸš€ astronot, roket
ğŸ‘¨â€ğŸš€ astronot, lanang, roket
ğŸ‘©â€ğŸš€ astronot, roket, wadon
ğŸ§‘â€ğŸš’ blamwir, damkar
ğŸ‘¨â€ğŸš’ blamwir, damkar, lanang
ğŸ‘©â€ğŸš’ blamwir, damkar, wadon
ğŸ‘® aparat, pulisi
ğŸ‘®â€â™‚ aparat, lanang, pulisi
ğŸ‘®â€â™€ aparat, pulisi, wadon
ğŸ•µ dhetektif, nelik, telik sandi
ğŸ•µâ€â™‚ dhetektif, lanang, nelik, telik sandi
ğŸ•µâ€â™€ dhetektif, nelik, telik sandi, wadon
ğŸ’‚ prejurit
ğŸ’‚â€â™‚ lanang, prejurit
ğŸ’‚â€â™€ prejurit, wadon
ğŸ¥· didhelikake, ndhelik-ndhelik, ninja, wira
ğŸ‘· bangunan, buruh, helem
ğŸ‘·â€â™‚ bangunan, buruh, lanang
ğŸ‘·â€â™€ bangunan, buruh, wadon
ğŸ¤´ pangeran
ğŸ‘¸ dongeng, fantasi, putri
ğŸ‘³ serban, wong serbanan
ğŸ‘³â€â™‚ lanang, serban, wong lanang serbanan
ğŸ‘³â€â™€ serban, wadon, wong wadon serbanan
ğŸ‘² gua pi mao, kethu, lanang, wong lanang nganggo kethu Cina
ğŸ§• hijab, kudhung, mantilla, tichel, wong wadon jilbaban
ğŸ¤µ lanang, penganten lanang, tuksedo, wong anganggo jas tuksedo
ğŸ¤µâ€â™‚ tuksedo, wong lanang, wong lanang anganggo jas tuksedo, wong lanang anganggo tuksedo
ğŸ¤µâ€â™€ tuksedo, wadon, wong wadon anganggo tuksedo
ğŸ‘° kudhung manten, penganten wadon, pengantenan, wong, wong nganggo kudhung manten
ğŸ‘°â€â™‚ kudhung manten, lanang, wong lanang nganggo kudhung manten
ğŸ‘°â€â™€ kudhung manten, wadon, wong wadon nganggo kudhung manten
ğŸ¤° ngandhut, wadon, wong wadon ngandhut
ğŸ¤± bayi, menthili, nyusoni, penthil
ğŸ‘©â€ğŸ¼ bayi, ngrawat, nyusoni, wadon, wong wadon nyusoni bayi
ğŸ‘¨â€ğŸ¼ bayi, lanang, ngrawat, nyusoni, wong lanang nyusoni bayi
ğŸ§‘â€ğŸ¼ bayi, ngrawat, nyusoni, wong
ğŸ‘¼ bayi, dongeng, fantasi, malaÃ©kat, rai
ğŸ… bapa, Klas, Natal, pista, Sinter Klas
ğŸ¤¶ ibu, Ibu Klas, Klas, Natal, pista
ğŸ§‘â€ğŸ„ bapa/ibu klas, Klas, natal
ğŸ¦¸ becik, kadigdayan linuwih, satriya, satriya mandraguna, srikandhi
ğŸ¦¸â€â™‚ becik, kadigdayan linuwih, lanang, satriya, satriya mandraguna lanang
ğŸ¦¸â€â™€ becik, kadigdayan linuwih, satriya, srikandhi, wadon
ğŸ¦¹ ala, kadigdayan linuwih, mungsuh, mungsuh digdaya, wong jahat
ğŸ¦¹â€â™‚ ala, kadigdayan linuwih, lanang, mungsuh, mungsuh digdaya lanang, wong jahat
ğŸ¦¹â€â™€ ala, kadigdayan linuwih, mungsuh, mungsuh digdaya wadon, penjahat wadon, wadon
ğŸ§™ bagawan, dhukun, resi, wong winasis
ğŸ§™â€â™‚ bagawan, dhukun, wong winasis lanang
ğŸ§™â€â™€ bagawan, dhukun, wong winasis wadon
ğŸ§š bangsa dewi, dewi, Oberon, Puck, Titania
ğŸ§šâ€â™‚ dewa, Oberon, Puck
ğŸ§šâ€â™€ dewi, Titania
ğŸ§› Drakula, lelembut, vampir
ğŸ§›â€â™‚ Drakula, lelembut, vampir lanang
ğŸ§›â€â™€ lelembut, vampir wadon
ğŸ§œ duyung, duyung lanang, duyung wadon
ğŸ§œâ€â™‚ duyung lanang, Triton
ğŸ§œâ€â™€ duyung wadon
ğŸ§ ajaib, peri
ğŸ§â€â™‚ ajaib, peri lanang
ğŸ§â€â™€ ajaib, peri wadon
ğŸ§ bangsa jim, jin
ğŸ§â€â™‚ jim lanang, jin
ğŸ§â€â™€ jim wadon, jin
ğŸ§Ÿ lelembut, setan bentayangan, zombi
ğŸ§Ÿâ€â™‚ lelembut, setan bentayangan, zombi lanang
ğŸ§Ÿâ€â™€ lelembut, setan bentayangan, zombi wadon
ğŸ’† pijet, rai, salon, wong dipijeti
ğŸ’†â€â™‚ lanang, pijet, rai, wong lanang dipijeti
ğŸ’†â€â™€ pijet, rai, wadon, wong wadon dipijeti
ğŸ’‡ kecantikan, salon, tukang cukur, wong lagi dikethok rambute
ğŸ’‡â€â™‚ cukur rambut, lanang, wong lanang lagi dikethok rambute
ğŸ’‡â€â™€ kethok rambut, wong wadon, wong wadon lagi dikethok rambute
ğŸš¶ mlaku-mlaku, wong mlaku
ğŸš¶â€â™‚ lanang, mlaku-mlaku, wong lanang mlaku, wong mlaku
ğŸš¶â€â™€ mlaku-mlaku, wadon, wong mlaku, wong wadon mlaku
ğŸ§ adeg, ngadeg, wong ngadeg
ğŸ§â€â™‚ lanang, ngadeg, wong lanang ngadeg
ğŸ§â€â™€ ngadeg, wadon, wong wadon ngadeg
ğŸ§ timpuh, wong timpuh
ğŸ§â€â™‚ lanang, timpuh, wong lanang timpuh
ğŸ§â€â™€ timpuh, wadon, wong wadon timpuh
ğŸ§‘â€ğŸ¦¯ kalancaran, wong nyekeli teken, wong nyekeli teken putih, wuta
ğŸ‘¨â€ğŸ¦¯ kalancaran, lanang, wong lanang nyekeli teken, wuta
ğŸ‘©â€ğŸ¦¯ kalancaran, wadon, wong wadon nyekeli teken, wuta
ğŸ§‘â€ğŸ¦¼ kalancaran, kursi rodha, wong numpak kursi rodha mesin
ğŸ‘¨â€ğŸ¦¼ kalancaran, kursi rodha, lanang, wong lanang numpak kursi rodha mesin
ğŸ‘©â€ğŸ¦¼ kalancaran, kursi rodha, wadon, wong wadon numpak kursi rodha mesin
ğŸ§‘â€ğŸ¦½ kalancaran, kursi rodha, wong numpak kursi rodha manual
ğŸ‘¨â€ğŸ¦½ kalancaran, kursi rodha, lanang, wong lanang numpak kursi rodha manual
ğŸ‘©â€ğŸ¦½ kalancaran, kursi rodha, wadon, wong wadon numpak kursi rodha manual
ğŸƒ maraton, mlayu, wong mlayu
ğŸƒâ€â™‚ balapan, lanang, maraton, mlayu, wong lanang mlayu
ğŸƒâ€â™€ balapan, maraton, mlayu, wadon, wong wadon mlayu
ğŸ’ƒ njoget, wadon, wong wadon njoget
ğŸ•º lanang, njoget, wong lanang njoget
ğŸ•´ bisnis, jas, lanang, wong lanang jas-jasan ora napak
ğŸ‘¯ kuping terwelu, penari, pista, wong nganggo kuping terwelu
ğŸ‘¯â€â™‚ kuping terwelu, lanang, penari, pista, wong lanang nganggo kuping terwelu
ğŸ‘¯â€â™€ kuping terwelu, penari, pista, wadon, wong wadon nganggo kuping terwelu
ğŸ§– kamar uwab, sauna, wong ing kamar kebak sumub
ğŸ§–â€â™‚ kamar uwab, sauna, wong lanang ing kamar kebak sumub
ğŸ§–â€â™€ kamar uwab, sauna, wong wadon ing kamar kebak sumub
ğŸ§— pamanjad, wong manjad
ğŸ§—â€â™‚ pamanjad, wong lanang manjad
ğŸ§—â€â™€ pamanjad, wong wadon manjad
ğŸ¤º anggar, atlit anggar, pedhang, wong main anggar
ğŸ‡ balapan, jaran, jaran balap, joki
â›· pemain ski, salju, ski
ğŸ‚ papan slancar salju, pemain slancar salju, salju, ski
ğŸŒ bal, golf, wong main golf
ğŸŒâ€â™‚ golf, lanang, wong lanang main golf
ğŸŒâ€â™€ golf, wadon, wong wadon main golf
ğŸ„ slancar, wong slancar
ğŸ„â€â™‚ lanang, slancar, wong lanang slancar
ğŸ„â€â™€ slancar, wadon, wong wadon slancar
ğŸš£ prau, prau dhayung, wong ndhayung
ğŸš£â€â™‚ lanang, prau, prau dhayung, wong lanang ndhayung
ğŸš£â€â™€ prau, prau dhayung, wadon, wong wadon ndhayung
ğŸŠ langi, wong nglangi
ğŸŠâ€â™‚ lanang, langi, wong lanang nglangi
ğŸŠâ€â™€ langi, wadon, wong wadon nglangi
â›¹ bal, wong mentulake bal
â›¹â€â™‚ bal, lanang, wong lanang mentulake bal
â›¹â€â™€ bal, wadon, wong wadon mentulake bal
ğŸ‹ atlit angkat barbel, barbel, wong ngangkat barbel
ğŸ‹â€â™‚ atlit angkat barbel, lanang, wong lanang ngangkat barbel
ğŸ‹â€â™€ atlit angkat barbel, wadon, wong wadon ngangkat barbel
ğŸš´ atlit sepedha, pit, pit-pitan, wong numpak pit
ğŸš´â€â™‚ atlit sepedha, lanang, pit, pit-pitan, wong lanang numpak pit
ğŸš´â€â™€ atlit sepedha, pit, pit-pitan, wadon, wong wadon numpak pit
ğŸšµ atlit sepedha, gunung, pit, sepedha, wong numpak sepedha gunung
ğŸšµâ€â™‚ atlit sepedha, gunung, lanang, pit, sepedha, wong lanang numpak sepedha gunung
ğŸšµâ€â™€ atlit sepedha, gunung, pit, sepedha, wadon, wong wadon numpak sepedha gunung
ğŸ¤¸ engkang, gimnastik, wong engkang
ğŸ¤¸â€â™‚ engkang, gimnastik, lanang, wong lanang engkang
ğŸ¤¸â€â™€ engkang, gimnastik, wadon, wong wadon engkang
ğŸ¤¼ gulat, pemain gulat, wong gulat
ğŸ¤¼â€â™‚ gulat, lanang, wong lanang gulat
ğŸ¤¼â€â™€ gulat, wadon, wong wadon gulat
ğŸ¤½ banyu, polo, wong main polo banyu
ğŸ¤½â€â™‚ lanang, polo banyu, wong lanang main polo banyu
ğŸ¤½â€â™€ polo banyu, wadon, wong wadon main polo banyu
ğŸ¤¾ bal, bal tangan, wong main bal tangan
ğŸ¤¾â€â™‚ bal tangan, lanang, wong lanang main bal tangan
ğŸ¤¾â€â™€ bal tangan, wadon, wong wadon main bal tangan
ğŸ¤¹ akrobat, imbang, katrampilan, tangan cukat, wong main akrobat bal
ğŸ¤¹â€â™‚ akrobat, lanang, tangan cukat, wong lanang main akrobat bal
ğŸ¤¹â€â™€ akrobat, tangan cukat, wadon, wong wadon main akrobat bal
ğŸ§˜ medhitasi, wong njagong sila, yoga
ğŸ§˜â€â™‚ medhitasi, wong lanang njagong sila, yoga
ğŸ§˜â€â™€ medhitasi, wong wadon njagong sila, yoga
ğŸ›€ bak kungkum, kungkum, wong adus kungkum
ğŸ›Œ hotel, turu, wong turu
ğŸ§‘â€ğŸ¤â€ğŸ§‘ gandhengan tangan, pasangan, tangan, wong, wong gandhengan tangan
ğŸ‘­ gandhengan, loro, tangan, wadon, wong wadon loro gandhengan tangan
ğŸ‘« cekel, gandhengan, lanang, pasangan, tangan, wadon, wong lanang lan wadon gandhengan, wong lanang lan wadon gandhengan tangan
ğŸ‘¬ gandhengan, Gemini, kembar, lanang, loro, palintangan, wong lanang loro gandhengan tangan
ğŸ’ ambung, pasangan
ğŸ’‘ loro, pasangan lan tandha ati, tresna
ğŸ‘ª kluwarga
ğŸ—£ bayangan, omong, rai, sirah
ğŸ‘¤ bayangan, bayangan patung sirah tekan dhadha, patung sirah tekan dhadha
ğŸ‘¥ bayangan, bayangan patung sirah tekan dhadha loro, patung sirah tekan dhadha
ğŸ«‚ halo, matur nuwun, pamitan, rangkulan, wong rangkulan
ğŸ‘£ klambi, tipak, tipak sikil
ğŸ¦° jae, rambut abang, rambute abang
ğŸ¦± afro, brintik, prenthel-prenthel, rambut brintik
ğŸ¦³ putih, rambut, tuwa, uwan
ğŸ¦² buthak, gundhul, kemoterapi, ora duwe rambut, plenthas
ğŸµ munyuk, rai
ğŸ’ munyuk
ğŸ¦ gorila
ğŸ¦§ monyet, orang utan
ğŸ¶ asu, ingon-ingon, rai
ğŸ• asu, ingon-ingon
ğŸ¦® aksesibilitas, asu pemandhu, pemandhu, wuta
ğŸ•â€ğŸ¦º aksesibilitas, asisten, asu, layanan
ğŸ© asu, pudel
ğŸº asu ajag, rai
ğŸ¦Š rai, rubah
ğŸ¦ kepo, licik, rakun
ğŸ± ingon-ingon, kucing, rai
ğŸˆ ingon-ingon, kucing
ğŸˆâ€â¬› ireng, kucing, ora beja
ğŸ¦ Leo, rai, singa, zodiak
ğŸ¯ macan, rai
ğŸ… macan
ğŸ† macan tutul
ğŸ´ jaran, rai
ğŸ balap jaran, balapan, ekuestrian, jaran
ğŸ¦„ rai, unicorn
ğŸ¦“ garis-garis, zebra
ğŸ¦Œ kidang
ğŸ¦¬ bison, kebo, sakumpulan, wicaksono
ğŸ® rai, rai sapi wadon, sapi wadon
ğŸ‚ banteng, sapi lanang, Taurus, zodiak
ğŸƒ banyu, kebo
ğŸ„ sapi wadon
ğŸ· babi, rai
ğŸ– babi, babi wadon
ğŸ— babi, celeng
ğŸ½ babi, irung, rai
ğŸ Aries, lanang, wedhus gembel, wedhus gembel lanang, zodiak
ğŸ‘ wadon, wedhus gembel, wedhus gembel wadon
ğŸ Capricorn, wedhus, zodiak
ğŸª dromedaris, onta, punuk
ğŸ« baktrian, onta, onta punuk loro, punuk
ğŸ¦™ alpaca, guanaco, llama, vicuna, wul
ğŸ¦’ jerapah, totol-totol
ğŸ˜ gajah
ğŸ¦£ gading, gedhe, kebak wulu, mamot, punah
ğŸ¦ badhak
ğŸ¦› hipo, kuda nil
ğŸ­ rai, tikus
ğŸ tikus
ğŸ€ tikus got
ğŸ¹ hamster, ingon-ingon, rai
ğŸ° ingon-ingon, kelinci, rai, terwelu
ğŸ‡ ingon-ingon, kelinci, terwelu
ğŸ¿ bajing, tupai
ğŸ¦« bendungan, singing
ğŸ¦” duri, landhak
ğŸ¦‡ kalong, vampir
ğŸ» beruang, rai
ğŸ»â€â„ beruang, beruang kutub, kutub lor, putih
ğŸ¨ beruang, koala
ğŸ¼ panda, rai
ğŸ¦¥ kesed, lelet, sloth
ğŸ¦¦ berang-berang, mancing, seneng dolanan
ğŸ¦¨ mambu, sigung
ğŸ¦˜ Australia, joey, kanguru, marsupial, mlumpat
ğŸ¦¡ luwak, luwak madu, ngganggu
ğŸ¾ cakar, dlamakan, tapak
ğŸ¦ƒ kalkun, unggas
ğŸ” pitik, unggas
ğŸ“ pitik jago, unggas
ğŸ£ bayi, kuthuk, netes, unggas
ğŸ¤ bayi, kuthuk, unggas
ğŸ¥ bayi, kuthuk, kuthuk madhep ngarep, unggas
ğŸ¦ manuk
ğŸ§ manuk, penguin
ğŸ•Š damai, dara, mabur, manuk
ğŸ¦… elang, manuk
ğŸ¦† bebek, unggas
ğŸ¦¢ angsa, banyak, bebek ala, unggas
ğŸ¦‰ guwek, manuk, wicaksana
ğŸ¦¤ gedhe, manuk dodo, Mauritus, punah
ğŸª¶ enteng, mabur, manuk, wulu
ğŸ¦© flamboyan, flamingo, tropis
ğŸ¦š manuk, merak, merak wadon, seneng pamer, umuk
ğŸ¦œ beo, manuk, omong, perompak
ğŸ¸ kodhok, rai
ğŸŠ baya
ğŸ¢ bulus, kura-kura, penyu
ğŸ¦ cecak
ğŸ Ophiuchus, sawer, sing nggawa, ula, zodiak
ğŸ² dongeng, naga, rai
ğŸ‰ dongeng, naga
ğŸ¦• brachiosaurus, brontosaurus, diplodocus, sauropod
ğŸ¦– T-Rex, Tyrannosaurus Rex
ğŸ³ nyembur, paus, rai
ğŸ‹ paus
ğŸ¬ fliper, lumba-lumba
ğŸ¦­ seal, singo laut
ğŸŸ iwak, Pisces, zodiak
ğŸ  iwak, tropis
ğŸ¡ buntal, iwak
ğŸ¦ˆ hiu, iwak
ğŸ™ gurita
ğŸš keong, spiral
ğŸŒ bekicot
ğŸ¦‹ endah, kupu, serangga
ğŸ› serangga, uler
ğŸœ semut, serangga
ğŸ lebah, lebah madu, serangga
ğŸª² ama, kumbang, serangga
ğŸ kepik, kepik pereng, kumbang, serangga
ğŸ¦— jangkrik, walang
ğŸª³ ama, coro, kecoak, serangga
ğŸ•· angga-angga, serangga
ğŸ•¸ angga-angga, jaring
ğŸ¦‚ kalajengking, scorpio, Scorpio, zodiakk
ğŸ¦Ÿ demam, lemut, malaria, penyakit, serangga, virus
ğŸª° ama, bosokan, laler, penyakit, set
ğŸª± anelid, cacing, cacing lemah, parasit
ğŸ¦  amuba, bakteri, mikroba, virus
ğŸ’ buket, kembang
ğŸŒ¸ kembang, mekar, sakura
ğŸ’® kembang, kembang putih
ğŸµ roseta, tanduran
ğŸŒ¹ kembang, mawar
ğŸ¥€ kembang, layu
ğŸŒº kembang, kembang sepatu
ğŸŒ» kembang, sengenge
ğŸŒ¼ kembang, sekar
ğŸŒ· kembang, tulip
ğŸŒ± cilik, pembibitan
ğŸª´ mboseni, ngopeni, omah, ora migunani, tanduran, tanduran njero adah, tukul
ğŸŒ² wit, wit cemara
ğŸŒ³ gogrok, rontok, wit, wit godhonge rontok
ğŸŒ´ kambil, wit
ğŸŒµ kaktus, tanduran
ğŸŒ¾ gandum, kuping, pari, pari saiket
ğŸŒ¿ godhong, jamu
â˜˜ semanggi, tanduran
ğŸ€ 4, godhong, papat, semanggi
ğŸ godhong, mapel, rontok
ğŸ‚ godhong, gogrok
ğŸƒ angin, godhong, godhong ngawe-awe kena angin, godhong ngawe-ngawe kena angin, ketiup, ngawe-awe
ğŸ‡ anggur, woh-wohan
ğŸˆ melon, woh-wohan
ğŸ‰ semangka, woh-wohan
ğŸŠ jeruk, jeruk keprok, woh-wohan
ğŸ‹ jeruk lemon, jeruk nipis, woh-wohan
ğŸŒ gedhang, woh-wohan
ğŸ nanas, woh-wohan
ğŸ¥­ pelem, tropis, woh-wohan
ğŸ abang, apel, woh-wohan
ğŸ apel, ijo, woh-wohan
ğŸ pir, woh-wohan
ğŸ‘ persik, woh-wohan
ğŸ’ abang, beri, ceri, woh ceri, woh-wohan
ğŸ“ beri, stroberi, woh-wohan
ğŸ« beri, bilberi, biru
ğŸ¥ kiwi, panganan, woh kiwi, woh-wohan
ğŸ… sayuran, tomat, woh-wohan
ğŸ«’ panganan, zaitun
ğŸ¥¥ kambil, palem, pina colada
ğŸ¥‘ avokad, pangan, woh-wohan
ğŸ† sayuran, terong, terung
ğŸ¥” kenthang, pangan, sayuran
ğŸ¥• pangan, sayuran, wortel
ğŸŒ½ jagung, klembak, maizena, tongkol jagung
ğŸŒ¶ lombok, pedhes
ğŸ«‘ kapsikum, lombok, paprika, sayuran
ğŸ¥’ acar, pangan, sayuran, timun
ğŸ¥¬ bok coi, kol, kubis, selada, selada ijo
ğŸ¥¦ brokoli, kubis liar
ğŸ§„ bawang putih, panyedhep rasa
ğŸ§… bawang bombai, panyedhep rasa
ğŸ„ jamur, jamur payung
ğŸ¥œ dhaharan, kacang, kacang brol, sayuran
ğŸŒ° kenari, tetuwuhan
ğŸ roti, sebata
ğŸ¥ dhaharan, kroasang, prancis, roti, roti gulung bulan sabit
ğŸ¥– baget, dhaharan, prancis, roti
ğŸ«“ roti arepa, roti lapash, roti naan, roti pita, roti warata
ğŸ¥¨ diuntir, pretsel
ğŸ¥¯ pabrik roti, roti bagel, roti semir
ğŸ¥ apem, dhaharan, krep, panekuk
ğŸ§‡ mangu-mangu, wafel, wesi
ğŸ§€ keju, keju sairis
ğŸ– balung, iwak daging, iwak daging sabalunge
ğŸ— balung, iwak ayam, pupu, sempol, unggas
ğŸ¥© bistik, daging sairis, iwak daging, samata
ğŸ¥“ bakon, daging, pangan
ğŸ” burger, hamburger
ğŸŸ balok kenthang goreng, goreng, kenthang balok
ğŸ• keju, pizza, sairis
ğŸŒ­ frankfurter, hot dog, hotdog, roti sosis, sosis
ğŸ¥ª roti, sendwich
ğŸŒ® pangan meksiko, tako
ğŸŒ¯ burito, dhaharan meksiko, sega bungkus roti
ğŸ«” dhaharan meksiko, kabungkus, tamale
ğŸ¥™ dhaharan, falafel, isi, kebab turki, kebab yunani, roti pita, roti pita gulung
ğŸ§† bakso, bakwan falafel, kacang garbanzo
ğŸ¥š dhaharan, ndhog
ğŸ³ masak, ndhog, nggoreng, wajan
ğŸ¥˜ dhaharan, jangan sawajan cethek, kaserol, paela, wajan, wajan cethek
ğŸ² jangan sapanci, panci, semur
ğŸ«• adah, keju, lumer, pondue, soklat, Swiss
ğŸ¥£ bubur, mangkok karo sendhok, sarapan, sereal
ğŸ¥— dhaharan, ijo-ijo, urap, urap-urap sayur
ğŸ¿ brondong jagung
ğŸ§ˆ mertega, olahan susu
ğŸ§‚ ubarampe, uyah, wadhah nyawur uyah
ğŸ¥« dhaharan kalengan, kaleng
ğŸ± bento, kothak, sakothak bento
ğŸ˜ krupuk, rengginan
ğŸ™ Jepang, sega, themlek
ğŸš mateng, sega
ğŸ› kare, sega
ğŸœ bakmi, kemepul, mangkok, ramen
ğŸ bakmi sepageti, pasta, sepageti
ğŸ  panggang, tela pendhem, tela pendhem panggang
ğŸ¢ iwak laut, kebab, oden, sate, sunduk
ğŸ£ susi
ğŸ¤ ebi, goreng, tempura, urang
ğŸ¥ bakso, bakso iwak Jepang, iwak, pastri
ğŸ¥® festival, kuwih bulan, musim gogrok, yuebing
ğŸ¡ dango, Jepang, legi, panganan manis, sate, sunduk
ğŸ¥Ÿ empanada, gyoza, jiaozi, pierogi, siomay, siomay goreng, siomay kukus
ğŸ¥  ramal, roti begja
ğŸ¥¡ kothak bungkus
ğŸ¦€ Cancer, palintangan, rajungan, yuyu
ğŸ¦ capit, iwak laut, lopster, sop bisque
ğŸ¦ cilik, dhaharan, urang, urang-urangan
ğŸ¦‘ cumi-cumi, pangan, sotong
ğŸ¦ª mutiyara, nyelam, tiram
ğŸ¦ alus, es, es krim salju, krim, legi, panganan manis
ğŸ§ es, es kokrok, es puter, legi, panganan manis
ğŸ¨ es, krim, legi, panganan manis
ğŸ© donat, legi, panganan manis
ğŸª biskwit, legi, panganan manis
ğŸ‚ ambal taun, kuwih, legi, panganan manis, pastri, pista, roti ambal taun
ğŸ° kuwih, kuwih lapis, legi, panganan manis, pastri, sairis
ğŸ§ kuwih mangkok, legi, roti-rotian
ğŸ¥§ isi, pai, pastri
ğŸ« legi, panganan manis, papan, sapapan soklat, soklat
ğŸ¬ legi, panganan manis, permen
ğŸ­ legi, panganan manis, permen, permen loli
ğŸ® ager-ager hungkwe, hungkwe, legi, panganan manis, podeng
ğŸ¯ legi, madu, satoples madu, toples
ğŸ¼ bayi, botol, botol kempong, susu, unjukan
ğŸ¥› gelas, sagelas susu, susu, unjukan
â˜• kemepul, kopi, panas, teh, unjukan, wedang
ğŸ«– adah, ceret, teh, unjukan
ğŸµ cangkir, cangkir teh tanpa kuping, teh, unjukan, wedang
ğŸ¶ bar, botol, cangkir, sabotol sake, sake, unjukan, wedang
ğŸ¾ bar, botol, botol mencelat subale, mencelat, subal botol, unjukan
ğŸ· anggur, bar, gelas, unjukan, wedang
ğŸ¸ bar, gelas, koktail, unjukan
ğŸ¹ bar, tropis, unjukan, unjukan cara tropis
ğŸº bar, bir, gelas bir, unjukan
ğŸ» bar, bir, gelas bir, gelas bir ditutulake, gelas-gelas bir ditutulake, mak thing, unjukan
ğŸ¥‚ gelas, gelas-gelas ditutulke, mak thing, pista, unjukan
ğŸ¥ƒ anggur, gelas, sloki, unjukan
ğŸ¥¤ gelas mawa sedhotan, soda, wedang jus
ğŸ§‹ mutiyara, plembungan, susu, teh, teh kocok
ğŸ§ƒ jus kothakan, wedang kothakan
ğŸ§‰ teh mate, unjukan
ğŸ§Š adhem, es, es batu
ğŸ¥¢ hashi, sumpit
ğŸ½ garpu, masak, peso, piring, sendhok garpu sapiringe
ğŸ´ garpu, garpu lan peso, masak, peso, sendhok garpu
ğŸ¥„ pranti dhahar, sendhok
ğŸ”ª alat, gaman, hocho, masak, peso, peso dhapur
ğŸº amphora, Aquarius, guci kuping loro, masak, palintangan, teko, unjukan
ğŸŒ Afrika, bumi, donya, Eropa, globe, globe sing nuduhake benua Eropa-Afrika
ğŸŒ Amerika, bumi, donya, globe, globe sing nuduhake benua Amerika
ğŸŒ Asia, Australia, bumi, donya, globe, globe sing nuduhake benua Asia-Australia
ğŸŒ bumi, donya, globe, globe mawa garis meridian, meridian
ğŸ—º donya, peta
ğŸ—¾ Jepang, peta
ğŸ§­ kompas, magnetik, navigasi, pangarahan
ğŸ” adhem, gunung, gunung punthuke katutup salju, salju
â›° gunung
ğŸŒ‹ gunung, gunung geni, njeblug
ğŸ—» fuji, gunung
ğŸ• kemah
ğŸ– pasisir, pasisir karo payung tumancep, payung
ğŸœ ara-ara
ğŸ ara-ara, pulo
ğŸ taman, taman nasional
ğŸŸ stadion
ğŸ› kuna, wewangunan kuna
ğŸ— konstruksi, konstruksi wewangunan
ğŸ§± bata, lempung, semen, tembok
ğŸª¨ abot, atos, watu, watu gedhe
ğŸªµ kayu, kayu log, kayu tugelan, kayu ulahan
ğŸ›– omah, omah bunder, pondhok, yurt
ğŸ˜ omah-omah
ğŸš bobrok, omah
ğŸ  omah, padunungan
ğŸ¡ kebon, omah, omah ana kebone, padunungan
ğŸ¢ wewangunan, wewangunan kantor
ğŸ£ Jepang, kantor pos ing Jepang, pos
ğŸ¤ Jepang, kantor pos ing Eropa, pos
ğŸ¥ dhokter, griya sakit, obat
ğŸ¦ bank, wewangunan
ğŸ¨ hotÃ¨l, wewangunan, wewangunan hotel
ğŸ© hotel, hotel sewan miturut jam, miturut jam
ğŸª minimarket, toko
ğŸ« sekolahan, wewangunan
ğŸ¬ supermarket, toko
ğŸ­ pabrik, wewangunan
ğŸ¯ Jepang, puri
ğŸ° Eropa, puri
ğŸ’’ greja, ngantenan, pepasangan
ğŸ—¼ menara, Tokyo
ğŸ—½ kamardhikan, patung, Patung Liberti
â›ª agama, greja, Kristen, salib
ğŸ•Œ agama, Islam, mesjid, Muslim
ğŸ›• Hindu, pura
ğŸ• agama, kuil, sinagoga, wong Yahudi, Yahudi
â›© agama, kuil, Shinto
ğŸ•‹ agama, Islam, Kakbah, Muslim
â›² banyu muncrat
â›º kemah, tendha
ğŸŒ katutup pedhut, pedhut
ğŸŒƒ bengi, bengi ana lintang, lintang
ğŸ™ gedhung-gedhung anyakar mega, kutha
ğŸŒ„ esuk, gunung, srengenge, srengenge mlethek, srengenge mlethek sadhuwuring kendheng
ğŸŒ… esuk, srengenge, srengenge mlethek
ğŸŒ† bawana, gedhung-gedhung wayah sandhekala, kutha, sandhekala, sore, srengenge mudhun
ğŸŒ‡ sandhekala, srengenge, srengenge mudhun
ğŸŒ‰ bengi, kreteg, kreteg ing wayah bengi
â™¨ kemepul, panas, tuk, tuk banyu panas
ğŸ  jaran, jaran komidhi puter, komidhi puter
ğŸ¡ jinantra, rodha, taman hiburan
ğŸ¢ kreta, sluncur, taman hiburan
ğŸ’ˆ cukur rambut, panandha, panandha kiyose tukang cukur, tukang cukur
ğŸª sirkus, tendha
ğŸš‚ jalur ril, lokomotip, mesin, sepur, uwap
ğŸšƒ bis jalur ril, bis troli, jalur ril, listrik, montor, sepur
ğŸš„ jalur ril, kacepetan, sepur, sepur rikat, shinkansen
ğŸš… jalur ril, kacepetan, pelor, sepur, shinkansen
ğŸš† jalur ril, sepur
ğŸš‡ metro, sepur metro, sepur ngisor lemah
ğŸšˆ jalur ril, sepur LRT
ğŸš‰ jalur ril, sepur, setasiun
ğŸšŠ bis troli, trem
ğŸš monoril, tetumpakan
ğŸš gunung, jalur ril, jalur sepur nggunung, montor
ğŸš‹ bis troli, montor, trem
ğŸšŒ bis, tetumpakan
ğŸš bis, bis katon mara, mara
ğŸš bis, trem, troli
ğŸš bis, bis cilik
ğŸš‘ ambulan, tetumpakan
ğŸš’ blamwir, kobongan, trek
ğŸš“ montor, patroli, pulisi
ğŸš” mara, montor, montor pulisi katon mara, pulisi
ğŸš• taksi, tetumpakan
ğŸš– mara, taksi
ğŸš— montor, montor otomatis
ğŸš˜ mara, montor, montor otomatis, montor otomatis mara
ğŸš™ rekreasi, srana ulah raga, tetumpakan srana ulah raga
ğŸ›» methuk, pikep, trek
ğŸšš pangiriman, prahoto
ğŸš› lori, lori gandheng, prahoto, separo
ğŸšœ tetumpakan, traktor
ğŸ balapan, montor, montor balap
ğŸ balapan, pit montor
ğŸ›µ pespa, pit
ğŸ¦½ kalancaran, kursi rodha manual
ğŸ¦¼ kalancaran, kursi rodha mesin
ğŸ›º bemo, bemo tuk tuk
ğŸš² pit, sepedha
ğŸ›´ jejek, otopet
ğŸ›¹ papan, papan skate
ğŸ›¼ gulungan, sepatu rodha
ğŸš bis, halte bis, mandheg
ğŸ›£ dalan, dalan gedhe, dalan tol
ğŸ›¤ jalur ril, jalur sepur, sepur
ğŸ›¢ drim, lenga
â›½ bensin, disel, gas, pom, pompa
ğŸš¨ cemlorot, lampu, montor, mubeng-mubeng, pulisi
ğŸš¥ aba-aba, lalu lintas, lampu, lampu bangjo turu
ğŸš¦ aba-aba, lalu lintas, lampu, lampu bangjo ngadeg
ğŸ›‘ mandheg, oktagonal, setop, tandha
ğŸš§ konstruksi, pager wates
âš“ jangkar, kapal, pralatan
â›µ kapal layar, prau, prau layar, resor, segara
ğŸ›¶ kano, prau
ğŸš¤ kapal rikat, prau
ğŸ›³ kapal, panumpang
â›´ feri, kapal, panumpang
ğŸ›¥ kapal, kapal motor
ğŸš¢ kapal, kapal gedhe, panumpang
âœˆ montor mabur
ğŸ›© montor mabur, montor mabur cilik
ğŸ›« cek in, mangkat, montor mabur, montor mabur mangkat
ğŸ›¬ montor mabur, montor mabur teka, ndharat, tekan
ğŸª‚ parasit, skydive, terjun payung
ğŸ’º kursi, lungguhan
ğŸš helikopter, tetumpakan
ğŸšŸ jalur ril, jalur ril suspensi, suspensi
ğŸš  gantole, gunung, jalur kabel gunung, kabel
ğŸš¡ gantole, jalur trem, jalur trem nggantung, kabel, montor, nggantung
ğŸ›° antariksa, satelit
ğŸš€ antariksa, roket
ğŸ›¸ piring mabur, UFO
ğŸ› bel, bel leladen, hotel
ğŸ§³ koper, lelungan, ngepak
âŒ› jam pasir tuntas, pangatur wektu, pasir
â³ jam pasir, jam pasir isih mlaku, pangatur wektu, pasir
âŒš erloji, jam
â° jam, weker
â± jam, pangatur wektu
â² jam, jam pangatur wektu, pangatur wektu
ğŸ•° jam, jam dhudhuk kuna
ğŸ•› 00, 12, 12:00, jam, rolas, theng
ğŸ•§ 12, 12:30, jam, setengah, siji
ğŸ• 00, 1, 1:00, jam, siji, theng
ğŸ•œ 1, 1:30, jam, loro, setengah
ğŸ•‘ 00, 2, 2:00, jam, loro, theng
ğŸ• 2, 2:30, jam, setengah, telu
ğŸ•’ 00, 3, 3:00, jam, telu, theng
ğŸ• 3, 3:30, jam, papat, setengah
ğŸ•“ 00, 4, 4:00, jam, papat, theng
ğŸ•Ÿ 4, 4:30, jam, lima, setengah
ğŸ•” 00, 5, 5:00, jam, lima, theng
ğŸ•  jam enem, jam setengah enem
ğŸ•• 00, 6, 6:00, enem, jam, theng
ğŸ•¡ 6, 6:30, jam, pitu, setengah
ğŸ•– 00, 7, 7:00, jam, pitu, theng
ğŸ•¢ 7, 7:30, jam, setengah, wolu
ğŸ•— 00, 8, 8:00, jam, theng, wolu
ğŸ•£ 8, 8:30, jam, sanga, setengah
ğŸ•˜ 00, 9, 9:00, jam, sanga, theng
ğŸ•¤ 9, 9:30, jam, sepuluh, setengah
ğŸ•™ 00, 10, 10:00, jam, sepuluh, theng
ğŸ•¥ 10, 10:30, jam, setengah, sewelas
ğŸ•š 00, 11, 11:00, jam, sewelas, theng
ğŸ•¦ 11, 11:30, jam, rolas, setengah
ğŸŒ‘ bulan, bulan kawitan, peteng
ğŸŒ’ bulan, bulan tanggal sepisan, padhange nambah sithik-sithik, tanggal sepisan
ğŸŒ“ bulan, separo
ğŸŒ” bulan, bulan separo luwih, padhange meh kebak, padhange sithik-sithik
ğŸŒ• bulan, purnama, purnama sidi
ğŸŒ– bulan, bulan ilang seprapat, padhange ilang sithik-sithik, padhange meh kebak
ğŸŒ— bulan, bulan peteng separo, separo
ğŸŒ˜ bulan, bulan gari seprapat, padhange ilang sithik-sithik, seprapat
ğŸŒ™ bulan, bulan nanggal sepisan
ğŸŒš bulan, rai, rai bulan kawitan
ğŸŒ› bulan, rai, rai bulan separo marep ngiwa, separo
ğŸŒœ bulan, rai, rai bulan separo marep nengen, separo
ğŸŒ¡ cuaca, termometer
â˜€ clorot, ketiga, padhing, srengenge
ğŸŒ bulan, padhang, purnama, rai, rai purnama sidi
ğŸŒ padhang, rai, srengenge, srengenge katon raine
ğŸª planet anganggo ali-ali, saturnus, wong sing lairane ketiban sipating saturnus
â­ lintang
ğŸŒŸ clorot, kelip-kelip, kerlip-kerlip, lintang, lintang cemlorot
ğŸŒ  buntut, lintang, lintang abuntut, tumiba
ğŸŒŒ antariksa, bima sekti
â˜ cuaca, mega mendhung, mendhung
â›… mega, srengenge, srengenge saburine mega
â›ˆ bledhek, mega, mega ngemu bledhek lan udan, udan
ğŸŒ¤ mega, srengenge, srengenge saburine mega cilik
ğŸŒ¥ mega, srengenge, srengenge saburine mega gedhe
ğŸŒ¦ mega, srengenge, srengenge saburine mega ngemu udan, udan
ğŸŒ§ mega, mega ngemu udan, udan
ğŸŒ¨ adhem, mega, mega ngemu salju, salju
ğŸŒ© bledhek, mega, mega ngemu bledhek
ğŸŒª angin puyuh, mendhung, tornado
ğŸŒ« mega, pedhut
ğŸŒ¬ angin, mega, nyebul, rai, rai anyebul angin
ğŸŒ€ angin ribut, angin siklon, muser-muser, siklon, topan, tornado
ğŸŒˆ kluwung, plangi, udan
ğŸŒ‚ payung, payung mingkup, sandhangan, udan
â˜‚ payung, sandhangan, udan
â˜” payung, payung ketiban udan, sandhangan, tletik, udan
â›± payung, payung tumancep lemah, srengenge, udan
âš¡ bebaya, bledhek, listrik, mak byar, tegangan, tegangan dhuwur
â„ adhem, salju, satesing salju
â˜ƒ adhem, salju, wong-wongan salju
â›„ adhem, salju, wong-wongan salju, wong-wongan salju tanpa salju
â˜„ antariksa, komet
ğŸ”¥ bekakas, geni, mbulating geni
ğŸ’§ adhem, komik, kringet, tes, tesing
ğŸŒŠ banyu, ombak, segara
ğŸƒ halloween, jack, jack-o-lantern, lampion jack-o-lantern, lampion labu, perayaan
ğŸ„ Natal, perayaan, uwit, Uwit Natal
ğŸ† kembang api, perayaan
ğŸ‡ bang api, kembang api, mbang api, mletik, perayaan
ğŸ§¨ bahan peledak, dinamit, kembang api, petasan
âœ¨ *, bang api, lintang, mbang api
ğŸˆ balon, perayaan
ğŸ‰ hiasan, perayaan, pesta, riasan
ğŸŠ balon, konfeti, perayaan
ğŸ‹ Jepang, perayaan, spanduk, wit, wit tanabata
ğŸ bambu, dekorasi pinus, Jepang, perayaan, pinus
ğŸ boneka, festival, Jepang, perayaan
ğŸ gendera, koinobori, perayaan
ğŸ angin, klinthingan, lonceng, perayaan
ğŸ‘ mbulan, perayaan, upacara, upacara nyawang mbulan
ğŸ§§ andum pandonga, ang pao, dhuwit, hongbao, kado, lai see
ğŸ€ perayaan, pita
ğŸ bingkisan, dibungkus, kado, kothak, perayaan
ğŸ— pangeling, perayaan, pita
ğŸŸ mlebu, tiket
ğŸ« mlebu, tiket
ğŸ– medali, militer, perayaan
ğŸ† hadiah, trofi
ğŸ… medali, medali olahraga
ğŸ¥‡ emas, kasiji, medali, medali juara ka-1
ğŸ¥ˆ kaloro, medali, medali juara ka-2, perak
ğŸ¥‰ katelu, medali, medali juara ka-3, tembaga
âš½ bal, bal sepak bola, sepak bola, sepak bola amerika
âš¾ bal, bisbol
ğŸ¥ bal, kelek, sarung tangan, sofbol
ğŸ€ bal, bola basket, mlumpat
ğŸ bal, game, voli
ğŸˆ amerika, bal, sepak bola, sepak bola amerika
ğŸ‰ bal, rugby, sepak bola, sepak bola rugby
ğŸ¾ bal, raket, tenis
ğŸ¥ cakram mabur, mutakhir
ğŸ³ bal, boling, game
ğŸ bal, bat, game, game kriket
ğŸ‘ bal, game, hoki, lapangan, tongkat
ğŸ’ es, game, hoki, puk, tongkat
ğŸ¥ bal, gol, lacrosse, tongkat
ğŸ“ bal, bat, dayung, ping pong, tenis meja
ğŸ¸ badminton, game, kok, manuk, raket
ğŸ¥Š sarung tangan, sarung tangan tinju, tinju
ğŸ¥‹ bela diri, judo, karate, sragam, sragam bela diri, taekwondo
ğŸ¥… gawang, jaring
â›³ bolongan, gendera golf, golf
â›¸ es, luncur es
ğŸ£ iwak, tongkat, tongkat pancing
ğŸ¤¿ masker nyilem, nyilem, skuba, snorkeling
ğŸ½ atletik, kaos, mlayu, selempang
ğŸ¿ luncur ski, salju, ski
ğŸ›· kreta luncur, kreta salju, kreta salju ditarik jaran
ğŸ¥Œ game, watu cadhas, watu curling stone
ğŸ¯ dart, kena, kena sasaran, target, tepat sasaran
ğŸª€ dolanan, yoyo
ğŸª layangan, mabur, nglayang
ğŸ± 8, bal, bilyar, game, pool bal 8, wolu
ğŸ”® bal, dongeng, fantasi, kristal, perkakas, raja brana
ğŸª„ penyihir, sihir, tongkat sihir, tuntunan
ğŸ§¿ azimat, jimat nazar, manik-manik, mantra, mata setan, nazar
ğŸ® game, game video, pangontrol
ğŸ•¹ game, game video, tuas kontrol
ğŸ° game, mesin slot, slot
ğŸ² dhadhu, game
ğŸ§© cuwilan teka-teki, jigsaw, kemunci, pituduh, potongan, teka-teki
ğŸ§¸ alat dolanan, beruang teddy, dijejeli, dolanan, mewah
ğŸª… pinata, pista, prayaan
ğŸª† boneka, nyusuh, rusia
â™  game, kertu, kertu sekop
â™¥ game, kertu, kertu ati
â™¦ game, kertu, kertu berlian
â™£ game, kertu, kertu waru
â™Ÿ bisa dibuwang, catur, dupe, pion
ğŸƒ game, joker, kertu, kertu liar
ğŸ€„ abang, game, mahyong, naga abang mahyong
ğŸ´ dolanan, game, Jepang, kembang, kertu, kertu gambar kembang
ğŸ­ pagelaran, seni, teater, topeng
ğŸ–¼ gambar, gambar nganggo pigura, lukisan, museum, pigura, seni
ğŸ¨ lukisan, museum, palet, palet pelukis, seni
ğŸ§µ benang, dom, njait, senar, sepul
ğŸª¡ babakan jait, jait, jaitan, jarum, sulaman
ğŸ§¶ bal, bolah, rajut, renda
ğŸª¢ benang, dasi, ditaleni, kusut, simpul, tali
ğŸ‘“ kaca tingal, kacamata, mata, panganggo mripat, sandangan
ğŸ•¶ kacamata, kacamata ireng, mripat, panganggo mripat, peteng
ğŸ¥½ gogel, ngelas, nglangi, proteksi mripat
ğŸ¥¼ dokter, eksperimen, ilmuwan, jas lab
ğŸ¦º darurat, keslametan, rompi
ğŸ‘” dasi, sandhangan
ğŸ‘• kaos, kaos lengen cendhak, kaus, sandhangan
ğŸ‘– jins, kathok, kathok dawa, sandhangan
ğŸ§£ gulu, skarf
ğŸ§¤ sarung tangan, tangan
ğŸ§¥ jaket, mantel
ğŸ§¦ kaos sikil, stoking
ğŸ‘— rok, sandhangan
ğŸ‘˜ kimono, sandhangan
ğŸ¥» rok, sandhangan, sari
ğŸ©± klambi adus, klambi nglangi terusan
ğŸ©² kathok njero, klambi nglangi, klambi njero, mantel adus, terusan
ğŸ©³ kathok, kathok cendhak, klambi adus, klambi njero
ğŸ‘™ bikini, nglangi, sandhangan
ğŸ‘š sandhangan, sandhangan wong wadon, wong wadon
ğŸ‘› koin, sandhangan, tas
ğŸ‘œ sandhangan, tas, tas tangan
ğŸ‘ dompet, sandhangan, tas, tas jinjing
ğŸ› blanja, hotel, tas
ğŸ’ ransel, sekolah, tas, tas cangklong, tas gendhong
ğŸ©´ japit, sandal, sandal gisik, sandal zori
ğŸ‘ lanang, sandhangan, sepatu lanang
ğŸ‘Ÿ atletik, kets, sandhangan, sepatu, sepatu mlayu
ğŸ¥¾ backpacking, bot, hiking, kemping, sepatu bot hiking
ğŸ¥¿ pantofel, selop, sepatu trepes, trepes balet
ğŸ‘  hak, sandhangan, sepatu, sepatu hak dhuwur, wadon
ğŸ‘¡ sandhal, sandhangan, sepatu, wadon
ğŸ©° balet, sepatu balet, tarian
ğŸ‘¢ bot, sandhangan, sepatu, wadon
ğŸ‘‘ makutha, raja, ratu, sandhangan
ğŸ‘’ sandhangan, topi, wadon
ğŸ© dhuwur, sandhangan, sepatu dhuwur, topi
ğŸ“ perayaan, sandhangan, topi, wisuda
ğŸ§¢ topi bisbol, topi pet
ğŸª– bala, helm, militer, prejurit, wira
â›‘ bantuan, helm, helm tim SAR, palang, rai, topi
ğŸ“¿ agama, kalung, manik-manik, sandhangan, tesbih
ğŸ’„ kosmetik, lipstik, riasan
ğŸ’ ali-ali, berlian
ğŸ’ berlian, permata, ratna, watu permata
ğŸ”‡ anteng, bisu, meneng, speaker
ğŸ”ˆ alus, volume lirih speaker
ğŸ”‰ medium, volume medium speaker
ğŸ”Š sero, volume banter speaker
ğŸ“¢ sero, speaker sero, wara-wara
ğŸ“£ megapon, sorak-sorak
ğŸ“¯ pos, trompet
ğŸ”” lonceng
ğŸ”• anteng, bisu, larangan, lonceng, lonceng kacorek, meneng
ğŸ¼ musik, notasi
ğŸµ musik, tangga nada, tangga nada musik
ğŸ¶ musik, tangga nada, tangga nada musik
ğŸ™ mik, mikropon, musik, studio
ğŸš musik, panggeser, tingkat
ğŸ› kenop, kontrol, musik
ğŸ¤ karaoke, mik, mikropon
ğŸ§ earbud, headphone
ğŸ“» radio, video
ğŸ· instrumen, musik, saks, saksofon
ğŸª— akordion, konser, kotak pamerasan
ğŸ¸ gitar, instrumen, musik
ğŸ¹ instrumen, kibor, musik, piano
ğŸº instrumen, musik, trompet
ğŸ» biola, instrumen, musik
ğŸª• dawai, gitar banjo, musik
ğŸ¥ dram, musik, stik dram
ğŸª˜ dram, irama, kendhang, konga, nabuh
ğŸ“± sel, seluler, telepon, telpon
ğŸ“² nampa, panah, sel, seluler, telepon, telepon seluler nganggo panah
â˜ telepon, telpon
ğŸ“ gagang, telepon, telpon
ğŸ“Ÿ penyeranta
ğŸ“  faks, mesin faks
ğŸ”‹ baterai
ğŸ”Œ colokan, kelistrikan, listrik
ğŸ’» komputer, komputer laptop, pc, personal
ğŸ–¥ desktop, komputer
ğŸ–¨ komputer, printer
âŒ¨ keyboard, komputer
ğŸ–± komputer, mouse komputer
ğŸ–² trakbal, trakbal komputer
ğŸ’½ cakram, cakram cilik, komputer, optik
ğŸ’¾ disket, flopi, komputer
ğŸ’¿ cakram, cd, komputer, optikal
ğŸ“€ blu-ray, cakram, dvd, komputer, optikal
ğŸ§® itung-itungan, sempoa
ğŸ¥ film, kamera, sinema
ğŸ film, klise, sinema
ğŸ“½ film, proyektor, sinema, vidio
ğŸ¬ aba-aba, film, papan aba-aba adhegan
ğŸ“º radio, televisi, tv
ğŸ“· kamera, vidio
ğŸ“¸ kamera, kamera mawa lampu jepret, lampu jepret, vidio
ğŸ“¹ kamera, vidio
ğŸ“¼ kaset vidio, tape, vhs, vidio
ğŸ” kaca, nggedhekkake, nggoleki, pranti, suryakantha minger ngiwa
ğŸ” kaca, nggedhekkake, nggoleki, pranti, suryakantha minger nengen
ğŸ•¯ cahya, lilin
ğŸ’¡ bohlam, cahya, elektrik, ide, komik
ğŸ”¦ cahya, elektrik, lampu sorot, pranti, senter
ğŸ® abang, bar, cahya, lampion, lampion kertas abang
ğŸª” diyan, lampu, minyak
ğŸ“” buku, kanthong wadhah, motif, notebook, notebook wadhahe motif apik
ğŸ“• buku, nutup, tutup buku
ğŸ“– buku, mbukak
ğŸ“— buku, ijo
ğŸ“˜ biru, buku
ğŸ“™ buku, buku kunir, werna kunir
ğŸ“š buku, buku-buku
ğŸ““ notebook
ğŸ“’ buku besar, notebook
ğŸ“ƒ dokumen, klunthung, lembaran, salembar kertas nglunthung
ğŸ“œ gulungan, kertas
ğŸ“„ dhokumen, lembaran, lembaran kertas katon ngarep
ğŸ“° kabar, kertas, koran
ğŸ— digulung, kabar, kertas, koran
ğŸ“‘ panandha, tandha, tenger, tetenger
ğŸ”– tandha, tenger
ğŸ· label tenger
ğŸ’° dhuwit, dolar, kanthong
ğŸª™ bandha, duwit, emas, koin, logam, perak
ğŸ’´ dhuwit, dhuwit kertas, dhuwit kertas yen, mata uang, yen
ğŸ’µ dhuwit, dhuwit kertas, dhuwit kertas dolar, euro, mata uang
ğŸ’¶ dhuwit kertas, dhuwit kertas euro, euro, mata uang
ğŸ’· dhuwit, kertas, mata uang, ponsterling
ğŸ’¸ dhuwit, dhuwit kertas, dhuwit nduwe swiwi, mabur, swiwi
ğŸ’³ dhuwit, kertu, kredhit
ğŸ§¾ akuntansi, bukti, kwitansi, pembukuan, struk tetukon
ğŸ’¹ dhuwit, grafik, grafik mata uang yen mundhak, mundhak, yen
âœ‰ amplop, email, layang
ğŸ“§ e-mail, email, layang, surat
ğŸ“¨ amplop, amplop layang teka, e-mail, email, katampa, layang teka
ğŸ“© amplop, amplop mawa panah, e-mail, email, layang kakirim, panah
ğŸ“¤ baki, kakirim, kothak, layang, surat, wadhah layang kakirim
ğŸ“¥ baki, katampa, kothak, kothak layang teka, layang, surat
ğŸ“¦ kothak, paket, parsel
ğŸ“« kothak pos, kothak surat, kothak surat nutup genderane ngadeg, layang, nutup
ğŸ“ª kothak pos, kothak surat, kothak surat nutup genderane mudhun, layang, mudhun, nutup
ğŸ“¬ kothak pos, kothak surat, kothak surat menga genderane ngadeg, layang, menga
ğŸ“­ kothak pos, kothak surat, kothak surat menga genderane mudhun, layang, menga, mudhun
ğŸ“® kothak pos, kothak surat, layang
ğŸ—³ kothak, kothak pemilu mawa layang swara, layang swara
âœ potlot
âœ’ dom mangsi, dom mangsi ireng, ireng, pen
ğŸ–‹ isen mangsi, pen, pen mangsi
ğŸ–Š bolpen, pen
ğŸ–Œ kuwas, kuwas kanggo nglukis, nglukis
ğŸ– krayon
ğŸ“ cathetan cilik, memo, potlot
ğŸ’¼ tas koper
ğŸ“ berkas, map
ğŸ“‚ berkas, map, mbukak
ğŸ—‚ indeks, kertu, pambagi
ğŸ“… tanggal, tanggalan
ğŸ“† tanggalan, tanggalan suwek
ğŸ—’ buku, cathetan, lemek, spiral
ğŸ—“ lemek, spiral, tanggalan
ğŸ“‡ indeks, kertu, rolodeks
ğŸ“ˆ grafik, grafik mundhak, mendhuwur, munggah, tren
ğŸ“‰ grafik, mudhun, tren
ğŸ“Š balok, grafik
ğŸ“‹ papan lemek
ğŸ“Œ pines
ğŸ“ pines bendhul
ğŸ“ klip kertas
ğŸ–‡ klip kertas, klip kertas karonce, ngronce
ğŸ“ garisan, garisan jejeg, pinggir jejeg
ğŸ“ garisan, garisan pesagi telu, pesagi telu, saprangkat
âœ‚ gunting, ngethok, pranti
ğŸ—ƒ berkas, kertu, kothak
ğŸ—„ berkas, panyimpenan berkas, slorogan
ğŸ—‘ kranjang sampah
ğŸ”’ gembok ngunci, nggembok, nutup
ğŸ”“ gembok mbukak, kunci, nggembok
ğŸ” dom mangsi, gembok, gembok nutup karo pen, mangsi, pen, privasi
ğŸ” aman, gembok, gembok nutup karo kunci, kunci, nutup
ğŸ”‘ gembok, kunci, ukara sandhi
ğŸ— gembok, kuna, kunci, pituduh
ğŸ”¨ bekakas, pukul
ğŸª“ belah, kampak, kampak cilik, kayu, plathok
â› bekakas, nambang, pipril
âš’ bekakas, pipril, pukul, pukul lan pipril
ğŸ›  bekakas, kunci inggris, kunci pas, pukul, pukul lan kunci pas
ğŸ—¡ gegaman, pedhang endhek, peso
âš” gegaman, pedhang, pedhang loro timpuk, timpuk
ğŸ”« bedhil, gegaman, pistul, pranti, revolver, senjata
ğŸªƒ bumerang, kumandang, mantul, ostrali
ğŸ¹ gendewa, gendewa lan panah, palintangan, pamanah, panah, Sagittarius
ğŸ›¡ gegaman, tameng
ğŸªš bekakas, graji, kayu, tukang kayu
ğŸ”§ bekakas, kunci inggris, kunci pas
ğŸª› bekakas, obeng
ğŸ”© baut, bekakas, mur, mur lan baut
âš™ bekakas, gir, ring gir
ğŸ—œ bekakas, cathok, penet
âš– adil, imbang, Libra, palintangan, timbangan
ğŸ¦¯ kalancaran, teken, wuta
ğŸ”— sambungan rante
â›“ rante
ğŸª bengkok, kurpa, nangkap, pancing, panjerat, seng utama
ğŸ§° bekakas, kothak bekakas, montir, pethi
ğŸ§² magnet, tapal jaran, tarik-tinarik, wesi magnet
ğŸªœ anak ondo, menek, ondo
âš— alembik, kimia, pranti, pranti suling alembik
ğŸ§ª ahli kimia, eksperimen, kimia, laborat, sains, tabung reaksi
ğŸ§« ahli biologi, bakteri, biologi, cawan petri, kultur, laborat
ğŸ§¬ adn, ahli biologi, evolusi, gen, genetik, kauripan
ğŸ”¬ mikroskop, pranti, sains
ğŸ”­ pranti, sains, teleskop
ğŸ“¡ antena, parabola, satelit
ğŸ’‰ bat, dom, lara, siring, suntik
ğŸ©¸ donor getih, menstruasi, obat, satetes getih
ğŸ’Š dhokter, lara, obat, pil
ğŸ©¹ perban, plester
ğŸ©º dhokter, jantung, obat, stetoskop
ğŸšª lawang
ğŸ›— kalancaran, munggah, ngangkat, ondo mlaku
ğŸª kaca pangilon, mantul, pamantulan, spekulum
ğŸªŸ cendela, mbukak, pamandangan, pigura, tembus cahya, udara seger
ğŸ› amben, hotel, turu
ğŸ›‹ hotel, lampu, sofa, sofa lan lampu
ğŸª‘ jagongan, kursi, njagong
ğŸš½ kakus
ğŸª  kakus, panyedot kakus, panyedotan, tukang pipa
ğŸš¿ banyu, pancuran
ğŸ› adus, bak kungkum
ğŸª¤ pangikat, panjebak, panjebak tikus, umpan
ğŸª’ cukur, landhep, peso cukur
ğŸ§´ botol losion, krim kulit, losion, sampo, tabir surya
ğŸ§· peniti, popok, punk rock
ğŸ§¹ nyapu, penyihir, reresik, sapu
ğŸ§º kranjang, kumbahan, piknik, tani
ğŸ§» lap tisu, tisu gulung, tisu wese
ğŸª£ ember, gendul, timba, tong
ğŸ§¼ adus, kothak, reresik, sabun, sabunan, wadhah sabun
ğŸª¥ dental, papan adus, resik, resikan, sikat, untu
ğŸ§½ bolong-bolong, nyerep, reresik, sepon
ğŸ§¯ geni, mateni, mbasmi, pambasmi geni
ğŸ›’ blanja, troli
ğŸš¬ ngrokok, rokok
âš° pati, pethi mati
ğŸª¦ kijeng, kuburan, pakuburan
âš± awu, guci, pamulasaran, pati
ğŸ—¿ moai, moyai, patung, rai
ğŸª§ demontrasi, piket, plakat, protes, tandha
ğŸ§ atm, bank, otomatis, tandha ATM, teller
ğŸš® rereged, tandha mbuwang rereged ing wadhahe, wadhah sampah
ğŸš° banyu, banyu kran kena diombe, ngombe, ombe langsung
â™¿ dalan, tandha kursi rodha
ğŸš¹ jumbleng, lanang, pakiwan, wese
ğŸšº jumbleng, pakiwan, wadon, wese
ğŸš» jumbleng, pakiwan, wese
ğŸš¼ bayi, nyalini bayi, tandha bayi
ğŸš¾ banyu, jedhing, jumbleng, pakiwan, wese
ğŸ›‚ pamriksan, paspor, priksa paspor
ğŸ›ƒ pabean
ğŸ›„ koper, njupuk
ğŸ›… koper, koper ditinggal, loker
âš  pepenget
ğŸš¸ bocah, lalu lintas, sabrangan bocah, sabrangan bocah sekolah, wong mlaku
â›” aja, lalu lintas, larangan, mlebu, ora kena
ğŸš« aja, larangan, mlebu, ora kena
ğŸš³ aja, larangan, pit, pit ora kena liwat, sepedha
ğŸš­ aja, larangan, ngrokok, ora kena, ora kena ngrokok
ğŸš¯ aja, larangan, ora kena, ora kena mbuwang sampah, rereged, sampah
ğŸš± banyu, banyu kran ora kena diombe, ora diombe langsung
ğŸš· aja, larangan, ora kena, wong mlaku, wong mlaku ora kena liwat
ğŸ“µ aja, hp, larangan, ora kena nguripke hp, ponsel, telpun
ğŸ” 18, durung cukup umur, larangan, sing umur sangisore 18 ora kena, wates umur, wolulas
â˜¢ radhioaktip, tandha
â˜£ bebaya hayati, tandha
â¬† arah, kardinal, lor, panah, panah munggah
â†— arah, interkardinal, lor-wetan, panah, panah munggah-nengen
â¡ arah, kardinal, panah, panah nengen, wetan
â†˜ arah, interkardinal, panah, panah mudhun-nengen, wetan-kidul
â¬‡ arah, kardinal, kidul, panah, panah mudhun
â†™ arah, interkardinal, kidul-kulon, panah, panah mudhun-ngiwa
â¬… arah, kardinal, kulon, panah, panah ngiwa
â†– arah, interkardinal, kulon-lor, panah, panah munggah-ngiwa
â†• panah, panah munggah-mudhun
â†” panah, panah ngiwa-nengen
â†© panah, panah nengen menggok ngiwa
â†ª panah, panah ngiwa menggok nengen
â¤´ panah, panah nengen menggok munggah
â¤µ panah, panah nengen menggok mudhun
ğŸ”ƒ arah ubenge jam, ngisi maneh, panah, panah ngadeg arahe padha ubenge jam
ğŸ”„ panah, tombol panah arahe walikan ubenge jam, walikan arahe srengenge, walikan ubenge jam
ğŸ”™ mbalik, panah, panah MBALIK
ğŸ”š mentok, panah, panah MENTOK
ğŸ”› on, panah, panah ON!, tenger
ğŸ”œ gage, panah, panah SOON, soon
ğŸ” munggah, panah, panah TOP, top
ğŸ› agama, papan sembahyang, sembahyang
âš› ateis, atom, tandha atom
ğŸ•‰ agama, Hindu, om, Om
âœ¡ agama, Dawud, lintang, wong Yahudi, Yahudi
â˜¸ agama, Buda, darma, rodha
â˜¯ agama, tao, umat tao, yang, yin, yinyang
âœ agama, Kristen, salib, salib latin
â˜¦ agama, Kristen, salib, salib ortodoks
â˜ª agama, Islam, lintang lan mbulan anyaran, Muslim
â˜® perdhamean, tandha perdhamean
ğŸ• agama, lilin, menorah, wadhah lilin sanga
ğŸ”¯ kabegjan, lintang, lintang mata enem mawa titik tengah
â™ˆ Aries, Lintang Aries, palintangan, wedhus gembel
â™‰ bantheng, Lintang Taurus, palintangan, Taurus
â™Š anak kembar, Gemini, Lintang Gemini, palintangan
â™‹ Cancer, Lintang Cancer, palintangan, yuyu
â™Œ Leo, Lintang Leo, palintangan, singa
â™ Lintang Virgo, palintangan, Virgo
â™ adil, imbang, Libra, Lintang Libra, palintangan, timbangan
â™ ketonggeng, Lintang Scorpio, palintangan, Scorpio, scorpius
â™ Lintang Sagittarius, palintangan, pamanah, Sagitarius
â™‘ Capricorn, Lintang Capricorn, palintangan, wedhus
â™’ Aquarius, banyu, Lintang Aquarius, palintangan, sing nggawa
â™“ iwak, Lintang Pisces, palintangan, Pisces
â› Lintang Ophiuchus, nggremet, Ophiuchus, palintangan, sing nggawa, ula
ğŸ”€ panah, tempuk, tombol ngacak lagu
ğŸ” arah mubenge jam, baleni, panah, tombol baleni
ğŸ”‚ arah mubenge jam, panah, sepisan, tombol baleni sepisan
â–¶ main, marep nengen, panah, pesagi telu, tombol main
â© cepet, dhobel, maju, panah, tombol maju cepet
â­ lagu sabanjure, layar sabanjure, panah, pesagi telu, tombol lagu sabanjure
â¯ main, mandheg, marep nengen, panah, pesagi telu, tombol main utawa mandheg
â—€ marep kiwa, mbalik, panah, pesagi telu, tombol mbalik
âª dhobel, panah, tombol mbalik cepet, ukel mbalik
â® lagu sadurunge, layar sadurunge, panah, pesagi telu, tombol lagu pungkasan
ğŸ”¼ abang, panah, tombol, tombol munggah
â« dhobel, panah, tombol munggah cepet
ğŸ”½ abang, mudhun, panah, tombol
â¬ dhobel, mudhun, panah, tombol mudhun cepet
â¸ balok, dhobel, mandheg, ngadeg, tombol mandheg
â¹ kothak, mati, tombol mati
âº bunder, rekam, tombol rekam
â metu, tombol metu
ğŸ¦ film, kamera, tontonan
ğŸ”… endhek, lamat-lamat, takeran padhang, tombol lamat-lamat
ğŸ”† kadhar padhang, padhang, tombol padhang
ğŸ“¶ antena, balok, hp, ponsel, sinyal
ğŸ“³ hp, kedher, modhe, ponsel, tilpun
ğŸ“´ hp, mati, ponsel, tilpun
â™€ tandha wanita, wadon
â™‚ lanang, tandha priya
âš§ tandha wariya, wariya
âœ– Ã—, ditikelake, ping-pingan, tandha, wurung, x
â• +, matematika, tambah, tandha
â– -, âˆ’, kurang, matematika, tandha
â— Ã·, matematika, paran, tandha, tandha para
â™¾ abadi, tanpa kaiket, tanpa wates, universal
â€¼ !, !!, mak cethor pindho, mbangetake, tandha, tandha penthung dhobel
â‰ !, !?, ?, pitakon, tandha, tandha penthung lan pitakon, tandha wacan
â“ ?, pitakon, tandha, tandha pitakon abang, tandha wacan
â” ?, garis pinggir cetha, pitakon, tandha, tandha pitakon putih, tandha wacan
â• !, garis pinggir cetha, mbangetake, tandha, tandha penthung putih
â— !, mbangetake, tandha, tandha penthung, tandha penthung abang, tandha wacan
ã€° ngeluk, setrip, tandha wacan
ğŸ’± bank, dhuwit, ijol-ijolan, mata uang, rega ijol mata uang
ğŸ’² dhuwit, dolar, mata uang, tandha dolar kandel
âš• aesculapius, obat, pegawe, tandha medhis
â™» dhaur ulang, tandha dhaur ulang
âšœ lambang fleur-de-lis, lambang fleur-de-lis [kembang Lili]
ğŸ”± emblem, jangkar, kapal, lambang trisula, pranti, trisula
ğŸ“› emblem, jeneng
ğŸ”° anyaran, emblem, godhong, tandha wong anyaran cara Jepang, wong Jepang
â­• abang, bunder, bunderan abang bolong, gendhe, o
âœ… âœ“, centhang, tenger, tombol
â˜‘ âœ“, centhang, kothak, kothak centhang ana centhange
âœ” âœ“, centhang, tenger
âŒ Ã—, ditikelake, ping, ping-pingan, tenger, wurung, x
â Ã—, kothak, tenger, tombol tenger ping, x
â° cunthel, garis cunthel, mlungker
â¿ cunthel, dhobel, garis cunthel dhobel, mlungker
ã€½ bageyan, tandha, tandha rikala sindhen wiwit nyanyi
âœ³ *, asterisk, asterisk kembang wolu
âœ´ *, lintang, lintang mata wolu
â‡ *, kelip-kelip
Â© c, hak cipta
Â® kadhaptar, r
â„¢ merek dagang, tandha, tm
ğŸ”  ABCD, aksara, gedhe, latin, lebokake
ğŸ”¡ abcd, aksara, cilik, latin, lebokake
ğŸ”¢ 1234, angka, lebokake
ğŸ”£ ã€’â™ª&amp;%, lebokake, lebokake simbol
ğŸ”¤ abc, aksara, alfabet, latin, lebokake
ğŸ…° a, golongane getih, tombol A [golongane getih]
ğŸ† ab, golongane getih, tombol AB [golongane getih]
ğŸ…± b, golongane getih, tombol B [golongane getih]
ğŸ†‘ busak, cl, tombol CL
ğŸ†’ cool, tombol COOL
ğŸ†“ free, tombol FREE
â„¹ i, informasi
ğŸ†” id, idhentitas, tombol ID
â“‚ bunder, m, M dibunderi
ğŸ†• new, tombol NEW
ğŸ†– ng, tombol NG
ğŸ…¾ golongane getih, o, tombol O [golongane getih]
ğŸ†— OK, tombol OK
ğŸ…¿ parkir, tombol P
ğŸ†˜ sos, tombol SOS, tulung
ğŸ†™ ndhuwur, tandha, tombol UP!
ğŸ†š nglawan, tombol VS, versus, vs
ğŸˆ â€œing keneâ€, Jepang, katakana, tombol Jepang &quot;ing kene&quot;
ğŸˆ‚ â€œbeya ladenâ€, Jepang, katakana, tombol Jepang &quot;beya laden&quot;
ğŸˆ· â€œgunggung sesasenâ€, ideografi, Jepang, tombol Jepang &quot;gunggung sesasen&quot;
ğŸˆ¶ â€œora gratisâ€, ideografi, Jepang, tombol Jepang &quot;ora gratis&quot;
ğŸˆ¯ â€œwis dipesenâ€, ideografi, Jepang, tombol Jepang &quot;wis dipesen&quot;
ğŸ‰ â€œrega murahâ€, ideografi, Jepang, tombol Jepang &quot;rega murah&quot;
ğŸˆ¹ â€œdiskonâ€, ideografi, Jepang, tombol Jepang &quot;diskon&quot;
ğŸˆš â€œgratisâ€, ideografi, Jepang, tombol Jepang &quot;gratis&quot;
ğŸˆ² â€œlaranganâ€, ideografi, Jepang, tombol Jepang &quot;larangan&quot;
ğŸ‰‘ â€œolehâ€, ideografi, Jepang, tombol Jepang &quot;oleh&quot;
ğŸˆ¸ &quot;aplikasi&quot;, ideografi, Jepang, tombol Jepang &quot;aplikasi&quot;
ğŸˆ´ &quot;munggah kelas&quot;, ideografi, Jepang, tombol Jepang &quot;munggah kelas&quot;
ğŸˆ³ &quot;lowongan&quot;, ideografi, Jepang, tombol Jepang &quot;lowongan&quot;
ãŠ— &quot;sugeng&quot;, ideografi, Jepang, tombol Jepang &quot;sugeng&quot;
ãŠ™ &quot;rahasia&quot;, ideografi, Jepang, tombol Jepang &quot;rahasia&quot;
ğŸˆº &quot;kantor bukak&quot;, ideografi, Jepang, tombol Jepang &quot;kantor bukak&quot;
ğŸˆµ &quot;lowongan kosong&quot;, ideografi, Jepang, tombol Jepang &quot;lowongan kosong&quot;
ğŸ”´ abang, bunder, bunderan abang, geometrik
ğŸŸ  bunder, bunderan kunir, kunir
ğŸŸ¡ bunder, bunderan kuning, kuning
ğŸŸ¢ bunder, bunderan ijo, ijo
ğŸ”µ biru, bunder, bunderan biru, geometrik
ğŸŸ£ bunder, bunderan wungu, wungu
ğŸŸ¤ bunderan, soklat
âš« bunder, bunderan ireng, geometrik
âšª bunder, bunderan putih, geometrik
ğŸŸ¥ abang, kothak
ğŸŸ§ kothak, kunir
ğŸŸ¨ kothak, kuning
ğŸŸ© ijo, kothak
ğŸŸ¦ biru, kothak
ğŸŸª kothak, wungu
ğŸŸ« kothak, soklat
â¬› geometrik, kothak, kothak gedhe ireng
â¬œ geometrik, kothak, kothak gedhe putih
â—¼ geometrik, kothak, kothak sedhengan ireng
â—» geometrik, kothak, kothak sedhengan putih
â—¾ geometrik, kothak, kothak cilik-sedhengan ireng
â—½ geometrik, kothak, kothak cilik-sedhengan putih
â–ª geometrik, kothak, kothak cilik ireng
â–« geometrik, kothak, kothak cilik putih
ğŸ”¶ geometrik, kunir, kupatan, kupatan gedhe kunir
ğŸ”· biru, geometrik, kupatan, kupatan gedhe biru
ğŸ”¸ geometrik, kunir, kupatan, kupatan cilik kunir
ğŸ”¹ biru, geometrik, kupatan, kupatan cilik biru
ğŸ”º abang, geometrik, pesagi telu abang pucuke marep ndhuwur
ğŸ”» abang, geometrik, ngisor, pesagi telu abang pucuke marep ngisor
ğŸ’  geometrik, komik, kupatan, kupatan mawa titik ing tengah, njero
ğŸ”˜ geometrik, radio, tombol
ğŸ”³ garis pinggir cetha, geometrik, kothak, tombol, tombol kothak putih
ğŸ”² geometrik, kothak, tombol, tombol kothak ireng
ğŸ balapan, gendera balapan, gendera kothak-kothak, kothak-kothak
ğŸš© gendera segi telu, tenger
ğŸŒ ditempukake, gendera, gendera loro ditempuk, Jepang, pista, tempuk
ğŸ´ gendera ireng, ngawe-awe
ğŸ³ gendera putih, ngawe-awe
ğŸ³â€ğŸŒˆ gendera plangi, plangi
ğŸ³â€âš§ abang enom, biru enom, gendera, putih, wariya
ğŸ´â€â˜  bandhane karun, begal segara, gendera begal segara, jarah, Jolly Roger
Â¢ sen
$ dhuwit, dolar, peso, USD
Â£ EGP, GBP, pound, valuta
Â¥ CNY, JPY, valuta, yen, yuan
â‚¥ mil, mill
â‚© KPW, KRW, won
â‚¬ EUR, euro, valuta
â‚± peso
â‚¹ rupee, rupee india, valuta
â‚½ ruble, valuta
â‚¿ bitcoin, BTC
Â¹ siji, tandha siji ing dhuwur, tika dhuwur
Â² loro, peng loro, tandha loro ing dhuwur, tika dhuwur
Â³ pesagi, tandha telu ing dhuwur, telu, tika dhuwur
Âµ ngukur, tandha mikro
