ğŸ˜€ glad, grinende ansigt, smilende ansigt, smiley
ğŸ˜ƒ glad, smilende ansigt med Ã¥ben mund, smiler, smiley
ğŸ˜„ glad, smil, smilende ansigt med Ã¥ben mund og smilende Ã¸jne, smileÃ¸jne, smiley
ğŸ˜ ansigt der griner, glad, grinende ansigt med smilende Ã¸jne, smiley
ğŸ˜† glad, lukkede Ã¸jne, smil, smil med lukkede Ã¸jne, smilende ansigt med Ã¥ben mund og lukkede Ã¸jne
ğŸ˜… smil med koldsved, smilende ansigt med Ã¥ben mund og koldsved
ğŸ¤£ ansigt, grine, griner, gulv, latter, ler, ruller, ruller rundt pÃ¥ gulvet af grin, vrider sig
ğŸ˜‚ ansigt med glÃ¦destÃ¥rer, glad, glÃ¦de, tÃ¥rer
ğŸ™‚ ansigt, let smilende ansigt, smil
ğŸ™ƒ ansigt, omvendt
ğŸ˜‰ ansigt, ansigt der blinker, blink, blinkende ansigt
ğŸ˜Š smil med smileÃ¸jne, smilende ansigt og Ã¸jne, smileÃ¸jne
ğŸ˜‡ ansigt, glorie, smil, smilende ansigt med glorie
ğŸ˜ hjerteÃ¸jne, hjerter, kÃ¦rlighed, smilende ansigt med hjertÃ¸jne
ğŸ˜˜ ansigt, kyssende ansigt, sender kys
ğŸ˜— ansigt, kys, kysseansigt, kysser
â˜º smil, smilende ansigt
ğŸ˜š ansigt, kys, kysseansigt med lukkede Ã¸jne, lukkede Ã¸jne
ğŸ˜™ ansigt, kysseansigt med smilende Ã¸jne, smilende Ã¸jne
ğŸ˜‹ ansigt, god mad, nydende ansigt, smil
ğŸ˜› ansigt, ansigt med tungen ude
ğŸ˜œ ansigt, ansigt med tungen ude og blinkende Ã¸je, blink, driller
ğŸ˜ ansigt, ansigt med tungen ude og sammenknebne Ã¸jne, rÃ¦kker tunge
ğŸ¤‘ ansigt, ansigt med dollartegn, mund, penge
ğŸ¤— ansigt, knus, knuser, kram, kramme, krammende ansigt
ğŸ¤” ansigt, tÃ¦nkende, tanker
ğŸ¤ ansigt, ansigt med lynlÃ¥smund, lynlÃ¥s, mund
ğŸ˜ ingen kommentar, neutralt ansigt, pokeransigt
ğŸ˜‘ ingen kommentar, pokeransigt, udtrykslÃ¸st ansigt
ğŸ˜¶ ansigt, ansigt uden mund, mund, stille, tavs
ğŸ˜ ansigt, ansigt med smÃ¸rret grin, smÃ¸rret
ğŸ˜’ ansigt, ikke glad, uimponeret ansigt
ğŸ™„ ansigt, ansigt med rullende Ã¸jne, Ã¸jne, rullende
ğŸ˜¬ ansigt, lave grimasse, sammenbidt ansigt
ğŸ¤¥ ansigt, lang nÃ¦se, lÃ¸gn, lÃ¸gneransigt, lyver, pinocchio
ğŸ˜Œ ansigt, lettelse, lettet ansigt
ğŸ˜” ansigt, eftertÃ¦nksom, eftertÃ¦nksomt ansigt, nedslÃ¥et
ğŸ˜ª ansigt, dyb sÃ¸vn, trÃ¦t
ğŸ¤¤ ansigt, savl, savlende ansigt, savler
ğŸ˜´ ansigt, sove, sovende ansigt, sÃ¸vn
ğŸ˜· ansigt, ansigt med maske, doktor, forkÃ¸lelse, maske, medicin, syg
ğŸ¤’ ansigt, ansigt med termometer, syg, termometer
ğŸ¤• ansigt, ansigt med bandage, bandage, skade, smerte
ğŸ¤¢ ansigt, ansigt med kvalme, brÃ¦k, kaster op, kvalme, kvalmeansigt, opkast, syg, sygdom
ğŸ¤§ forkÃ¸let, lommetÃ¸rklÃ¦de, nys, nysende ansigt, nyser, prosit, pudser nÃ¦se, syg, sygdom
ğŸ˜µ ansigt, Ã¸r, svimmel, svimmelt ansigt
ğŸ¤  ansigt, cowboyhat, cowgirl, hat
ğŸ˜ ansigt, sej, smil med solbriller, smilende ansigt med solbriller, solbriller
ğŸ¤“ ansigt, nÃ¸rd, nÃ¸rdansigt
ğŸ˜• ansigt, forvirret ansigt
ğŸ˜Ÿ ansigt, bekymret, bekymring
ğŸ™ ansigt, lidt trist ansigt, trist
â˜¹ ansigt, trist
ğŸ˜® ansigt, ansigt med Ã¥ben mund
ğŸ˜¯ stille ansigt, tavst ansigt
ğŸ˜² chokeret, overrasket ansigt
ğŸ˜³ rÃ¸de kinder, rÃ¸dmende ansigt
ğŸ˜¦ Ã¥ben mund, ansigt, mÃ¥bende ansigt med Ã¥ben mund, rynkede bryn
ğŸ˜§ ansigt, forpint ansigt, lider, smerte
ğŸ˜¨ bange ansigt, frygt
ğŸ˜° Ã¥ben mund, ansigt med Ã¥ben mund og koldsved, blÃ¥ i ansigtet, koldsved
ğŸ˜¥ skuffet men lettet, skuffet men lettet ansigt
ğŸ˜¢ ansigt, grÃ¦dende ansigt, ked af det, tÃ¥rer
ğŸ˜­ grÃ¥dkvalt ansigt, grÃ¦der, tÃ¥rer
ğŸ˜± angst, skrigende ansigt
ğŸ˜– ansigt, forbandet, forbistret ansigt
ğŸ˜£ stÃ¦digt ansigt, udholdenhed
ğŸ˜ ansigt, skuffet ansigt
ğŸ˜“ ansigt, ansigt med koldsved
ğŸ˜© udkÃ¸rt, udmattet, udmattet ansigt
ğŸ˜« ansigt, trÃ¦t ansigt
ğŸ˜¤ fnysende ansigt, jeg vandt
ğŸ˜¡ rÃ¸d, surt ansigt, vred, vredt ansigt
ğŸ˜  ansigt, vredt ansigt
ğŸ˜ˆ ansigt, horn, smil, smilende ansigt med horn
ğŸ‘¿ lilla djÃ¦vel, lille djÃ¦vel
ğŸ’€ dÃ¸dningehoved, kranium
â˜  ansigt, dÃ¸d, korslagte knogler, kranie, kranie og korslagte knogler, kranium, krop, monster
ğŸ’© bÃ¦, bunke bÃ¦
ğŸ¤¡ ansigt, klovn, klovneansigt
ğŸ‘¹ japansk uhyre, monster, trold
ğŸ‘º Ã¥nd, japansk Ã¥nd
ğŸ‘» ansigt, eventyr, fantasi, gespenst, monster, spÃ¸gelse, vÃ¦sen
ğŸ‘½ rumvÃ¦sen
ğŸ‘¾ alien, alien-monster, ansigt, eventyr, fantasi, rummet, rumvÃ¦sen, ufo
ğŸ¤– ansigt, monster, robotansigt
ğŸ˜º glad kat, kat smiler
ğŸ˜¸ kat, kat griner
ğŸ˜¹ kat, kat med glÃ¦destÃ¥rer
ğŸ˜» glad kat med hjerter, kat smiler
ğŸ˜¼ ironisk kat, kat med ironisk smil
ğŸ˜½ kat, kyssende kat med lukkede Ã¸jne, kysser
ğŸ™€ overrasket kat, trÃ¦t kat
ğŸ˜¿ grÃ¦dende kat, kat grÃ¦der
ğŸ˜¾ sur kat, surmulende kat
ğŸ™ˆ ikke se, tre vise aber
ğŸ™‰ ikke hÃ¸re, tre vise aber
ğŸ™Š ikke tale, tre vise aber
ğŸ’‹ lÃ¦beaftryk, lÃ¦ber, romantik
ğŸ’Œ brev med hjerte, kÃ¦rlighedsbrev
ğŸ’˜ fÃ¸lelser, hjerte, hjerte med pil, kÃ¦rlighed, pil
ğŸ’ bÃ¥nd, fÃ¸lelser, hjerte, hjerte med bÃ¥nd
ğŸ’– fÃ¸lelser, gnister, hjerte med stjerner, kÃ¦rlighed
ğŸ’— fÃ¸lelser, hjerte, kÃ¦rlighed, nervÃ¸s, voksende hjerte
ğŸ’“ bankende hjerte, hjerte, kÃ¦rlighed, romantik
ğŸ’ fÃ¸lelser, hjerter, roterende hjerter
ğŸ’• kÃ¦rlighed, romantik, to hjerter
ğŸ’Ÿ hjerte, hjertedekoration
â£ hjerte, hjerte som udrÃ¥bstegn, tegnsÃ¦tning, udrÃ¥bstegn
ğŸ’” knust hjerte, ulykkelig kÃ¦rlighed
â¤ hjerte, rÃ¸dt hjerte
ğŸ’› fÃ¸lelser, gul, gult hjerte, hjerte
ğŸ’š fÃ¸lelser, grÃ¸n, grÃ¸nt hjerte, hjerte
ğŸ’™ blÃ¥, blÃ¥t hjerte, fÃ¸lelser, hjerte
ğŸ’œ fÃ¸lelser, hjerte, violet
ğŸ–¤ hjerte, ondskab, ondt, sort
ğŸ’¯ 100 point, alle rigtige, hundrede, point
ğŸ’¢ fÃ¸lelse, tegn for vrede, vrede
ğŸ’¥ fÃ¸lelser, kollision, kollitionstegn
ğŸ’« fÃ¸lelser, se stjerner, svimmel
ğŸ’¦ fÃ¸lelser, sveddrÃ¥ber
ğŸ’¨ er lÃ¸bet, fÃ¸lelser, lÃ¸ber vÃ¦k, smutter
ğŸ•³ hul, sort
ğŸ’£ bombe, fÃ¸lelse
ğŸ’¬ tale, taleboble
ğŸ‘â€ğŸ—¨ Ã¸je, Ã¸je i taleboble, se, taleboble, vidne
ğŸ—¨ dialog, snak, tale, taleboble til venstre
ğŸ—¯ ballon, boble, mad, vred, vred taleboble til hÃ¸jre
ğŸ’­ tanke, tankeboble
ğŸ’¤ fÃ¸lelse, snorke, sove, sÃ¸vnig
ğŸ‘‹ hÃ¥nd, vinker
ğŸ¤š baghÃ¥nd, hÃ¥nd, krop, lÃ¸ftet
ğŸ– hÃ¥nd, hÃ¥nd med spredte fingre, krop, spredte
âœ‹ hÃ¥nd, krop, lÃ¸ftet hÃ¥nd
ğŸ–– finger, hÃ¥nd, krop, vulcan-hilsen
ğŸ‘Œ OK-hÃ¥ndtegn, ok-tegn, OK-tegn
âœŒ v-tegn, V-tegn, yeah
ğŸ¤ finger, hÃ¥b, hÃ¥nd, held og lykke, krop, krydsede fingre, krydser fingre
ğŸ¤˜ djÃ¦vletegn, finger, hÃ¥nd, heavy metal, horn, krop
ğŸ¤™ hÃ¥nd, krop, opringning, ring til mig-hÃ¥nd, ringer, telefonhÃ¥nd
ğŸ‘ˆ finger, finger peger til venstre, pegefinger, peger til venstre, venstre
ğŸ‘‰ finger, finger peger til hÃ¸jre, hÃ¸jre, pegefinger, peger til hÃ¸jre
ğŸ‘† finger, finger peger op, pegefinger, peger op
ğŸ–• finger, hÃ¥nd, krop, langefinger
ğŸ‘‡ finger, finger peger ned, ned, pegefinger, peger ned
â˜ finger, hÃ¥nd, krop, op, opadvendt, pege, pegefinger
ğŸ‘ hÃ¥ndtegn, tommelfinger op
ğŸ‘ hÃ¥ndtegn, tommelfinger ned
âœŠ hÃ¥nd, knytnÃ¦ve, knyttet, krop, lÃ¸ftet knytnÃ¦ve, slÃ¥
ğŸ‘Š hÃ¥nd, knytnÃ¦ve, knyttet hÃ¥nd
ğŸ¤› hÃ¥nd, hÃ¥nd knyttet mod venstre, knytnÃ¦ve, knyttet hÃ¥nd, krop, venstre, venstrevendt
ğŸ¤œ hÃ¥nd, hÃ¥nd knyttet mod hÃ¸jre, hÃ¸jre, hÃ¸jrevendt, knytnÃ¦ve, knyttet hÃ¥nd, krop
ğŸ‘ hÃ¦nder klapper, hÃ¥ndtegn, klapper
ğŸ™Œ begge hÃ¦nder oppe, hurra
ğŸ‘ Ã¥bne hÃ¦nder, Ã¥bne hÃ¦nder-tegn, hÃ¥ndtegn
ğŸ¤ enighed, hÃ¦nder, hÃ¥nd, hÃ¥ndtryk, hilsen, hilser, krop, mÃ¸des
ğŸ™ bÃ¸n, foldede hÃ¦nder
âœ hÃ¥nd, krop, skrive, skrivende hÃ¥nd
ğŸ’… kosmetik, negle, neglelak
ğŸ¤³ arm, foto, fotograf, fotograferer, fotografi, kamera, mobil, mobiltelefon, selfie, tager billeder, telefon
ğŸ’ª armmuskler, muskel, stÃ¦rk
ğŸ‘‚ hÃ¸re, krop, Ã¸re
ğŸ‘ƒ dufte, krop, lugte ansigt, nÃ¦se
ğŸ‘€ ansigt, Ã¸jne, se
ğŸ‘ krop, Ã¸je
ğŸ‘… krop, smage, tunge
ğŸ‘„ ansigt, krop, lÃ¦ber, mund
ğŸ‘¶ baby, barn, menneske
ğŸ‘¦ dreng, menneske, person
ğŸ‘§ menneske, person, pige
ğŸ‘± blond person, menneske, person
ğŸ‘¨ mand, menneske, person
ğŸ‘±â€â™‚ blond, lyshÃ¥ret, mand
ğŸ‘© kvinde, menneske, person
ğŸ‘±â€â™€ blond kvinde, blondine, kvinde, lyshÃ¥ret
ğŸ‘´ gammel mand, mand, menneske
ğŸ‘µ gammel kvinde, kvinde, menneske
ğŸ™ rynkede bryn, udtryk, utilfreds
ğŸ™â€â™‚ mand, mand rynker panden, rynke panden, rynkede bryn, rynket pande, utilfreds
ğŸ™â€â™€ kvinde, kvinde rynker panden, rynke panden, rynkede bryn, rynket pande, utilfreds
ğŸ™ gestus, surmule, surmulende person
ğŸ™â€â™‚ mand, mand surmuler, sur, surmule, utilfreds
ğŸ™â€â™€ kvinde, kvinde surmuler, sur, surmule, utilfreds
ğŸ™… forbudt, nej, signalerer nej
ğŸ™…â€â™‚ forbudt, gestus, ikke i orden, mand, mand signalerer nej, nej
ğŸ™…â€â™€ forbudt, gestus, ikke i orden, kvinde, kvinde signalerer nej, nej
ğŸ™† allright, ansigt, signalerer ok
ğŸ™†â€â™‚ gestus, i orden, mand, mand signalerer ok, ok, tilladt
ğŸ™†â€â™€ gestus, i orden, kvinde, kvinde signalerer ok, ok, tilladt
ğŸ’ hjÃ¦lp, information
ğŸ’â€â™‚ flabet, hjÃ¦lp, information, mand, mand vender hÃ¥ndfladen op
ğŸ’â€â™€ flabet, hÃ¥ndflade, hjÃ¦lp, information, kvinde, kvinde vender hÃ¥ndfladen op
ğŸ™‹ glad person, hej, lÃ¸ftet hÃ¥nd
ğŸ™‹â€â™‚ gestus, hej, hilsen, lÃ¸ftet hÃ¥nd, mand, mand med lÃ¸ftet hÃ¥nd
ğŸ™‹â€â™€ gestus, hej, hilsen, kvinde, kvinde med lÃ¸ftet hÃ¥nd, lÃ¸ftet hÃ¥nd
ğŸ™‡â€â™‚ buk, mand, mand bukker dybt, undskyld, undskyldning
ğŸ™‡â€â™€ buk, kvinde, kvinde bukker dybt, undskyld, undskyldning
ğŸ¤¦ ansigt, dumt, facepalm, hÃ¥nd, hÃ¥ndflade, irritation, irriteret, skepsis
ğŸ¤¦â€â™‚ facepalm, grÃ¦mmes, hÃ¥ndflade, irritation, irriteret, mand, mand slÃ¥r sig for panden, skepsis
ğŸ¤¦â€â™€ facepalm, grÃ¦mmes, hÃ¥ndflade, irritation, irriteret, kvinde, kvinde slÃ¥r sig for panden, skepsis
ğŸ¤· aner det ikke, ligeglad, ligegyldighed, ligegyldigt, pas, skulder, skuldre, trÃ¦k, trÃ¦kker pÃ¥ skuldrene, tvivl, uvidenhed, ved det ikke, ved ikke
ğŸ¤·â€â™‚ ingen anelse, ligeglad, ligegyldighed, mand, mand trÃ¦kker pÃ¥ skuldrene, pas, skuldre, tvivl, uvidenhed
ğŸ¤·â€â™€ ingen anelse, kvinde, kvinde trÃ¦kker pÃ¥ skuldrene, ligeglad, ligegyldighed, pas, skuldre, tvivl, uvidenhed
ğŸ‘¨â€âš• kittel, lÃ¦ge, mand, mandlig sundhedsperson, sygeplejerske
ğŸ‘©â€âš• kittel, kvinde, kvindelig sundhedsperson, lÃ¦ge, sygeplejerske
ğŸ‘¨â€ğŸ“ dimittend, eksamenshat, mand, studerende
ğŸ‘©â€ğŸ“ dimittend, eksamenshat, kvinde, kvindelig studerende, studerende
ğŸ‘¨â€ğŸ« lÃ¦rer, mand, professor, underviser
ğŸ‘©â€ğŸ« kvinde, kvindelig lÃ¦rer, lÃ¦rerinde, professor, underviser
ğŸ‘¨â€âš– dommer, jura, lov, mand, retfÃ¦rdighed
ğŸ‘©â€âš– jura, kvinde, kvindelig dommer, lov, retfÃ¦rdighed
ğŸ‘¨â€ğŸŒ¾ bonde, bondemand, gartner, landmand, mand
ğŸ‘©â€ğŸŒ¾ bonde, gartner, kvinde, kvindelig landmand, landmand
ğŸ‘¨â€ğŸ³ kok, madlavning, mand, stegepande
ğŸ‘©â€ğŸ³ kok, kvinde, kvindelig kok, madlavning, stegepande
ğŸ‘¨â€ğŸ”§ hÃ¥ndvÃ¦rker, mand, mekaniker, skruenÃ¸gle, vÃ¦rktÃ¸j
ğŸ‘©â€ğŸ”§ hÃ¥ndvÃ¦rker, kvinde, kvindelig mekaniker, mekaniker, skruenÃ¸gle, vÃ¦rktÃ¸j
ğŸ‘¨â€ğŸ­ arbejder, fabrik, fabriksarbejder, industri, mand
ğŸ‘©â€ğŸ­ arbejder, fabrik, industri, kvinde, kvindelig fabriksarbejder
ğŸ‘¨â€ğŸ’¼ business, jakkesÃ¦t, kontor, kontoransat, kontormand, mappe
ğŸ‘©â€ğŸ’¼ business, kontor, kvinde, kvindelig kontoransat, mappe
ğŸ‘¨â€ğŸ”¬ forsker, naturvidenskab, naturvidenskabsmand, videnskab, videnskabsmand
ğŸ‘©â€ğŸ”¬ kvinde, kvindelig forsker, naturvidenskab, videnskab, videnskabsmand
ğŸ‘¨â€ğŸ’» computer, it, IT-medarbejder, mand, pc, programmÃ¸r, skÃ¦rm, software, teknologi, udvikler
ğŸ‘©â€ğŸ’» computer, it, kvinde, kvindelig IT-medarbejder, pc, programmÃ¸r, skÃ¦rm, software, udvikler
ğŸ‘¨â€ğŸ¤ entertainer, karaoke, mand, sang, sanger, skuespiller, stjerne, synge
ğŸ‘©â€ğŸ¤ entertainer, karaoke, kvinde, sang, sangerinde, skuespiller, stjerne, synge
ğŸ‘¨â€ğŸ¨ billedkunstner, kreativ, kunstmaler, kunstner, palet, pensler
ğŸ‘©â€ğŸ¨ billedkunstner, kunstmaler, kvinde, kvindelig kunstner, palet, pensler
ğŸ‘¨â€âœˆ fly, mand, pilot
ğŸ‘©â€âœˆ fly, kvinde, kvindelig pilot, pilot
ğŸ‘¨â€ğŸš€ astronaut, mand, raket, rumdragt, rumfartÃ¸j, rummet, rumskib
ğŸ‘©â€ğŸš€ kvinde, kvindelig astronaut, raket, rumdragt, rumfartÃ¸j, rummet, rumskib
ğŸ‘¨â€ğŸš’ brand, brandbil, brandmand, hjelm, mand
ğŸ‘©â€ğŸš’ brand, brandbil, hjelm, kvinde, kvindelig brandmand
ğŸ‘® betjent, politi, politibetjent
ğŸ‘®â€â™‚ betjent, mand, mandlig politibetjent, politi, politimand
ğŸ‘®â€â™€ betjent, kvinde, kvindelig politibetjent, politi
ğŸ•µ detektiv, spion
ğŸ’‚ garder, garderofficer, gardist
ğŸ’‚â€â™‚ bevogtning, livgarde, mand, mandlig garder, sikkerhed, vagt
ğŸ’‚â€â™€ bevogtning, kvinde, kvindelig garder, livgarde, sikkerhed, vagt
ğŸ‘· arbejder, byggearbejder, byggeri
ğŸ‘·â€â™‚ arbejder, byggearbejder, byggeri, bygningsarbejder, hammer, mand
ğŸ‘·â€â™€ arbejder, byggearbejder, byggeri, hammer, kvinde, kvindelig bygningsarbejder
ğŸ¤´ kongelig, kongesÃ¸n, krone, prins, royal
ğŸ‘¸ eventyr, menneske, prinsesse
ğŸ‘³â€â™‚ mand, mand med turban, turban
ğŸ‘³â€â™€ kvinde, kvinde med turban, turban
ğŸ‘² mand med kinesisk hat, menneske
ğŸ¤µ brudgom, festdeltager, festtÃ¸j, gom, mand, mand i smoking, smoking
ğŸ‘° brud, brud med slÃ¸r
ğŸ¤° gravid, kvinde, mave, mor, vordende mor
ğŸ‘¼ babyengel, engel
ğŸ… jul, julemand, nisse
ğŸ¤¶ dame, fru julemand, jul, juledame, julekvinde, julemandinde, kvinde
ğŸ’† ansigtsmassage, salon
ğŸ’†â€â™‚ ansigt, mand, mand fÃ¥r ansigtsmassage, massage
ğŸ’†â€â™€ ansigt, kvinde, kvinde fÃ¥r ansigtsmassage, massage
ğŸ’‡ frisÃ¸r, hÃ¥r, klipning
ğŸ’‡â€â™‚ frisÃ¸r, hÃ¥r, klipning, klippe, mand, mand bliver klippet
ğŸ’‡â€â™€ frisÃ¸r, hÃ¥r, klipning, klippe, kvinde, kvinde bliver klippet
ğŸš¶ fodgÃ¦nger, gÃ¥, gang, hike, vandre, vandring
ğŸš¶â€â™‚ fodgÃ¦nger, gÃ¥, gang, gÃ¥tur, hike, mand, mand gÃ¥r, vandre, vandretur, vandring
ğŸš¶â€â™€ fodgÃ¦nger, gÃ¥, gang, gÃ¥tur, hike, kvinde, kvinde gÃ¥r, vandre, vandretur, vandring
ğŸƒ lÃ¸ber, lÃ¸betrÃ¦ning, maraton, sport
ğŸƒâ€â™‚ lÃ¸b, lÃ¸betrÃ¦ning, lÃ¸betur, mand, mand lÃ¸ber, maraton
ğŸƒâ€â™€ kvinde, kvinde lÃ¸ber, lÃ¸b, lÃ¸betrÃ¦ning, lÃ¸betur, maraton
ğŸ’ƒ dans, danser
ğŸ•º dans, dansende mand, danser, mand
ğŸ•´ forretning, forretningsmand, jakkesÃ¦t, mand, svÃ¦vende forretningsmand
ğŸ‘¯ kvinder, kvinder med kaninÃ¸rer, Ã¸rer
ğŸ‘¯â€â™‚ dans, fest, kaninÃ¸rer, mÃ¦nd, mÃ¦nd fester
ğŸ‘¯â€â™€ dans, fest, kaninÃ¸rer, kvinder, kvinder fester
ğŸ¤º fÃ¦gter, fÃ¦gtning, person, sport, svÃ¦rd
ğŸ‡ galop, hest, hestesport, hestevÃ¦ddelÃ¸b, vÃ¦ddelÃ¸bshest
â›· skilÃ¸ber, sne
ğŸ‚ snowboarder, sport
ğŸŒ bold, golfspiller
ğŸ„ sport, surfing
ğŸ„â€â™‚ mand, surfer, surfing
ğŸ„â€â™€ kvinde, kvindelig surfer, surfer, surfing
ğŸš£ bÃ¥d, robÃ¥d
ğŸš£â€â™‚ bÃ¥d, mand, mand i robÃ¥d, roer, roning
ğŸš£â€â™€ bÃ¥d, kvinde, kvinde i robÃ¥d, roer, roning
ğŸŠ sport, svÃ¸mme, svÃ¸mmer, svÃ¸mning
ğŸŠâ€â™‚ mand, mandlig svÃ¸mmer, svÃ¸mning
ğŸŠâ€â™€ kvinde, kvindelig svÃ¸mmer, svÃ¸mmepige, svÃ¸mning
â›¹ bold, person med bold
ğŸ‹ lÃ¸fter, vÃ¦gt, vÃ¦gtlÃ¸fter
ğŸš´ cykel, cyklist
ğŸš´â€â™‚ cykel, cykelrytter, cykle, mand, mandlig cyklist
ğŸš´â€â™€ cykel, cykelrytter, cykle, cyklist, kvinde, kvindelig cyklist
ğŸšµ bjerg, cykel, cyklist, mountainbike, mountainbikerytter
ğŸšµâ€â™‚ cykelrytter, mand, mand pÃ¥ mountainbike, mountainbike
ğŸšµâ€â™€ cykelrytter, kvinde, kvinde pÃ¥ mountainbike, mountainbike
ğŸ¤¸ gymnastik, menneske, person, sport, vejrmÃ¸lle
ğŸ¤¸â€â™‚ gymnastik, mand, mand slÃ¥r vejrmÃ¸ller, vejrmÃ¸lle
ğŸ¤¸â€â™€ gymnastik, kvinde, kvinde slÃ¥r vejrmÃ¸ller, vejrmÃ¸lle
ğŸ¤¼ bryder, brydere, brydning, personer, sport
ğŸ¤¼â€â™‚ brydere, brydning, mÃ¦nd, mandlige brydere, wrestling
ğŸ¤¼â€â™€ brydere, brydning, kvindelige brydere, kvinder, wrestling
ğŸ¤½ sport, vand, vandpolo, vandsport
ğŸ¤½â€â™‚ mand, vandpolo, vandpolospiller
ğŸ¤½â€â™€ kvinde, kvindelig vandpolospiller, vandpolo
ğŸ¤¾ bold, hÃ¥ndbold, person, sport
ğŸ¤¾â€â™‚ hÃ¥ndbold, hÃ¥ndboldspiller, mand
ğŸ¤¾â€â™€ hÃ¥ndbold, hÃ¥ndboldspiller, kvinde, kvindelig hÃ¥ndboldspiller
ğŸ¤¹ balance, behÃ¦ndighed, dygtighed, jonglere, jonglerer, jonglÃ¸r, multitaske, multitasking
ğŸ¤¹â€â™‚ bolde, jonglere, jonglÃ¸r, mand, multitakse, multitasking
ğŸ¤¹â€â™€ bolde, jonglere, kvinde, kvindelig jonglÃ¸r, multitaske, multitasking
ğŸ›€ bad, badekar
ğŸ›Œ person i seng, sove
ğŸ‘­ par, to kvinder
ğŸ‘« man og kvinde, par
ğŸ‘¬ par, to mÃ¦nd
ğŸ’ kÃ¦rlighed, kys, par med hjerte, romantik
ğŸ’‘ kÃ¦rlighed, par med hjerte, romantik
ğŸ‘ª barn, familie, far, menneske, mor
ğŸ—£ ansigt, hoved, silhuet, tale, talende
ğŸ‘¤ buste, buste i silhuet
ğŸ‘¥ buster, buster i silhuet
ğŸ‘£ fÃ¸dder, fodspor
ğŸµ abe, abeansigt, dyr, hoved
ğŸ’ abe, dyr
ğŸ¦ abe, ansigt, dyr, gorilla
ğŸ¶ dyr, hoved, hund, hundeansigt
ğŸ• dyr, hund
ğŸ© dyr, hund, puddel
ğŸº dyr, hoved, rÃ¦v, ulvehoved
ğŸ¦Š ansigt, dyr, listig, rÃ¦v, rÃ¦vehoved, snedig
ğŸ± dyr, hoved, kat, katteansigt
ğŸˆ dyr, kat
ğŸ¦ hoved, lÃ¸ve, lÃ¸vehoved, lÃ¸ven, stjernetegn
ğŸ¯ dyr, hoved, tigeransigt
ğŸ… dyr, tiger
ğŸ† dyr, leopard
ğŸ´ dyr, hest, hestehoved
ğŸ dyr, hest
ğŸ¦„ enhjÃ¸rning, hoved
ğŸ¦Œ ansigt, dyr, gevir, hjort, hjortetakker
ğŸ® dyr, hoved, ko, koansigt
ğŸ‚ dyr, okse
ğŸƒ bÃ¸ffel, dyr, vandbÃ¸ffel
ğŸ„ dyr, ko
ğŸ· dyr, gris, griseansigt, hoved
ğŸ– dyr, gris
ğŸ— dyr, vildsvin
ğŸ½ dyr, grisetryne, hoved, tryne
ğŸ dyr, vÃ¦dder
ğŸ‘ dyr, fÃ¥r
ğŸ dyr, ged
ğŸª dromedar, dyr, pukkel
ğŸ« dyr, kamel, to pukler
ğŸ˜ dyr, elefant
ğŸ¦ dyr, horn, nÃ¦sehorn
ğŸ­ dyr, hoved, mus, museansigt
ğŸ dyr, mus
ğŸ€ dyr, rotte
ğŸ¹ dyr, hamsteransigt, hoved
ğŸ° dyr, hoved, kanin, kaninansigt
ğŸ‡ dyr, kanin
ğŸ¿ jordegern
ğŸ¦‡ dyr, flagermus, nat, vampyr
ğŸ» bjÃ¸rn, bjÃ¸rneansigt, dyr, hoved
ğŸ¨ dyr, koala
ğŸ¼ dyr, hoved, pandaansigt
ğŸ¾ dyr, poteaftryk, spor
ğŸ¦ƒ kalkun
ğŸ” dyr, hÃ¸ne
ğŸ“ dyr, hane
ğŸ£ dyr, kylling, ny udklÃ¦kket kylling
ğŸ¤ dyr, kylling
ğŸ¥ dyr, kylling forfra, kylling set forfra
ğŸ¦ dyr, fugl
ğŸ§ dyr, pingvin
ğŸ•Š due, flyve, fred, fugl
ğŸ¦… dyr, fugl, Ã¸rn
ğŸ¦† and, andrik, dyr, fugl, svÃ¸mmefugl
ğŸ¦‰ dyr, fugl, klog, klogskab, ugle, vis, visdom
ğŸ¸ dyr, frÃ¸, frÃ¸ansigt, hoved
ğŸŠ dyr, krokodille
ğŸ¢ dyr, skildpadde
ğŸ¦ dyr, firben, krybdyr, reptil
ğŸ dyr, slange
ğŸ² drage, drageansigt, hoved
ğŸ‰ drage, eventyr
ğŸ³ dyr, hval, hval med vandsprÃ¸jt
ğŸ‹ dyr, hval
ğŸ¬ delfin, dyr
ğŸŸ dyr, fisk
ğŸ  dyr, fisk, tropisk fisk
ğŸ¡ dyr, fisk, kuglefisk
ğŸ¦ˆ dyr, fisk, haj
ğŸ™ blÃ¦ksprutte, dyr
ğŸš dyr, konkylie
ğŸŒ dyr, snegl
ğŸ¦‹ dyr, insekt, sommer, sommerfugl, vinger
ğŸ› dyr, larve, sommerfuglelarve, tusindben
ğŸœ dyr, myre
ğŸ bi, dyr, honningbi
ğŸ dyr, mariehÃ¸ne
ğŸ•· edderkop, insekt
ğŸ•¸ edderkop, edderkoppespind, spind
ğŸ¦‚ skorpion, skorpionen, stjernetegn
ğŸ’ blomster, blomsterbuket, buket
ğŸŒ¸ blomst, blomstrende kirsebÃ¦r, kirsebÃ¦r, kirsebÃ¦rblomst
ğŸ’® blomsterstempel, stempel
ğŸµ plante, roset
ğŸŒ¹ blomst, rose
ğŸ¥€ afblomstret, blomst, visnet, vissen
ğŸŒº blomst, hawaiiblomst, hibiscus
ğŸŒ» blomst, solsikke
ğŸŒ¼ blomst, gul blomst
ğŸŒ· blomst, tulipan
ğŸŒ± plantespire, spire
ğŸŒ² grantrÃ¦, stedsegrÃ¸n, trÃ¦
ğŸŒ³ lÃ¸vfÃ¦ldende trÃ¦, trÃ¦
ğŸŒ´ palme, palmetrÃ¦
ğŸŒµ kaktus, kaktusplante, plante
ğŸŒ¾ ris, risplante
ğŸŒ¿ blade, urt
â˜˜ klÃ¸ver, plante
ğŸ€ firklÃ¸ver, held, heldig, klÃ¸ver
ğŸ ahorn, ahornblad, blad, efterÃ¥r, efterÃ¥rsblad
ğŸ‚ blade, efterÃ¥rsblade, faldende blade
ğŸƒ blad, blad i vinden, blÃ¦st, vind
ğŸ‡ frugt, vin, vindruer
ğŸˆ frugt, melon
ğŸ‰ frugt, sommer, vandmelon
ğŸŠ appelsin, citrus, frugt
ğŸ‹ citron, frugt, gul
ğŸŒ banan, frugt
ğŸ ananas, frugt
ğŸ Ã¦ble, frugt, rÃ¸d, rÃ¸dt Ã¦ble
ğŸ Ã¦ble, frugt, grÃ¸n, grÃ¸nt Ã¦ble
ğŸ frugt, pÃ¦re
ğŸ‘ fersken, frugt
ğŸ’ frugt, kirsebÃ¦r
ğŸ“ bÃ¦r, frugt, jordbÃ¦r
ğŸ¥ frugt, kiwifrugt, mad
ğŸ… grÃ¸ntsag, tomat
ğŸ¥‘ avokado, frugt, mad
ğŸ† aubergine, grÃ¸ntsag
ğŸ¥” grÃ¸ntsag, kartoffel, mad, rodfrugt
ğŸ¥• grÃ¸ntsag, gulerod, mad, rodfrugt
ğŸŒ½ majs, majskolbe
ğŸŒ¶ chili, peber, plante, stÃ¦rk
ğŸ¥’ agurk, grÃ¸ntsag, mad
ğŸ„ plante, svamp
ğŸ¥œ mad, mellemmÃ¥ltid, nÃ¸d, nÃ¸dder, peanuts, snack
ğŸŒ° kastanje, plante
ğŸ bage, brÃ¸d
ğŸ¥ brÃ¸d, croissant, fransk, mad, morgenbrÃ¸d, morgenmad
ğŸ¥– brÃ¸d, flute, franskbrÃ¸d, mad
ğŸ¥ crÃªpe, mad, pandekage, pandekager
ğŸ§€ et stykke ost, ost
ğŸ– kÃ¸d, kÃ¸dben
ğŸ— kylling, kyllingelÃ¥r
ğŸ¥“ bacon, gris, kÃ¸d, mad, svinekÃ¸d
ğŸ” hamburger
ğŸŸ pomfrit, pomfritter, pommes frites
ğŸ• pizza, pizzastykke, stykke pizza
ğŸŒ­ frankfurter, hotdog, pÃ¸lse
ğŸŒ® mexicansk, taco
ğŸŒ¯ burrito, mexicansk
ğŸ¥™ fladbrÃ¸d, fladbrÃ¸d med fyld, fyld, fyldt, gyros, mad, pandekage med fyld, pita
ğŸ¥š Ã¦g, mad
ğŸ³ madlavning, stegepande, stegepande med Ã¦g
ğŸ¥˜ mad, pande, pande med mad, pandestegt, steger
ğŸ² gryde, gryde med mad, gryderet, suppe
ğŸ¥— grÃ¸n, mad, salat
ğŸ¿ popcorn
ğŸ± bento, bentoboks, boks
ğŸ˜ kiks, riskiks
ğŸ™ ris, riskugle
ğŸš restaurant, ris, skÃ¥l ris
ğŸ› ris, ris og karry
ğŸœ nudler, ramen-nudler, restaurant, skÃ¥l nudler
ğŸ pasta, restaurant, spaghetti
ğŸ  kartoffel, sÃ¸d, stegt
ğŸ¢ fisk, grillspyd, kebab, mad pÃ¥ spyd, pind, skaldyr, spyd
ğŸ£ sushi, sushi-restaurant
ğŸ¤ dybstegt reje, reje
ğŸ¥ fiskebolle, fiskebolle med spiral
ğŸ¡ iskugler, iskugler pÃ¥ pind
ğŸ¦€ krabbe, krebsen, stjernetegn
ğŸ¦ dyr, havdyr, mad, reje, skaldyr
ğŸ¦‘ arme, blÃ¦k, blÃ¦ksprutte, blÃ¸ddyr, dyr, flerarmet, havdyr, mad, multitasking, sprutte
ğŸ¦ is, softice
ğŸ§ is, isdessert, snedessert
ğŸ¨ is, isdessert
ğŸ© donut, kage
ğŸª cookie, kage, smÃ¥kage
ğŸ‚ fÃ¸dselsdagskage, kage, lagkage
ğŸ° et stykke kage, kage, lagkage
ğŸ« chokolade, et stykke chokolade
ğŸ¬ bolsje, slik
ğŸ­ slik, slikpind
ğŸ® budding, dessert
ğŸ¯ honning, honningkrukke, krukke honning
ğŸ¼ flaske, mÃ¦lk, sutteflaske
ğŸ¥› drik, drikke, glas, mÃ¦lk
â˜• dampende, drik, drikkevare, kaffe, te, varm
ğŸµ kop, te, tekop, varm te
ğŸ¶ flaske sake, sake, sakeflaske, sakekop
ğŸ¾ bar, drik, flaske, flaske med flyvende prop, prop
ğŸ· et glas vin, hvidvin, rÃ¸dvin, vin
ğŸ¸ cocktailglas
ğŸ¹ cocktail, tropisk drink
ğŸº krus, krus Ã¸l, Ã¸lglas, Ã¸lkrus
ğŸ» krus, krus Ã¸l, Ã¸lglas, Ã¸lkrus, skÃ¥l, skÃ¥lende Ã¸lkrus
ğŸ¥‚ alkohol, drikke, drikker, fejrer, fejring, fest, glas, skÃ¥l, skÃ¥ler
ğŸ¥ƒ drikke, drikker, fladbundet, glas, shot, shotglas, spiritus, spiritusglas, sprut, whiskyglas
ğŸ½ gaffel, kniv, kniv og gaffel med tallerken, madlavning, tallerken
ğŸ´ bestik, gaffel, kniv, kniv og gaffel
ğŸ¥„ bestik, ske
ğŸ”ª kniv, kÃ¸kkenkniv
ğŸº amphora, drik, kande, krukke, madlavning, stjernetegn, vÃ¥ben, vÃ¦rktÃ¸j
ğŸŒ Afrika, Europa, globus med europa og afrika, jorden
ğŸŒ Amerika, globus med nord- og sydamerika, jorden, Nord- og Sydamerika
ğŸŒ Asien, Australien, globus med asien og australien, jorden
ğŸŒ globus med lÃ¦ngdegrader, meridianer
ğŸ—º kort, verden, verdenskort
ğŸ—¾ Japan, kort over Japan
ğŸ” bjerg, koldt, sne, sneklÃ¦dt bjerg
â›° bjerg
ğŸŒ‹ vulkan, vulkanudbrud
ğŸ—» bjerg, Fuji, Fuji-bjerget, Mount Fuji
ğŸ• camping, telt
ğŸ– parasol, strand, strand med parasol
ğŸœ kaktus, Ã¸rken, sol
ğŸ Ã¸, Ã¸de
ğŸ nationalpark
ğŸŸ stadion
ğŸ› bygning, klassisk
ğŸ— bygning, bygningskonstruktion, konstruktion
ğŸ˜ bygning, hus, huse
ğŸš bygning, faldefÃ¦rdig, faldefÃ¦rdigt hus, hus
ğŸ  bygning, hjem, hus
ğŸ¡ have, hjem, hus med have
ğŸ¢ bygning, kontor, kontorbygning
ğŸ£ japansk, posthus, postkontor
ğŸ¤ europÃ¦isk posthus, posthus
ğŸ¥ bygning, doktor, hospital, lÃ¦ge, medicin
ğŸ¦ bank, bygning
ğŸ¨ bygning, hotel
ğŸ© hotel, kÃ¦rlighedshotel, romantik
ğŸª dÃ¸gnkiosk, kiosk, kÃ¸bmand
ğŸ« bygning, skole
ğŸ¬ butik, stormagasin, varehus
ğŸ­ bygning, fabrik
ğŸ¯ bygning, japansk slot, slot
ğŸ° bygning, slot
ğŸ’’ bryllup, kÃ¦rlighed, kirke, romantik
ğŸ—¼ Tokyo, Tokyo Tower
ğŸ—½ frihed, Frihedsgudinden, gudinde
â›ª bygning, kirke, kors, kristen, religion
ğŸ•Œ islam, moskÃ©, muslim, religion
ğŸ• jÃ¸de, jÃ¸disk, religion, synagoge, tempel
â›© alter, religion, shinto, shinto-alter
ğŸ•‹ islam, kaaba, muslim, religion
â›² fontÃ¦ne, springvand
â›º telt
ğŸŒ tÃ¥ge, tÃ¥get
ğŸŒƒ stjernehimmel, stjerner
ğŸ™ by, bygning, bylandskab
ğŸŒ„ bjerge, morgensol, solopgang over bjerge
ğŸŒ… morgensol, solopgang
ğŸŒ† aften, by, by i solnedgang, hÃ¸jhuse, solnedgang
ğŸŒ‡ skumring, solnedgang, solnedgang bag bygninger
ğŸŒ‰ bro i mÃ¸rke, bro i natten, nat
â™¨ damp, kilder, varm, varme kilder
ğŸ  karrusel, karruselhest, karruseltur, kÃ¸re i karrusel
ğŸ¡ forlystelse, forlystelsespark, pariserhjul, tivoli
ğŸ¢ forlystelse, forlystelsespark, rutsjebane, tivoli
ğŸ’ˆ barber, barbersalon
ğŸª cirkus, cirkustelt, telt
ğŸš‚ damplokomotiv, tog
ğŸšƒ tog, togvogn
ğŸš„ lyntog, tog
ğŸš… lyntog med projektilnÃ¦se, tog
ğŸš† kÃ¸retÃ¸j, tog
ğŸš‡ kÃ¸retÃ¸j, metro
ğŸšˆ kÃ¸retÃ¸j, letbane, tog
ğŸš‰ tog, togstation
ğŸšŠ kÃ¸retÃ¸j, sporvogn, trolleybus
ğŸš kÃ¸retÃ¸j, monorail
ğŸš bjergbane, svÃ¦vebane
ğŸš‹ kÃ¸retÃ¸j, sporvogn, trolleybus, vogn
ğŸšŒ bus, kÃ¸retÃ¸j
ğŸš bus, forfra, kÃ¸rende, kÃ¸retÃ¸j
ğŸš bus, kÃ¸retÃ¸j, sporvogn, trolley, trolleybus
ğŸš bus, minibus
ğŸš‘ ambulance, kÃ¸retÃ¸j
ğŸš’ brand, brandbil, kÃ¸retÃ¸j
ğŸš“ politi, politibil
ğŸš” kÃ¸rende politibil, politi, politibil forfra
ğŸš• bil, kÃ¸retÃ¸j, taxa
ğŸš– kÃ¸rende taxa, taxa forfra
ğŸš— bil, kÃ¸retÃ¸j
ğŸš˜ bil, bil forfra, fartÃ¸j, kÃ¸rende
ğŸš™ firehjulstrÃ¦k, fritid, jeep, kÃ¸retÃ¸j
ğŸšš kÃ¸retÃ¸j, lastbil, levering, transport
ğŸš› kÃ¸retÃ¸j, lastbil, lastvogn, levering, transport
ğŸšœ kÃ¸retÃ¸j, traktor
ğŸ bil, racerbil, racerlÃ¸b
ğŸ motorcykel, racerlÃ¸b
ğŸ›µ scooter, transportmiddel
ğŸš² cykel, tohjulet
ğŸ›´ lÃ¸behjul, transportmiddel
ğŸš bus, busstoppested, stoppested
ğŸ›£ motorvej, vej
ğŸ›¤ spor, tog, togspor
ğŸ›¢ olie, olietÃ¸nde, tÃ¸nde
â›½ benzin, benzinpumpe, tankstation
ğŸš¨ blinklys, politi
ğŸš¥ liggende trafiklys, lys, trafik
ğŸš¦ lys, trafik, trafiklys
ğŸ›‘ ottekant, ottekantet, skilt, stopskilt
ğŸš§ byggeri, spÃ¦rring
âš“ anker, bÃ¥d, skib, vÃ¦rktÃ¸j
â›µ bÃ¥d, sejlbÃ¥d
ğŸ›¶ bÃ¥d, kano, transportmiddel
ğŸš¤ bÃ¥d, speedbÃ¥d
ğŸ›³ fartÃ¸j, passager, passagerskib, skib
â›´ bÃ¥d, fÃ¦rge
ğŸ›¥ bÃ¥d, fartÃ¸j, motorbÃ¥d
ğŸš¢ fartÃ¸j, skib
âœˆ fartÃ¸j, fly
ğŸ›© fartÃ¸j, fly, lille fly
ğŸ›« afgang, afrejse, fartÃ¸j, fly, indtjekning
ğŸ›¬ ankomme, ankomst, fartÃ¸j, fly
ğŸ’º sÃ¦de, stol
ğŸš fartÃ¸j, helikopter
ğŸšŸ fartÃ¸j, hÃ¦ngende, luftbane, togbane
ğŸš  bjerg, fartÃ¸j, gondol, kabel, kabelbane
ğŸš¡ fartÃ¸j, gondol, kabel, svÃ¦ve, svÃ¦vebane
ğŸ›° fartÃ¸j, rummet, satellit
ğŸš€ fartÃ¸j, raket, rumfartÃ¸j, rummet, rumskib
ğŸ› hotel, hotelklokke, klokke
âŒ› tid, timeglas
â³ tid, timeglas, timeglas med lÃ¸bende sand
âŒš armbÃ¥ndsur, ur
â° ur, vÃ¦kkeur
â± stopur, ur
â² Ã¦ggeur, tidtager, ur
ğŸ•° pynteur, ur
ğŸ•› 12.00, 24.00, kl. 24, kl.12
ğŸ• 1.00, 13.00, kl. 1, kl. 13
ğŸ•œ 1.30, 13.30, halv to
ğŸ•‘ 14.00, 2.00, kl. 2, kl.14
ğŸ• 14.30, 2.30, halv tre
ğŸ•’ 15.00, 3.00, kl. 3, kl.15
ğŸ• 15.30, 3.30, halv fire
ğŸ•“ 16.00, 4.00, kl. 16, kl. 4
ğŸ•Ÿ 16.30, 4.30, halv fem
ğŸ•” 17.00, 5.00, kl. 17, kl. 5
ğŸ•  17.30, 5.30, halv seks
ğŸ•• 18.00, 6.00, kl. 18, kl. 6
ğŸ•¡ 18.30, 6.30, halv syv
ğŸ•– 19.00, 7.00, kl. 19, kl. 7
ğŸ•¢ 19.30, 7.30, halv otte
ğŸ•— 20.00, 8.00, kl. 20, kl. 8
ğŸ•£ 20.30, 8.30, halv ni
ğŸ•˜ 21.00, 9.00, kl. 21, kl. 9
ğŸ•¤ 21.30, 9.30, halv ti
ğŸ•™ 10.00, 22.00, kl. 10, kl. 22
ğŸ•¥ 10.30, 22.30, halv elleve
ğŸ•š 11.00, 23.00, kl. 23, kl.11
ğŸ•¦ 11.30, 23.30, halv tolv
ğŸŒ‘ mÃ¥ne, mÃ¥nefase, nymÃ¥ne
ğŸŒ’ mÃ¥ne, mÃ¥nefase, tiltagende mÃ¥ne
ğŸŒ“ fÃ¸rste kvarter mÃ¥ne, halvmÃ¥ne fÃ¸rste kvarter, mÃ¥ne, mÃ¥nefase
ğŸŒ” mÃ¥ne, mÃ¥nefase, tiltagende mÃ¥ne nÃ¦sten fuld
ğŸŒ• fuldmÃ¥ne, mÃ¥ne, mÃ¥nefase
ğŸŒ– aftagende mÃ¥ne nÃ¦sten fuld, mÃ¥ne, mÃ¥nefase
ğŸŒ— halvmÃ¥ne sidste kvarter, mÃ¥ne, mÃ¥nefase, sidste kvarter mÃ¥ne
ğŸŒ˜ aftagende mÃ¥ne, mÃ¥ne, mÃ¥nefase
ğŸŒ™ aftagende mÃ¥ne, halvmÃ¥ne
ğŸŒš ansigt i mÃ¥ne, nymÃ¥ne, nymÃ¥ne med ansigt
ğŸŒ› mÃ¥ne, mÃ¥ne med ansigt fÃ¸rste kvarter, mÃ¥neansigt
ğŸŒœ mÃ¥ne, mÃ¥ne med ansigt andet kvarter, mÃ¥neansigt
ğŸŒ¡ termometer, vejr
â˜€ lys, rum, sol, solskin, strÃ¥ler, vejr
ğŸŒ fuldmÃ¥ne, fuldmÃ¥ne med ansigt, fuldmÃ¥neansigt, mÃ¥ne med ansigt, mÃ¥neansigt
ğŸŒ ansigt, sol, sol med ansigt
â­ hvid mellemstor stjerne, stjerne
ğŸŒŸ blinkende stjerne, lysende stjerne, lyser, skinner, stjerneskin
ğŸŒ  stjerne, stjerneskud
ğŸŒŒ galakse, mÃ¦lkevejen
â˜ sky, vejr
â›… sky, sol, sol bag sky
â›ˆ regn, sky, sky med lyn og regn, torden, vejr
ğŸŒ¤ sky, sol, sol bag lille sky, vejr
ğŸŒ¥ sky, sol, sol bag stor sky, vejr
ğŸŒ¦ regn, sky, sol, sol bag sky med regn, vejr
ğŸŒ§ regn, sky, sky med regn, vejr
ğŸŒ¨ kulde, sky, sky med sne, sne, vejr
ğŸŒ© lyn, sky, tordensky, vejr
ğŸŒª hvirvelvind, sky, skypumpe, tornado, vejr
ğŸŒ« sky, tÃ¥ge, vejr
ğŸŒ¬ ansigt, blÃ¦se, sky, vejr, vind, vindansigt
ğŸŒ€ cyklon, svimmel, tornado, tyfon
ğŸŒˆ regn, regnbue, vejr
ğŸŒ‚ lukket paraply, regn, regnvejr
â˜‚ paraply, regn, tÃ¸j, vejr
â˜” drÃ¥be, paraply, paraply med regndrÃ¥ber, regn, tÃ¸j, vejr
â›± paraply, parasol, regn, sol, vejr
âš¡ advarsel, fare, hÃ¸jspÃ¦nding
â„ kulde, sne, snefnug, vejr
â˜ƒ kulde, sne, snemand, vejr
â›„ sne, snemand uden snevejr
â˜„ komet, rummet
ğŸ”¥ flamme, ild
ğŸ’§ drÃ¥be, drÃ¥be sved, fÃ¸lelser, koldsved
ğŸŒŠ bÃ¸lge, havbÃ¸lge, vandbÃ¸lge
ğŸƒ grÃ¦skar, grÃ¦skarlygte
ğŸ„ jul, juletrÃ¦, trÃ¦
ğŸ† fest, fyrvÃ¦rkeri, nytÃ¥r
ğŸ‡ fyrvÃ¦rkeri, nytÃ¥r, stjernekaster
âœ¨ skinne, stjerne, stjerner
ğŸˆ ballon, fest, fÃ¸dselsdag
ğŸ‰ bordbombe, fest, nytÃ¥r
ğŸŠ fest, konfetti, konfettidÃ¥se, konfettiregn
ğŸ‹ festival, trÃ¦ med papirpynt
ğŸ fyrtrÃ¦sdekoration, japansk nytÃ¥r
ğŸ dukker, japanske dukker
ğŸ banner, banner med fisk, banner med karper
ğŸ vindpiber, vindspil
ğŸ‘ ceremoni, fejring, mÃ¥ne, mÃ¥neceremoni
ğŸ€ fejring, slÃ¸jfe
ğŸ fÃ¸dselsdag, gave, overraskelse, pakke
ğŸ— bÃ¥nd, fejring, minde, mindebÃ¥nd
ğŸŸ adgang, adgangsbillet, billet
ğŸ« billet, forlystelse, underholdning
ğŸ– dekoreret, fejring, medalje, militÃ¦r, militÃ¦rmedalje
ğŸ† pokal, prÃ¦mie, trofÃ¦
ğŸ… medalje, sportsmedalje
ğŸ¥‡ fÃ¸rsteplads, fÃ¸rsteprÃ¦mie, guld, guldmedalje, medalje, vinder
ğŸ¥ˆ andenplads, andenprÃ¦mie, medalje, sÃ¸lv, sÃ¸lvmedalje, vinder
ğŸ¥‰ bronzemedalje, medalje, tredjeplads, tredjeprÃ¦mie, vinder
âš½ bold, fodbold
âš¾ baseball, bold
ğŸ€ basketball, bold, sport
ğŸ bold, spil, volleyball
ğŸˆ amerikansk fodbold, sport
ğŸ‰ bold, rugbybold, sport
ğŸ¾ bold, sport, tennis, tennisbold, tennisbold og ketsjer
ğŸ³ bowling, bowlingkugle, spille
ğŸ bat, bold, cricket, spil
ğŸ‘ bold, hockey, spil, stav
ğŸ’ is, ishockeystav og puck, puck, spil, stav
ğŸ“ bat, bold, bord, bordtennis, pingpong, spil, tennis
ğŸ¸ badminton, fjerbold, ketsjer, spil
ğŸ¥Š bokse, boksehandske, boksning, handske, sport
ğŸ¥‹ kampsport, kampsportsuniform, sport, taekwondo, uniform
ğŸ¥… mÃ¥l, mÃ¥lnet, net, sport
â›³ golf flag
â›¸ is, skÃ¸jte
ğŸ£ fiske, fiskeri, fiskestang, fiskestang med fisk
ğŸ½ lÃ¸be, lÃ¸betrÃ¸je, lÃ¸betrÃ¸je med bÃ¥nd
ğŸ¿ ski, skisport
ğŸ¯ plet, pletskud
ğŸ± billard, billardkugle
ğŸ”® krystalkugle, spÃ¥dom, spÃ¥domskunst
ğŸ® hÃ¥ndcontroller, videospil
ğŸ•¹ joystick, spil, videospil
ğŸ° spil, spillemaskine
ğŸ² terning, terningspil
â™  kort, spar, spil
â™¥ hjerter, kort, spil
â™¦ kort, ruder, spil
â™£ klÃ¸r, kort, spil
ğŸƒ joker, kort, spillekort
ğŸ€„ drage, mahjong, mahjong-brik, rÃ¸d drage
ğŸ´ spillekort, spillekort med blomster
ğŸ­ masker, teater
ğŸ–¼ billede, kunst, maleri, museum, ramme, ramme med billede
ğŸ¨ farver, kunstner, maler, palet
ğŸ‘“ beklÃ¦dning, briller
ğŸ•¶ briller, mÃ¸rk, Ã¸je, solbriller
ğŸ‘” beklÃ¦dning, slips
ğŸ‘• beklÃ¦dning, bluse, T-shirt, trÃ¸je
ğŸ‘– beklÃ¦dning, bukser
ğŸ‘— beklÃ¦dning, kjole
ğŸ‘˜ beklÃ¦dning, kÃ¥be, kimono
ğŸ‘™ badetÃ¸j, beklÃ¦dning, bikini
ğŸ‘š beklÃ¦dning, bluse
ğŸ‘› pengepung, pung
ğŸ‘œ hÃ¥ndtaske, taske
ğŸ‘ pung, taske
ğŸ› hotel, indkÃ¸bsposer, pose
ğŸ’ rygsÃ¦k, skole, skoletaske, taske
ğŸ‘ herresko, sko
ğŸ‘Ÿ fritidssko, gummisko, sko, tennissko
ğŸ‘  hÃ¸je hÃ¦le, hÃ¸jhÃ¦let sko, sko
ğŸ‘¡ damesandaler, sandaler
ğŸ‘¢ damestÃ¸vler, stÃ¸vler
ğŸ‘‘ beklÃ¦dning, krone
ğŸ‘’ beklÃ¦dning, hat, kvindes hat
ğŸ© hat, hÃ¸j hat, sort hat
ğŸ“ eksamen, eksamenshat, hat
â›‘ ansigt, hjelm, hjelm med hvidt kors, kors, nÃ¸dhjÃ¦lp
ğŸ“¿ bedekrans, bÃ¸n, halskÃ¦de, pÃ¥klÃ¦dning, perler, religion
ğŸ’„ kosmetik, lÃ¦bestift
ğŸ’ ring, romantik
ğŸ’ diamant, juvel, romantik
ğŸ”‡ hÃ¸jttaler, hÃ¸jttaler fra, lyd fra, lydstyrke, stille
ğŸ”ˆ hÃ¸jttaler, lydstyrke
ğŸ”‰ hÃ¸jtaler med en lydbÃ¸lge, hÃ¸jttaler til, lav volumen
ğŸ”Š hÃ¸j volumen, hÃ¸jtaler med hÃ¸j volumen, hÃ¸jttaler hÃ¸j
ğŸ“¢ hÃ¸jt, hÃ¸jttaler med hÃ¥ndtag, offentlig
ğŸ“£ kommunikation, megafon
ğŸ“¯ posthorn
ğŸ”” klokke
ğŸ”• ingen klokke, ingen lyd, klokke med streg over
ğŸ¼ g-nÃ¸gle, musik, partitur
ğŸµ musik, node
ğŸ¶ musik, node, noder
ğŸ™ mikrofon, musik, studie, studiemikrofon
ğŸš musik, volumenkontrol
ğŸ› knapper, musik
ğŸ¤ mikrofon, sang, synge
ğŸ§ hÃ¸retelefon, hovedtelefon, lytte, musik
ğŸ“» Ã¦teren, radio
ğŸ· instrument, musik, musikinstrument, saxofon
ğŸ¸ guitar, instrument, musik, musikinstrument, strengeinstrument
ğŸ¹ instrument, keyboard, klaver, musik, musikinstrument
ğŸº instrument, musik, musikinstrument, trompet
ğŸ» instrument, musik, musikinstrument, strengeinstrument, violin
ğŸ¥ musik, rytme, tromme, trommestikker
ğŸ“± mobil, mobiltelefon
ğŸ“² lav et opkald, mobil med pil
â˜ telefon
ğŸ“ kommunikation, telefonrÃ¸r
ğŸ“Ÿ bipper, kommunikation, personsÃ¸ger
ğŸ“  fax, faxmaskine, kommunikation
ğŸ”‹ batteri
ğŸ”Œ elektricitet, elektrisk, stik
ğŸ’» computer
ğŸ–¥ computer, stationÃ¦r
ğŸ–¨ computer, printer, stationÃ¦r
âŒ¨ computer, tastatur
ğŸ–± computer, computermus, knap, mus
ğŸ–² computer, trackball
ğŸ’½ disk, mini disk
ğŸ’¾ computer, diskette
ğŸ’¿ cd, dvd
ğŸ“€ blu-ray, cd, computer, disk, DVD, optisk
ğŸ¥ biograf, filme, filmkamera
ğŸ biograf, film, filmstrimmel, strimmel
ğŸ“½ biograf, filmprojektor, projektor, video
ğŸ¬ filmklapper, klapper, klaptrÃ¦
ğŸ“º fjernsyn, tv
ğŸ“· kamera, video
ğŸ“¸ blitz, kamera, kamera med blitz, video
ğŸ“¹ kamera, video, videokamera
ğŸ“¼ video, videobÃ¥nd
ğŸ” forstÃ¸rrelse, forstÃ¸rrelsesglas, forstÃ¸rrelsesglas til venstre, sÃ¸gning, vÃ¦rktÃ¸j
ğŸ” forstÃ¸rrelse, forstÃ¸rrelsesglas, forstÃ¸rrelsesglas til hÃ¸jre, sÃ¸gning, vÃ¦rktÃ¸j
ğŸ•¯ lys, stearinlys
ğŸ’¡ elpÃ¦re, ide, lys ide
ğŸ”¦ lommelygte, lygte
ğŸ® lanterne, lygte, rÃ¸d lygte
ğŸ“” notesbog, notesbog med udsmykning
ğŸ“• bog, lukket bog
ğŸ“– Ã¥ben bog, bog
ğŸ“— bog, grÃ¸n bog
ğŸ“˜ blÃ¥ bog, bog
ğŸ“™ bog, orange bog
ğŸ“š bog, bÃ¸ger
ğŸ““ noter, notesbog
ğŸ“’ notesbog, regnskabsbog
ğŸ“ƒ side, side med fold
ğŸ“œ papir, skriftrulle
ğŸ“„ dokument, side
ğŸ“° avis, nyheder
ğŸ— avis, nyheder, sammenrullet
ğŸ“‘ bogmÃ¦rke, faner, mÃ¦rke
ğŸ”– bogmÃ¦rke, mÃ¦rke
ğŸ· etiket, label, mÃ¦rkat, seddel
ğŸ’° dollar, penge, pengepose
ğŸ’´ penge, yenseddel
ğŸ’µ dollarseddel, penge
ğŸ’¶ euroseddel, penge
ğŸ’· penge, pund, pundseddel
ğŸ’¸ flyvende penge, penge, penge med vinger
ğŸ’³ bank, kort, kredit, kreditkort, penge
ğŸ’¹ opadgÃ¥ende graf, stigende marked
âœ‰ e-mail, konvolut
ğŸ“§ brev, e-mail, kommunikation
ğŸ“¨ e-mail, indgÃ¥ende post, modtaget post
ğŸ“© e-mail, sendt post, udgÃ¥ende post
ğŸ“¤ kommunikation, sendt, udbakke
ğŸ“¥ indbakke, kommunikation, modtaget
ğŸ“¦ kasse, pakke
ğŸ“« lukket postkasse med hÃ¦vet flag, post, postkasse med flag op
ğŸ“ª lukket postkasse med sÃ¦nket flag, post, postkasse med flag nede
ğŸ“¬ Ã¥ben postkasse med hÃ¦vet flag, post, postkasse med brev
ğŸ“­ Ã¥ben postkasse, Ã¥ben postkasse med sÃ¦nket flag, post
ğŸ“® postkasse
ğŸ—³ boks, kasse, stemme, urne, valgurne med stemmeseddel
âœ blyant
âœ’ fyldepen, pen, sort fyldepen
ğŸ–‹ fyldepen, pen
ğŸ–Š kuglepen, pen
ğŸ–Œ maleri, malerpensel, maling
ğŸ– farveblyant, farvekridt, fedtfarve
ğŸ“ kommunikation, notat
ğŸ’¼ attachÃ©mappe, mappe
ğŸ“ dokument, mappe
ğŸ“‚ Ã¥ben mappe, dokument
ğŸ—‚ kartotek, kartotekskort, kort
ğŸ“… dato, kalender
ğŸ“† afrivningskalender, kalender, kalenderblok
ğŸ—’ blok, note, noter, notesblok, spiral, spiralryg
ğŸ—“ blok, kalender, spiral, spiralkalender
ğŸ“‡ indekskort, kartotek, kontakter
ğŸ“ˆ graf, opadgÃ¥ende graf, tendens
ğŸ“‰ graf, nedadgÃ¥ende graf, tendens
ğŸ“Š diagram, sÃ¸jlediagram
ğŸ“‹ clipboard
ğŸ“Œ stift, tegnestift
ğŸ“ rund tegnestift, stift, tegnestift
ğŸ“ clips, papirclips
ğŸ–‡ papirclip, sammensat, sammensatte papirclips
ğŸ“ lige kant, lineal
ğŸ“ trekant, vinkel, vinkelmÃ¥ler
âœ‚ saks, vÃ¦rktÃ¸j
ğŸ—ƒ arkiv, arkivkasse, kasse, pap
ğŸ—„ arkiv, arkivskab, skab
ğŸ—‘ papirkurv, skraldespand
ğŸ”’ hÃ¦ngelÃ¥s, lÃ¥st
ğŸ”“ Ã¥ben hÃ¦ngelÃ¥s, Ã¥ben lÃ¥s
ğŸ” fyldepen, hÃ¦ngelÃ¥s med pen, lÃ¥s med fyldepen, privat
ğŸ” lÃ¥s med nÃ¸gle, lÃ¥st, lukket hÃ¦ngelÃ¥s med nÃ¸gle, sikker
ğŸ”‘ adgangskode, nÃ¸gle, password
ğŸ— gammel, lÃ¥s, nÃ¸gle
ğŸ”¨ hammer, vÃ¦rktÃ¸j
â› hakke, mine, vÃ¦rktÃ¸j
âš’ hakke, hammer, hammer og hakke, vÃ¦rktÃ¸j
ğŸ›  hammer, hammer og skruenÃ¸gle, skruenÃ¸gle, svensknÃ¸gle, vÃ¦rktÃ¸j
ğŸ—¡ daggert, kniv, vÃ¥ben
âš” korslagt, korslagte svÃ¦rd, svÃ¦rd, vÃ¥ben
ğŸ”« pistol, revolver, vÃ¥ben
ğŸ¹ bue, bue og pil, bueskytte, pil, skytten, stjernetegn, vÃ¥ben, vÃ¦rktÃ¸j
ğŸ›¡ skjold, vÃ¥ben
ğŸ”§ skruenÃ¸gle, vÃ¦rktÃ¸j
ğŸ”© bolt, mÃ¸trik, mÃ¸trik og bolt, vÃ¦rktÃ¸j
âš™ tandhjul, vÃ¦rktÃ¸j
ğŸ—œ skruestik, skruetvinge, vÃ¦rktÃ¸j
âš– balance, jura, retfÃ¦rdighed, stjernetegn, vÃ¦gt, vÃ¦rktÃ¸j
ğŸ”— link, link-tegn
â›“ kÃ¦de, kÃ¦der
âš— kemi, kolbe, vÃ¦rktÃ¸j
ğŸ”¬ mikroskop, redskab, vÃ¦rktÃ¸j
ğŸ”­ redskab, teleskop, vÃ¦rktÃ¸j
ğŸ“¡ kommunikation, parabolantenne
ğŸ’‰ indsprÃ¸jtning, lÃ¦ge, sprÃ¸jte
ğŸ’Š lÃ¦ge, medicin, pille
ğŸšª Ã¥ben dÃ¸r, dÃ¸r
ğŸ› hotel, seng, sove
ğŸ›‹ hotel, lampe, sofa, sofa og lampe
ğŸš½ toilet, wc
ğŸš¿ bad, brusebad
ğŸ› bad, badekar
ğŸ›’ butik, forretning, indkÃ¸b, indkÃ¸bsvogn, kÃ¸b, vogn
ğŸš¬ rygeskilt, rygning tilladt
âš° dÃ¸d, kiste
âš± begravelse, dÃ¸d, urne
ğŸ—¿ moyai-statue, statue
ğŸ§ dankortsautomat, hÃ¦ve penge, pengeautomat
ğŸš® skraldespand, smid i skraldespanden
ğŸš° drik, drikkevand, vand
â™¿ adgang, rullestol, rullestolsadgang
ğŸš¹ mÃ¦nd, wc
ğŸšº kvinder, wc
ğŸš» toilet-skilt, toiletskilt
ğŸš¼ baby-skilt, babysymbol, skifte
ğŸš¾ toilet, wc
ğŸ›‚ pas, paskontrol
ğŸ›ƒ told
ğŸ›„ baggage, baggageudlevering
ğŸ›… baggage, hittegods
âš  advarsel, advarselsskilt
ğŸš¸ bÃ¸rn, bÃ¸rn krydser vej, pas pÃ¥ bÃ¸rn
â›” adgang, forbudt, ingen adgang, trafik
ğŸš« adgang forbudt, ingen adgang
ğŸš³ cykler forbudt, ingen cykler
ğŸš­ rygning forbudt, rygning ikke tilladt
ğŸš¯ affald, forbudt, ikke tilladt, smid ikke affald
ğŸš± drik, forbudt, ikke drikkevand, vand
ğŸš· fodgÃ¦nger, forbudt, ingen fodgÃ¦ngere
ğŸ“µ ingen mobiltelefoner, mobiltelefoner forbudt
ğŸ” forbudt for under 18, ingen under 18
â˜¢ advarsel, radioaktiv, radioaktivitet, risiko, skilt
â˜£ advarsel, biologisk, fare, risiko, skilt
â¬† nord, opadvendt pil, pil, retning, verdenshjÃ¸rne
â†— nordÃ¸st, opadvendt pil mod hÃ¸jre, pil, retning
â¡ Ã¸st, pil, pil mod hÃ¸jre, retning, verdenshjÃ¸rne
â†˜ nedadvendt pil mod hÃ¸jre, pil, retning, sydÃ¸st
â¬‡ ned, nedadvendt pil, pil, retning, syd, verdenshjÃ¸rne
â†™ nedadvendt pil mod venstre, pil, retning, sydvest
â¬… pil, pil mod venstre, retning, verdenshjÃ¸rne, vest
â†– nordvest, opadvendt pil mod venstre, pil, retning
â†• op- og nedadvendt pil, pil
â†” pil, pil mod venstre og hÃ¸jre
â†© pil, pil mod hÃ¸jre med sving til venstre
â†ª pil, pil mod venstre med sving til hÃ¸jre
â¤´ pil, pil mod hÃ¸jre med sving opad
â¤µ ned, pil, pil mod hÃ¸jre med sving nedad
ğŸ”ƒ genindlÃ¦se, genindlÃ¦se-tegn, vertikale pile med uret
ğŸ”„ mod uret, pile, pile mod uret
ğŸ”™ tilbage, tilbage-pil, venstrepil
ğŸ”š end, end-pil, venstrepil
ğŸ”› ON med udrÃ¥bstegn, ON-pil, pÃ¥
ğŸ”œ snart, snart med hÃ¸jrepil, snart-tegn
ğŸ” pil peger op, top, toppil
ğŸ› bedested, bÃ¸n, religion
âš› ateist, atom, atomsymbol
ğŸ•‰ hindu, om, religion
âœ¡ david, davidsstjerne, jÃ¸de, jÃ¸disk, religion, stjerne
â˜¸ buddhist, dharma, dharma-hjul, hjul, religion
â˜¯ religion, tao, taoist, yang, yin, yin og yang
âœ kors, kristen, latinsk kors, religion
â˜¦ kors, kristen, ortodokst kors, religion
â˜ª islam, muslim, religion, stjerne og halvmÃ¥ne
â˜® fred, fredssymbol
ğŸ• lysestage, religion, syvarmet lysestage
ğŸ”¯ horoskop, sekstakket stjerne med prik, stjerne
â™ˆ stjernetegn, vÃ¦dderen
â™‰ stjernetegn, tyren
â™Š stjernetegn, tvillingen
â™‹ krebsen, stjernetegn
â™Œ lÃ¸ven, stjernetegn
â™ jomfruen, stjernetegn
â™ stjernetegn, vÃ¦gten
â™ skorpionen, stjernetegn
â™ skytten, stjernetegn
â™‘ stenbukken, stjernetegn
â™’ stjernetegn, vandmanden
â™“ fisken, stjernetegn
â› slangebÃ¦reren, stjernebillede
ğŸ”€ krydsede pile, pile, pile mod hÃ¸jre
ğŸ” gentag, gentageknap, med uret, pil
ğŸ”‚ Ã©n gang, knap til Ã©n gentagelse, med uret, pil
â–¶ afspil, afspilning, afspilningsknap, hÃ¸jre, pil, play, trekant
â© dobbelt hÃ¸jrepil, hÃ¸jre, spole frem
â­ knap til nÃ¦ste nummer, nÃ¦ste nummer, nÃ¦ste scene, pil, trekant
â¯ afspil, hÃ¸jre, knap til afspilning og pause, pause, pil, play, trekant
â—€ baglÃ¦ns, knap til baglÃ¦ns afspilning, pil, trekant, venstre
âª dobbelt venstrepil, spole tilbage, venstre
â® forrige nummer, forrige scene, knap til forrige nummer, pil, trekant
ğŸ”¼ knap, op-knap, opad, pil
â« dobbeltpil op, op, pil op
ğŸ”½ knap, ned, ned-knap, nedad, pil
â¬ dobbeltpil ned, ned, pil ned
â¸ bjÃ¦lke, dobbelt, lodret, pause, pauseknap
â¹ kvadrat, stop, stopknap
âº cirkel, optage, optageknap
â eject, skub ud, udskubningsknap
ğŸ¦ biograf, film, filme, teater
ğŸ”… dÃ¦mpet lysstyrke, lav lysstyrke
ğŸ”† hÃ¸j lysstyrke, lysstyrke
ğŸ“¶ mobilsignal, signalstyrke
ğŸ“³ mobil, vibration
ğŸ“´ mobil, mobil slÃ¥et fra
âœ– annuller, gange, gangetegn, multiplicer, multiplikation, stort kryds, x
â• plus, plustegn
â– minus, minustegn
â— division, divisionstegn
â€¼ dobbelt udrÃ¥bstegn, tegnsÃ¦tning, udrÃ¥bstegn
â‰ spÃ¸rgsmÃ¥l, tegn, tegnsÃ¦tning, udrÃ¥bstegn, udrÃ¥bstegn og spÃ¸rgsmÃ¥lstegn
â“ spÃ¸rgsmÃ¥l, spÃ¸rgsmÃ¥lstegn, tegn, tegnsÃ¦tning
â” hvidt spÃ¸rgsmÃ¥lstegn, omrids, spÃ¸rgsmÃ¥l, tegn, tegnsÃ¦tning
â• fixed to avoid duplicate, hvidt udrÃ¥bstegn
â— tegnsÃ¦tning, udrÃ¥bstegn
ã€° bÃ¸lgestreg, bÃ¸lget, tegn, tegnsÃ¦tning
ğŸ’± bank, penge, valuta, valutaveksling, veksling
ğŸ’² dollartegn
âš• Ã¦skulap, Ã¦skulapstav, lÃ¦gekunst, lÃ¦gevidenskab, medicin, medicinsymbol, slange, stav
â™» genbrug, genbrugssymbol
âšœ fleur-de-lis, fransk lilje, heraldik, heraldisk lilje, lilje
ğŸ”± trefork, trefork-symbol
ğŸ“› navn, navneskilt, skilt
ğŸ”° grÃ¸nt og gult, grÃ¸nt og gult blad
â­• cirkel, o, stor kraftig cirkel
âœ… flueben, markering
â˜‘ afkrydsning, afkrydsningsfelt med flueben, flueben, markere, stemme
âœ” flueben, stort flueben
âŒ annuller, gange, kryds, mÃ¦rke, multiplicer, multiplikation, x
â krydsknap, kvadrat, mÃ¦rke, x
â° krÃ¸lle, lÃ¸kke, loop
â¿ dobbelt, krÃ¸lle, lÃ¸kke, loop
ã€½ del, japansk, kommatering
âœ³ asterisk, ottetakket spids stjerne, stjerne
âœ´ ottetakket stjerne, stjerne
â‡ funkle, funklen, glans, strÃ¥le
Â© copyright, copyright-tegn, ophavsret
Â® registreret, registreret varemÃ¦rke
â„¢ varemÃ¦rke
ğŸ”  store bogstaver, symbol for store bogstaver
ğŸ”¡ smÃ¥ bogstaver, symbol for smÃ¥ bogstaver
ğŸ”¢ symbol for tal, tal
ğŸ”£ symbol for symboler, symboler
ğŸ”¤ latinske alfabet, symbol for latinske alfabet
ğŸ…° A, blod, blodtype, type A
ğŸ† AB, blod, blodtype, type AB
ğŸ…± B, blod, blodtype, type B
ğŸ†‘ CL-tegn, ryd, ryd-tegn
ğŸ†’ cool, cool-tegn
ğŸ†“ gratis, gratis-tegn
â„¹ i, information, informationskilde, turistinformation
ğŸ†” id, id-tegn
â“‚ cirkel, m, m i cirkel
ğŸ†• nyhed, nyt, nyt-tegn
ğŸ†– ikke godt, ikke godt-tegn, NG-tegn
ğŸ…¾ blod, blodtype, O, type O
ğŸ†— OK, OK-tegn
ğŸ…¿ parkering, parkeringsplads
ğŸ†˜ hjÃ¦lp, SOS, SOS-signal, SOS-tegn
ğŸ†™ OP!, OP!-tegn, UP!-tegn
ğŸ†š versus, versus-tegn, vs., vs.-tegn
ğŸˆ japansk, kvadratisk katakana koko
ğŸˆ‚ japansk, kvadratisk katakana sa
ğŸˆ· japansk, kvadratisk ideogram for mÃ¥ne
ğŸˆ¶ japansk, kvadratisk ideogram for eksistens
ğŸˆ¯ japansk, kvadratisk ideogram for finger
ğŸ‰ cirkulÃ¦rt ideogram for fordel, japansk
ğŸˆ¹ japansk, kvadratisk ideogram for opdeling
ğŸˆš japansk, kvadratisk ideogram for forhandling
ğŸˆ² japansk, kvadratisk ideogram for forbud
ğŸ‰‘ cirkulÃ¦rt ideogram for accept, kinesisk
ğŸˆ¸ kinesisk, kvadratisk ideogram for anvendelse
ğŸˆ´ kinesisk, kvadratisk ideogram for sammen
ğŸˆ³ kinesisk, kvadratisk ideogram for tom
ãŠ— cirkulÃ¦rt ideogram for lykÃ¸nskning, ideogram, kinesisk, lykÃ¸nskning, tillykke
ãŠ™ cirkulÃ¦rt ideogram for hemmelighed, hemmelighed, ideogram, kinesisk
ğŸˆº kinesisk, kvadratisk ideogram for drift
ğŸˆµ kinesisk, kvadratisk ideogram for fuld
ğŸ”´ cirkel, geometrisk, rÃ¸d
ğŸ”µ blÃ¥, cirkel, geometrisk
âš« cirkel, geometrisk, sort cirkel
âšª cirkel, geometrisk, hvid cirkel
â¬› geometrisk, kvadrat, stort sort kvadrat
â¬œ geometrisk, kvadrat, stort hvidt kvadrat
â—¼ geometrisk, kvadrat, mellemstort sort kvadrat
â—» geometrisk, kvadrat, mellemstort hvidt kvadrat
â—¾ geometrisk, halvlille sort kvadrat, kvadrat
â—½ geometrisk, halvlille hvidt kvadrat, kvadrat
â–ª geometrisk, kvadrat, lille sort kvadrat
â–« geometrisk, kvadrat, lille hvidt kvadrat
ğŸ”¶ diamant, geometrisk, orange, stor orange diamant
ğŸ”· blÃ¥, diamant, geometrisk, stor blÃ¥ diamant
ğŸ”¸ diamant, geometrisk, lille orange diamant, orange
ğŸ”¹ blÃ¥, diamant, geometrisk, lille blÃ¥ diamant
ğŸ”º op, op-trekant, rÃ¸d trekant, trekant
ğŸ”» ned, ned-trekant, rÃ¸d trekant, trekant
ğŸ’  diamant med prik, fÃ¸lelse
ğŸ”˜ alternativknap, knap
ğŸ”³ geometrisk, hvid kvadratisk knap, knap, kvadrat, omrids
ğŸ”² geometrisk, knap, kvadrat, sort kvadratisk knap
ğŸ flag, motorsport, ternet flag
ğŸš© flag, trekantet rÃ¸dt flag
ğŸŒ japanske flag, to flag
ğŸ´ blafrende, sort flag
ğŸ³ blafrende, hvidt flag
ğŸ³â€ğŸŒˆ flag, regnbue, regnbueflag
