ğŸ» kiri Ähua, kiri Ähua mÄmÄ, momo 1â€“2
ğŸ¼ kiri Ähua, kiri Ähua mÄmÄ-waenga, momo 3
ğŸ½ kiri Ähua, kiri Ähua waenga, momo 4
ğŸ¾ kiri Ähua, kiri Ähua waenga-parauri, momo 5
ğŸ¿ kiri Ähua, kiri Ähua parauri, momo 6
â€¾ tapae
â€½ interrobang
â€¸ kÄtete
â‚ hakiraki
ğŸ˜€ kanohi, pakiri
ğŸ˜ƒ kanohi, menemene, tuwhera, waha
ğŸ˜„ kanohi, kanohi menemene waha tuwhera me ngÄ karu menemene, karu, menemene, tuwhera, waha
ğŸ˜ kanohi, karu, menemene, pakiri
ğŸ˜† kanohi, kanohi menemene waha tuwhera me ngÄ karu kopi, kata, menemene, ngata, tuwhera, waha
ğŸ˜… kanohi, kanohi menemene waha tuwhera me te werawera mÄtao, mÄtao, menemene, tuwhera, werawera
ğŸ¤£ kanohi, katakata, papa, takaoriori, takaoriori ana i te papa me te katakata
ğŸ˜‚ harikoa, kanohi, kata, roimata
ğŸ™‚ kanohi, kanohi menemene iti, menemene
ğŸ™ƒ huripoki, kanohi
ğŸ˜‰ kanohi, kanohi kimokimo, kimo
ğŸ˜Š kanohi, karu, menemene, mumura
ğŸ˜‡ anahera, Äwheo, hÄ“kore, kanohi, kanohi menemene whai Äwheo, kÅrero pakiwaitara, menemene, moemoeÄ
ğŸ˜ aroha, kanohi, kanohi menemene karu-manawa, karu, menemene
ğŸ¤© kanohi, karu, pakiri, tino mÄ«harotia, whetÅ«
ğŸ˜˜ kanohi, kanohi pupuhi kihi, kihi
ğŸ˜— kanohi, kanohi kihikihi, kihi
â˜º kanohi, menemene, pÄrohe, whakahuahua
ğŸ˜š kanohi, kanohi kihikihi karu kopi, karu, kihi, kopi
ğŸ˜™ kanohi, kanohi kihikihi karu menemene, karu, kihi, menemene
ğŸ˜‹ Ä, kanohi, kanohi tÄwara kai reka, menemene, reka, tÄwara, um
ğŸ˜› arero, kanohi, kanohi whÄtero
ğŸ˜œ arero, hangarau, kanohi, kanohi whÄtero karu kimokimo, karu, kimo
ğŸ¤ª iti, kanohi pÅrangi, karu, rahi
ğŸ˜ arero, kanohi, kanohi whÄtero karu kopi, karu, tÄwara, weriweri
ğŸ¤‘ kanohi, kanohi waha-moni, moni, waha
ğŸ¤— awhi, awhiawhi, kanohi
ğŸ¤­ aue, kanohi ringa runga waha
ğŸ¤« hÅ«, kanohi whakahÅ«, turituri
ğŸ¤” kanohi, whakaaroaro
ğŸ¤ kanohi, kanohi waha-kÅtui, kÅtui, waha
ğŸ¤¨ kaitaunu, kanohi tukemata rewa, matakana
ğŸ˜ kanohi, kÅ«papa, whakaririka
ğŸ˜‘ kanohi, kore ngangahau, whakaririka
ğŸ˜¶ hÅ«, kanohi, kanohi kore waha, ngÅ«, waha
ğŸ˜ kanohi, tÄpahi
ğŸ˜’ kanohi, katakore, pÅuri
ğŸ™„ kanohi, karu, takahuri
ğŸ˜¬ kanohi, whÄita
ğŸ¤¥ kanohi, pinÅkio, teka
ğŸ˜Œ kanohi, whakaoraora
ğŸ˜” kanohi, kanohi whakaaro, pÄpÅuri, whakaaroaro
ğŸ˜ª kanohi, kanohi hiamoe, moe
ğŸ¤¤ hÄware, kanohi
ğŸ˜´ kanohi, moe, zzz
ğŸ˜· Ärai, kanohi, kanohi mau Ärai rongoÄ, mÄtao, mate, rata, rongoÄ
ğŸ¤’ inemahana, kanohi, kanohi whai inemahana, mate, mÄuiui
ğŸ¤• kanohi, kanohi mau takai-upoko, mamae, takai, whara
ğŸ¤¢ kanekane, kanohi, ruaki
ğŸ¤® kanohi ruaki, mate, ruaki
ğŸ¤§ kanohi, matihe, ngÄ manaaki
ğŸ˜µ kanohi, takaanini
ğŸ¤¯ mÄhunga pahÅ«, oho
ğŸ¤  kanohi, kauhine, kaupoi, pÅtae
ğŸ˜ kanapa, kanohi, kanohi menemene mau mÅhitirÄ, karu, menemene, mÅhiti, mÅhitirÄ, rÄ, rawe
ğŸ¤“ kanohi, kÄ«ki, nere
ğŸ§ kanohi mau mÅhititahi, mÄuiui
ğŸ˜• kanohi, pÅraru
ğŸ˜Ÿ Äwangawanga, kanohi
ğŸ™ kanohi, kanohi Ähua poururu, poururu
â˜¹ kanohi, poururu
ğŸ˜® aroha, kanohi, tuwhera, waha
ğŸ˜¯ hanea, kanohi, mae, ohorere
ğŸ˜² kanohi, katoa, oho, ohorere
ğŸ˜³ kanohi, pÅro, werawera
ğŸ˜¦ kanohi, poururu, tuwhera, waha
ğŸ˜§ aurere, kanohi
ğŸ˜¨ kanohi, mataku, wehi, wewehi
ğŸ˜° kanohi, kanohi waha tuwhera me te werawera mÄtao, kikorangi, mÄtao, tuwhera, waha, werawera, whÄwhai
ğŸ˜¥ kanohi, kanohi pÄpouri engari whakaoraora, pÄpÅuri, whakaoraora, whiu
ğŸ˜¢ kanohi, kanohi tatangi, pÅuri, roimata, tangi
ğŸ˜­ hotu, kanohi, kanohi tangi reonui, pÅuri, roimata, tangi
ğŸ˜± kanohi, kanohi Å«mere i te wehi, mataku, ngangau, Å«mere, wehi, wewehi
ğŸ˜– kanohi, whakahÄ“hÄ“
ğŸ˜£ kanohi, pÄuaua
ğŸ˜ kanohi, pÄpÅuri
ğŸ˜“ kanohi, mÄtao, werawera
ğŸ˜© kanohi, ngenge, ruha
ğŸ˜« kanohi, ngenge
ğŸ˜¤ kanohi, kanohi ihu korohÅ«, toa, wini
ğŸ˜¡ kanohi, nguha, pÅrangi, riri, tupere, whero
ğŸ˜  kanohi, pÅrangi, riri
ğŸ¤¬ kanga ana, kanohi tohu runga waha
ğŸ˜ˆ kanohi, kanohi menemene whai pihi, kÅrero pakiwaitara, menemene, moemoeÄ, pihi
ğŸ‘¿ kanohi, kanohi riri whai pihi, kÅrero pakiwaitara, moemoeÄ, patupaiarehe, rÄ“wera, tÄ“moni
ğŸ’€ angaanga, kanohi, kÅrero pakiwaitara, mate, taniwha
â˜  angaanga, angaanga me ngÄ kÅiwi-whiri, kanohi, kÅiwi-whiri, mate, taniwha
ğŸ’© kanohi, putunga tiko, tae, taniwha, tiko, tÅ«tae, whakakata
ğŸ¤¡ hangareka, kanohi
ğŸ‘¹ kanohi, kaurehe, kÄ«rehe, kÅrero pakiwaitara, moemoeÄ, taniwha
ğŸ‘º kanohi, kÄ«rehe, kÅrero pakiwaitara, moemoeÄ, taipÅ, taniwha
ğŸ‘» kanohi, kÄ“hua, kÄ«rehe, kÅrero pakiwaitara, moemoeÄ, taniwha
ğŸ‘½ kanohi, kÄ«rehe, kÄ«rehe aokÄ“, kÅrero pakiwaitara, manene aokÄ“, moemoeÄ, taniwha, ufo
ğŸ‘¾ kanohi, kÄ«rehe, kÅrero pakiwaitara, manene aokÄ“, moemoeÄ, ngÄrara aokÄ“, taniwha, ufo
ğŸ¤– kanohi, karetao, taniwha
ğŸ˜º kanohi, menemene, ngeru, tuwhera, waha
ğŸ˜¸ kanohi, karu, menemene, ngeru, pakiri
ğŸ˜¹ harikoa, kanohi, kanohi ngeru me ngÄ roimata harikoa, ngeru, roimata
ğŸ˜» aroha, kanohi, kanohi ngeru menemene karu-manawa, karu, menemene, ngeru
ğŸ˜¼ kanohi, menemene, ngeru, pÅ«kawa, takahiri
ğŸ˜½ kanohi, kanohi ngeru kihikihi karu kopi, karu, kihi, ngeru
ğŸ™€ kanohi, ngeru, oho, ohorere, ruha
ğŸ˜¿ kanohi, kanohi ngeru tatangi, ngeru, pÅuri, roimata, tangi
ğŸ˜¾ kanohi, ngeru, tupere
ğŸ™ˆ kanohi, kÄo, kÄore, kino, kite, makimaki, makimaki kore-kite-kino, tohu Ä-ringa, whakakÄhore, whakakore
ğŸ™‰ kanohi, kÄo, kÄore, kino, makimaki, makimaki kore-rongo-kino, rongo, tohu Ä-ringa, whakakÄhore, whakakore
ğŸ™Š kanohi, kÄo, kÄore, kino, kÅrero, makimaki, makimaki kore-kÅrero-kino, tohu Ä-ringa, whakakÄhore, whakakore
ğŸ’‹ kihi, ngutu, tohu kihi
ğŸ’Œ aroha, manawa, mÄ“ra, reta
ğŸ’˜ kupiti, manawa me te pere, pere
ğŸ’ manawa mau rÄ«pene, rÄ«pene, tohu aroha
ğŸ’– hiamo, manawa tÄ«aho, tÄ«aho
ğŸ’— hiamo, kapakapa, manawa tipu haere, taiatea, tipu ana
ğŸ’“ kapakapa, manawa patupatu, patu manawa, patupatu
ğŸ’ ngÄ manawa takahurihuri, takahurihuri
ğŸ’• aroha, rua manawa
ğŸ’Ÿ manawa, rÄkeitanga manawa
â£ tohu, tohu reo, tohuhÄ, tohuhÄ manawa pÄ
ğŸ’” manawa whati, pakaru, whati
â¤ manawa, manawa whero
ğŸ§¡ karaka, manawa karaka
ğŸ’› kÅwhai, manawa kÅwhai
ğŸ’š kÄkariki, manawa kÄkÄriki
ğŸ’™ kikorangi, manawa kikorangi
ğŸ’œ manawa poroporo, poroporo
ğŸ–¤ kino, manawa pango, nanakia, pango
ğŸ’¯ 100, kÄ«, kotahi rau, piro, rau piro
ğŸ’¢ pÅrangi, pukuriri, tohu riri, whakakata
ğŸ’¥ pahÅ«, tutukitanga, whakakata
ğŸ’« whakaamai, whakakata, whetÅ«
ğŸ’¦ ngÄ kÅpata werawera, paratÄ«, werawera, whakakata
ğŸ’¨ oma ana, rere, rere atu ana, whakakata
ğŸ•³ puare
ğŸ’£ pÅma, whakakata
ğŸ’¬ kÅrero, mirumiru, pÅ«angi, whakakata
ğŸ‘â€ğŸ—¨ kaiwhakaatu, karu, karu rÅ mirumiru kÅrero, mirumiru kÅrero
ğŸ—¨ kÅrero, mirumiru kÅrero mauÄ«
ğŸ—¯ mirumiru, mirumiru riri matau, pÅrangi, pÅ«angi, riri
ğŸ’­ mirumiru, pÅ«angi, whakaaro, whakakata
ğŸ’¤ moe, whakakata, zzz
ğŸ‘‹ pÅhiri, pÅhirihiri, ringa
ğŸ¤š tÄmuri, tÅ«
ğŸ– matimati, paraha, ringa, ringa tÅ« matimati paraha
âœ‹ ringa, ringa tÅ«
ğŸ–– matimati, ringa, spock, vulcan, whakakÅtua vulcan
ğŸ‘Œ Ä€E, ringa
âœŒ ringa, v, wikitÅria
ğŸ¤ matimati, ringa, waimarie, whiri
ğŸ¤Ÿ aroha, ringa, tohu aroha-ki-a-koe
ğŸ¤˜ kai kaha, matimati, pihi, ringa, tohu o ngÄ pihi
ğŸ¤™ ringa, ringa waea mai, waea
ğŸ‘ˆ kÅroa, kÅroa tÄmuri tohu mauÄ«, matimati, ringa, tÄmuri, tohu
ğŸ‘‰ kÅroa, kÅroa tÄmuri tohu matau, matimati, ringa, tÄmuri, tohu
ğŸ‘† ake, kÅroa, matimati, ringa, tÄmuri, tohu
ğŸ–• mÄpere, matimati, ringa
ğŸ‘‡ iho, kÅroa, matimati, ringa, tÄmuri, tohu
â˜ ake, kÅroa, matimati, ringa, tohu
ğŸ‘ +1, ake, kÅnui, ringa
ğŸ‘ -1, iho, kÅnui, ringa
âœŠ kumu, meke, meke tÅ«, ringa, tuki
ğŸ‘Š kumu, meke, meke anga mai, ringa, tuki
ğŸ¤› meke, meke anga-mauÄ«, whakatemauÄ«
ğŸ¤œ meke, meke anga-matau, whakatematau
ğŸ‘ pakipaki, ringa
ğŸ™Œ Ähaha, ngÄ ringa tÅ«, ringa, tohu Ä-ringa, tÅ«, whakanuinga
ğŸ‘ ringa, tuwhera
ğŸ¤² inoi, ringa rewa tahi
ğŸ¤ ringa, rÅ«rÅ«, tÅ«taki, whakaaetanga
ğŸ™ ihoi, koa, pÅkai, ringa, ringa whiri, tohu, tuohu, ui, whakawhetai
âœ ringa, ringa tuhituhi, tuhi
ğŸ’… maikÅ«kÅ«, pani, tiaki, whakapai maikÅ«kÅ«, whakapaipai
ğŸ¤³ kÄmera, kiriÄhua, waea
ğŸ’ª uarua, uaua, whakakata, whakapakari
ğŸ‘‚ taringa, tinana
ğŸ‘ƒ ihu, tinana
ğŸ§  mÅhio, roro
ğŸ‘€ kanohi, karu, ngÄ karu
ğŸ‘ karu, tinana
ğŸ‘… arero, tinana
ğŸ‘„ ngÄ ngutu, waha
ğŸ‘¶ pÄ“pi, tamariki
ğŸ§’ ira-kÅ«papa, tamaiti, tamariki
ğŸ‘¦ tama, tamariki, tamatÄne
ğŸ‘§ kÅtiro, poutiriao, tamariki, Virgo
ğŸ§‘ ira-kÅ«papa, pakeke
ğŸ‘± mÄkekehu, tangata mÄkekehu
ğŸ‘¨ tÄne
ğŸ§” pÄhau, tangata pÄhau
ğŸ‘±â€â™‚ mÄkekehu, tÄne
ğŸ‘© wahine
ğŸ‘±â€â™€ mÄkekehu, wahine
ğŸ§“ ira-kÅ«papa, kaumÄtua
ğŸ‘´ kaumÄtua, koroua, tÄne
ğŸ‘µ kaumÄtua, kuia, wahine
ğŸ™ poururu, tangata poururu, tohu Ä-ringa
ğŸ™â€â™‚ poururu, tÄne, tohu Ä-ringa
ğŸ™â€â™€ poururu, tohu Ä-ringa, wahine
ğŸ™ tangata tupere, tohu Ä-ringa, tupere
ğŸ™â€â™‚ tÄne, tohu Ä-ringa, tupere
ğŸ™â€â™€ tohu Ä-ringa, tupere, wahine
ğŸ™… kÄo, kore, ringa, tangata tohu ana KÄ€O, tohu Ä-ringa, whakakÄhore, whakakore
ğŸ™…â€â™‚ kÄo, kore, ringa, tÄne, tÄne tohu ana KÄ€O, tohu Ä-ringa, whakakÄhore, whakakore
ğŸ™…â€â™€ kÄo, kore, ringa, tohu Ä-ringa, wahine, wahine tohu ana KÄ€O, whakakÄhore, whakakore
ğŸ™† Ä€E, ringa, tangata tohu ana Ä€E, tohu Ä-ringa
ğŸ™†â€â™‚ Ä€E, ringa, tÄne, tÄne tohu ana Ä€E, tohu Ä-ringa
ğŸ™†â€â™€ Ä€E, ringa, tohu Ä-ringa, wahine, wahine tohu ana Ä€E
ğŸ’ Äwhina, mÅhiohio, ringa, tangata ringa tÄringi, tÄringi, whakatete
ğŸ’â€â™‚ ringa tÄringi, tÄne, tÄne ringa tÄringi, whakatete
ğŸ’â€â™€ ringa tÄringi, wahine, wahine ringa tÄringi, whakatete
ğŸ™‹ koa, ringa, tangata ringa tÅ«, tohu Ä-ringa, tÅ«
ğŸ™‹â€â™‚ ringa tÅ«, tÄne, tÄne ringa tÅ«, tohu Ä-ringa
ğŸ™‹â€â™€ ringa tÅ«, tohu Ä-ringa, wahine, wahine ringa tÅ«
ğŸ™‡ aroha, tangata tuohu, tohu, tuohu, whakapÄha
ğŸ™‡â€â™‚ aroha, tÄne, tohu, tuohu, whakapÄha, whakapai
ğŸ™‡â€â™€ aroha, tohu, tuohu, wahine, whakapÄha, whakapai
ğŸ¤¦ hohoia, kanohi, kapu o te ringa, tangata ringakanohi, whakaparau
ğŸ¤¦â€â™‚ hohoia, ringakanohi, tÄne, whakaparau
ğŸ¤¦â€â™€ hohoia, ringakanohi, wahine, whakaparau
ğŸ¤· haumÄruru, hiki-pakihiwi, kÅ«are, rangirua, tangata hiki-pakihiwi
ğŸ¤·â€â™‚ haumÄruru, hiki-pakihiwi, kÅ«are, rangirua, tÄne
ğŸ¤·â€â™€ haumÄruru, hiki-pakihiwi, kÅ«are, rangirua, wahine
ğŸ‘¨â€âš• atawhai hauora, kaimahi hauora tÄne, kaiwhakaora, rata, tÄne, tapuhi
ğŸ‘©â€âš• atawhai hauora, kaiwhakaora, rata, tapuhi, wahine, wahine atawhai hauora
ğŸ‘¨â€ğŸ“ Äkonga, paetahi, tÄne
ğŸ‘©â€ğŸ“ Äkonga, paetahi, wahine
ğŸ‘¨â€ğŸ« kaiako, kaitohutohu, mÄtanga, tÄne
ğŸ‘©â€ğŸ« kaiako, kaitohutohu, mÄtanga, wahine
ğŸ‘¨â€âš– kaiwhakawÄ tÄne, tÄne, te whakawÄ, whÄrite
ğŸ‘©â€âš– kaiwhakawÄ, wahine, whÄrite
ğŸ‘¨â€ğŸŒ¾ kaimahi oneone, kaipÄmu, kairÄti, tÄne
ğŸ‘©â€ğŸŒ¾ kaimahi oneone, kaipÄmu, kairÄti, wahine
ğŸ‘¨â€ğŸ³ kaitaka kai, kaitao, tÄne
ğŸ‘©â€ğŸ³ kaitaka kai, kaitao, wahine
ğŸ‘¨â€ğŸ”§ kaiaka mÄ«hini, kaiaka mÄ«hini tÄne, kaimahi hiko, kaimahi paipa wai, kaimahi-Ä-rehe, tÄne
ğŸ‘©â€ğŸ”§ kaiaka mÄ«hini, kaiaka mÄ«hini wahine, kaimahi hiko, kaimahi paipa wai, kaimahi-Ä-rehe, wahine
ğŸ‘¨â€ğŸ­ ahumahi, hangahanga, kaimahi, tÄne, tÄne mahi wheketere, wheketere
ğŸ‘©â€ğŸ­ ahumahi, hangahanga, kaimahi, wahine, wahine mahi wheketere, wheketere
ğŸ‘¨â€ğŸ’¼ kaihoahoa whare, kaimahi tari tÄne, kaiwhakahaere, kara-mÄ, pakihi, tÄne, tari
ğŸ‘©â€ğŸ’¼ kaihoahoa whare, kaimahi tari wahine, kaiwhakahaere, kara-mÄ, pakihi, tari, wahine
ğŸ‘¨â€ğŸ”¬ kaimÄtai ahupÅ«ngao, kaimÄtai koiora, kaimÄtai matÅ«, kaimÄtai pÄngarau, kaimÄtai pÅ«hanga, kaimÄtai pÅ«taiao, kaimÄtai pÅ«taiao tÄne, tÄne
ğŸ‘©â€ğŸ”¬ kaimÄtai ahupÅ«ngao, kaimÄtai koiora, kaimÄtai matÅ«, kaimÄtai pÄngarau, kaimÄtai pÅ«hanga, kaimÄtai pÅ«taiao, kaimÄtai pÅ«taiao wahine, wahine
ğŸ‘¨â€ğŸ’» kaihanga, kaihangarau, kaiwaehere, kaiwhakawhanake, pÅ«manawa, tÄne
ğŸ‘©â€ğŸ’» kaihanga, kaihangarau, kaiwaehere, kaiwhakawhanake, pÅ«manawa, wahine
ğŸ‘¨â€ğŸ¤ kaitapere, kaiwaiata, kaiwhakangahau, raka, tÄne, whetÅ«
ğŸ‘©â€ğŸ¤ kaitapere, kaiwaiata, kaiwhakangahau, raka, wahine, whetÅ«
ğŸ‘¨â€ğŸ¨ kaitoi, papatae, tÄne, tÄne toi
ğŸ‘©â€ğŸ¨ kaitoi, papatae, wahine, wahine toi
ğŸ‘¨â€âœˆ paerata, rererangi, tÄne
ğŸ‘©â€âœˆ paerata, wahine, waka rererangi
ğŸ‘¨â€ğŸš€ kaiÄtea, tÄkirirangi, tÄne
ğŸ‘©â€ğŸš€ kaiÄtea, tÄkirirangi, wahine
ğŸ‘¨â€ğŸš’ kaitinei-ahi, tÄne, waka-tinei-ahi
ğŸ‘©â€ğŸš’ kaitinei-ahi, wahine, waka-tinei-ahi
ğŸ‘® Äpiha, kapa, pirihimana
ğŸ‘®â€â™‚ Äpiha, kapa, pirihimana, tÄne
ğŸ‘®â€â™€ Äpiha, kapa, pirihimana, wahine
ğŸ•µ kaikimihara, kairapuhÄ“, kaitÅ«tei
ğŸ•µâ€â™‚ kaikimihara, kairapuhÄ“, kaitÅ«tei, tÄne
ğŸ•µâ€â™€ kaikimihara, kairapuhÄ“, kaitÅ«tei, wahine
ğŸ’‚ tautieki
ğŸ’‚â€â™‚ tÄne, tautieki
ğŸ’‚â€â™€ tautieki, wahine
ğŸ‘· hangatanga, kaimahi, pÅtae
ğŸ‘·â€â™‚ hangatanga, kaimahi, tÄne
ğŸ‘·â€â™€ hangatanga, kaimahi, wahine
ğŸ¤´ piriniha
ğŸ‘¸ kÅrero pakiwaitara, moemoeÄ, pirinihi
ğŸ‘³ pÅtae kameta, tangata mau pÅtae kameta
ğŸ‘³â€â™‚ pÅtae kameta, tÄne, tÄne mau pÅtae kameta
ğŸ‘³â€â™€ pÅtae kameta, wahine, wahine mau pÅtae kameta
ğŸ‘² gua pi mao, pÅtae, tÄne, tÄne mau kape hainÄ«hi
ğŸ§• hijab, kÄmeta mÄhunga, mantilla, tichel, wahine mau kÄmeta
ğŸ¤µ hÅ«tu Åkawa, tÄne, tÄne mÄrena, tÄne mau hÅ«tu Åkawa
ğŸ‘° Ärai, mÄrenatanga, wahine mÄrena, wahine mÄrena mau Ärai
ğŸ¤° hapÅ«, wahine
ğŸ¤± pÄ“pi, Å«, whakangote ana, whÄngote-Å«
ğŸ‘¼ anahera, kanohi, kÅrero pakiwaitara, moemoeÄ, pÄ“pi, pÄ«pÄ« anahera
ğŸ… hana, kirihimete, koko, matua, whakanuinga
ğŸ¤¶ kirihimete, koko, kuia, whaea, whakanuinga
ğŸ§™ rÅ«Änuku, tÄngata matakite, tohunga mÄkutu, wahine mÄkutu
ğŸ§™â€â™‚ rÅ«Änuku, tohunga mÄkutu, tohunga matakite
ğŸ§™â€â™€ wahine mÄkutu, wahine matakite
ğŸ§š Oberon, patupaiarehe, Puck, Titania
ğŸ§šâ€â™‚ Oberon, patupaiarehe tÄne, Puck
ğŸ§šâ€â™€ patupaiarehe wahine, Titania
ğŸ§› Dracula, kaitoto, oramate
ğŸ§›â€â™‚ Dracula, oramate, tÄne kaitoto
ğŸ§›â€â™€ oramate, wahine kaitoto
ğŸ§œ tÄne-ika, tangata-ika, wahine-ika
ğŸ§œâ€â™‚ tÄne-ika, Tiritono
ğŸ§œâ€â™€ hine-ika, wahine-ika
ğŸ§ erepe, mÄkutu
ğŸ§â€â™‚ erepe tÄne, mÄkutu
ğŸ§â€â™€ erepe wahine, mÄkutu
ğŸ§ djinn, tÅ«rehu
ğŸ§â€â™‚ djinn, tÄne tÅ«rehu
ğŸ§â€â™€ djinn, wahine tÅ«rehu
ğŸ§Ÿ oramate, tÅ«pÄpaku, tÅ«pÄpaku hÄ«koi
ğŸ§Ÿâ€â™‚ oramate, tÄne tÅ«pÄpaku, tÅ«pÄpaku hÄ«koi
ğŸ§Ÿâ€â™€ oramate, tÅ«pÄpaku hÄ«koi, wahine tÅ«pÄpaku
ğŸ’† harono, kanohi, mirimiri, tangata whiwhi mirimiri
ğŸ’†â€â™‚ kanohi, mirimiri, tÄne, tÄne whiwhi mirimiri
ğŸ’†â€â™€ kanohi, mirimiri, wahine, wahine whiwhi mirimiri
ğŸ’‡ Ätaahua, harono, kaikuti makawe, kutinga makawe, tangata whiwhi kutinga makawe
ğŸ’‡â€â™‚ kutinga makawe, tÄne, tÄne whiwhi kutinga makawe
ğŸ’‡â€â™€ kutinga makawe, wahine, wahine whiwhi kutinga makawe
ğŸš¶ hÄ«koi, hÄ«koi ana, hÄ«koi roa, tangata hÄ«koi
ğŸš¶â€â™‚ hÄ«koi, hÄ«koi roa, tÄne
ğŸš¶â€â™€ hÄ«koi, hÄ«koi roa, wahine
ğŸƒ maratono, oma ana, tangata oma
ğŸƒâ€â™‚ maratono, oma ana, tÄne, tÄne oma, tauomaoma
ğŸƒâ€â™€ maratono, oma ana, tauomaoma, wahine, wahine oma
ğŸ’ƒ kanikani, wahine
ğŸ•º kanikani, tÄne
ğŸ•´ hÅ«tu, pakihi, tÄne, tÄne mau hÅ«tu e rewa ana
ğŸ‘¯ kaikanikani, tÄngata taringa rÄpeti whakangahau, taringa rÄpeti, whakangahau
ğŸ‘¯â€â™‚ kaikanikani, tÄne, tÄne taringa rÄpeti whakangahau, taringa rÄpeti, whakangahau
ğŸ‘¯â€â™€ kaikanikani, taringa rÄpeti, wÄhine, wÄhine taringa rÄpeti whakangahau, whakangahau
ğŸ§– hÄuna, taiwhanga mamaoa, tangata rÅ taiwhanga mamaoa
ğŸ§–â€â™‚ hÄuna, taiwhanga mamaoa, tÄne rÅ taiwhanga mamaoa
ğŸ§–â€â™€ hÄuna, taiwhanga mamaoa, wahine rÅ taiwhanga mamaoa
ğŸ§— kaipiki, tangata piki
ğŸ§—â€â™‚ kaipiki, tÄne piki
ğŸ§—â€â™€ kaipiki, wahine piki
ğŸ¤º hoari, kaimatÄtuhi, matÄtuhi hoari, tangata matÄtuhi
ğŸ‡ hoiho, hoiho tauoma, kaieke, tauomaoma
â›· hukarere, kairetihuka, retihuka
ğŸ‚ hukarere, kaipaparetihuka, paparetihuka, retihuka
ğŸŒ haupÅro, pÅro, tangata haupÅro
ğŸŒâ€â™‚ haupÅro, tÄne
ğŸŒâ€â™€ haupÅro, wahine
ğŸ„ tangata whakaheke ngaru, whakaheke ngaru
ğŸ„â€â™‚ tÄne, tÄne whakaheke ngaru, whakaheke ngaru
ğŸ„â€â™€ wahine, wahine whakaheke ngaru, whakaheke ngaru
ğŸš£ poti, tangata hoe waka, waka hoe
ğŸš£â€â™‚ poti, tÄne, tÄne hoe waka, wakahoe
ğŸš£â€â™€ poti, wahine, wahine hoe waka, wakahoe
ğŸŠ kauhoe, tangata kauhoe
ğŸŠâ€â™‚ kauhoe, tÄne
ğŸŠâ€â™€ kauhoe, wahine
â›¹ pÅro, tangata tÄwhana pÅro
â›¹â€â™‚ pÅro, tÄne, tÄne tÄwhana pÅro
â›¹â€â™€ pÅro, wahine, wahine tÄwhana pÅro
ğŸ‹ kaihiki, tangata hiki taumaha, taumaha
ğŸ‹â€â™‚ kaihiki taumaha, tÄne, tÄne hiki taumaha
ğŸ‹â€â™€ kaihiki taumaha, wahine, wahine hiki taumaha
ğŸš´ eke pahikara, kaieke pahikara, pahikara, tangata eke pahikara
ğŸš´â€â™‚ eke pahikara, kaieke pahikara, pahikara, tÄne, tÄne eke pahikara
ğŸš´â€â™€ eke pahikara, kaieke pahikara, pahikara, wahine, wahine eke pahikara
ğŸšµ kaieke pahikara, maunga, pahikara, tangata eke pahikara maunga
ğŸšµâ€â™‚ kaieke pahikara, maunga, pahikara, tÄne, tÄne eke pahikara maunga
ğŸšµâ€â™€ eke pahikara, kaieke pahikara, maunga, pahikara, wahine, wahine eke pahikara maunga
ğŸ¤¸ kÄtawÄ«ra, takaporepore, tangata kÄtawÄ«ra
ğŸ¤¸â€â™‚ kÄtawÄ«ra, takaporepore, tÄne
ğŸ¤¸â€â™€ kÄtawÄ«ra, takaporepore, wahine
ğŸ¤¼ kaimamau, mamau, tÄngata mamau
ğŸ¤¼â€â™‚ mamau, tÄne
ğŸ¤¼â€â™€ mamau, wÄhine
ğŸ¤½ poro, tangata tÄkaro poro wai, wai
ğŸ¤½â€â™‚ poro wai, tÄne, tÄne tÄkaro poro wai
ğŸ¤½â€â™€ poro wai, wahine, wahine tÄkaro poro wai
ğŸ¤¾ poiringa, pÅro, tangata tÄkaro poiringa
ğŸ¤¾â€â™‚ poiringa, tÄne, tÄne tÄkaro poiringa
ğŸ¤¾â€â™€ poiringa, wahine, wahine tÄkaro poiringa
ğŸ¤¹ mahitakimaha, pÅ«kenga, tangata whiuwhiu, whakataurite, whiuwhiu
ğŸ¤¹â€â™‚ mahitakimaha, tÄne, whiuwhiu
ğŸ¤¹â€â™€ mahitakimaha, wahine, whiuwhiu
ğŸ§˜ tangata tÅ«ranga rotu, whakaaro, yoga
ğŸ§˜â€â™‚ tÄne tÅ«ranga rotu, whakaaro, yoga
ğŸ§˜â€â™€ wahine tÅ«ranga rotu, whakaaro, yoga
ğŸ›€ kaukau, tangata kaukau ana, tÄpu kaukau
ğŸ›Œ hÅtÄ“ra, moe, tangata rÅ moenga
ğŸ‘­ pupuri, ringa, tokorua, tokorua wÄhine mau ringa, wahine
ğŸ‘« pupuri, ringa, tÄne, tÄne me te wahine mau ringa, tokorua, wahine
ğŸ‘¬ Gemini, mÄhanga, poutiriao, pupuri, ringa, tÄne, tokorua, tokorua tÄne mau ringa
ğŸ’ kihi, tokorua
ğŸ’‘ aroha, tokorua, tokorua me te manawa
ğŸ‘ª whÄnau
ğŸ—£ ataata, kanohi, kÅrero, kÅrero ana, upoko
ğŸ‘¤ ataata, poho, poho rÅ ataata
ğŸ‘¥ ataata, ngÄ poho rÅ ataata, poho
ğŸ‘£ kÄkahu, ngÄ tapuwae, tÄ, tapuwae
ğŸµ kanohi, makimaki
ğŸ’ makimaki
ğŸ¦ makimaki nui
ğŸ¶ kanohi, kurÄ«, mÅkai
ğŸ• kurÄ«, mÅkai
ğŸ© kurÄ«, kurÄ« poipoi
ğŸº kanohi, wÅ«ruhi
ğŸ¦Š kanohi, pÅkiha
ğŸ± kanohi, mÅkai, ngeru
ğŸˆ mÅkai, ngeru
ğŸ¦ kanohi, Leo, poutiriao, raiona
ğŸ¯ kanohi, taika
ğŸ… taika
ğŸ† reparo
ğŸ´ hoiho, kanohi, kanohi hÅiho
ğŸ hÅiho, hoiho tauomaoma, hoihotanga, tauomaoma
ğŸ¦„ hoiho pihi, kanohi, kanohi hÅiho pihi
ğŸ¦“ hepapa, tÄheke
ğŸ¦Œ tia
ğŸ® kanohi, kau
ğŸ‚ Åkiha, poutiriao, pÅ«ru, Taurus
ğŸƒ pÅ«ru, wai
ğŸ„ kau
ğŸ· kanohi, poaka
ğŸ– poaka, poaka uha
ğŸ— poaka, poaka toa
ğŸ½ ihu, kanohi, poaka
ğŸ Aries, hipi, poutiriao, toa
ğŸ‘ hipi, uha
ğŸ Capricorn, koati, poutiriao
ğŸª kÄmera, taromitari, tuapuku
ğŸ« kÄmera, rua-tuapuku, tuapuku
ğŸ¦’ kakÄ«roa, ngÄ kÅiraira
ğŸ˜ erewhana
ğŸ¦ rinorino
ğŸ­ kanohi, kiore
ğŸ kiore iti
ğŸ€ kiore rahi
ğŸ¹ hamikiore, kanohi, mÅkai
ğŸ° kanohi, mÅkai, rÄpeti
ğŸ‡ mÅkai, rÄpeti
ğŸ¿ timahaki
ğŸ¦” pÅ«taratara, tuatete
ğŸ¦‡ pekapeka, pekapeka kaitoto
ğŸ» kanohi, pea
ğŸ¨ koara, pea
ğŸ¼ kanohi, panara
ğŸ¾ ngÄ tÄ tapuwae, tÄ tapuwae, tapuwae, waewae
ğŸ¦ƒ korukoru, manu
ğŸ” heihei, manu
ğŸ“ manu, tameheihei
ğŸ£ manu, pÄ«, pÄ«pÄ«, pÄ«pÄ« timotimo, timotimo ana
ğŸ¤ manu, pÄ«, pÄ«pÄ«
ğŸ¥ manu, pÄ«, pÄ«pÄ«, pÄ«pÄ« manu anga mua
ğŸ¦ manu
ğŸ§ kororÄ, manu
ğŸ•Š kupupa, manu, rere, rongomau
ğŸ¦… ekara, manu
ğŸ¦† manu, parera
ğŸ¦‰ manu, mÅhio, ruru
ğŸ¸ kanohi, poraka
ğŸŠ nguturoa
ğŸ¢ honu, terapine
ğŸ¦ mokomoko, ngÄrara
ğŸ kaihÄpai, nÄkahi, Ophiuchus, poutiriao
ğŸ² kanohi, pakiwaitara, tarakona
ğŸ‰ pakiwaitara, tarakona
ğŸ¦• brachiosaurus, brontosaurus, diplodocus, sauropod
ğŸ¦– T-Rex, Tyrannosaurus Rex
ğŸ³ kanohi, pupuhi, tohorÄ
ğŸ‹ tohorÄ
ğŸ¬ aihe, pakihau
ğŸŸ ika, Pisces, poutiriao
ğŸ  ika, pÄrÅ«rÅ«
ğŸ¡ ika, ikapupuhi
ğŸ¦ˆ ika, mangÅ
ğŸ™ wheke
ğŸš anga, tÅrino
ğŸŒ hÄtaretare
ğŸ¦‹ Ätaahua, pÄ“peke, pÅ«rerehua
ğŸ› pÄ“peke, tÄtaka
ğŸœ pÄ“peke, pÅpokorua
ğŸ hanipÄ«, ngÄrara, pÄ«
ğŸ pÄpapa, pÄpapa kÅpure, pÄ“peke
ğŸ¦— kirikiti, mÄwhitiwhiti
ğŸ•· ngÄrara, pÄ“peke
ğŸ•¸ ngÄrara, tukutuku
ğŸ¦‚ kopiona, poutiriao, scorpio, Scorpius
ğŸ’ putiputi, tÄkai putiputi
ğŸŒ¸ puÄwai, putiputi, tieri
ğŸ’® putiputi, putiputi mÄ
ğŸµ rÅhiti, tipu
ğŸŒ¹ putiputi, rÅhi
ğŸ¥€ menge, putiputi, putiputi kautaka
ğŸŒº puarangi, putiputi
ğŸŒ» putiputi, putiputirÄ, rÄ
ğŸŒ¼ puÄwai, putiputi
ğŸŒ· putiputi, tÅ«ripi
ğŸŒ± hÅu, tipu
ğŸŒ² rÄkau, rÄkau mÄota
ğŸŒ³ rÄkau, rÄkau whakamakere rau, tukurau, whakamakere rau
ğŸŒ´ nÄ«kau, rÄkau
ğŸŒµ tÄtÄ tiotio, tipu
ğŸŒ¾ kÄkati raihi, pata, puku, raihi
ğŸŒ¿ amiami, rau
â˜˜ hamitoka, tipu
ğŸ€ 4, koroa, rau, whÄ
ğŸ hinga, mapera, rau
ğŸ‚ makere ana, rau, rau makere
ğŸƒ hau, kapakapa, puhi, rau
ğŸ‡ hua, karepe, ngÄ karepe
ğŸˆ hua, merengi
ğŸ‰ hua, merengiwai
ğŸŠ Ärani, hua, tÄngarÄ«ni
ğŸ‹ hua, rÄ“mana, waikawa
ğŸŒ hua, panana
ğŸ hua, painÄporo
ğŸ Äporo, hua, whero
ğŸ Äporo, hua, kÄkÄriki
ğŸ hua, pea
ğŸ‘ hua, pÄ«titi
ğŸ’ hua, ngÄ tieri, tieri
ğŸ“ hua, pere, rÅpere
ğŸ¥ hua, kai, kiwi
ğŸ… hua, huawhenua, tomato
ğŸ¥¥ kokonati, nÄ«kau, pÄ«na korara
ğŸ¥‘ awakÄro, huarÄkau, kai
ğŸ† huawhenua, otahua
ğŸ¥” huawhenua, kai, rÄ«wai
ğŸ¥• huawhenua, kai, kÄroti
ğŸŒ½ kÄnga, puku kÄnga, taringa
ğŸŒ¶ pepa, wera
ğŸ¥’ huawhenua, kai, kÅ«kama, pÄ«kara
ğŸ¥¦ kÄpeti kÅraha, porokori
ğŸ„ harore, tÅ«ruporaka
ğŸ¥œ huawhenua, kai, nati, pÄ«nati
ğŸŒ° hetenati, tipu
ğŸ parÄoa, rohi
ğŸ¥ kai, parÄoa, parÄoarÄ«peka, pÅkai pewa, wÄ«wÄ«
ğŸ¥– kai, pakete, parÄoa, wÄ«wÄ«
ğŸ¥¨ pretzel, whiri
ğŸ¥ kai, kekewera, kerÄ“pe, panekeke
ğŸ§€ matakahi tÄ«hi, tÄ«hi
ğŸ– kÅiwi, mÄ«ti, mÄ«ti runga kÅiwi
ğŸ— heihei, kÅiwi, manu, waewae
ğŸ¥© rara, rara poaka, rara reme, tapahitanga mÄ«ti, tÄ“ki
ğŸ¥“ kai, mÄ«ti, pÄ“kana
ğŸ” hÄmipÄ“ka, pÄki
ğŸŸ ngÄ parai wÄ«wÄ«, parai, wÄ«wÄ«
ğŸ• parehe, poro, tÄ«hi
ğŸŒ­ hÅtiti, hÅtiti pakipeta, kurÄ« wera, kurÄ«wera
ğŸ¥ª hanewiti, parÄoa
ğŸŒ® mehikana, tako
ğŸŒ¯ mehikana, purito, takai
ğŸ¥™ kai, kepapa, parÄoapapa, tÅrino, whakakÄ«, wharawhere
ğŸ¥š hÄ“ki, kai
ğŸ³ hÄ“ki, parai, pÄ“ne, tao ana
ğŸ¥˜ kaherora, kai, paera, pÄpaku, pÄ“ne
ğŸ² kÅhua, kÅhua kai, tiu
ğŸ¥£ congee, hereara, paepae me te pÅ«nu, parakuihi
ğŸ¥— huamata, kai, kÄkÄriki
ğŸ¿ kÄngapahÅ«
ğŸ¥« kai kÄ“ne, kÄ“ne
ğŸ± pouaka peneto
ğŸ˜ pihikete, raihi
ğŸ™ HapanÄ«hi, pÅro, raihi
ğŸš maoa, raihi
ğŸ› kari, raihi
ğŸœ korohÅ«, nÅ«ru, paepae, ramen
ğŸ pakÄ“ti, parÄoa rimurapa
ğŸ  kÅ«mara tunutunu, reka, rÄ«wai, tukutuku
ğŸ¢ kaimoana, kepapa, otene, rÄkau, wero
ğŸ£ hÅ«hi
ğŸ¤ kÅura, kÅuraura, parai, temepura
ğŸ¥ ika, keke, keke ika whai koru, koru, pÅhÄ
ğŸ¡ HapanÄ«hi, puruni, rÄkau, reka, tÄngoro, wero
ğŸ¥Ÿ empanada, gyÅza, jiaozi, parÄoa kinikini, pierogi
ğŸ¥  pihikete matapae, poropititanga
ğŸ¥¡ paepae tio, pouaka kaweatu
ğŸ¦€ Cancer, pÄpaka, poutiriao
ğŸ¦ kai, kÅuraura, mÄtaitai, ririki
ğŸ¦‘ kai, kota, ngÅ«
ğŸ¦ aihikirÄ«mi, huka, kirÄ«mi, ngohengohe, puruni, reka
ğŸ§ heua, huka, huka heuheu, puruni, reka
ğŸ¨ aihikirÄ«mi, huka, kirÄ«mi, puruni
ğŸ© puruni, reka, tÅnati
ğŸª pihikete, puruni, reka
ğŸ‚ keke, pÅhÄ, puruni, rÄwhÄnau, reka, whakanuinga
ğŸ° keke, kekepoto, pÅhÄ, poro, puruni, reka
ğŸ¥§ pÄi, pÅhÄ, whakakÄ«
ğŸ« pae, pae tiokorete, puruni, reka, tiokoreti
ğŸ¬ puruni, rare, reka
ğŸ­ puruni, rare, rarepapa, reka
ğŸ® katete, puruni, reka
ğŸ¯ honi, kÅhua, paepae honi, reka
ğŸ¼ miraka, pÄtara, pÄ“pi, unu
ğŸ¥› karÄhe, miraka, unu
â˜• mamaoa, puruni, reka wera, tÄ«, unu wera
ğŸµ kapu, tÄ«, tÄ«kapu, tÄ«kapu kore kakau, unu
ğŸ¶ hake, kapu, pae, pÄtara, unu
ğŸ¾ pae, pahÅ« ana, pÄtara, pÄtara puru pahÅ«, puru, unu
ğŸ· karÄhe, pae, unu, waina
ğŸ¸ karÄhe, pae, unu, unuranu
ğŸ¹ pae, pÄrÅ«rÅ«, unu
ğŸº maka, pae, pia, unu
ğŸ» maka, ngÄ maka pia tutuki, pae, pia, tutuki, unu
ğŸ¥‚ karÄhe, tutuki, unu, whakanui
ğŸ¥ƒ ipurau, karÄhe, pota, waipiro, wihike
ğŸ¥¤ kapu me te ngongo, wai huarÄkau, wai reka
ğŸ¥¢ hashi, rÄkaukai
ğŸ½ naihi, paoka, paoka me naihi me pereti, pereti, tao ana
ğŸ´ naihi, paoka, paoka me te naihi, tao ana
ğŸ¥„ pÅ«nu, taongatÄ“pu
ğŸ”ª hocho, naihi, naihi kÄ«hini, rÄkau-riri, tao ana, utauta
ğŸº amapora, Aquarius, poutiriao, rÄkau, tao ana, tiaka, unu, utauta
ğŸŒ ao, ao whakakite Uropi-Ä€wherika, Ä€wherika, Uropi, whenua
ğŸŒ ao, ao whakakite i ngÄ Amerika, ngÄ Amerika, whenua
ğŸŒ Ä€hia, Ahitereiria, ao, ao whakakite Ä€hia-Ahitereiria, whenua
ğŸŒ ao, ao whai poutÅ«mÄrÅ, ngÄ poutÅ«mÄrÅ, whenua
ğŸ—º ao, mahere
ğŸ—¾ Hapani, mahere, mahere o Hapani
ğŸ” hukarere, makariri, maunga, maunga tihi-hukarere
â›° maunga
ğŸŒ‹ maunga, puia
ğŸ—» fuji, maunga
ğŸ• puninga
ğŸ– hÄmarara, onepÅ«, onepÅ« me te hÄmarara
ğŸœ kÅraha
ğŸ kÅraha, motu
ğŸ papa rÄ“hia, papa rÄ“hia Ä-motu
ğŸŸ taiwhanga hÄkinakina
ğŸ› hanganga tauhira, tauhira
ğŸ— hangatanga, hangatanga whare
ğŸ˜ ngÄ whare
ğŸš pÄea, whare
ğŸ  kainga, whare
ğŸ¡ kÄinga, mÄra, whare, whare me te mÄra
ğŸ¢ hanganga, hanganga tari
ğŸ£ HapanÄ«hi, pÅhi, poutÄpeta HapanÄ«hi
ğŸ¤ pÅhi, poutÄpeta, Uropi
ğŸ¥ hÅhipera, rata, rongoÄ
ğŸ¦ hanganga, pÄ“ke
ğŸ¨ hanganga, hÅtÄ“ra
ğŸ© aroha, hÅtÄ“ra
ğŸª haratau, pÄtaka
ğŸ« hanganga, kura
ğŸ¬ pÄtaka, pÄtaka taiwhanga maha, taiwhanga maha
ğŸ­ hanganga, wheketere
ğŸ¯ HapanÄ«hi, whare kÄ«ngi, whare kÄ«ngi HapanÄ«hi
ğŸ° Uropi, whare kÄ«ngi
ğŸ’’ mÄrenatanga, whakawhaiÄipo, whare karakia
ğŸ—¼ pourewa, TÅkio
ğŸ—½ rangatiratanga, te whakapakoko rangatiratanga, whakapakoko
â›ª hÄhi, karaitiana, momo karakia, rÄ«peka
ğŸ•Œ ihirama, mÅhiku, momo karakia, muhurimi
ğŸ• hÅ«rae, momo karakia, temepara, whare karakia hÅ«rae
â›© hinito, momo karakia, wÄhi tapu, wÄhi tapu hinito
ğŸ•‹ ihirama, kaapa, momo karakia, muhurimi
â›² puna torotÄ«
â›º puninga, tÄ“neti
ğŸŒ kohu, kohukohu
ğŸŒƒ pÅ, pÅ whai whetÅ«, whetÅ«
ğŸ™ ataata tÄonenui, tÄonenui
ğŸŒ„ ata, maunga, rÄ, rÄ whiti, whitinga rÄ runga maunga
ğŸŒ… ata, rÄ, whitinga o te rÄ
ğŸŒ† ahiahi, paewhenua, porehu, rÄ, rÄtÅ, tÄonenui, whakahuahua tÄonenui porehu
ğŸŒ‡ porehu, rÄ, tÅnga o te rÄ
ğŸŒ‰ arawhata, arawhata i te pÅ, pÅ
â™¨ korohuhÅ«, puna, wai ariki, waiariki, wera
ğŸ  hÅiho, porowhawhe
ğŸ¡ papa whakangahau, pÄ“rihi, wÄ«ra
ğŸ¢ papa whakangahau, pÅ«kawe, takataka, tereina tÅ-Ä-papa whakangahau
ğŸ’ˆ kaikuti-makawe, kutinga-makawe, pou
ğŸª manini rau, tÄ“neti, tÄ“neti manini rau
ğŸš‚ mamaoa, pÅ«kaha, rerewÄ“, tereina
ğŸšƒ pÅ«hiko, rerewÄ“, tarÄme, tereina, waka, waka pÄhiko
ğŸš„ rerewÄ“, shinkansen, tere, tereina, tereina tino tere
ğŸš… matÄ, rerewÄ“, shinkansen, tere, tereina, tereina tino tere ihu matÄ
ğŸš† rerewÄ“, tereina
ğŸš‡ rarowhenua, rerewÄ“ rarowhenua
ğŸšˆ rerewÄ“, rerewÄ“ mÄmÄ
ğŸš‰ rerewÄ“, teihana, tereina
ğŸšŠ tarÄme, waka pÄhiko
ğŸš rÅautahi, waka
ğŸš maunga, rerewÄ“, waka
ğŸš‹ tarÄme, waka, waka pÄhiko
ğŸšŒ pahi, waka
ğŸš anga mai, pahi, pahi anga mai
ğŸš pahi, tarÄme, waka pÄhiko
ğŸš pahi, pahi iti
ğŸš‘ waka, waka tÅ«roro
ğŸš’ ahi, mÄ«hini, taraka, waka tinei ahi
ğŸš“ motokÄ, pirihimana, tira, waka pirihimana
ğŸš” anga mai, motokÄ, pirihimana, waka pirihimana anga mai
ğŸš• takihÄ«, waka
ğŸš– anga mai, takihÄ«, takihÄ« anga mai
ğŸš— motokÄ
ğŸš˜ anga mai, motokÄ, motokÄ anga mai
ğŸš™ hÄkinakina, taraka hÄkinakina
ğŸšš taraka, tiki
ğŸš› hemi, taraka, taraka tautÅ
ğŸšœ tarakita, waka
ğŸ motokÄ, tauwhainga
ğŸ motopaika, tauwhainga
ğŸ›µ hÅ«paika, pÅ«kaha
ğŸš² pahikara
ğŸ›´ kuta, whana
ğŸš pahi, tÅ«nga
ğŸ›£ ara, huanui
ğŸ›¤ ara rerewÄ“, rerewÄ“, tereina
ğŸ›¢ hinu, taramu
â›½ hinu, papu, papuhinu, penehÄ«ni, teihana
ğŸš¨ hurihuri, mÄmÄ, motokÄ, pirihimana, rama, rama waka pirihimana
ğŸš¥ ngÄ waka, poutohu, rama, rama huarahi haupae
ğŸš¦ ngÄ waka, poutohu, rama, rama huarahi poutÅ«
ğŸ›‘ tapawaru, tohu, tÅ«
ğŸš§ hangatanga, tauÄrai
âš“ punga, utauta, waipuke
â›µ moana, pere rua, poti, wÄhi hararei, waka pere
ğŸ›¶ poti, waka
ğŸš¤ poti, wakatere
ğŸ›³ kaipuke, pÄhihi
â›´ pÄhihi, poti, waka kawekawe
ğŸ›¥ poti, waka pÅ«kaha
ğŸš¢ kaipuke, pÄhihi, poti
âœˆ rererangi, waka rererangi
ğŸ›© rererangi, rererangi iti, waka rererangi
ğŸ›« ngÄ wehenga, pae takiuru, rererangi, waka rererangi, wehenga
ğŸ›¬ ngÄ taunga mai, rererangi, tau ana, tau mai ana, taunga rererangi, waka rererangi
ğŸ’º nohoanga, tÅ«ru
ğŸš toparere, waka
ğŸšŸ rerewÄ“, whakairi
ğŸš  arataura maunga, maunga, taura, waka taura
ğŸš¡ Ä-rangi, aratarÄme, aratarÄme rererangi, taura, waka
ğŸ›° Ämiorangi, Ätea
ğŸš€ Ätea, tÄkirirangi
ğŸ›¸ waka Ätea nÅ ao kÄ“, waka tuarangi kÄore i mÅhiotia
ğŸ› hÅtÄ“ra, kaikawe, pere
âŒ› karÄhe-hÄora, kirikiri, pÅ«taki
â³ karÄhe-hÄora, karÄhe-hÄora kirikiri rere, kirikiri, pÅ«taki
âŒš karaka, matawÄ
â° karaka, pÅ«oho
â± karaka, matawÄ-tÅ«
â² karaka, pÅ«taki
ğŸ•° karaka, karaka whatanga-ahi
ğŸ•› 00, 12, 12:00, karaka, o ngÄ hÄora, te tekau-mÄ-rua o ngÄ hÄora, tekau-mÄ-rua
ğŸ•§ 12, 12:30, 30, karaka, te tekau-mÄ-rua me te toru tekau meneti, tekau-mÄ-rua, toru tekau
ğŸ• 00, 1, 1:00, karaka, o ngÄ hÄora, tahi, te tahi o ngÄ hÄora
ğŸ•œ 1, 1:30, 30, karaka, tahi, te tahi me te toru tekau meneti, toru tekau
ğŸ•‘ 00, 2, 2:00, karaka, o ngÄ hÄora, rua, te rua o ngÄ hÄora
ğŸ• 2, 2:30, 30, karaka, rua, te rua me te toru tekau meneti, toru tekau
ğŸ•’ 00, 3, 3:00, karaka, o ngÄ hÄora, te toru o ngÄ hÄora, toru
ğŸ• 3, 3:30, 30, karaka, te toru me te toru tekau meneti, toru, toru tekau
ğŸ•“ 00, 4, 4:00, karaka, o ngÄ hÄora, te whÄ o ngÄ hÄora, whÄ
ğŸ•Ÿ 30, 4, 4:30, karaka, te whÄ me te toru tekau meneti, toru tekau, whÄ
ğŸ•” 00, 5, 5:00, karaka, o ngÄ hÄora, rima, te rima o ngÄ hÄora
ğŸ•  30, 5, 5:30, karaka, rima, te rima me te toru tekau meneti, toru tekau
ğŸ•• 00, 6, 6:00, karaka, o ngÄ hÄora, ono, te ono o ngÄ hÄora
ğŸ•¡ 30, 6, 6:30, karaka, ono, te ono me te toru tekau meneti, toru tekau
ğŸ•– 00, 7, 7:00, karaka, o ngÄ hÄora, te whitu o ngÄ hÄora, whitu
ğŸ•¢ 30, 7, 7:30, karaka, te whitu me te toru tekau meneti, toru tekau, whitu
ğŸ•— 00, 8, 8:00, karaka, o ngÄ hÄora, te waru o ngÄ hÄora, waru
ğŸ•£ 30, 8, 8:30, karaka, te waru me te toru tekau meneti, toru tekau, waru
ğŸ•˜ 00, 9, 9:00, iwa, karaka, o ngÄ hÄora, te iwa o ngÄ hÄora
ğŸ•¤ 30, 9, 9:30, iwa, karaka, te iwa me te toru tekau meneti, toru tekau
ğŸ•™ 00, 10, 10:00, karaka, o ngÄ hÄora, te tekau o ngÄ hÄora, tekau
ğŸ•¥ 10, 10:30, 30, karaka, te tekau me te toru tekau meneti, tekau, toru tekau
ğŸ•š 00, 11, 11:00, karaka, o ngÄ hÄora, te tekau-mÄ-tahi o ngÄ hÄora, tekau-ma-tahi
ğŸ•¦ 11, 11:30, 30, karaka, te tekau-mÄ-tahi me te toru tekau meneti, tekau-ma-tahi, toru tekau
ğŸŒ‘ marama, marama kÅhiti, pÅuri
ğŸŒ’ hua, marama, marama hua tipihori, pewa
ğŸŒ“ hauwhÄ, marama, marama ahotÅ«
ğŸŒ” hua, kipuha, marama
ğŸŒ• marama, rÄkaunui
ğŸŒ– kipuha, marama, roroku
ğŸŒ— hauwhÄ, marama, marama korekore
ğŸŒ˜ marama, marama tohi, pewa, roroku
ğŸŒ™ marama, pewa
ğŸŒš marama, mata, mata marama kÅhiti
ğŸŒ› hauwhÄ, marama, marama ahotÅ« whai mata, mata
ğŸŒœ hauwhÄ, marama, marama korekore whai mata, mata
ğŸŒ¡ huarere, inemahana
â˜€ ihi, kanapa, paki, rÄ
ğŸŒ kanapa, kÄ«, marama, mata, rÄkaunui whai mata
ğŸŒ kanapa, mata, rÄ, rÄ whai mata
â­ whetÅ«, whetÅ« mÄ waenga
ğŸŒŸ hana, korakora, tÄ«aho, wheriko, whetÅ«, whetÅ« mumura
ğŸŒ  hinga ana, unahi, unahi o takero, whetÅ«
ğŸŒŒ Ätea, ikarangi
â˜ huarere, kapua
â›… kapua, rÄ, rÄ muri kapua
â›ˆ kapua, kapua me te uira me te ua, ua, whatitiri
ğŸŒ¤ kapua, rÄ, rÄ muri kapua iti
ğŸŒ¥ kapua, rÄ, rÄ muri kapua nui
ğŸŒ¦ kapua, rÄ, rÄ muri kapua ua, ua
ğŸŒ§ kapua, kapua me te ua, ua
ğŸŒ¨ hukarere, kapua, kapua me te hukarere, makariri
ğŸŒ© kapua, kapua me te uira, uira
ğŸŒª ÄwhÄ, kapua, paroro
ğŸŒ« kapua, kohu
ğŸŒ¬ hau, kanohi, kapua, pupuhi
ğŸŒ€ Ämaimai, huripari, kurahau awatea, paroro
ğŸŒˆ kahukura, ua
ğŸŒ‚ hÄmarara, hÄmarara kopi, kÄkahu, ua
â˜‚ hÄmarara, kÄkahu, ua
â˜” hÄmarara, hÄmarara me ngÄ kÅpata ua, kÄkahu, kÅpata, ua
â›± hÄmarara, hÄmarara i te papa, rÄ, ua
âš¡ hiko, mÅrearea, ngaohiko, ngaohiko teitei, uira, whana
â„ hukarere, makariri, whÄ hukarere
â˜ƒ hukarere, makariri, tÄne-hukarere
â›„ hukarere, makariri, tÄne-hukarere, tÄne-hukarere kore hukarere
â˜„ Ätea, unahiroa
ğŸ”¥ ahi, mura, utauta
ğŸ’§ kÅpata, kÅpata wai, makariri, werawera, whakakata
ğŸŒŠ moana, ngaru, wai
ğŸƒ haki, harowÄ“ne, rama, rama kanohi paukena, whakanuinga
ğŸ„ Kirihimete, rÄkau, whakanuinga
ğŸ† pahÅ«ahi, whakanuinga
ğŸ‡ korakora, pahÅ«ahi, whakakorakora, whakanuinga
âœ¨ he korakora, korakora, whetÅ«
ğŸˆ pÅ«angi, whakanuinga
ğŸ‰ pahÅ«, tarÄ, whakangahau, whakanuinga
ğŸŠ pÅro, pÅro wÄhi pepa, wÄhi-pepa ririki, whakanuinga
ğŸ‹ HapanÄ«hi, kara, rÄkau, rÄkau tanapata, whakanuinga
ğŸ HapanÄ«hi, inanga, paina, whakanuinga, whakarei rÄkau paina
ğŸ HapanÄ«hi, karetao, taurima, whakanuinga
ğŸ haki, ika, whakanuinga
ğŸ hau, pere, whakanuinga
ğŸ‘ marama, taurima, taurima tiro marama, whakanuinga
ğŸ€ rÄ«pene, whakanuinga
ğŸ koha, perehana, pouaka, takai, whakanuinga
ğŸ— rÄ«pene, whakamahara, whakanuinga
ğŸŸ tÄ«kiti, tÄ«kiti tomonga, whakatomo
ğŸ« tÄ«kiti, tomonga
ğŸ– metara, metara ope tauÄ, ope tauÄ, whakanuinga
ğŸ† paraihe, tohu toa
ğŸ… mÄ“tara, mÄ“tara hÄkinakina
ğŸ¥‡ kÅura, mÄ“tara, mÄ“tara wÄhi 1, tuatahi
ğŸ¥ˆ hiriwa, mÄ“tara, mÄ“tara wÄhi 2, tuarua
ğŸ¥‰ mÄ“tara, mÄ“tara wÄhi 3, parÄhe, tuatoru
âš½ poi whana, poiwhana, pÅro, whutupÅro
âš¾ pÄ“hipÅro, pÅro
ğŸ€ mÅwhiti, poitÅ«kohu, pÅro
ğŸ kÄ“mu, poirewa, pÅro
ğŸˆ amerikana, pÅro, whutupÅro
ğŸ‰ pÅro, rakapi, whutupÅro
ğŸ¾ pÅro, rÄkete, tÄ“nehi
ğŸ³ kÄ“mu, poipÄ«rori, pÅro
ğŸ kÄ“mu, kÄ“mu kirikiti, pÅro, rÄkauhau
ğŸ‘ haupoi, haupoi papa tÄkaro, kÄ“mu, papa tÄkaro, pÅro, rÄkau
ğŸ’ haupoi, huka, kÄ“mu, puki, rÄkau
ğŸ“ kÄ“mu, paopao, patu, pÅro, rÄkauhau, tÄ“pu tÄ“nehi
ğŸ¸ kÄ“mu, manu, patukoko, pÅ«kura, rÄkete
ğŸ¥Š karapu, mekemeke
ğŸ¥‹ huro, kÄkahu, kÄkahu toi whawhai, karate, taekwondo, toi whawhai
ğŸ¥… neti, Å«hunga
â›³ haupÅro, kara rÅ kÅhao, kÅhao
â›¸ huka, reti, retireti keo
ğŸ£ ika, matira, matira hÄ« ika
ğŸ½ hÄte, omaoma, rÄ«pene, whakataetae
ğŸ¿ hukarere, papa retihuka, retihuka
ğŸ›· kÅneke, panuku
ğŸ¥Œ kÄ“mu, pÅhatu whakakÅrino, toka
ğŸ¯ karu, kÄ“mu, pÄ, pÄ hÄngai, pere, pironga, pÅ«ru
ğŸ± 8, kÄ“mu, piriota, pÅro, waru
ğŸ”® atamaha, matakite, moemoeÄ, pakiwaitara, pÅro, utauta
ğŸ® kÄ“mu, kÄ“mu ataata, pÅ«whakahaere
ğŸ•¹ kÄ“mu, kÄ“mu ataata, rÄkau mana
ğŸ° kÄniwha, kÄ“mu, mÄ«hini kaimoni
ğŸ² kÄ“mu, tapaono
â™  hÅ«tu pÄ“ti, kÄri, kÄ“mu
â™¥ hÅ«tu hÄte, kÄri, kÄ“mu
â™¦ hÅ«tu taimana, kÄri, kÄ“mu
â™£ hÅ«tu karapu, kÄri, kÄ“mu
ğŸƒ kÄri, kÄrimohowao, kÄ“mu, tioka
ğŸ€„ kÄ“mu, mahjong, tarakona whero mahjong, whero
ğŸ´ HapanÄ«hi, kÄri, kÄ“mu, purei, putiputi
ğŸ­ Ärai, ngÄ toi whakaaturanga, toi, whakaaturanga, whare tapere
ğŸ–¼ anga, papa tongarewa, pikitia, pikitia whai anga, toi, toi peita
ğŸ¨ papa tongarewa, papapeita, papapeita tohunga toi, toi, toi peita
ğŸ‘“ kÄkahu, karu, mÅhiti
ğŸ•¶ karu, mÅhiti, mÅhitirÄ, pÅuri
ğŸ‘” kÄkahu, neketai
ğŸ‘• hÄte, kÄkahu, tÄ«-hÄte
ğŸ‘– kÄkahu, tarau, tarau tÄngari
ğŸ§£ kakÄ«, kÄmeta
ğŸ§¤ karapu, ringa
ğŸ§¥ koti
ğŸ§¦ tÅkena
ğŸ‘— kÄkahu
ğŸ‘˜ kÄkahu, kimono
ğŸ‘™ kÄkahu, kaukau, pikÄ«ni
ğŸ‘š kÄkahu, wahine
ğŸ‘› kÄkahu, moni uka, pÄhi
ğŸ‘œ kÄkahu, pÄhi, pÄhi Ä-ringa, pÄ“ke
ğŸ‘ kÄkahu, pÄhi hopu, pÄ“ke, pÅ«koro
ğŸ› hokohoko, hÅtÄ“ra, pÄ“ke
ğŸ’ kura, pÄ“ke, pÄ“ke tari, pÄ“ketuarÄ kura
ğŸ‘ hÅ«, kÄkahu, tÄne
ğŸ‘Ÿ hÅ«, hÅ« ngohengohe, hÅ« omaama, kÄkahu, whakataetae
ğŸ‘  hÅ«, hÅ« rekereke-teitei, kÄkahu, rekereke, wahine
ğŸ‘¡ hÅ«, kÄkahu, kopa, wahine
ğŸ‘¢ hÅ«, kÄkahu, pÅ«tu, wahine
ğŸ‘‘ kÄkahu, karauna, kÄ«ngi, kuini
ğŸ‘’ kÄkahu, pÅtae, wahine
ğŸ© kÄkahu, pÅtae, tihi
ğŸ“ kÄkahu, kape, kape whiwhinga tohu, paetahi, pÅtae, whakanuinga
ğŸ§¢ kape ngutu-parera, kape pÄ“hipÅro
â›‘ Äwhina, kanohi, pÅtae, pÅtae mÄrÅ, pÅtae mÄrÅ kaimahi whakaora, rÄ«peka
ğŸ“¿ inoi, kÄkahu, karakia, ngÄ poria inoi, poria, reikakÄ«
ğŸ’„ ngÄ whakanako, paningutu, whakapaipai kanohi
ğŸ’ mÅwhiti matimati, taimana
ğŸ’ kÅhatu mÄpuna, mÄpuna, rei, taimana
ğŸ”‡ hÅ«, ngÅ«, tukuoro, tukuoro whakangÅ«
ğŸ”ˆ pÄpaku, tukuoro kahaoro pÄpaku
ğŸ”‰ tukuoro kahaoro waenga, waenga
ğŸ”Š nui, tukuoro kahaoro teitei
ğŸ“¢ kÅrero tÅ«matanui, nui, tukuoro
ğŸ“£ pÅ«whakarahireo, umere ana
ğŸ“¯ haona, pÅhi, poutÄpeta
ğŸ”” pere
ğŸ”• hÅ«, kÄo, kore, ngÅ«, pere, pere whai rÄ«taha, rÄhuitia, whakakore
ğŸ¼ puoro, tuhinga
ğŸµ puoro, tohu waiata
ğŸ¶ ngÄ tohu, ngÄ tohu waiata, puoro, tohu
ğŸ™ hopuoro, puoro, taiwhanga
ğŸš puoro, rÄ“reti, taumata
ğŸ› ngÄ puku, ngÄ puku mana, paemana, puoro
ğŸ¤ hopuoro, karaoke
ğŸ§ maupane, purutaringa
ğŸ“» ataata, irirangi
ğŸ· puoro, pÅ«tohe, whakatangi
ğŸ¸ kitÄ, puoro, whakatangi
ğŸ¹ papapurei, piana, puoro, whakatangi
ğŸº pÅ«awanui, puoro, whakatangi
ğŸ» puoro, tÅiri, whakatangi
ğŸ¥ pahÅ«, patupahÅ«, puoro
ğŸ“± pÅ«koro, waea, waeakawe
ğŸ“² pere, pÅ«koro, pÅ«whiwhi, waea, waea pÅ«koro me te pere, waeakawe
â˜ waea
ğŸ“ pÅ«whiwhi, waea
ğŸ“Ÿ pÅ«oho
ğŸ“  mÄ«hini waeatuhi, waeatuhi
ğŸ”‹ pÅ«hiko
ğŸ”Œ hiko, puru
ğŸ’» paparorohiko, rorohiko, rw, whaiaro
ğŸ–¥ papamahi, rorohiko
ğŸ–¨ pÅ«reretÄ, rorohiko
âŒ¨ papapÄtuhi, rorohiko
ğŸ–± kiore rorohiko, rorohiko
ğŸ–² pÅrotaki, rorohiko
ğŸ’½ kÅpae, kÅpae-iti, rorohiko, whatu
ğŸ’¾ kÅpae, pÄ«ngore, rorohiko
ğŸ’¿ kÅpae, kÅpaepae, rorohiko, whatu
ğŸ“€ blu-ray, kam, kÅpae, rorohiko, whatu
ğŸ¥ kÄmera, pÅ« hopuata, whare whitiÄhua, whitiÄhua
ğŸ anga, whare whitiÄhua, whitiÄhua
ğŸ“½ ataata, tukuata, whare whitiÄhua, whitiÄhua
ğŸ¬ papa papaki, papaki, whitiÄhua
ğŸ“º ataata, pouaka whakaata
ğŸ“· ataata, pÅ«whakaahua
ğŸ“¸ ataata, hikohiko, pÅ«whakaahua, pÅ«whakaahua whai hikohiko
ğŸ“¹ ataata, pÅ«whakaahua
ğŸ“¼ ataata, rÄ«pene, rÄ«pene-ataata, vhs
ğŸ” karÄhe, kÄrÄhe whÄrahi anga mauÄ«, rapu, utauta, whÄrahi
ğŸ” karÄhe, karÄhe whÄrahi anga matau, rapu, utauta, whÄrahi
ğŸ•¯ kÄnara, rama
ğŸ’¡ hiko, mÄrama, puku, whakaaro, whakakata
ğŸ”¦ hiko, kÅrama, mÄrama, utauta
ğŸ® mÄrama, pae, rama, rÄtana pepa whero, whero
ğŸ“” pukapuka, pukatuhipoka, pukatuhipoka whai uhi whakairoiro, uhi, whakairoiro
ğŸ“• kopi, pukapuka
ğŸ“– pukapuka, tuwhera
ğŸ“— kÄkÄriki, pukapuka
ğŸ“˜ kikorangi, pukapuka
ğŸ“™ karaka, pukapuka
ğŸ“š ngÄ pukapuka, pukapuka
ğŸ““ pukatuhipoka
ğŸ“’ puka kaute, pukatuhipoka
ğŸ“ƒ piko, tuhinga, whÄrangi, whÄrangi whai piko
ğŸ“œ pepa, tuhinga pÅkai
ğŸ“„ tuhinga, whÄrangi, whÄrangi anga ake
ğŸ“° nÅ«pepa, pepa, rongo
ğŸ— nÅ«pepa, pepa, pÅkai, rongo
ğŸ“‘ ngÄ ripa, ripa tohuwÄhi, tohu, tohuwÄhi
ğŸ”– tohu, tohuwÄhi
ğŸ· tapanga
ğŸ’° moni, pÄ“ke, tÄra
ğŸ’´ momo moni, moni, monipepa, monipepa Yen, pÄ“ke, pepa, pire, yen
ğŸ’µ momo moni, moni, monipepa, pÄ“ke, pepa, pire, tÄra
ğŸ’¶ momo moni, moni, monipepa, pÄ“ke, pepa, pire, uro
ğŸ’· momo moni, moni, monipepa, pauna, pÄ“ke, pepa, pire
ğŸ’¸ moni, moni whai parirau, monipepa, parirau, pÄ“ke, pepa, pire, rere, tÄra
ğŸ’³ kÄri, moni, pÄ“ke, tÄwere
ğŸ’¹ au, aupiki, kauwhata, mÄkete, momo moni, moni, pÄ“ke, tipunga, tÅ«tohi, tÅ«tohi aupiki me te yen, whakarunga, yen
âœ‰ Ä«mÄ“ra, kÅpaki, reta
ğŸ“§ Ä«mÄ“ra, mÄ“ra, reta
ğŸ“¨ Ä«-mÄ“ra, Ä«mÄ“ra, kÅpaki, kÅpaki taumai, mÄ“ra, reta, tau mai, whiwhi
ğŸ“© Ä«-mÄ“ra, iho, Ä«mÄ“ra, kÅpaki, kÅpaki whai kÅpere, kua tuku, mÄ“ra, pere, reta, tuku atu
ğŸ“¤ heri, kua tuku, mÄ“ra, pouaka, pouakaputa, reta
ğŸ“¥ heri, mÄ“ra, pouaka, pouakauru, reta, whiwhi
ğŸ“¦ mÅkÄ«, mÅkihi, pouaka
ğŸ“« kati, mÄ“ra, pouaka pÅhi, pouakamÄ“ra, pouakamÄ“ra kopi whai kara whakarewa
ğŸ“ª kati, mÄ“ra, pouaka pÅhi, pouakamÄ“ra, pouakamÄ“ra kopi whai kara whakaheke, whakaheke
ğŸ“¬ mÄ“ra, pouaka pÅhi, pouakamÄ“ra, pouakamÄ“ra tuwhera whai kara whakarewa, tuwhera
ğŸ“­ mÄ“ra, pouaka pÅhi, pouakamÄ“ra, pouakamÄ“ra tuwhera whai kara whakaheke, tuwhera, whakaheke
ğŸ“® mÄ“ra, pouaka poutÄpeta, pouakamÄ“ra
ğŸ—³ pÅti, pouaka, pouaka pÅti me te pÅti
âœ penerÄkau
âœ’ pene, timopene, timopene pango
ğŸ–‹ pene, puna
ğŸ–Š pene, penepÅro
ğŸ–Œ parahi peita, peitatanga
ğŸ– pene hinu
ğŸ“ manatu, penerÄkau
ğŸ’¼ kopamÄrÅ
ğŸ“ kÅnae, kÅpaki
ğŸ“‚ kÅnae, kÅpaki, tuwhera
ğŸ—‚ kÄri, kuputohu, ngÄ whakawehe kÄri kuputohu, whakawehe
ğŸ“… maramataka, te rÄ
ğŸ“† maramataka, maramataka tÄ«hae
ğŸ—’ pukatuhi, tÅrino, tuhipoka
ğŸ—“ maramataka, pukatuhi, tÅrino
ğŸ“‡ kÄri, kuputohu, kuputohu Ä-kÄri, rolodex
ğŸ“ˆ au, kauwhata, tipunga, tÅ«tohi, tÅ«tohi aupiki, whakarunga
ğŸ“‰ au, kauwhata, tÅ«tohi, tÅ«tohi auheke, whakaheke
ğŸ“Š kauwhata, pae, tÅ«tohi
ğŸ“‹ paparawhi
ğŸ“Œ pine, pinepana
ğŸ“ pine, pinepana, pinepana porohita
ğŸ“ rawhipepa
ğŸ–‡ hono, ngÄ rawhipepa honohono, rawhipepa
ğŸ“ rÅ«ri, torotika
ğŸ“ huinga, rÅ«ri, tapatoru
âœ‚ kutikuti, tapahitanga, utauta
ğŸ—ƒ kÄri, kÅnae, pouaka
ğŸ—„ kÄpata, kÅnae, whakaraupapa kÅnae
ğŸ—‘ pÄhikete para
ğŸ”’ kua kati, kua maukati
ğŸ”“ maukati, wetemaukati, whakatuwhera
ğŸ” maukati, maukati mÄ te pene, pene, timopene, tÅ«mataitinga, waituhi
ğŸ” haumaru, kati, kÄ«, maukati, maukati mÄ te kÄ«
ğŸ”‘ kÄ«, kupuhipa, maukati
ğŸ— kÄ«, maukati, tawhito, tÄ«whiri
ğŸ”¨ hama, utauta
â› keri kÅhuke, keriwhenua, utauta
âš’ hama, hama me te keriwhenua, keriwhenua, utauta
ğŸ›  hama, hama me te wÄwÄhi, mauhiri, utauta, wÄwÄhi
ğŸ—¡ naihi, oka, rÄkau-riri
âš” hoari, rÄkau-riri, whakawhiri
ğŸ”« pÅ«, pÅ« Ä-ringa, pÅ« hurihuri, rÄkau-riri, utauta
ğŸ¹ kaikÅpere, kÅpere, kÅpere me ngÄ pere, kÅperetanga, pere, poutiriao, rÄkau-riri, Sagittarius, utauta
ğŸ›¡ pÄkai, rÄkau-riri
ğŸ”§ mauhiri, utauta, wÄwÄhi
ğŸ”© nati, nati me te whaowiri, utauta, whaowiri
âš™ taputapu, utauta
ğŸ—œ kuku, purimau, utauta, whakakÅpeke
âš– Libra, Årite, poutiriao, taumaha, utauta, whakawÄ, whÄrite
ğŸ”— hononga
â›“ mekameka, ngÄ mekameka
âš— mÄtai matÅ«, taputapu iheunga, utauta
ğŸ”¬ pÅ«taiao, pÅ«whÄrahi, utauta
ğŸ”­ karu whakatata, pÅ«taiao, utauta
ğŸ“¡ amiorangi, pÅ«hihi, rÄ«hi
ğŸ’‰ mate, ngira, pota, rata, rongoÄ, utauta
ğŸ’Š mate, pire, rata, rongoÄ
ğŸšª kÅ«waha
ğŸ› hÅtÄ“ra, moe, moenga
ğŸ›‹ hÅtÄ“ra, nohoanga roa, nohoanga roa me te rama, rama
ğŸš½ heketua
ğŸš¿ uwhiuwhi, wai
ğŸ› kaukau, tÄpukaukau
ğŸ›’ hokohoko, kÄta, tÄiki panapana
ğŸš¬ hikareti, momi hikareti
âš° kÄwhena, matenga
âš± ipu, mate, ngÄrehu, tangihanga
ğŸ—¿ kanohi, moai, moyai, whakapakoko
ğŸ§ atm, kaiwhitimoni, pÄ“ke, tohu ATM, whakaaunoa
ğŸš® ipu para, para, tohu para roto ipu
ğŸš° inu, wai, wai pai, wai pai hei unu
â™¿ tohu kÅrea, urunga
ğŸš¹ heketua, rÅ«ma whakatÄ, taiwhanga tÄne, tÄne, wharepaku
ğŸšº heketua, rÅ«ma whakatÄ, taiwhanga wÄhine, wahine, wharepaku
ğŸš» heketua, rÅ«ma whakatÄ, wharepaku
ğŸš¼ pÄ“pi, tohu pÄ“pi, whakapaipai
ğŸš¾ heketua, rÅ«ma whakatÄ, taiwhanga, wai, wharepaku
ğŸ›‚ mana, uruwhenua
ğŸ›ƒ tari taupare
ğŸ›„ kerÄ“me, pÄhi
ğŸ›… pÄhi, pÄhi mahue, raraka
âš  whakatÅ«pato
ğŸš¸ kaihÄ«koi, ngÄ waka huarahi, tamaiti, tamariki e whakawhiti ana, whakawhiti
â›” kÄo, kaua e tomo, kore, ngÄ waka huarahi, rÄhuitia, tÄuru, whakakÄhore
ğŸš« kÄo, kore, kua whakakore, tomonga
ğŸš³ kÄo, kaua he pahikara, kore, kua whakakore, pahikara, rÄhuitia
ğŸš­ kaipaipa, kÄo, kaua e kaipaipa, kore, kua whakakore, rÄhuitia
ğŸš¯ kÄo, kaua e mahi para, kore, kua whakakore, para, rÄhuitia
ğŸš± kaua e unu, wai, wai kÄore e pai hei unu
ğŸš· kaihÄ«koi, kÄo, kaua he kaihÄ«koi, kore, kua whakakore, rÄhuitia
ğŸ“µ kÄo, kaua te waea pÅ«koro, kore, pÅ«koro, rÄhuitia, waea, whakakorea
ğŸ” 18, kÄo, kia tekau-mÄ-waru ake, kore, rahuitanga pakeke, rÄhuitia, tamariki tonu, tekau-mÄ-waru, whakakorea
â˜¢ ira-rukeruke, tohu
â˜£ pÅ«mate koiora, tohu
â¬† ahunga, matua, pere, pere ake, raki
â†— ahunga, pere, pere ake-matau, rÄwhiti-mÄ-raki, waenga-matua
â¡ ahunga, matua, pere, pere matau, rÄwhiti
â†˜ ahunga, pere, pere iho-matau, rÄwhiti-mÄ-tonga, waenga-matua
â¬‡ ahunga, iho, matua, pere, tonga
â†™ ahunga, pere, pere iho-mauÄ«, uru-mÄ-tonga, waenga-matua
â¬… ahunga, matua, pere, pere mauÄ«, uru
â†– ahunga, pere, pere ake-mauÄ«, uru-mÄ-raki, waenga-matua
â†• pere, pere ake-iho
â†” pere, pere mauÄ«-matau
â†© pere, pere matau piko mauÄ«
â†ª pere, pere mauÄ« piko matau
â¤´ pere, pere matau piko ake
â¤µ iho, pere, pere matau piko iho
ğŸ”ƒ pere, pere poutÅ« whakatekaraka, uta anÅ, whakatekaraka
ğŸ”„ kÅaro, pÄtene pere kÅaro, pere
ğŸ”™ hoki, pere, pere HOKI
ğŸ”š mutunga, pere, pere MUTUNGA
ğŸ”› kÄ, pere, pere KÄ€!, tohu
ğŸ”œ Äkuanei, pere, pere Ä€KUANEI
ğŸ” ake, pere, pere RUNGA, runga
ğŸ› karakia, momo karakia, wÄhi karakia
âš› kaiwhakakÄhore-atua, ngota, tohu ngota
ğŸ•‰ Hiniru, momo karakia, om
âœ¡ HÅ«rae, momo karakia, RÄwiri, whetÅ«, whetÅ« o RÄwiri
â˜¸ momo karakia, Putihi, tÄrama, wÄ«ra, wÄ«ra o tÄrama
â˜¯ momo karakia, tangata tao, tao, yang, yin
âœ karaitiana, momo karakia, rÄ«peka, rÄ«peka ratini
â˜¦ karaitiana, momo karakia, rÄ«peka, rÄ«peka tukuiho
â˜ª ihirama, momo karakia, muhurimi, whetÅ« me pewa
â˜® rongomau, tohu rongomau
ğŸ• menoraha, momo karakia, tÅ«nga kÄnara, whatanga-kÄnara
ğŸ”¯ matakite, whetÅ«, whetÅ« ono-pito iraira
â™ˆ Aries, poutiriao, rÄme
â™‰ poutiriao, pÅ«ru, Taurus
â™Š Gemini, ngÄ mÄhanga, poutiriao
â™‹ Cancer, pÄpaka, poutiriao
â™Œ Leo, poutiriao, raiona
â™ poutiriao, Virgo
â™ Libra, Årite, poutiriao, whakawÄ, whÄrite
â™ kopio, kopiona, poutiriao, Scorpius
â™ kaikÅpere, poutiriao, Sagittarius
â™‘ Capricorn, koati, poutiriao
â™’ Aquarius, kaikawe, poutiriao, wai
â™“ ika, Pisces, poutiriao
â› kaikawe, nÄkahi, Ophiuchus, poutiriao
ğŸ”€ pÄtene ranu riu, pere, whakawhiri
ğŸ” pÄtene tukurua, pere, tukurua, whakatekaraka
ğŸ”‚ pÄtene tukurua kotahi, pere, wÄ kotahi, whakatekaraka
â–¶ matau, pÄtene purei, pere, purei, tapatoru
â© pÄtene tere whakamua, pere, taurua, tere, whakamua
â­ pÄtene riu panuku, pere, riu panuku, tapatoru, tironga panuku
â¯ matau, pÄtene purei, taihoa rÄnei, pere, purei, taihoa, tapatoru
â—€ mauÄ«, pÄtene whakamuri, pere, tapatoru, whakamuri
âª pÄtene tere whakamuri, pere, taurua, whakahoki
â® pÄtene riu tÅmuri, pere, riu tÅmua, tapatoru, tironga tÅmua
ğŸ”¼ pÄtene, pÄtene ake, pere, whero
â« pÄtene tere ake, pere, taurua
ğŸ”½ iho, pÄtene, pere, whero
â¬ iho, pÄtene tere iho, pere, taurua
â¸ pae, pÄtene taihoa, poutÅ«, taihoa, taurua
â¹ pÄtene tÅ«, tapawhÄ, tÅ«
âº pÄtene tÄhopu, porohita, tÄhopu
â pÄtene tuwha, tuwha
ğŸ¦ pÅ«whakaahua, rÄ«pene whitiÄhua, whare whitiÄhua, whitiÄhua
ğŸ”… kanapa, kaurehu, pÄpaku, pÄtene whakakaurehu
ğŸ”† kanapa, kanapatanga, pÄtene kanapa
ğŸ“¶ irirangi, pae, pÅ«hÄ«hÄ«, pÅ«koro, waea
ğŸ“³ aratau, pÅ«koro, waea, wiriwiri
ğŸ“´ pÅ«koro, waea, weto
â™€ tohu wahine, wahine
â™‚ tÄne, tohu tÄne
âœ– whakakore, whakarea, whakareatanga, x, x whakarea taumaha
â• pÄngarau, tÄpiri, tohu tÄpiri taumaha
â– pÄngarau, tango, tohu tango taumaha
â— pÄngarau, tohu whakawehe taumaha, whakawehe
â€¼ tohu, tohuhÄ, tohuhÄ taurua, tohutuhi
â‰ pÄtai, tohu, tohuhÄ, tohuhÄ-pÄtai, tohutuhi
â“ pÄtai, tohu, tohutuhi
â” pÄtai, tohu, tohu pÄtai mÄ, tohutuhi, whakahuahua
â• tohu, tohuhÄ, tohuhÄ mÄ, tohutuhi, whakahuahua
â— tohu, tohu reo, tohuhÄ
ã€° karekare, pÄ«hono, tohutuhi
ğŸ’± momo moni, moni, pÄ“ke, whakawhitinga momo moni, whakawhitiwhiti
ğŸ’² momo moni, moni, tÄra, tohu tÄra taumaha
âš• pou, rata, rongoÄ, tohu rongoÄ
â™» tohu tukurua, tukurua
âšœ putiputi rengarenga
ğŸ”± mÄrau, punga, tohu, utauta, waipuke
ğŸ“› ingoa, tohu
ğŸ”° HapanÄ«hi, kaitÄ«mata, kÄkÄriki, kaokao, kÅwhai, rau, tohu HapanÄ«hi mÅ te tauhou, utauta
â­• o, porohita, porohita rahi taumaha
âœ… taki, tohu, tohu taki mÄ taumaha
â˜‘ pÅti, pouaka, pouaka pÅti whai taki, taki
âœ” taki, tohu, tohu taki taumaha
âŒ tohu, tohu whiri, whakakore, whakarea, whakareatanga, x
â pÄtene tohu whiri, tapawhÄ, tohu
â° hÅ«menge, koromeke
â¿ hÅ«menge, koromeke, taurua
ã€½ tohu, tohu wÄhi whirihoa, wÄhi
âœ³ whetÅ«riki, whetÅ«riki waru-pito
âœ´ whetÅ«, whetÅ« waru-pito
â‡ korakora
Â© manatÄrua
Â® rÄ“hitatia
â„¢ tohu, tohu hoko, tohuhoko
ğŸ”  ABCD, ngÄ pÅ«, pÅ«matua, ratini, tÄuru
ğŸ”¡ abcd, ngÄ pÅ«, pÅ«riki, ratini, tÄuru
ğŸ”¢ 1234, ngÄ tau, tÄuru, tÄuru tau
ğŸ”£ ã€’â™ª&amp;%, tÄuru, tÄuru tohu
ğŸ”¤ abc, ngÄ pÅ«, ratini, tÄtai reta, tÄuru, tÄuru pÅ« ratini
ğŸ…° a, momo toto, pÄtene A (momo toto)
ğŸ† ab, momo toto, pÄtene AB (momo toto)
ğŸ…± b, momo toto, pÄtene B (momo toto)
ğŸ†‘ cl, pÄtene CL
ğŸ†’ pÄtene RAWE, rawe
ğŸ†“ koreutu, pÄtene KOREUTU
â„¹ i, mÅhiohio
ğŸ†” pÄtene TT, tt, tuakiri
â“‚ m, M porohitatia, porohita
ğŸ†• hÅu, pÄtene HÅŒU
ğŸ†– ng, pÄtene NG
ğŸ…¾ momo toto, o, pÄtene O (momo toto)
ğŸ†— Ä€E, pÄtene Ä€E
ğŸ…¿ pÄtene P, turanga waka
ğŸ†˜ Äwhina, pÄtene SOS, sos
ğŸ†š ki, ki a, pÄtene VS
ğŸˆ &quot;i konei&quot;, HapanÄ«hi, katakana, pÄtene HapanÄ«hi &quot;i konei&quot;, ã‚³ã‚³
ğŸˆ‚ &quot;utu ratonga&quot;, HapanÄ«hi, katakana, pÄtene HapanÄ«hi &quot;utu ratonga&quot;, ã‚µ
ğŸˆ· &quot;nuinga Ä-marama&quot;, HapanÄ«hi, pÄtene HapanÄ«hi &quot;nuinga Ä-marama&quot;, tohuwhakairo, æœˆ
ğŸˆ¶ &quot;ehara i te koreutu&quot;, HapanÄ«hi, pÄtene HapanÄ«hi &quot;ehara i te koreutu&quot;, tohuwhakairo, æœ‰
ğŸˆ¯ &quot;rÄhuitia&quot;, HapanÄ«hi, pÄtene HapanÄ«hi &quot;rÄhuitia&quot;, tohuwhakairo, æŒ‡
ğŸ‰ &quot;utu ngÄwari&quot;, HapanÄ«hi, pÄtene HapanÄ«hi &quot;utu ngÄwari&quot;, tohuwhakairo, å¾—
ğŸˆ¹ &quot;kua whakaheke&quot;, HapanÄ«hi, pÄtene HapanÄ«hi &quot;kua whakaheke&quot;, tohuwhakairo, å‰²
ğŸˆš &quot;kÄore he utu&quot;, HapanÄ«hi, pÄtene HapanÄ«hi &quot;kÄore he utu&quot;, tohuwhakairo, ç„¡
ğŸˆ² &quot;kua whakakore&quot;, HapanÄ«hi, pÄtene HapanÄ«hi &quot;kua whakakore&quot;, tohuwhakairo, ç¦
ğŸ‰‘ &quot;ka whakaaetia&quot;, HapanÄ«hi, pÄtene HapanÄ«hi &quot;ka whakaaetia&quot;, tohuwhakairo, å¯
ğŸˆ¸ &quot;taupÄnga&quot;, HapanÄ«hi, pÄtene HapanÄ«hi &quot;taupÄnga&quot;, tohuwhakairo, ç”³
ğŸˆ´ &quot;whiwhinga pÄhi&quot;, HapanÄ«hi, pÄtene HapanÄ«hi &quot;whiwhinga pÄhi&quot;, tohuwhakairo, åˆ
ğŸˆ³ &quot;wÄteatanga&quot;, HapanÄ«hi, pÄtene HapanÄ«hi &quot;wÄteatanga&quot;, tohuwhakairo, ç©º
ãŠ— &quot;tau kÄ“&quot;, HapanÄ«hi, pÄtene HapanÄ«hi &quot;tau kÄ“&quot;, tohuwhakairo, ç¥
ãŠ™ &quot;pirikoko&quot;, HapanÄ«hi, pÄtene HapanÄ«hi &quot;pirikoko&quot;, tohuwhakairo, ç§˜
ğŸˆº &quot;tuwhera mÅ te pakihi&quot;, HapanÄ«hi, pÄtene HapanÄ«hi &quot;tuwhera mÅ te pakihi&quot;, tohuwhakairo, å–¶
ğŸˆµ &quot;kore wÄteatanga&quot;, HapanÄ«hi, pÄtene HapanÄ«hi &quot;kore wÄteatanga&quot;, tohuwhakairo, æº€
ğŸ”´ Ähuahanga, porohita, whero
ğŸ”µ Ähuahanga, kikorangi, porohita
âš« Ähuahanga, porohita, porohita pango
âšª Ähuahanga, porohita, porohita mÄ
â¬› Ähuahanga, tapawhÄ rite, tapawhÄ rite pango rahi
â¬œ Ähuahanga, tapawhÄ rite, tapawhÄ rite mÄ rahi
â—¼ Ähuahanga, tapawhÄ rite, tapawhÄ rite pango waenga
â—» Ähuahanga, tapawhÄ rite, tapawhÄ rite mÄ waenga
â—¾ Ähuahanga, tapawhÄ rite, tapawhÄ rite pango waenga-iti
â—½ Ähuahanga, tapawhÄ rite, tapawhÄ rite mÄ waenga-iti
â–ª Ähuahanga, tapawhÄ rite, tapawhÄ rite pango iti
â–« Ähuahanga, tapawhÄ rite, tapawhÄ rite mÄ iti
ğŸ”¶ Ähuahanga, karaka, taimana, taimana karaka rahi
ğŸ”· Ähuahanga, kikorangi, taimana, taimana kikorangi rahi
ğŸ”¸ Ähuahanga, karaka, taimana, taimana karaka iti
ğŸ”¹ Ähuahanga, kikorangi, taimana, taimana kikorangi iti
ğŸ”º Ähuahanga, tapatoru whero tohu ake, whero
ğŸ”» Ähuahanga, iho, tapatoru whero tohu iho, whero
ğŸ’  Ähuahanga, roto, taimana, taimana whai ira, whakakata
ğŸ”˜ Ähuahanga, irirangi, pÄtene
ğŸ”³ Ähuahanga, pÄtene, pÄtene tapawhÄ mÄ, tapawhÄ rite, whakahuahua
ğŸ”² Ähuahanga, pÄtene, pÄtene tapawhÄ pango, tapawhÄ rite
ğŸ kara pÄtikitiki, pÄtikitiki, tauwhÄinga motokÄ
ğŸš© kara tapatoru, pou
ğŸŒ HapanÄ«hi, kara whakawhiri, whakanuinga, whakawhiri, whiri
ğŸ´ kara pango, piupiu ana
ğŸ³ kara mÄ, piupiu ana
ğŸ³â€ğŸŒˆ kahukura, kara kahukura
