{ klammeparentes, krÃ¸llparentes, parentes, startparentes, startslÃ¸yfeparentes
â€¾ overline, vinculum
- bindestrek-minus-teikn
â€“ bindestrekar, en-dash, halvgefirt, tankestrek
â€” bindestrekar, em-dash, gefirt, lang tankestrek
â€• strek, vassrett strek, vassrett. strek
! utropsteikn
Â¡ opp-ned utropsteikn, utropsteikn
? spÃ¸rsmÃ¥l, spÃ¸rsmÃ¥lsteikn
Â¿ opp-ned spÃ¸rsmÃ¥lsteikn, spÃ¸rsmÃ¥l, spÃ¸rsmÃ¥lsteikn
ØŸ arabisk spÃ¸rsmÃ¥lsteikn, spÃ¸rsmÃ¥l, spÃ¸rsmÃ¥lsteikn
â€½ interabang, interrobang
â€¦ ellipse, tre prikkar, utelating
' enkelt rett hermeteikn, sitatteikn
â€˜ enkelt krÃ¸llete venstre hermeteikn, sitatteikn, smart hermeteikn, start sitat
â€™ enkelt krÃ¸llete hÃ¸gre hermeteikn, sitat slutt, sitatteikn, smart hermeteikn
â€š enkelt krÃ¸llete lÃ¥gt venstre hermeteikn, sitatteikn, smart hermeteikn, start sitat
â€œ dobbelt krÃ¸llete venstre hermeteikn, sitatteikn, smart hermeteikn, start sitat
â€ dobbelt krÃ¸llete hÃ¸gre hermeteikn, sitat slutt, sitatteikn, smart hermeteikn
â€ dobbelt krÃ¸llete lÃ¥gt venstre hermeteikn, sitatteikn, smart hermeteikn, start sitat
Â« hermeteikn, sitat start, sitatteikn, sjevron, venstre hermeteikn
Â» hermeteikn, hÃ¸gre hermeteikn, sitat slutt, sitatteikn, sjevron
) bogeparentes, parentes, sluttparentes
[ firkantparentes, klammeparentes, parentes, starthakeparentes, startparentes
] firkantparentes, klammeparentes, parentes, slutthakeparentes, sluttparentes
} klammeparentes, krÃ¸llparentes, parentes, sluttparentes, sluttslÃ¸yfeparentes
ã€ˆ parentes, spissparentes, startparentes, startvinkelparentes, vinkelparentes
ã€‰ parentes, sluttparentes, sluttvinkelparentes, spissparentes, vinkelparentes
ã€Š dobbel startvinkelparentes, dobbelparentes, parentes, spissparentes, startparentes, vinkelparentes
ã€‹ dobbel sluttvinkelparentes, dobbelparentes, parentes, sluttparentes, spissparentes, vinkelparentes
ã€Œ hjÃ¸rneparentes, parentes, starthjÃ¸rneparentes, startparentes
ã€ hjÃ¸rneparentes, parentes, slutthjÃ¸rneparentes, sluttparentes
ã€ hjÃ¸rneparentes, hol parentes, hol starthjÃ¸rneparentes, parentes, startparentes
ã€ hjÃ¸rneparentes, hol parentes, hol slutthjÃ¸rneparentes, parentes, sluttparentes
ã€ fylt parentes, linseparentes, parentes, startparentes, svart parentes, svart startlinseparentes
ã€‘ fylt parentes, linseparentes, parentes, sluttparentes, svart parentes, svart sluttlinseparentes
ã€” parentes, skjelpaddeskal, skjelpaddeskalparentes, startparentes
ã€• parentes, skjelpaddeskal, skjelpaddeskalparentes, sluttparentes
ã€– hol parentes, hol startlinseparentes, linseparentes, parentes, startparentes
ã€— hol parentes, hol sluttlinseparentes, linseparentes, parentes, sluttparentes
Â§ avsnittssteikn, del, paragraf, paragrafteikn, signum sectionis
Â¶ avsnittsteikn
@ alfakrÃ¸ll, at-teikn, krÃ¸llalfa
* asterisk, jokerteikn, stjerne
& ampersand, eit, eit-teikn, og, og-teikn
# emneknagg, firkant, hashtagg, nummerteikn, skigard
% prosent, prosentteikn
â€° promille, promilleteikn
â€  kross, krossteikn, latinsk kross
â€¡ dobbel kross, dobbelkrossteikn
â€¢ prikk, punkt, punktliste, punktteikn
â€§ bindestrek, interpunkt, prikk, punkt, stavingsmerke
â€² primteikn
â€³ dobbel primteikn, dobbelt primteikn
â€´ trippelt primteikn
â€¸ innsetjingsteikn
â‚ asterisme, dinkus, stjerner
Â´ aksent, akutt, hÃ¸greaksent, tonem, trykk
Â¨ omlyd, tÃ¸dlar, trema
Â° alkoholinnhald, grader, gradeteikn, timar
â†š venstrepil med strek over
â†’ aust, hÃ¸gre, hÃ¸grepil, pil hÃ¸gre, pil mot hÃ¸gre, retning
â†› hÃ¸grepil med strek over
â†œ bÃ¸lgeforma pil venstre
â† bÃ¸lgeforma pil hÃ¸gre
â† venstrepil med to spissar
â†Ÿ oppoverpil med to spissar
â†  hÃ¸grepil med to spissar
â†¡ nedoverpil med to spissar
â†¢ venstrepil med hale
â†£ hÃ¸grepil med hale
â†¤ venstrepil frÃ¥ line
â†¥ oppoverpil frÃ¥ line
â†¦ hÃ¸grepil frÃ¥ line
â†§ nedoverpil frÃ¥ line
â†¯ sikksakkpil
â‡… kvar veg, nord-sÃ¸r, op og ned, opp-ned, pil oppover framfor pil nedover, piler
â‡† aust-vest, fram og tilbake, kvar veg, pil mot venstre over pil mot hÃ¸gre, piler, venstre-hÃ¸gre
âˆ† dekrement, delta, inkrement, matematisk endring, matematiske teikn, trekant
âˆ‡ matematiske teikn, nabla, trekant, triangel, vektorfelt, vektoroperator
âˆˆ element i, elementsymbol, matematiske teikn, mengdelÃ¦re
+ addere, leggje til, pluss, plussteikn
Ã· dele, deleteikn, dividere, divisjon, divisjonsteikn, matematiske teikn
Ã— gonge, gongeteikn, matematiske teikn, multiplikasjon, multiplikasjonsteikn, multiplisere
< er mindre enn, mindre enn, starttagg
= er lik, likskapsteikn
â‰  er ikkje lik, ulikskap, ulikskapsteikn
> endetagg, er stÃ¸rre enn, stÃ¸rre enn
Â¬ ikkje, negasjon
âˆ’ minus, minusteikn, subtrahere, trekkje frÃ¥
â» heva, heva minusteikn, ion, matematiske teikn, minus, negativ ladning
âˆš kvadratrot, kvadratrotteikn, matematiske teikn
âˆ matematiske teikn, uendeleg, uendelegheitsteikn
âˆ© matematiske teikn, mengdelÃ¦re, snitt, snitteikn
âˆª foreining, matematiske teikn, mengdelÃ¦re, union, unionteikn
â‰ˆ avrunda til, er tilnÃ¦rma lik
â‰¡ identisk lik, kongruent med, likskapsteikn, matematiske teikn
â‰¤ er mindre enn eller lik, likskapsteikn, mindre enn eller lik, ulikskap
â‰¥ er stÃ¸rre enn eller lik, likskapsteikn, stÃ¸rre enn eller lik, ulikskap
âŠ‚ delmengd av, inklusjonsteikn, matematiske teikn, mengdelÃ¦re
â–² fylt, fylt trekant som peikar opp, opp, pil, trekant
â–¼ fylt, fylt trekant som peikar ned, ned, pil, trekant
â—Š diament, holt rutersymbol, rombe, ruter
â—‹ hol sirkel, ring, runding, sirkel
â—¯ hol sirkel, ring, runding, sirkel, stor hol sirkel
â™ª Ã¥ttandedelsnote, musikk, note
â™¯ halnote opp, kryss, musikk, note-kryss
ğŸ˜ƒ fjes, glisande fjes med vidopne auge, latter, munn, open, smil, smilefjes, smilefjes med open munn
ğŸ˜„ latter, med tenner, morosamt, smil, smilefjes, smilefjes med open munn og smilande auge
ğŸ˜ fjes, glis, glisefjes med smilande auge, latter, lol, smil, smilefjes
ğŸ˜† fjes, latter, open munn, smil med samanknipne auge
ğŸ˜… glisande fjes som sveittar, kaldsveitte, munn, open, smil med sveitte, sveitt smil med open munn
ğŸ¤£ fjes, golv, latter, rullar, rullar rundt pÃ¥ golvet i latter
ğŸ™‚ fjes, fjes som smiler litt, smil
ğŸ˜‰ blunk, blunkande fjes, fjes
ğŸ˜Š auge, fjes, raudne, smil, smil med smilande auge
ğŸ¥° elskar, forelska, kjÃ¦rleik, smilefjes med hjarte
ğŸ˜ auge, fjes, hjarte, hjarteauge, kjÃ¦rleik, smilefjes med hjarteauge
ğŸ¤© fjes, gliser, smil, stjerner, stjerner i auga
ğŸ˜˜ elskar deg, fjes, glad i deg, hjarte, kyss, slengkyss
ğŸ˜— elskar deg, fjes, glad i deg, kyss, kyssefjes, kyssefjes i slengkyss
ğŸ˜š elskar deg, fjes, glad i deg, kyss, kyss med lukka auge, trutmunn
ğŸ˜™ fjes, kyss, kyss med smilande auge, slengkyss, smil, smilande auge
ğŸ¥² letta, rÃ¸rt, smilefjes med tÃ¥re, smiler, stolt, takksam, tÃ¥re
ğŸ˜‹ fjes, mmm, nam, nam-nam, nydeleg mat, svolten
ğŸ˜› fjes, fjes som rekkjer tunge, rekkjer tunge, tunga ut
ğŸ˜œ blunk, blunkar og rekkjer tunge, erte, fjes, rekkje tunge med blunk, spÃ¸k
ğŸ¤ª fjes, gal, galen, lite auge, sinnssjuk, stort auge
ğŸ˜ Ã¦sj, fÃ¦lt, fjes, lukkande auge, rekkje tunge, tunga ut med auga lukka
ğŸ¤‘ fjes, munn, pengar, pengegalen
ğŸ¤— fjes, fjes som gjev klem, klem
ğŸ¤­ flire, handa over munnen, ops
ğŸ¤« hysj, stille, ver stille
ğŸ¤” fjes, tankefull, tenkjefjes, tenkjer
ğŸ¤¨ heva augebryn, skeptisk, tvil
ğŸ˜‘ fjes, ingen kommentar, nÃ¸ytral, stum, uttrykkslaus
ğŸ˜¶ fjes, ingen munn, utan munn
ğŸ˜¶â€ğŸŒ« distrÃ©, fjes i skyer, frÃ¥verande, uoppmerksam
ğŸ˜ fjes, lurt smil, sjÃ¸lvtilfreds
ğŸ˜’ fjes, misnÃ¸gd, sur
ğŸ™„ auge, fjes, himlar med auga, rullar
ğŸ˜®â€ğŸ’¨ fjes, gispe, kviskre, letta, plystre, pustar ut, puste ut, sukke
ğŸ¤¥ fjes, lÃ¸gn, lyg, pinocchio
ğŸ˜Œ fjes, letta
ğŸ˜” alvorleg, fjes, lei seg, tankefull
ğŸ¤¤ fjes, siklar, sikle
ğŸ˜´ fjes, sÃ¸v, sovande fjes, zzz
ğŸ˜· bakteriemaske, fjes, fjes med munnbind, sjukdom
ğŸ¤’ fjes, fjes med termometer, sjuk, termometer
ğŸ¤• bandasje, bandasjert hovud, fjes, skadd, skade
ğŸ¤® fjes, kastar opp, kvalm, oppkast, spy
ğŸ¤§ fjes, nys
ğŸ¥µ feber, heteslag, raud, sveittar, varm, varmt fjes
ğŸ¥¶ blÃ¥, frost, frys, istappar, kald, kaldt fjes
ğŸ¥´ bÃ¸lgete munn, brisen, full, svimmel, svimmelt fjes, ujamne auge
ğŸ˜µâ€ğŸ’« fjes med spiralauge, hypnotisert, problem, spiral, svimmel, uÃ¦Ã¦
ğŸ¤¯ eksploderande hovud, forblÃ¸ffa, overraska, sjokkert
ğŸ¥¸ briller, fjes, fjes med forkleding, forkleding, inkognito, nase
ğŸ˜• fjes, forvirra
ğŸ˜Ÿ bekymra, fjes
ğŸ˜® fjes, forbausa, open munn
ğŸ˜¯ fjes, overraska, stum
ğŸ˜² fjes, overraska, sjokkert, stum
ğŸ˜³ fjes, raud, raudnar
ğŸ¥º bedande fjes, kvalpeauge, nÃ¥de, tryglar
ğŸ˜¦ fjes, oppgjeven, overraska, sjokkert med open munn
ğŸ˜§ fjes, lir, pine, smerte
ğŸ˜° engsteleg og sveittar, fjes, kaldsveitte, open munn, sjuk
ğŸ˜¥ fjes, letta, puh, puh!, skuffa
ğŸ˜¢ fjes, grÃ¦t, tÃ¥rer, trist
ğŸ˜­ fjes, grÃ¥t, strigrÃ¦t, tÃ¥rer
ğŸ˜– fjes, fortvila, sint, skuffa
ğŸ˜£ bommert, fjes, skuffa, uthaldande
ğŸ˜ fjes, skuffa, skuffelse
ğŸ˜“ fjes, kaldsveittar, kaldsveitte
ğŸ˜© fjes, sliten, trÃ¸ytt
ğŸ˜« fjes, overtrÃ¸ytt, sliten, sÃ¸vnig, trÃ¸ytt fjes
ğŸ¥± geisp, geispande fjes, keisamt, sliten
ğŸ˜¤ eg vann, fjes, triumf, triumferande
ğŸ˜¡ fjes, rasande, raseri, raudt, sint, sur
ğŸ¤¬ bannar, fjes, fjes med symbol over munnen, rasande, sensur
ğŸ˜ˆ fjes, horn, smil, smilande djevel
ğŸ’€ daudinghovud, dÃ¸d, fjes, hovudskalle
â˜  bein, daudinghovud, dÃ¸d, fjes, hovudskalle, monster
ğŸ‘º eventyr, fjes, japansk troll, tengu
ğŸ‘½ fjes, romvesen, sci-fi, UFO, ujordisk
ğŸ‘¾ fjes, rommonster, sci-fi, UFO, ujordisk
ğŸ˜º fjes, katt, open munn, smil, smilande katt med open munn
ğŸ˜¸ fjes, flirande katt med smilande auge, katt, smil
ğŸ˜» auge, fjes, forelska, hjarte, katt, kjÃ¦rleik, smilande katt med hjarteauge
ğŸ˜½ fjes, katt, kyss, kyssande, lukka auge
ğŸ™€ fjes, jÃ¸sses, katt, overraska, sliten katt, slitent kattefjes
ğŸ˜¿ fjes, grÃ¥t, grÃ¥tande katt, tÃ¥re, trist katt
ğŸ˜¾ fjes, katt, sint, sur, surmulande katt
ğŸ™ˆ ape, fjes, forbode, ikkje, ser ikkje, ser ingenting vondt
ğŸ™‰ ape, fjes, forbode, hÃ¸yrer ikkje, hÃ¸yrer ingenting vondt, ikkje
ğŸ™Š ape, fjes, forbode, held munn, ikkje, seier ikkje, seier ingenting vondt
ğŸ’Œ brev, brev med hjarte, hjarte, kjÃ¦rleiksbrev, romantikk
ğŸ’˜ hjarte, hjarte med pil, kjÃ¦rleik, kjensler, pil
ğŸ’ band, hjarte, hjarte med band, kjensler, valentine
ğŸ’– kjÃ¦rleik, kjensler, skinande, skinande hjarte
ğŸ’— kjÃ¦rleik, kjensler, nervÃ¸s, spent, veksande hjarte
ğŸ’“ bankande, hjarte, kjÃ¦rleik, kjensler
ğŸ’ hjarte, kjÃ¦rleik, kjensler, snurrande, sÃ¸tt
ğŸ’• elskarar, kjÃ¦rleik, kjensler, to hjarte
ğŸ’Ÿ hjarte, hjartedekorasjon
â£ teikn, teiknsetjing, utrop, utropsteikn, utropsteikn med hjarte
ğŸ’” brot, hjarte, kjensler, knust hjarte
â¤â€ğŸ”¥ brann, eld, heilag hjarte, hjarte, hjarte i brann, kjÃ¦rleik, lidenskap
â¤â€ğŸ©¹ betre, bra, forbetring, kome seg, lindra hjarte, lindring, sterkare
â¤ hjarte, raudt hjarte
ğŸ§¡ hjarte, kjensler, oransje
ğŸ’› gul, gult hjarte, hjarte, kjensler
ğŸ’š grÃ¸n, grÃ¸nt hjarte, hjarte, kjensler
ğŸ’™ blÃ¥, blÃ¥tt hjarte, hjarte, kjensler
ğŸ’œ hjarte, kjensler, lilla
ğŸ¤ brun, brunt hjarte, hjarte
ğŸ–¤ hjarte, svart, vond
ğŸ¤ hjarte, kvit, kvitt hjarte
ğŸ’¢ kjensle, sinne, sinnesymbol, sint, teikneserie
ğŸ’¥ kjensle, kollisjon, krasj, smell, teikneserie
ğŸ’« sjÃ¥ stjerner, stjerner, svimmel, teikneserie
ğŸ’¦ dropar, sprut, sprutande, sveitte, sveittedropar, teikneserie
ğŸ’¨ forsvinne, springe, stikk av, teikneserie
ğŸ•³ hol, hol i bakken
ğŸ’£ bombe, kjensle, teikneserie
ğŸ’¬ ballong, boble, dialog, dialogboble, snakkeboble, teikneserie
ğŸ‘â€ğŸ—¨ auge, auge i snakkeboble, snakkeboble
ğŸ—¯ ballong, boble, sint, sint snakkeboble mot hÃ¸gre, sur
ğŸ’­ boble, tanke, tankeboble, teikneserie
ğŸ’¤ kjensle, snorkar, sÃ¸v, soving, teikneserie, zzz
ğŸ‘‹ hand, vinkande hand, vinke, vinking
ğŸ¤š handbak, lÃ¸fta
ğŸ– finger, flat hand med spreidde fingerer, flat hand med spreidde fingrar, hand, spreidd
âœ‹ flat hand, handflate, heva hand
ğŸ–– finger, hand, spock, vulcan, Vulcan-helsing
ğŸ‘Œ hand, OK, OK-hand, teikn
ğŸ¤Œ fingrane saman, fingrar, hand, hand med fingertuppane saman, sarkastisk, spÃ¸rsmÃ¥l
ğŸ¤ hand som klyp, lite, liten
âœŒ hand, peaceteikn, seiersteikn
ğŸ¤ finger, hand, hell, kryss, kryssande fingrar
ğŸ¤Ÿ glad i deg, glad i deg-teikn, hand, ILY, teiknsprÃ¥k
ğŸ¤˜ finger, hand, horn, rockâ€™nâ€™roll
ğŸ¤™ hand, ring meg-hand, ringje
ğŸ‘ˆ finger, hand, peikande finger, peikar mot venstre â€“ bakhand, peikar venstre
ğŸ‘‰ finger, hand, peikande finger, peikar mot hÃ¸gre â€“ bakhand, peikar opp
ğŸ‘† finger, hand, peikande finger, peikar opp, peikar opp â€“ bakhand
ğŸ–• finger, hand, kropp, langfinger, vise fingeren
ğŸ‘‡ finger, hand, peikande finger, peikar ned, peikar ned â€“ bakhand
â˜ finger, hand, kropp, opp, peikar opp, peike, peikefinger
ğŸ‘ hand, teikn, tommel, tommel opp
ğŸ‘ hand, teikn, tommel, tommel ned
âœŠ hand, heva knyttneve, knytta neve, neve
ğŸ‘Š hand, knyttneve, neve
ğŸ¤› hand, knyttneve mot venstre, neve, venstre, venstrehendt
ğŸ¤œ hand, hÃ¸gre, hÃ¸grehendt, knyttneve mot hÃ¸gre, neve
ğŸ‘ hand, hender, klappande hender, klapping
ğŸ™Œ begge hender, feirar, feiring, hand, hea hender, heva hender, rekkjer begge armane i veret
ğŸ‘ hand, hender, opne
ğŸ¤² ber, bÃ¸n, hand, handflatene saman
ğŸ¤ avtale, hand, handhelse, handtrykk, mÃ¸te
ğŸ™ be, ber, bÃ¸n, falda hender, hand, rÃ¸rsle
âœ hand, kropp, skrivande hand, skrive
ğŸ’… kosmetikk, manikyr, nagl, naglelakk
ğŸ’ª biceps, fleks, muskel, muskelfleksing, sterk, teikneserie
ğŸ¦¾ mekanisk arm, protese, tilgjenge
ğŸ¦¿ mekanisk bein, protese, tilgjenge
ğŸ¦¶ fot, sparke, trakke
ğŸ‘‚ kropp, Ã¸yre
ğŸ¦» Ã¸yre med hÃ¸yreapparat, svak hÃ¸yrsel, tilgjenge
ğŸ‘ƒ fjes, kropp, nase
ğŸ«€ hjarte-kar, hjartemuskel, hjarteslag, kardiologi, muskel, organ, puls, senter
ğŸ‘€ auge, fjes
ğŸ‘ auga, auge, kropp
ğŸ‘¦ gut, menneske, ung
ğŸ‘§ jente, jomfrua, menneske, stjernebilete, stjerneteikn, ung
ğŸ§‘ kjÃ¸nnsnÃ¸ytral, menneske, person, vaksen
ğŸ‘¨ mann, menneske, vaksen
ğŸ‘© kvinne, menneske, vaksen
ğŸ§“ eldre vaksen, gamal, kjÃ¸nnsnÃ¸ytral, menneske, vaksen
ğŸ™ mimikk, rynkar bryna, rynkar panna
ğŸ™â€â™‚ mann, mann som rynkar bryna, mimikk, rynkar panna, skeptisk
ğŸ™â€â™€ kinne som rynkar bryna, kvinne, kvinne som rynkar bryna, mimikk, rynkar panna, skeptisk
ğŸ™ furtar, furter, furting, mimikk, surmuling
ğŸ™â€â™‚ furting, mann, mann som furtar, mimikk, surmuling
ğŸ™â€â™€ furting, kvinne, kvinne som furtar, mimikk, surmuling
ğŸ™… forbode, gestikulerer NEI, ikkje, mimikk, nei
ğŸ™…â€â™‚ avbryt, forbode, mann, mann som gestikulerer NEI, nei, stopp
ğŸ™…â€â™€ avbryt, forbode, kvinne, kvinne som gestikulerer NEI, nei, stopp
ğŸ™† gestikulerer OK, greitt, ok
ğŸ™†â€â™‚ greitt, mann, mann som gestikulerer OK, ok
ğŸ™†â€â™€ greitt, kvinne, kvinne som gestikulerer OK, ok
ğŸ’ hjelp, hjelpande person, informasjon, menneske
ğŸ’â€â™‚ hjelpande mann, hjelpe, informasjon, mann
ğŸ’â€â™€ hjelpande kvinne, hjelpe, informasjon, kvinne
ğŸ™‹ hand, person, rekker opp, rekker opp handa
ğŸ™‹â€â™‚ mann, mann som rekker opp handa, rekke opp handa
ğŸ™‹â€â™€ kinne som rekker opp handa, kvinne, kvinne som rekker opp handa, rekke opp handa
ğŸ§ dÃ¸v, dÃ¸v person, hÃ¸yre, Ã¸yre, tilgjenge
ğŸ™‡ bukk, bukkar, orsak, orsakar, orsaking
ğŸ™‡â€â™‚ bukk, bukkande mann, mann, orsak, orsaking
ğŸ™‡â€â™€ bukk, bukkande kvinne, kvinne, orsak, orsaking
ğŸ¤¦ andlet, facepalm, fjes, irritasjon, oppgjeven, slÃ¥r handa mot panna, vantru
ğŸ¤¦â€â™‚ ansikt, facepalm, fjes, irritasjon, mann, mann som slÃ¥r handa mot panna, oppgjeven, vantru
ğŸ¤¦â€â™€ ansikt, facepalm, fjes, irritasjon, kvinne, kvinne som slÃ¥r handa mot panna, oppgjeven, vantru
ğŸ¤· likesÃ¦le, skuldretrekning, trekkjer pÃ¥ skuldrene, tvil
ğŸ¤·â€â™‚ likesÃ¦le, mann, mann som trekkjer pÃ¥ skuldrene, skuldertrekning, tvil
ğŸ¤·â€â™€ kvinne, kvinne som trekkjer pÃ¥ skuldrene, likesÃ¦le, skuldertrekning, tvil
ğŸ§‘â€âš• dokter, helsearbeidar, helsevesen, lege, sjukepleiar, terapaut
ğŸ‘¨â€âš• dokter, helsevesen, lege, mann, mannleg helsearbeidar, sjukepleiar, terapeut
ğŸ‘©â€âš• dokter, helseesen, kvinne, kvinneleg helsearbeidar, lege, sjukepleiar, terapeut
ğŸ§‘â€ğŸ“ skule, student, universitet
ğŸ‘¨â€ğŸ“ mann, mannleg student, skule, student, universitet
ğŸ‘©â€ğŸ“ kvinne, kvinneleg student, skule, student, universitet
ğŸ§‘â€ğŸ« lÃ¦rar, skule, undervisning
ğŸ‘¨â€ğŸ« lÃ¦rar, mann, mannleg lÃ¦rar, skule, undervisning
ğŸ‘©â€ğŸ« kvinne, kvinneleg lÃ¦rar, lÃ¦rar, skule, undervisning
ğŸ§‘â€âš– dommar, jus, juss
ğŸ‘¨â€âš– dommar, jus, juss, mann, mannleg dommar, rettssak
ğŸ‘©â€âš– dommar, jus, juss, kvinne, kvinneleg dommar, rettssak
ğŸ§‘â€ğŸŒ¾ bonde, gardbrukar, jordbruk
ğŸ‘¨â€ğŸŒ¾ bonde, dyrke, gardbrukar, jordbruk, mann, mannleg gardbrukar
ğŸ‘©â€ğŸŒ¾ bonde, dyrke, gardbrukar, jordbruk, kvinne, kvinneleg gardbrukar
ğŸ‘¨â€ğŸ³ mann, mannleg kokk, matlaging, restaurant
ğŸ‘©â€ğŸ³ kvinne, kvinneleg kokk, matlaging, restaurant
ğŸ§‘â€ğŸ”§ bil, elektrikar, handverkar, mekanikar, motor, rÃ¸yrleggjar
ğŸ‘¨â€ğŸ”§ bil, elektrikar, handverkar, mann, mannleg mekanikar, mekanikar, motor, rÃ¸yrleggjar
ğŸ‘©â€ğŸ”§ bil, elektrikar, handverkar, kvinne, kvinneleg mekanikar, mekanikar, motor, rÃ¸yrleggjar
ğŸ§‘â€ğŸ­ arbeidar, fabrikk, industri, industriarbeidar, produksjon
ğŸ‘¨â€ğŸ­ arbeidar, fabrikk, industri, industriarbeidar, mann, mannleg industriarbeidar, produksjon
ğŸ‘©â€ğŸ­ fabrikk, industri, kvinne, kvinneleg industriarbeidar, produksjon
ğŸ§‘â€ğŸ’¼ kontor, kontorarbeidar, leiar, nÃ¦ringsliv
ğŸ‘¨â€ğŸ’¼ kontor, leiar, mann, mannleg kontorarbeidar, nÃ¦ringsliv
ğŸ‘©â€ğŸ’¼ kontor, kvinne, kvinneleg kontorarbeidar, leiar, nÃ¦ringsliv
ğŸ§‘â€ğŸ”¬ biologi, forskar, forsking, kjemi, lab, laboratorium, medisin, vitskap
ğŸ‘¨â€ğŸ”¬ kjemi, laboratorium, mann, mannleg forskar, vitskap
ğŸ‘©â€ğŸ”¬ kjemi, kvinne, kvinneleg forskar, laboratorium, vitskap
ğŸ‘¨â€ğŸ’» data, IT, koding, mann, mannleg IT-ekspert, programvare, teknologi
ğŸ‘©â€ğŸ’» data, IT, koding, kvinne, kvinneleg IT-ekspert, programvare, teknologi
ğŸ§‘â€ğŸ¤ artist, konsert, rock, songar
ğŸ‘¨â€ğŸ¤ artist, konsert, mann, mannleg artist, songar
ğŸ‘©â€ğŸ¤ artist, konsert, kvinne, kvinneleg artist, rock, songar
ğŸ§‘â€ğŸ¨ kunstnar, mÃ¥lar
ğŸ‘¨â€ğŸ¨ kunstnar, mÃ¥lar, mann, mannleg kunstnar
ğŸ‘©â€ğŸ¨ kunstnar, kvinne, kvinneleg kunstnar, mÃ¥lar
ğŸ‘¨â€âœˆ fly, mann, mannleg pilot, pilot
ğŸ‘©â€âœˆ fly, kvinne, kvinneleg pilot, pilot
ğŸ§‘â€ğŸš€ astronaut, romfart, verdsrommet
ğŸ‘¨â€ğŸš€ astronaut, mann, mannleg astronaut, romfart, verdsrommet
ğŸ‘©â€ğŸš€ astronaut, kvinne, kvinneleg astronaut, romfart, verdsrommet
ğŸ‘¨â€ğŸš’ brannbil, brannkonstabel, brannmann, brannvesenet, mann, mannleg brannkonstabel
ğŸ‘©â€ğŸš’ brannbil, brannkonstabel, brannmann, brannvesenet, kvinne, kvinneleg brannkonstabel
ğŸ‘®â€â™‚ betjent, mann, mannleg politibetjent, politi, politibetjent
ğŸ‘®â€â™€ betjent, kvinne, kvinneleg politibetjent, politi, politibetjent
ğŸ•µâ€â™‚ brotsverk, etterforske, mann, mannleg detektiv, privatdetektiv
ğŸ•µâ€â™€ brotsverk, etterforske, kvinne, kvinneleg detektiv, privatdetektiv
ğŸ’‚â€â™‚ gardist, mann, mannleg gardist, vakt
ğŸ’‚â€â™€ gardist, kvinne, kvinneleg gardist, vakt
ğŸ¥· gÃ¸ymd, kampkunst, krigar, ninja
ğŸ‘· anlegg, anleggsarbeidar, arbeidar, hjelm, ingeniÃ¸r, menneske
ğŸ‘·â€â™‚ anlegg, arbeidar, bygg, hjelm, ingeniÃ¸r, mann, mannleg anleggsarbeidar
ğŸ‘·â€â™€ anlegg, arbeidar, bygg, hjelm, ingeniÃ¸r, kvinne, kvinneleg anleggsarbeidar
ğŸ§• hijab, hovudskjerf, hovudslÃ¸r, kvinne med hovudslÃ¸r, kvinne med hovuvdslÃ¸r, muslim
ğŸ‘° brur, brur med slÃ¸r, bryllaup, menneske, person med slÃ¸r, slÃ¸r
ğŸ¤± ammar, amming, baby, bryst, morsmjÃ¸lk
ğŸ‘©â€ğŸ¼ baby, kvinne, kvinne som matar baby, mat, tÃ¥teflaske
ğŸ‘¨â€ğŸ¼ baby, mann, mann som matar baby, mat, tÃ¥teflaske
ğŸ§‘â€ğŸ¼ baby, mat, person, person som matar baby, tÃ¥teflaske
ğŸ‘¼ andlet, babyengel, engel, eventyr
ğŸ¦¸â€â™‚ god, helt, mann, mannleg superhelt, superkrefter
ğŸ¦¸â€â™€ god, helt, heltinne, kvinne, kvinneleg superhelt, superkrefter
ğŸ¦¹ kriminell, skurk, superkrefter, superskurk, vond
ğŸ¦¹â€â™‚ kriminell, mann, mannleg superskurk, skurk, superkrefter, vond
ğŸ¦¹â€â™€ kriminell, kvinne, kvinneleg superskurk, skurk, superkrefter, vond
ğŸ§™â€â™‚ heksemeister, trollmann
ğŸ§šâ€â™‚ fe, mannleg fe, Oberon, Puck
ğŸ§šâ€â™€ fe, kvinneleg fe, Titania
ğŸ§›â€â™‚ Dracula, mannleg vampyr, vandÃ¸d
ğŸ§›â€â™€ kvinneleg vampyr, vandÃ¸d
ğŸ§â€â™‚ magi, mannleg alv
ğŸ§â€â™€ kvinneleg alv, magi
ğŸ§â€â™‚ djinn, mannleg Ã¥nd
ğŸ§â€â™€ djinn, kvinneleg Ã¥nd
ğŸ§Ÿâ€â™‚ mannleg zombie, udÃ¸d, vandÃ¸d
ğŸ§Ÿâ€â™€ kvinneleg zombie, udÃ¸d, vandÃ¸d
ğŸ’† andlet, andletsmassasje, massasje, venleikssalong
ğŸ’†â€â™‚ andlet, avslapping, hovudmassasje, mann, mann som fÃ¥r andletsmassasje, massasje, velvÃ¦re
ğŸ’†â€â™€ andlet, avslapping, hovudmassasje, kvinne, kvinne som fÃ¥r andletsmassasje, massasje, velvÃ¦re
ğŸ’‡ frisÃ¸r, hÃ¥rklipp, salong, venleik, venleikssalong
ğŸš¶ fotgjengar, gÃ¥, gÃ¥ande
ğŸš¶â€â™‚ fotgjengar, gÃ¥, mann, mannleg fotgjengar, tur
ğŸš¶â€â™€ fotgjengar, gÃ¥, kvinne, kvinneleg fotgjengar, tur
ğŸ§‘â€ğŸ¦¯ blind, person med blindestokk, tilgjenge
ğŸ‘¨â€ğŸ¦¯ blind, mann, mann med blindestokk, tilgjenge
ğŸ‘©â€ğŸ¦¯ blind, kvinne, kvinne med blindestokk, tilgjenge
ğŸ§‘â€ğŸ¦¼ person i motorisert rullestol, rullestol, tilgjenge
ğŸ‘¨â€ğŸ¦¼ mann, mann i motorisert rullestol, rullestol, tilgjenge
ğŸ‘©â€ğŸ¦¼ kvinne, kvinne i motorisert rullestol, rullestol, tilgjenge
ğŸ§‘â€ğŸ¦½ person i manuell rullestol, rullestol, tilgjenge
ğŸ‘¨â€ğŸ¦½ mann, mann i manuell rullestol, rullestol, tilgjenge
ğŸ‘©â€ğŸ¦½ kvinne, kvinne i manuell rullestol, rullestol, tilgjenge
ğŸƒ joggar, jogging, lÃ¸par, lÃ¸ping, maraton, sport
ğŸƒâ€â™‚ jogge, lÃ¸pe, mann, mannleg lÃ¸par, maraton
ğŸƒâ€â™€ jogge, kvineleg lÃ¸par, kvinne, lÃ¸pe, maraton
ğŸ’ƒ dans, dansande kvinne, kvinne
ğŸ•º dans, dansande mann, mann
ğŸ•´ business, dress, forretningsmann, mann, svevande mann, svevande mann i dress
ğŸ‘¯ dansar, fest, hareÃ¸yre, menneske, personar med kaninÃ¸yre
ğŸ‘¯â€â™‚ dansar, hareÃ¸yre, mann, menn, menn med kaninÃ¸yre
ğŸ‘¯â€â™€ dansar, hareÃ¸yre, kvinne, kvinner, kvinner med kaninÃ¸yre
ğŸ§– dampbad, person i badstove, sauna
ğŸ§–â€â™‚ dampbad, mann i badstove, sauna
ğŸ§–â€â™€ dampbad, kvinne i badstove, sauna
ğŸ§— klatrar, klatring
ğŸ§—â€â™‚ klatrar, mannleg klatrar
ğŸ§—â€â™€ klatring, kvinneleg klatrar
ğŸ¤º fektar, fekte, fekting, person, sport, sverd
â›· ski, skilÃ¸par, snÃ¸
ğŸ‚ snÃ¸brett, snÃ¸brettkÃ¸yrar, snÃ¸brettkÃ¸yring, snowboard, snowboardar, snowboarding, vintersport
ğŸŒ ball, golf, golfspelar
ğŸŒâ€â™‚ golf, golfspelar, mann, mannleg golfspelar
ğŸŒâ€â™€ golf, golfspelar, kvinne, kvinneleg golfspelar
ğŸ„ sport, surfar, surfing
ğŸ„â€â™‚ mann, mannleg surfar, surfing
ğŸ„â€â™€ kvinne, kvinneleg surfar, surfing
ğŸŠ sport, symjar, symje, symjing
ğŸŠâ€â™‚ mann, mannleg symjar, symje, symjing
ğŸŠâ€â™€ kvinne, kvinneleg symjar, symje, symjing
ğŸ‹ lÃ¸ftar, vekt, vektlÃ¸ftar
ğŸ‹â€â™‚ bodybuilding, mann, mannleg vektlÃ¸ftar, vektlÃ¸ftar
ğŸ‹â€â™€ bodybuilding, kvinne, kvinneleg vektlÃ¸ftar, vektlÃ¸fting
ğŸš´â€â™‚ mann, mannleg syklist, sykkel, sykle
ğŸš´â€â™€ kvinne, kvinneleg syklist, sykkel, sykle
ğŸ¤¼ brytar, brytarar, bryting, person, sport
ğŸ¤¼â€â™‚ brytar, mann, mannlege brytarar, menn
ğŸ¤¼â€â™€ brytar, kvinne, kvinnelege brytarar, kvinner
ğŸ¤½ person, polo, sport, vasspolo, vatn
ğŸ¤½â€â™‚ mann, mannleg vasspolospelar, vasspolo
ğŸ¤½â€â™€ kvinne, kvinneleg vasspolospelar, vasspolo
ğŸ¤¾ ball, handball, person, sport
ğŸ¤¾â€â™‚ handball, mann, mannleg handballspelar
ğŸ¤¾â€â™€ handball, kvinne, kvinneleg handballspelar
ğŸ¤¹ balanse, ferdigheit, multitasking, sjonglering
ğŸ¤¹â€â™‚ mann, mannleg sjonglÃ¸r, multitasking, sirkus, sjonglere
ğŸ¤¹â€â™€ kvinne, kvinneleg sjonglÃ¸r, multitasking, sirkus, sjonglere
ğŸ§‘â€ğŸ¤â€ğŸ§‘ halde hender, hand, par, personar, personar som leiar
ğŸ‘­ halde hender, hand, kinner som leiar, kvinne, kvinner som leiar, par
ğŸ‘« hand, held hender, kvinne, mann, mann og kvinne som leiar, par
ğŸ‘¬ halde hender, hand, mann, menn, menn som leiar, par, stjerneteikn, tvillingane
ğŸ’ kyss, kyssing, menneske, romantikk
ğŸ’‘ hjarte, kjÃ¦rleik, menneske, par med hjarte, romantikk
ğŸ‘ª barn, familie, far, menneske, mor
ğŸ—£ fjes, hovud, profil, silhuett, snakkande hovud, snakkande hovud i profil, snakkar, snakke
ğŸ«‚ farvel, hadet, hei, klem, takk
ğŸ¦° raudhÃ¥ring, raudt hÃ¥r
ğŸ¦± afrikansk, afro, krÃ¸llete, krusete hÃ¥r
ğŸ¦³ gamal, grÃ¥, grÃ¥tt hÃ¥r, hÃ¥r, kvit
ğŸ¦² barbert, hÃ¥rlaus, kjemoterapi, skalla, utan hÃ¥r
ğŸ• dyr, hund, kvalp
ğŸ¦® blind, fÃ¸rarhund, hund, tilgjenge
ğŸ•â€ğŸ¦º hjelp, hund, servicehund, tilgjenge
ğŸ¦ fjes, lÃ¸va, lÃ¸ve, stjernebilete, stjerneteikn
ğŸ¦„ einhjÃ¸rning, fjes
ğŸ‚ dyr, okse, stjernebilete, stjerneteikn, tyren
ğŸƒ bÃ¸ffel, dyr, vassbÃ¸ffel
ğŸ bukk, dyr, stjernebilete, stjerneteikn, veren
ğŸ dyr, geit, steinbukken, stjernebilete, stjerneteikn
ğŸ¦£ dyr, mammut, stor, stÃ¸yttenner, ull, utdÃ¸ydd
ğŸ¦ dyr, horn, nase, nashorn
ğŸ¦” dyr, piggar, piggsvin
ğŸ»â€â„ arktis, bjÃ¸rn, dyr, isbjÃ¸rn, kvit
ğŸ¦¦ dyr, fiskar, leikande, oter
ğŸ¾ avtrykk, dyr, potar, poteavtrykk, spor
ğŸ£ dyr, fugl, klekking, kylling, nyklekt kylling
ğŸ¥ baby, dyr, fugl, kylling, kylling framanfrÃ¥
ğŸ¦¤ dodo, dronte, Mauritius, stor, utdÃ¸ydd
ğŸª¶ fjÃ¸r, fjÃ¸rdrakt, fugl, lett
ğŸ¦© flamingo, prangande, tropisk
ğŸ¦š fugl, pÃ¥fugl, prangande, stolt
ğŸ¦œ fugl, papegÃ¸ye, pirat, snakkande, snakkar
ğŸ¢ dyr, skjelpadde
ğŸ dyr, orm, slange, slangeberaren, stjernebilete, stjerneteikn
ğŸ² drake, drakefjes, dyr, eventyr, fjes
ğŸ‰ drake, dyr, eventyr
ğŸ³ dyr, kval, sprutande kval, sprutar
ğŸ‹ dyr, kval
ğŸŸ dyr, fisk, fiskane, stjernebilete, stjerneteikn
ğŸ™ blautdyr, blekksprut, dyr
ğŸš dyr, skjel, spiralskjel
ğŸŒ dyr, snigel
ğŸ¦‹ dyr, insekt, pen, sommar, sommarfugl
ğŸ¦— dyr, grashoppe, insekt
ğŸ¦‚ dyr, skorpion, skorpionen, stjernebilete, stjerneteikn
ğŸ¦Ÿ feber, insekt, malaria, mygg, sjukdom, virus
ğŸª° dyr, floge, forrotning, insekt, larvar, rotne, sjukdom
ğŸ’ blomster, blomstrar, bukett, romantikk
ğŸŒ¸ blomster, kirsebÃ¦r, kirsebÃ¦rblomster
ğŸ’® blomster, blomsterstempel, kvit blomster, stempel
ğŸŒ¹ blomster, rose
ğŸ¥€ blomster, tÃ¸rka, vissen
ğŸŒº blomster, hibiskus
ğŸŒ» blomster, sol, solsikke
ğŸŒ¼ blomster, plante
ğŸŒ· blomster, tulipan
ğŸª´ dyrke, hus, keisamt, plante, potteplante, ubrukeleg, vatne
ğŸŒ³ blad, lauvtre, tre
ğŸŒ¿ blad, plante, urt, urteblad
ğŸ blad, haustblad, lÃ¸nn, lÃ¸nneblad
ğŸ‚ blad, fallande, haustblad, lauv
ğŸƒ blad i vind, blÃ¥se, blÃ¥ser, lauv i vind, vind
ğŸ‰ frukt, melon, vassmelon
ğŸ eple, frukt, raud, raudt
ğŸ eple, frukt, grÃ¸n, grÃ¸nt
ğŸ’ bÃ¦r, kirsebÃ¦r, morellar
ğŸ… frukt, grÃ¸nsak, tomat
ğŸ† aubergine, grÃ¸nsak
ğŸ¥” grÃ¸nsak, mat, potet
ğŸ¥• grÃ¸nsak, gulrot, mat, rot
ğŸŒ¶ chili, plante, raud, sterk
ğŸ«‘ capsicum, chili, grÃ¸nsak, paprika
ğŸ¥’ agurk, grÃ¸nsak, mat, sylteagurk
ğŸ¥¬ bladgrÃ¸nsaker, bladsalat, grÃ¸nkÃ¥l, kÃ¥l, kinakÃ¥l, pak choy
ğŸ¥¦ brokkoli, grÃ¸nsak
ğŸ§„ kvitlauk, smakstilsetjing
ğŸ§… lauk, smakstilsetjing
ğŸ„ flugesopp, sopp
ğŸ¥œ grÃ¸nsak, mat, nÃ¸tt, peanÃ¸tt, peanÃ¸tter
ğŸ– kjÃ¸t med bein, kjÃ¸tbein, restaurant
ğŸ— fjÃ¸rfe, fjÃ¸rkre, kyllingklubbe, kyllinglÃ¥r, restaurant
ğŸ¥© biff, kjÃ¸tstykke, lammekotelett, lammeskank, svinekotelett
ğŸ¥“ bacon, kjÃ¸t, mat
ğŸ” burgar, hamburgar, restaurant
ğŸŸ chips, pommes frites, restaurant, steikte poteter
ğŸ§† falafel, kikerter, kjÃ¸tbollar
ğŸ³ egg, matlaging, steike, steikepanne
ğŸ¥˜ lÃ¥g gryte med mat, mat, paella, steikepanne
ğŸ«• fondue, fondy, gryte, ost, sjokolade, smelta, sveitsisk
ğŸ¥£ bolle med skei, congee, frukost, frukostblanding, graut
ğŸ¥— grÃ¸n, mat, salat
ğŸœ matbolle, matbolle som dampar, nudelbolle, restaurant
ğŸ¤ fritert reke, grilla scampi, kongereke, restaurant, scampi, tempura
ğŸ¥® festival, haust, mÃ¥nekake, yuebing
ğŸ¦€ dyr, krabbe, krepsen, stjernebilete, stjerneteikn
ğŸ¦ bisque, hummar, klÃ¸r, sjÃ¸mat, skaldyr
ğŸ¦‘ akkar, blautdyr, blekk, blekksprut, dyr, sprut
ğŸ­ slikkepinne, sukkertÃ¸y
ğŸ¼ babyflaske, drikke, mjÃ¸lk, tÃ¥teflaske
ğŸ¥› drikke, glas, mjÃ¸lk, mjÃ¸lkeglas
â˜• drikke, kaffi, rykande, te, varm
ğŸ· drikke, glas, raudvin, vin, vinglas
ğŸ¸ bar, cocktaildrink, cocktailglas, drink
ğŸ¹ bar, drink, jus, tropisk drink
ğŸº bar, halvliter, Ã¸lglas, Ã¸lkrus, pils, pilsner
ğŸ» bar, halvliter, Ã¸l, Ã¸lglas, Ã¸lkrus, Ã¸lkrus som skÃ¥ler, pils
ğŸ¥‚ drink, feiring, glas, glas som skÃ¥ler, skÃ¥l
ğŸ¥ƒ brennevin, glas, shot, sprit, whisky, whiskyglas
ğŸ¥¤ brus, juice, jus, kopp med sugerÃ¸yr
ğŸ§‹ boble-te, bobler, kuler, mjÃ¸lk, perler, te
ğŸ¥¢ hashi, spisepinnar
ğŸ¥„ bestikk, skei
ğŸº amfora, drikke, krukke, matlaging, stjernebilete, stjerneteikn, vassmannen
ğŸŒ Afrika, Europa, jorda, jordklode med Europa og Afrika
ğŸŒ Amerika, jorda, jordklode med Amerika, USA
ğŸŒ Asia, Australia, jorda, jordklode med Asia og Australia
ğŸŒ jorda, jordklode med meridianar, lengde- og breiddegrader
ğŸ—º kart, verda, verdskart
ğŸŒ‹ utbrot, vulkan, vulkanutbrot
ğŸ aude, Ã¸y
ğŸ˜ bustader, bygning, hus
ğŸš bygning, falleferdig, forlate, hus
ğŸ  bygning, heim, hus
ğŸ¡ bygning, heim, hus, hus med hage
ğŸ¥ lege, medisin, sjukehus
ğŸ© bygning, hotell, kjÃ¦rleikshotell
ğŸª butikk, bygning, daglegvare, daglegvarebutikk, storkiosl
ğŸ« bygning, skule, skulebygning
ğŸ’’ bryllaup, kapell, romantikk
ğŸ—½ fridom, Fridomsgudinna, statur
â›ª bygning, kristen, kross, kyrkje, religion
ğŸŒ tÃ¥ke, tÃ¥kete, vÃªr
ğŸŒ„ fjell, fjellsol, morgon, morgonsol, sol, soloppgang over fjell
ğŸŒ… morgon, morgonsol, sol, soloppgang
ğŸŒ‰ bru, bru om natta, natt
â™¨ kjelder, rykande, varm, varme kjelder
ğŸ  hest, karusell, karusellhest, moropark, tivoli
ğŸ¡ moropark, pariserhjul, tivoli
ğŸ¢ berg-og-dal-bane, moropark, tivoli
ğŸ’ˆ barberarsÃ¸yle, barberer, barberskilt, frisÃ¸r, frisÃ¸rsalong
ğŸª sirkus, sirkustelt, telt, underhaldning
ğŸš‚ framkomstmiddel, lokomotiv, tog
ğŸšƒ elektrisk, framkomstmiddel, tog, togvogn, trikk
ğŸš„ framkomstmiddel, hÃ¸gfartstog, lyntog, tog
ğŸš… framkomstmiddel, hÃ¸gfartstog med kulenase, lyntog, shinkansen, tog
ğŸš† framkomstmiddel, jernbane, tog
ğŸš‡ framkomstmiddel, metro, t-bane, tunnelbane, undergrunnsbane
ğŸšˆ framkomstmiddel, jernbane, lokaltog
ğŸšŠ framkomstmiddel, trikk
ğŸš framkomstmiddel, monorail
ğŸš bane, fjell, fjellbane, framkomstmiddel
ğŸš‹ framkomstmiddel, trikk, trikkevogn, vogn
ğŸšŒ buss, framkomstmiddel
ğŸš buss, framkomstmiddel, motgÃ¥ande
ğŸš buss, framkomstmiddel, motgÃ¥ande, trolleybuss
ğŸš buss, kÃ¸yretÃ¸y, minibuss, van
ğŸš‘ ambulanse, bil, kÃ¸yretÃ¸y
ğŸš’ bil, brannbil, kÃ¸yretÃ¸y
ğŸš“ bil, kÃ¸yretÃ¸y, politibil
ğŸš” bil, kÃ¸yretÃ¸y, motgÃ¥ande politibil
ğŸš• bil, kÃ¸yretÃ¸y, taxi
ğŸš– bil, kÃ¸yretÃ¸y, motgÃ¥ande, taxi
ğŸš— bil, kÃ¸yretÃ¸y
ğŸš˜ bil, kÃ¸yretÃ¸y, motgÃ¥ande
ğŸš™ bil, kÃ¸yretÃ¸y, SUV
ğŸšš bil, kÃ¸yretÃ¸y, varebil
ğŸš› bil, kÃ¸yretÃ¸y, lastebil, trailer, trekkvogn
ğŸšœ kÃ¸yretÃ¸y, traktor
ğŸ bil, millÃ¸p, motorsport, racerbil
ğŸ¦½ manuell rullestol, tilgjenge
ğŸ¦¼ motorisert rullestol, tilgjenge
ğŸš² kÃ¸yretÃ¸y, sykkel
ğŸš buss, busstopp, haldeplass
ğŸ›£ motorveg, veg
ğŸš¨ bil, kÃ¸yretÃ¸y, lys, politi, politilys, roterande, signal
ğŸ›‘ Ã¥ttekanta, skilt, stopp, stoppskilt
â›µ bÃ¥t, seglbÃ¥t
ğŸ›³ bÃ¥t, framkomstmiddel, passasjer, passasjerskip, skip
â›´ bÃ¥t, ferje, passasjer
ğŸ›¥ bÃ¥t, framkomstmiddel, motorbÃ¥t
ğŸš¢ bÃ¥t, fartÃ¸y, framkomstmiddel, skip
âœˆ fly, framkomstmiddel
ğŸ›© fly, framkomstmiddel, lite fly
ğŸ›« avgang, avgangar, fly, fly som tek av, flyavgang, framkomstmiddel, innsjekk
ğŸ›¬ fly, fly som landar, framkomstmiddel, innkomst, innkomstar, kome, lande, landing
ğŸª‚ fallskjerm, fallskjermhopp, hangglider, hengeglidar, paragliding
ğŸš framkomstmiddel, helikopter
ğŸšŸ framkomstmiddel, svevebane
ğŸš  framkomstmiddel, kabelbane
ğŸš¡ framkomstmiddel, gondolbane, taubane
ğŸ›° satelitt i verdsrommet, satellitt
ğŸš€ framkomstmiddel, rakett, verdsrommet
ğŸ›¸ flygande tallerken, UFO
âŒ› ferdig timeglas, sand, tidtakar
â³ sand, starta timeglas, starta timeglass, tidtakar
âŒš armbandsur, ur
â° alarm, klokke, vekkjarklokke
â² klokke, nedteljing, tidtakar
ğŸ•› 0:00, 12:00, 24:00, klokka 0:00, klokka tol 0:00, klokka tolv, tolv
ğŸ•§ 0:30, 12:30, halv eitt, klokka, klokka halv eitt
ğŸ• 1:00, 13:00, eitt, klokka
ğŸ•œ 1:30, 13:30, halv to, klokka, klokka halv to
ğŸ•‘ 14:00, 2:00, klokka, to
ğŸ• 14:30, 2:30, halv tre, klokka, klokka halv tre
ğŸ•’ 15:00, 3:00, klokka, tre
ğŸ• 15:30, 3:30, halv fire, klokka, klokka halv fire
ğŸ•“ 16:00, 4:00, fire, klokka
ğŸ•Ÿ 16:30, 4:30, halv fem, klokka, klokka halv fem
ğŸ•” 17:00, 5:00, fem, klokka
ğŸ•  17:30, 5:30, halv seks, klokka, klokka halv seks
ğŸ•• 18:00, 6:00, klokka, seks
ğŸ•¡ 18:30, 6:30, halv sju, klokka, klokka halv sju
ğŸ•– 19:00, 7:00, klokka, sju
ğŸ•¢ 19:30, 7:30, halv Ã¥tte, klokka, klokka halv Ã¥tte
ğŸ•— 20:00, 8:00, Ã¥tte, klokka
ğŸ•£ 20:30, 8:30, halv ni, klokka, klokka halv ni
ğŸ•˜ 21:00, 9:00, klokka, ni
ğŸ•¤ 09:30, 21:30, halv ti, klokka, klokka halv ti
ğŸ•™ 10:00, 22:00, klokka, ti
ğŸ•¥ 10:30, 22:30, halv elleve, klokka, klokka halv elleve
ğŸ•š 11:00, 23:00, elleve, klokka
ğŸ•¦ 11:30, 23:30, halv tolv, klokka, klokka halv tolv
ğŸŒ’ mÃ¥ne, mÃ¥nefase, ny, veksande, veksande nymÃ¥ne
ğŸŒ“ fÃ¸rste kvarter, halvmÃ¥ne, mÃ¥ne, mÃ¥nefase, ny, veksande halvmÃ¥ne
ğŸŒ” mÃ¥ne, mÃ¥nefase, ny, veksande fullmÃ¥ne
ğŸŒ• full, fullmÃ¥ne, heil mÃ¥ne, mÃ¥ne
ğŸŒ– avtakande fullmÃ¥ne, mÃ¥ne, mÃ¥nefase, ne
ğŸŒ— avtakande halvmÃ¥ne, halvmÃ¥ne, mÃ¥ne, mÃ¥nefase, ne, siste kvarter
ğŸŒ˜ avtakande, avtakande nemÃ¥ne, mÃ¥ne, mÃ¥nefase, ne
ğŸŒš andlet, mÃ¥ne, nymÃ¥ne, nymÃ¥ne med andlet, nymÃ¥neandlet
ğŸŒ› kvartmÃ¥ne med andlet, mÃ¥neandlet, nymÃ¥ne med andlet
ğŸŒœ kvartmÃ¥ne med andlet, mÃ¥neandlet, nemÃ¥ne med andlet
ğŸŒ¡ temperatur, termometer, vÃªr
â˜€ lys, lyst, sol, solfylt, strÃ¥lar, vÃªr, verdsrommet
ğŸŒ andlet, fullmÃ¥ne, fullmÃ¥ne med andlet, fullmÃ¥neandlet, mÃ¥ne, mÃ¥ne med andlet
ğŸŒ andlet, lys, sol, solandlet
ğŸª planet med ringar, saturn
ğŸŒŸ glitrande, lysande stjerne, skinande, stjerne
ğŸŒ  fallande stjerne, fell, stjerne, stjerneskot
ğŸŒŒ galakse, mjÃ¸lkevegen, verdsrommet
â˜ sky, vÃªr
â›ˆ regn, sky, sky med lyn og regn, torevÃªr, vÃªr
ğŸŒ¤ sky, sol, sol bak lita sky, vÃªr
ğŸŒ¥ sky, sol, sol bak stor sky, vÃªr
ğŸŒ¦ regn, sky, sol, sol bak sky med regn, vÃªr
ğŸŒ§ regn, sky, sky med regn, vÃªr
ğŸŒ¨ kaldt, sky, sky med snÃ¸, vÃªr
ğŸŒ© lyn, sky, sky med lyn, vÃªr
ğŸŒª sky, tornado, vÃªr
ğŸŒ« sky, tÃ¥ke, vÃŠr
ğŸŒ¬ blÃ¥se, fjes, sky, vÃªr, vind, vindandlet
ğŸŒˆ regn, regnboge, vÃªr
ğŸŒ‚ lukka paraply, regn, regnvÃŠr
â˜‚ klede, paraply, regn, vÃªr
â˜” drope, klede, paraply, paraply med regndropar, regn, vÃŠr
â›± paraply, parasoll pÃ¥ bakken, regn, sol, vÃŠr
âš¡ fare, hÃ¸g, hÃ¸gspenning, hÃ¸gspent, lyn, spenning
â„ kaldt, snÃ¸, snÃ¸fnugg, vÃªr
â˜ƒ kaldt, snÃ¸, snÃ¸mann, vÃªr
â›„ snÃ¸, snÃ¸mann utan snÃ¸
â˜„ komet, verdsrommet
ğŸ”¥ eld, flamme
ğŸ’§ drope, drypp, teikneserie, vatn
ğŸŒŠ bÃ¸lgje, hav, vatn
ğŸƒ graskar, graskarlykt, Halloween, halloweenlykt
ğŸ„ hÃ¸gtid, jul, julefeiring, juletre, tre
ğŸ‡ feiring, fyrverkeri, nyttÃ¥r, stjerneskot pÃ¥ pinne
ğŸ§¨ dynamitt, eksplosiv, fyrverkeri, kinaputt
âœ¨ glitrande, skinande, stjerner
ğŸ feiring, furudekorasjon, japansk hÃ¸gtid, nyttÃ¥r
ğŸ festival, japansk hÃ¸gtid, japanske dokker
ğŸ feiring, japansk hÃ¸gtid, karpe, koinobori, papirfisk
ğŸ bjÃ¸lle, draumefangar, feiring, vind, vindspel
ğŸ‘ feiring, hÃ¸gtid, mÃ¥ne, mÃ¥nefeiring, mÃ¥nekikkingsseremoni, mÃ¥neseremoni
ğŸ§§ flaks, gÃ¥ve, hell og lykke, hong bao, lai see, pengar, raud konvolutt
ğŸ€ band, gÃ¥veband, slÃ¸yfe
ğŸ bursdag, feiring, gÃ¥ve, innpakka, julegÃ¥ve, presang
ğŸ— band, feiring, minne, minneslÃ¸yfe, pÃ¥minning
ğŸŸ billett, inngang, inngangsbillettar, tilgang
ğŸ« billett, inngang, tilgang, underhaldning
ğŸ€ ball, basketball, korg, sport
ğŸ ball, kamp, spel, volleyball
ğŸ³ bowling, bowlingkule, kule, spel
ğŸ¸ badminton, birdle, fjÃ¸rball, kamp, racket
ğŸ¥‹ drakt, judo, kampkunst, kampsport, kampsportdrakt, karate, sjÃ¸lvforsvar, taekwondo
â›³ golf, golfflagg, golfhol, hol
ğŸ£ fisk, fiskestong, fisking, fritid, natur
ğŸ¤¿ dykkar, dykkarmaske, dykking, froskemann, snorkling
ğŸ¿ ski, ski og stavar, snÃ¸, stavar, vintersport
ğŸ¯ blink, dart, mÃ¥l, midt i blinken, pilspel, treff
ğŸª€ jojo, leike, opp og ned
ğŸª fly, papirdrake, sveve
ğŸ± 8, Ã¥ttarkule, Ã¥tte, biljard, spel
ğŸ”® krystallkule, spÃ¥dom, spÃ¥domar
ğŸ§¿ amulett, charm, nazar, talisman, vondt auge
ğŸ® konsoll, kontrollar, spel, spelkonsoll, spelkontrollar, videospel
ğŸ•¹ joystick, spel, styrespak, styrespake, videospel
ğŸ° spel, speleautomat
ğŸ² spel, terning, terningskast, terningspel
ğŸ§© bit, brikke, del, peikepinn, puslespel, puslespelbrikke
ğŸ§¸ bamse, leike, teddybjÃ¸rn
ğŸª† dokke, hol, matrjosjka, matruska, russisk, russland
â™  farge, kort, spar, spel
â™¥ farge, hjarter, kort, spel
â™¦ diamant, farge, kort, ruter, spel
â™£ farge, klÃ¸ver, kort, spel
ğŸƒ joker, jokerkort, kort, spelkort
ğŸ€„ mahjong, mahjongbrikke med raud drake, raud, spel
ğŸ´ kort, kortspel, spelkort
ğŸ­ kunst, scenekunst, teater, teatermasker, underhaldning
ğŸ–¼ bilete, innramma bilete, kunst, mÃ¥leri, museum, ramme
ğŸ¨ kunst, mÃ¥larpalett, mÃ¥ling
ğŸª¡ broderi, skreddar, sting, sutur, sy, synÃ¥l
ğŸª¢ knop, knute, knyte, reip, samanfletta, tau, tvinne
ğŸ‘“ briller, klede, lesebriller
ğŸ•¶ auge, briller, mÃ¸rkt, solbriller
ğŸ¥½ augevern, sveising, symjing, vernebriller
ğŸ¥¼ dokter, eksperiment, forskar, labfrakk, lege
ğŸ¦º naudsituasjon, refleks, refleksvest, tryggleik, vest
ğŸ‘” klede, slips
ğŸ‘• klede, skjorte, t-skjorte
ğŸ‘– bukser, jeans, klede
ğŸ§£ hals, klede, skjerf
ğŸ§¤ hand, hanskar, klede
ğŸ§¥ frakk, jakke, kÃ¥pe, klede
ğŸ§¦ klede, labbar, sokkar, strÃ¸mper
ğŸ‘— kjole, klede
ğŸ‘˜ kimono, kjole, klede
ğŸ¥» kjole, klede, sari
ğŸ‘™ badedrakt, badetÃ¸y, bikini, klede
ğŸ‘š dameklede, klede
ğŸ‘› klede, portemonÃ©, pung
ğŸ‘œ handveske, klede, veske
ğŸ‘ clutch-veske, klede, lita veske
ğŸ› handleposar, hotell, pose, shopping
ğŸ’ ransel, ryggsekk, skulesekk
ğŸ©´ flipflops, flippflopp, flippfloppar, havalanas, sandalar, strandsandalar, zoori
ğŸ‘ herresko, klede, sko
ğŸ‘Ÿ fritidssko, joggesko, klede, sko, tennissko
ğŸ¥¿ flate sko, pumps, utan hÃ¦l
ğŸ‘  hÃ¸ghÃ¦la sko, klede, sko
ğŸ‘¡ dame, damesandal, klede, sandal, sko
ğŸ‘¢ dame, damestÃ¸vlett, damstÃ¸vlett, klede, sko, stÃ¸vlett
ğŸ‘‘ dronning, klede, konge, krone
ğŸ‘’ damehatt, hatt, klede
ğŸ© flosshatt, hatt, klede
ğŸ“ feiring, hatt, klede, studentlue, uteksaminering
ğŸª– hÃ¦r, hjelm, krigar, militÃ¦r, militÃ¦rhjelm, soldat
â›‘ fjes, hatt, hjelm, hjelm med kvit kross, hjelp, kross
ğŸ“¿ bÃ¸n, bÃ¸nekrans, halssmykke, klede, perler, religion
ğŸ’ diamant, edelstein, romantikk, smykkestein
ğŸ”‡ dempa, dempa hÃ¸gtalar, hÃ¸gtalar med strek over, inga prating, stille
ğŸ”ˆ hÃ¸gtalar med lÃ¥gt volum, lÃ¥g, lyd, ropert
ğŸ”‰ hÃ¸gtalar med middels volum, lyd, middels, ropert
ğŸ”Š hÃ¸g, hÃ¸gtalar med hÃ¸gt volum, lyd, ropert
ğŸ“¢ hÃ¸g, hÃ¸gtalar, kommunikasjon, megafon, ropert
ğŸ”” bjÃ¸lle, klokke, ringing
ğŸ”• bjÃ¸lle med strek over, ingen lyd, klokke, lydlaus, overstreka bjÃ¸lle, stille
ğŸ¼ g-nÃ¸kkel, musikk, noteteikn
ğŸ¶ musikk, musikknotar, notar
ğŸš glidebrytar, musikk, nivÃ¥, skuveknapp
ğŸ› brytarar, knottar, kontroll, kontrollbrytarar, musikk
ğŸ¤ karaoke, mik, mikrofon, musikk, underhaldning
ğŸ§ headset, hovudtelefonar, Ã¸yretelefonar, underhaldning
ğŸ“» radio, radiosignal, teknologi
ğŸª— accordeon, concertina, trekkspel
ğŸ¹ instrument, keyboard, musikk, musikkinstrument, piano, tangentar
ğŸ“² mobiltelefon, mobiltelefon med pil, oppkall, oppringing, pil, ring, telefon
â˜ fasttelefon, ringje, telefon
ğŸ“ kommunikasjon, telefon, telefonrÃ¸yr
ğŸ“Ÿ kommunikasjon, personsÃ¸kjar, telefon
ğŸ”‹ batteri, energilagring, straum
ğŸ’» berbar datamaskin, datamaskin, maskin, PC
ğŸ–¨ datamaskin, printer, skrivar
ğŸ§® abakus, kuleramme, rekning
ğŸ¥ film, filmkamera, kamera, kino, underhaldning
ğŸ bilete, film, filmruter, kino, ruter
ğŸ“½ film, filmframvisar, kino, projektor, video
ğŸ¬ action, film, filming, filmklappar, klappar, underhaldning
ğŸ” forstÃ¸rring, forstÃ¸rringsglas mot venstre, glas, lupe, sÃ¸k
ğŸ” forstÃ¸rring, forstÃ¸rringsglas mot hÃ¸gre, glas, lupe, sÃ¸k
ğŸ’¡ elektrisitet, idÃ©, lys, lyspÃ¦re, pÃ¦re, teikneserie
ğŸ® bar, izakaya, lampe, lanterne, lykt, raud, raud papirlykt
ğŸª” diya, lampe, olje, open oljelampe
ğŸ“• bok, lukka
ğŸ“– bok, open
ğŸ“— bok, grÃ¸n
ğŸ“ƒ ark, opprulla, side, side med bÃ¸y
ğŸ“° avis, nyhende, publikasjon
ğŸ— avis, nyhende, opprulla, papir, samanrulla avis
ğŸ“‘ bokmerke, bokmerkefane, faner, markÃ¸r, merke
ğŸ’° dollar, pengar, pengesekk, sekk
ğŸª™ gull, metall, mynt, pengar, skatt, sÃ¸lv
ğŸ’´ pengar, setel, yen, yensetel
ğŸ’µ dollar, dollarsetel, pengar, setel
ğŸ’¶ euro, eurosetel, pengar, setel
ğŸ’· pengar, pund, pundsetel, setel
ğŸ’¸ bank, flygande setel, pengar, pengar med vinger, setel
ğŸ§¾ arkiv, bilag, dokumentasjon, kvittering, rekneskap
ğŸ’¹ graf, marknad, oppover, pengar, stigande, stigande diagram med yen, trend, yen
ğŸ“¨ brev, e-post, epost, fÃ¥, innkomande, konvolutt
ğŸ“© brev, e-post, epost, konvolutt, konvolutt med pil, sende, sendt, utgÃ¥ande
ğŸ“¥ brev, e-post, fÃ¥tt, innboks, kommunikasjon, motteke, skuff
ğŸ“« flagg, lukka postkasse med flagget oppe, post
ğŸ“ª flagg, lukka postkasse med flagget nede, post
ğŸ“¬ flagg, open postkasse med flagget oppe, post
ğŸ“­ flagg, open postkasse med flagget nede, post
ğŸ—³ boks, rÃ¸ystesetel, stemmesetel, urne med rÃ¸ystesetel
ğŸ–Œ mÃ¥ling, pensel
ğŸ– fargestift, teikning
ğŸ“‚ arkimappe, fil, filmappe, mappe, open, open arkivmappe
ğŸ—‚ faner, indeks, kort, skiljarar, skiljekort
ğŸ“ˆ chart, diagram som peikar oppover, graf, opp, positiv, stigande
ğŸ“‰ chart, diagram som peikar nedover, fallande, graf, ned, negativ, synkande
ğŸ–‡ binders, kjede, samanlenka binders
ğŸ—‘ boskorg, papirkorg, sÃ¸ppelkasse, sÃ¸ppelkorg
ğŸ”“ hengjelÃ¥s, lÃ¥s, open, ulÃ¥st
ğŸ— gamal, gamaldags nÃ¸kkel, lÃ¥s, leietrÃ¥d, nÃ¸kkel
ğŸ”¨ hammar, verktÃ¸y
ğŸª“ dele, hogge, klÃ¸yve, Ã¸ks, ved
âš’ hakke, hammar, hammar og hakke, verktÃ¸y
ğŸ›  hammar, hammar og fastnÃ¸kkel, skiftenÃ¸kkel, verktÃ¸y
ğŸ”« pistol, revolver, vÃ¥pen, vasspistol
ğŸ¹ boge, bogeskyttar, pil, pil og boge, Skyttaren, stjernebilete, stjerneteikn, vÃ¥pen
ğŸªš handsag, sag, snikkar, tÃ¸mrar, tre, verktÃ¸y
ğŸª› skrue, skrujern, skrutrekkjar, verktÃ¸y
âš– balanse, likearma skÃ¥lvekt, rettferd, stjerneteiikn, vekt, Vekta, verktÃ¸y
ğŸ¦¯ blind, blindestokk, tilgjenge
ğŸ”— lenkje, link, to ringar
ğŸª boga, fange, krok, lÃ¸fte, lÃ¸ftekrok, salspunkt
ğŸ§² hestesko, magnet, magnetisk, tiltrekking
ğŸ§ª eksperiment, forsking, kjemi, kjemikar, lab, prÃ¸verÃ¸yr, reagensrÃ¸yr
ğŸ§¬ biolog, dna, evolusjon, gen, genetikk, liv
ğŸ”¬ forsking, mikroskop, verktÃ¸y, vitskap
ğŸ”­ astronomi, forsking, teleskop, verktÃ¸y, vitskap
ğŸ’‰ medisin, nÃ¥l, sjuk, sprÃ¸yte, vaksine
ğŸ©¸ bloddrope, blodgjevar, medisin, mens, menstruasjon
ğŸ©º hjarte, lege, medisin, stetoskop
ğŸ›— heis, tilgjenge
ğŸª refleksjon, spegel, spegelbilete
ğŸªŸ frisk luft, gjennomsiktig, opning, ramme, utsikt, vindauge
ğŸª‘ sete, sitje, sitjeplass, stol
ğŸš½ dass, do, toalett, vassklosett, wc
ğŸª  avlÃ¸p, avlÃ¸psopnar, mekanisk, toalett, vask
ğŸš¿ dusj, vatn
ğŸ§´ fuktigheitskrem, lotion, lotionflaske, shampoo, sjampo, solkrem
ğŸ§· bleie, punk, sikkerheitsnÃ¥l
ğŸ§¹ feie, feiekost, heks, reingjere
ğŸ§º jordbruk, klesvask, korg, piknik
ğŸª£ behaldar, bÃ¸tte, kar, spann
ğŸª¥ bad, baderom, bÃ¸rste, dental, hygiene, rein, tannbÃ¸rste, tenner
ğŸ§½ absorberande, porÃ¸s, reingjere, svamp, vaske
ğŸ§¯ brann, brannslÃ¸kkingsapparat, slÃ¸kke, slÃ¸kkje
ğŸš¬ rÃ¸yking, rÃ¸yking tillate, sigarett, skilt
âš° dÃ¸d, gravferd, kiste
ğŸª¦ grav, gravplass, gravstein, kyrkjegard
âš± dÃ¸d, gravferd, kremasjon, urne
ğŸ—¿ andletsstatue, moai, moai-statue, pÃ¥skeÃ¸ya, statue
ğŸ§ automatisk, bank, minibank, minibankskilt, pengar
ğŸš° drikke, drikkevatn, vatn
â™¿ handikaptilgang, rullestol, rullestolbrukar, rullestolsymbol
ğŸš¹ do, herrar, herretoalett, mannesymbol, toalett, wc
ğŸ›„ bagasje, bagasjeband, rulleband
âš  Ã¥tvaring, OBS
ğŸš¸ barn, barn kryssar vegen, kryssar, skilt
â›” einvegskÃ¸yring, ingen tilgang, skilt, stopp, tilgang forbode
ğŸš« forbode, ikkje, nei, skilt, tilgang forbode
ğŸš³ ikkje, ingen syklar, nei, sykkel, sykkel ikkje tillate, syklar forbode
ğŸš­ forbode, ikkje, ikkje tillate, nei, rÃ¸yking, skilt
ğŸš¯ forsÃ¸pling ikkje tillate, ikkje avfall, inga kasting, skilt
ğŸš± ikkje drikkande, ikkje drikkevatn, vatn
ğŸš· fotgjengar, fotgjengarar, fotgjengarar forbode, gÃ¥ande, ikkje, ikkje tillate, nei
ğŸ“µ forbode, ikkje, ikkje tillate, ingen telefonsamtalar, mobil, mobiltelefon, mobiltelefon ikkje tillate, nei, telefon
â˜£ Ã¥tvaring, biologisk fare, farleg biologisk materiale, skilt
â†— nordaust, pil, pil opp-hÃ¸gre, retning
â¡ aust, hÃ¸grepil, pil, pil hÃ¸gre, retning
â†˜ pil, pil ned -hÃ¸gre, pil ned-hÃ¸gre, retning, sÃ¸raust
â†” pil, pil venstre-hÃ¸gre
â†® venstre-/hÃ¸grepil med strek over
â†ª pil, pil som bÃ¸yer mot hÃ¸gre
ğŸ”ƒ last inn pÃ¥ nytt, piler, vertikale piler med klokka
ğŸ”„ mot klokka, piler, piler mot klokka
ğŸ”› ON, ON!-pil, PÃ…, pil, utrop, utropsteikn
ğŸ› religion, religiÃ¸s samlingsstad, tilbeding
â˜¸ buddhist, dharma, dharmahjulet, hjul, religion
âœ kristen, kross, latinsk kross, latisnk kross, religion
â˜¦ kristen ortodoks, kross, ortodoks kross, religion
ğŸ”¯ magi, sekskanta, sekstagga stjerne med prikk, stjerne
â™ˆ stjerneteikn, vÃªr, VÃªren
â™‰ okse, stjerneteikn, tyr, Tyren
â™Š stjerneteikn, Tvillingane, tvillingar
â™‹ krabbe, kreps, Krepsen, stjerneteikn
â™Œ LÃ¸va, lÃ¸ve, stjerneteikn
â™ Jomfrua, stjerneteikn
â™ rettferd, stjerneteikn, vekt, Vekta
â™ skorpion, Skorpionen, stjerneteikn
â™ bogeskyttar, Skyttaren, stjerneteikn
â™‘ geit, Steinbukken, stjerneteikn
â™’ stjerneteikn, Vassmannen, vatn
â™“ fisk, Fiskane, stjerneteikn
â› berar, slange, Slangeberaren, stjerneteikn
ğŸ”€ bland spor-symbol, kryssa piler mot hÃ¸gre, piler
ğŸ” gjenta-knapp, med klokka, piler
ğŸ”‚ 1 gong, Ã©in gong, gjenta eitt spor-knapp, med klokka, piler
â–¶ avspelingsknapp, hÃ¸gre, pil, trekant
â© dobbel pil, hÃ¸gre, spol framover-knapp, spoling
â¯ hÃ¸gre, pause, pil, spel av, spel av / pause-knapp, trekant
â® fÃ¸rre scene, fÃ¸rre spor-knapp, pil, trekant
âº innspeling, sirkel, spel inn-knapp, ta opp
â eject, knapp, lÃ¸yse ut, mat ut-knapp, mate ut
ğŸ¦ film, filmkamera, kamera, kino, underhaldning
ğŸ”… lÃ¥g, lite lys-knapp, lysstsyrke
ğŸ”† hÃ¸g, lysstyrke, mykje lys-knapp
ğŸ“¶ antenne, mobil, mobilsignal, signal, signalstyrke, telefon
âœ– avbryt, gongeteikn, multiplikasjon, multiplisere
â• forteikn, matte, pluss, plussteikn, positivt
â– -, â€“, forteikn, matte, minus, minusteikn, negativt
â— Ã·, dele, deleteikn, delilng, divisjon, divisjonsteikn
â™¾ for alltid, grenselaus, uendeleg, universal, universell
â€¼ !, !!, bangbang, dobbelt utropsteikn, teikn, teiknsetjing, utropsteikn
â‰ !, !?, ?, spÃ¸rsmÃ¥l, spÃ¸rsmÃ¥lsteikn, teikn, teiknsetjing, utrop, utropsteikn, utropsteikn og spÃ¸rsmÃ¥lsteikn
â“ ?, raudt spÃ¸rsmÃ¥lsteikn, spÃ¸rsmÃ¥l, spÃ¸rsmÃ¥lsteikn
â” ?, kvitt spÃ¸rsmÃ¥lsteikn, spÃ¸rsmÃ¥l
â• !, kvitt utropsteikn, utrop
â— !, raudt utropsteikn, teikn, teiknsetjing, utrop, utropsteikn
ã€° bÃ¸lgja bindestrek, bÃ¸lgje, bÃ¸lgjestrek, teikn for lang lyd
ğŸ’± bank, pengar, valuta, valutaveksling, veksling
ğŸ’² dollar, dollarteikn, pengar, stort dollarteikn
ğŸ”± anker, emblem, treeining, trefork, treforkemblem, tridentsymbol
ğŸ“› namn, namneskilt, skilt
ğŸ”° grÃ¸n og gul, grÃ¸nt og gult blad, japansk, japansk teikn for nybyrjar, nybyrjar
â­• o, raud, sirkel, stor, tjukk
â˜‘ âœ“, avkryssa boks, boks, boks med hakemerke, hakemerke
âŒ Ã—, kryss, raudt kryss, x, X
â° lÃ¸kke, lÃ¸kketeikn
â¿ dobbel lÃ¸kke, dobbel lÃ¸kke-teikn
âœ³ *, asterisk, asterisk med Ã¥tte spissar, stjerne
âœ´ *, Ã¥ttetagga stjerne, stjerne
ğŸ”  ABCD, bokstavar, inndata, store bokstavar
ğŸ”¡ abcd, bokstavar, inndata, smÃ¥ bokstavar
ğŸ”¢ 1234, inndata, numeriske data, tal
ğŸ”£ ã€’â™ª&amp;%, inndata, symbol
ğŸ”¤ ABC, bokstavar, inndata, latinsk, latinsk alfabet
ğŸ†• new, NEW-knapp, new-symbol, ny, nyhende
ğŸ†– ikkje bra, NG, NG-knapp, NG-symbol, no good
ğŸˆ· Â«mÃ¥nadleg belÃ¸pÂ» pÃ¥ japansk, ideograf, japansk, mÃ¥nadleg belÃ¸p, æœˆ
ğŸˆ¶ Â«ikkje gratisÂ» pÃ¥ japansk, ideograf, ikkje gratis, japansk, æœ‰
ğŸ‰ Â«spesialtilbodÂ» pÃ¥ japansk, ideograf, japansk, spesialtilbod, å¾—
ğŸˆ² Â«forbodeÂ» pÃ¥ japansk, forbode, ideograf, japansk, ç¦
ãŠ™ Â«hemmelegÂ» pÃ¥ japansk, hemmeleg, ideograf, japansk, ç§˜
ğŸˆº Â«open for handelÂ» pÃ¥ japansk, ideograf, japansk, open for handel, å–¶
ğŸ”´ geometrisk, raud, sirkel
ğŸŸ¢ grÃ¸n, sirkel
âšª geometrisk, kvit sirkel, sirkel
ğŸŸ¥ kvadrat, raud, raudt
ğŸŸ© grÃ¸n, grÃ¸nt, kvadrat
â¬œ firkant, geometrisk, kvadrat, stor kvit firkant
â–« firkant, geometrisk, kvadrat, liten kvit firkant
ğŸ”º geometrisk, oppover, raud trekant som peikar opp, trekant
ğŸ”» gemoetrisk, nedover, raud trekant som peikar ned, trekant
ğŸ”³ firkant, knapp, kvit firkanta knapp
ğŸ”² firkant, knapp, svart firkanta knapp
ğŸš© golf, posisjon, trekanta, vimpel
ğŸŒ feiring, flagg, kryssa, kryssa japanske flagg
ğŸ³ flagg, flagring, kvitt
ğŸ³â€ğŸŒˆ flagg, regnboge, regnbogeflagg
ğŸ³â€âš§ flagg, kit, lyseblÃ¥, rosa, transperson, transpersonflagg
ğŸ´â€â˜  Kaptein Sabeltann, pirat, plyndre, sjÃ¸rÃ¸varflagg, skatt
Â¥ CNY, japanske yen, JPY, kinesiske yuan, yen
â‚¥ mill, tusendels valutaeining, valuta
â‚½ RUB, rublar, russiske rublar, valuta
Â¹ ein, fÃ¸rste, heva, heva eittal, i fÃ¸rste, opphÃ¸gd
Â² andre, heva, heva total, kvadrat, opphÃ¸gd, to
Â³ heva, heva tretal, i tredje, kubikk, opphÃ¸gd i tredje, tre
Âµ gresk my, liten my, mikro, mikroteikn, milliondel, milliontedels, my
