{ BrÃ¡káº¹t, BrÃ¡káº¹t WÃ© Rizáº¹ÌmbÃºl Gá»l Báº¹d Im Wing, Bres, Gá»Ìlwing, Ká»ÌrlÃ­ BrÃ¡káº¹t, Ká»ÌrlÃ­ Bres, Ã“pÃºn Ká»ÌrlÃ­ BrÃ¡káº¹t
ğŸ» LaÃ­t SkÃ­n Ton, SkÃ­n Ton, Taip 1â€“2
ğŸ¼ MÃ­dÃ­á»Ìm-LaÃ­t SkÃ­n Ton, SkÃ­n Ton, Taip 3
ğŸ½ MÃ­dÃ­á»Ìm SkÃ­n Ton, SkÃ­n Ton, Taip 4
ğŸ¾ MÃ­dÃ­á»Ìm DÃ¡k SkÃ­n Ton, SkÃ­n Ton, Taip 5
ğŸ¿ DÃ¡k SkÃ­n Ton, SkÃ­n Ton, Taip 6
_ Dash, Lain, LÃ³ Dash, LÃ³ Lain, á»Œndadash, á»Œndalain
- Dash, HaÃ­fun, HaÃ­fun-Mainá»s, Ká»má»t, Mainá»s, Rimuv
â€ Dash, HaÃ­fun
â€“ Dash, áº¸Ìn
â€” Dash, áº¸Ìm
â€• Baa, Dash, HorizÃ³ntÃ¡l Baa, Lain
ãƒ» Dá»t-dáº¹m, Dá»ts, Intapá»nkt, KatÃ¡kÃ¡na MÃ­dÃºl Dá»t, MÃ­ddá»t, MÃ­dÃºl Dá»t
, Ká»mÃ¡
ØŒ ArÃ¡bik, ArÃ¡bÃ­k Ká»mÃ¡, Ká»mÃ¡
ã€ IdiogrÃ¡fik, IdiogrÃ¡fÃ­k Ká»mÃ¡, Ká»mÃ¡
; Sáº¹mÃ­-kÃ³lá»n, Sáº¹mÃ­kÃ³lá»n
Ø› ArÃ¡bik, ArÃ¡bÃ­k Sáº¹mÃ­kÃ³lá»n, Sáº¹mÃ­-kÃ³lá»n
: KÃ³lá»n
! Bang, áº¸ksklamÃ©shá»n, áº¸ksklamÃ©shá»n Mak, áº¸ksklamÃ©shá»n Pá»int
Â¡ Bang, áº¸ksklamÃ©shá»n, áº¸ksklamÃ©shá»n Mak, áº¸ksklamÃ©shá»n Pá»int, á»ŒÌpsaÃ­d-daun, á»ŒÌpsaÃ­d-daÃºn áº¸ksklamÃ©shá»n Mak
? Kwáº¹Ìshá»n, Kwáº¹shá»n Mak
Â¿ Kwáº¹Ìshá»n, Kwáº¹Ìshá»n Mak, á»ŒÌpsaÃ­d-daun, á»ŒÌpsaÃ­d-daÃºn Kwáº¹Ìshá»n Mak
ØŸ ArÃ¡bik, ArÃ¡bÃ­k Kwáº¹Ìshá»n Mak, Kwáº¹Ìshá»n, Kwáº¹Ìshá»n Mak
. Dá»t, FÃºl Stá»p, PÃ­riá»d
â€¦ Dá»t-dáº¹m, Dá»ts, áº¸lÃ­psis, OmÃ­shá»n
ã€‚ FÃºl Stá»p, IdiogrÃ¡fÃ­k, PÃ­riá»d
Â· Dá»t, Intapá»nkt, MÃ­ddá»t, MÃ­dul, MÃ­dÃºl Dá»t
' Apá»Ìstrá»Ìfi, Kwot, SÃ­ngÃºl Kwot, TaipraÃ­tÃ¡ Apá»Ìstrá»Ìfi
â€˜ Apá»Ìstrá»Ìfi, Kwot, Láº¹Ìft Apá»Ìstrá»Ìfi, SÃ­ngÃºl Kwot, SmÃ¡t Kwot
â€™ Apá»Ìstrá»Ìfi, Kwot, RaÃ­t Apá»Ìstrá»Ìfi, SÃ­ngÃºl Kwot, SmÃ¡t Kwot
â€š Apá»Ìstrá»Ìfi, Kwot, LÃ³ Kwot, LÃ³ RaÃ­t Apá»Ìstrá»Ìfi
â€œ Dá»ÌbÃºl Kwot, Kwot, KwotÃ©shá»n, Láº¹Ìft KwotÃ©shá»n Mak, SmÃ¡t KwotÃ©shá»n
â€ Dá»ÌbÃºl Kwot, Kwot, KwotÃ©shá»n, RaÃ­t KwotÃ©shá»n Mak, SmÃ¡t KwotÃ©shá»n
â€ Dá»ÌbÃºl Kwot, Kwot, KwotÃ©shá»n, LÃ³ RaÃ­t KwotÃ©shá»n Mak, SmÃ¡t KwotÃ©shá»n LÃ³ KwotÃ©shá»n
Â« Ãngul, BrÃ¡káº¹t-dáº¹m, GÃ­lmáº¹Ìt Mak WÃ© De Pá»Ã­nt Láº¹ft, KÃ¡ráº¹t-dáº¹m, Kwot, Láº¹ft, Sháº¹Ìvrá»n
Â» Ãngul, BrÃ¡káº¹t-dáº¹m, GÃ­lmáº¹Ìt Mak WÃ© De Pá»Ã­nt Rait, KÃ¡ráº¹t-dáº¹m, Kwot, Rait, Sháº¹Ìvrá»n
) BrÃ¡káº¹t, KlÃ³z BrÃ¡káº¹t, Paráº¹Ìn, Paráº¹Ìns, Paráº¹Ìntáº¹sis, RaÃºnd BrÃ¡káº¹t
[ BrÃ¡káº¹t, KrÃ³cháº¹t, Ã“pÃºn SkweÃ¡ BrÃ¡káº¹t, SkweÃ¡ BrÃ¡káº¹t
] BrÃ¡káº¹t, KlÃ³z SkweÃ¡ BrÃ¡káº¹t, KrÃ³cháº¹t, SkweÃ¡ BrÃ¡káº¹t
} BrÃ¡káº¹t, BrÃ¡káº¹t WÃ© Rizáº¹ÌmbÃºl Gá»l Báº¹d Im Wing, Bres, Gá»Ìlwing, KlÃ³z Ká»ÌrlÃ­ BrÃ¡káº¹t, Ká»ÌrlÃ­ BrÃ¡káº¹t, Ká»ÌrlÃ­ Bres
ã€ˆ ÃngÃºl BrÃ¡káº¹t, BrÃ¡káº¹t, DÃ¡yÃ¡má»Ìnd BrÃ¡káº¹t-dáº¹m, Ã“pÃºn ÃngÃºl BrÃ¡káº¹t, Pá»Ã­ntÃ­ BrÃ¡káº¹t, Sháº¹Ìvrá»n, Tá»Ìpul
ã€‰ ÃngÃºl BrÃ¡káº¹t, BrÃ¡káº¹t, DÃ¡yÃ¡má»Ìnd BrÃ¡káº¹t-dáº¹m, KlÃ³z ÃngÃºl BrÃ¡káº¹t, Pá»Ã­ntÃ­ BrÃ¡káº¹t, Sháº¹Ìvrá»n, Tá»Ìpul
ã€Š BrÃ¡káº¹t, Dá»ÌbÃºl ÃngÃºl BrÃ¡káº¹t, Ã“pÃºn Dá»ÌbÃºl ÃngÃºl BrÃ¡káº¹t
ã€‹ BrÃ¡káº¹t, Dá»ÌbÃºl ÃngÃºl BrÃ¡káº¹t, KlÃ³z Dá»ÌbÃºl ÃngÃºl BrÃ¡káº¹t
ã€Œ BrÃ¡káº¹t, Ká»ÌnÃ¡ BrÃ¡káº¹t, Ã“pÃºn Ká»ÌnÃ¡ BrÃ¡káº¹t
ã€ BrÃ¡káº¹t, KlÃ³z Ká»ÌnÃ¡ BrÃ¡káº¹t, Ká»ÌnÃ¡ BrÃ¡káº¹t
ã€ BrÃ¡káº¹t, BrÃ¡káº¹t WÃ© Gáº¹Ìt Hol, Ká»ÌnÃ¡ BrÃ¡káº¹t WÃ© Gáº¹Ìt Ã“pÃºn Hol
ã€ BrÃ¡káº¹t, Ká»ÌnÃ¡ BrÃ¡káº¹t WÃ© Gáº¹Ìt Hol, Ká»ÌnÃ¡ BrÃ¡káº¹t WÃ© Gáº¹Ìt KlÃ³z Hol
ã€ BrÃ¡káº¹t, Láº¹Ìns BrÃ¡káº¹t, Láº¹ntÃ­kÃºlÃ¡ BrÃ¡káº¹t, Ã“pÃºn BlÃ¡k Láº¹Ìns BrÃ¡káº¹t
ã€‘ BrÃ¡káº¹t, KlÃ³z BlÃ¡k Láº¹Ìns BrÃ¡káº¹t, Láº¹Ìns BrÃ¡káº¹t, Láº¹ntÃ­kÃºlÃ¡ BrÃ¡káº¹t
ã€” BrÃ¡káº¹t, Ã“pÃºn Tá»Ìtá»is Sháº¹l BrÃ¡káº¹t, Sháº¹Ìl BrÃ¡káº¹t, Tá»Ìtá»is Sháº¹l BrÃ¡káº¹t
ã€• BrÃ¡káº¹t, KlÃ³z Tá»Ìtá»is Sháº¹l BrÃ¡káº¹t, Sháº¹Ìl BrÃ¡káº¹t, Tá»Ìtá»is Sháº¹l BrÃ¡káº¹t
ã€– BrÃ¡káº¹t, Hol Láº¹ntÃ­kÃºlÃ¡ BrÃ¡káº¹t, Láº¹Ìns BrÃ¡káº¹t WÃ© Gáº¹Ìt Hol, Láº¹Ìns BrÃ¡káº¹t WÃ© Gáº¹Ìt Ã“pÃºn Hol
ã€— BrÃ¡káº¹t, Hol, Láº¹Ìns BrÃ¡káº¹t WÃ© Gáº¹Ìt Hol, Láº¹Ìns BrÃ¡káº¹t WÃ© Gáº¹Ìt KlÃ³z Hol, Láº¹ntÃ­kÃºlÃ¡ BrÃ¡káº¹t
Â§ PÃ¡rÃ¡graf, Pat, Sáº¹Ìkshá»n, SÃ­lkroo
Â¶ AlÃ­nia, NiÃº PÃ¡rÃ¡grÃ¡f Mak, PÃ¡raf, PÃ¡rÃ¡graf, PÃ¡rÃ¡grÃ¡f Mak, PÃ­lkro
@ Ãmpasat, ArÃ³ba, Ãrobez, At Mak, At Sain, Ãt-sain, Ká»mÃ¡shÃ¡l At, StrÃºdáº¹l
* Astáº¹Ìrisk, Sta, WaÃ­ldkad
/ Hit Sá»Ìmbá»Ìdi á» Sá»Ìmtin Váº¹ÌrÃ­ Had, Oblik, Slash, Sá»ÌlÃ­dus, Strok, Váº¹Ìgiul, Wak
\ BÃ¡kslash, Hit Sá»Ìmbá»Ìdi á» Sá»Ìmtin Váº¹ÌrÃ­ Had, Rivas, Sá»ÌlÃ­dus, Wak
& ÃmpÃ¡sand, ÃmpÃ¡sand Na DÃ­s Sain: &amp;, An, áº¸t
# Hash, HÃ¡sh Sain, HÃ¡shtag, lb, Ná»Ìmba, Paund
% Pa Sáº¹nt, Pa-sáº¹nt, Pasáº¹nt, Wá»Ìn Pat Fá» áº¸ÌvrÃ­ Wá»Ìn Há»Ìndráº¹d
â€° Pa Mil, Pa Wá»Ìn TaÃºzan, Pamil, Wá»Ìn Pat Fá» áº¸ÌvrÃ­ Wá»Ìn TaÃºzan
â€  DÃ¡ga, DÃ¡ga Sain, Ã“báº¹lisk, Ã“báº¹Ìlus
â€¡ DÃ¡ga, Dá»ÌbÃºl, Dá»ÌbÃºl DÃ¡ga Sain, Ã“báº¹lisk, Ã“báº¹Ìlus
â€¢ BÃºláº¹t, Dá»t
â€§ Dash, HaÃ­fÃºn, HaÃ­fÃºn-Já»Ã­n Pá»int, Pá»int
â€² Praim
â€³ Dá»ÌbÃºl Praim, Praim
â€´ Praim, TÃ­rÃ­ Praim
â€» Ráº¹Ìfráº¹Ìns Mak
` Ãksáº¹nt, Grev, GrÃ©v Ãksáº¹nt, Ton
Â´ Ãkiut, ÃkiÃºt Ãksáº¹nt, Ãksáº¹nt, Ton
^ Ãksáº¹nt, Hat, Ká»ntrol, Pá»Ã­nta, Sáº¹Ìká»Ìmfláº¹ks, Sháº¹Ìvrá»n, Wáº¹j
Â¨ Dayáº¹Ìráº¹Ìsis, Tráº¹Ìma, Ãšmlaut
Â° Ãwa, Digrii, Pruv
â„— Ká»ÌpÃ­rait, Ká»ÌpÃ­rait Fá» Ráº¹Ìká»ÌdÃ­n Saund, Ráº¹Ìká»Ìdin, Saund
â† Ãro, Ãro WÃ© De Pá»Ã­nt Láº¹ft, Láº¹ft
â†’ Ãro, Ãro WÃ© De Pá»Ã­nt Rait, Rait
â†‘ Ãro, Ãro WÃ© De Pá»Ã­nt á»Œp, á»Œp
â†“ Ãro, Ãro WÃ© De Pá»Ã­nt Daun, Daun
â‡… Ãro, Ãro WÃ© De Pá»Ã­nt á»Œp An Ãro WÃ© De Pá»Ã­nt Daun, Daun, á»Œp, Pá»Ã­nt á»ŒÌp Ãro An Pá»Ã­nt DaÃºn Ãro
â‡† Ãro, Ãro WÃ© De Pá»Ã­nt Láº¹ft á»Œn Tá»Ìp Ãro WÃ© De Pá»Ã­nt Rait, Ãro WÃ© De Pá»Ã­nt Láº¹ft á»Œn Tá»Ìp RaÃ­t Aro, Láº¹ft, Rait
âˆ† ÃnkrÃ­máº¹nt, TrÃ¡yÃ¡ngul
âˆ‡ NÃ¡bla, TrÃ¡yÃ¡ngul
âˆˆ áº¸Ìláº¹Ìmáº¹nt, áº¸Ìláº¹Ìmáº¹Ìnt á»Œf, Ká»nten, Máº¹ÌmbÃ¡ship, Sáº¹t
+ Ad, Plá»s, Plá»Ìs Sain
Â± Plá»s-MaÃ­ná»s
Ã· Divaid, DivaÃ­d Sain, DivÃ­shá»n, DivÃ­shá»Ìn Sain, á»Œbáº¹Ìlus
Ã— Má»ltiplai, Má»ltiplai Sain, Taims
< Ã“pÃºn Tag, Smá»Ìl-pas, Tag
= Ãkwá»l, Ãkwá»Ìls To
â‰  Ná»Ì DÃ© Ãkwá»l, Ná»Ì DÃ© Ãkwá»Ìls To
> BÃ­g-pas, KlÃ³z Tag, Tag
Â¬ áº¸zÃ¡ktlÃ­ Ã“pÃ³zit, áº¸zÃ¡ktlÃ­ Ã“pÃ³zit á»Œf Sá»Ìmtin, Ná»t
| Baa, Lain, Lain WÃ© Dáº¹m Drá»Ì Frá»m á»ŒÌp To Bá»tá»m, Sháº¹ÌfÃ¡ Strok, Stik, Strok, WaÃ­d Lain, WaÃ­d Lain WÃ© Dáº¹m Drá»Ì Frá»m á»ŒÌp To Bá»tá»m
~ TÃ­ldáº¹
âˆ’ Ká»má»t, MaÃ­ná»s, MaÃ­ná»Ìs Sain, Rimuv
â» MaÃ­ná»s, Supaskript, SupaskrÃ­pt MaÃ­ná»s
âˆš RÃ¡dÃ­kal, RÃ©diks, Rut, Skwea, SkweÃ¡ Rut, Sá»á»d
âˆ InfÃ­nÃ­ti, InfÃ­nÃ­ti Sain
âˆ© Intasáº¹Ìkshá»n, Sáº¹t
âˆª Ká»láº¹Ìkshá»n, Sáº¹t, YÃºniá»n
â‰ˆ DÃ© NiÃ¡lÃ­ Ãkwá»l, DÃ© NiÃ¡lÃ­ Ãkwá»Ìls To, NiÃ¡li, á»ŒÌlmost
â‰¡ Di Sem As, áº¸Ìzakt, áº¸ÌzÃ¡ktli, TrÃ­ Taims
â‰¤ Ãkwá»l, Ãkwá»Ìls To, Ná»Ì DÃ© Ãkwá»l, Smá»Ìl-pas, Smá»Ìl-pas á»Œ Ãkwá»l
â‰¥ BÃ­g-pas, BÃ­g-pas á»Œ Ãkwá»l, Ãkwá»l, Ãkwá»Ìls To, Ná»Ì DÃ© Ãkwá»l
âŠ‚ Sáº¹t, Sá»bsáº¹t, Sá»bsáº¹Ìt á»Œf
â–² Ãro, BlÃ¡k TrÃ¡yÃ¡ngul WÃ© De Pá»Ã­nt á»Œp, TrÃ¡yÃ¡ngul
â–¼ Ãro, BlÃ¡k TrÃ¡yÃ¡ngul WÃ© De Pá»Ã­nt Daun, TrÃ¡yÃ¡ngul
â—Š DÃ¡yÃ¡má»nd, Lá»Ìzinj, Lá»ÌzÃ­nj SÃ­mbul, Rá»Ìmbus
â—‹ Ring, Sáº¹kul, Sáº¹Ìkul WÃ© Gáº¹Ìt Hol
â— BlÃ¡k Smá»Ìl Sáº¹Ìkul, Sáº¹Ìkul
â—¯ BÃ­g Sáº¹Ìkul WÃ© Gáº¹Ìt Hol, Ring, Sáº¹kul
â™ª áº¸t, áº¸Ìt Not, MiÃºzik, Not
â™­ Báº¹mÃ³láº¹, Flat, MiÃºzik, Not
â™¯ DÃ¡Ã­sis, Diáº¹z, MiÃºzik, Not, Shap
ğŸ˜€ Fes, Laf, LÃ¡fÃ­n Fes
ğŸ˜ƒ Fes, Laf, LÃ¡fÃ­n Fes WÃ© Gáº¹Ìt BÃ­g Ai-dáº¹m, Maut, Ã“pun
ğŸ˜„ Ai, FÃ©s, Laf, LÃ¡fÃ­n FÃ©s Wit ShaÃ­nÃ­n Ai, LÃ¡fÃ­n FÃ©s Wit ShaÃ­nÃ­n Ai-dáº¹m, Maut, Ã“pun
ğŸ˜ Ai, BÃ­g Laf, BÃ­g Laf Wit Wait Tit, Fes, HÃ¡pÃ­ Laf
ğŸ˜† Fes, HÃ¡pi, HÃ¡pÃ­ Laf, Laf, LÃ¡fÃ­n Fes Wit KlÃ³z Ai, Maut
ğŸ˜… Fes, HÃ¡pÃ­ Laf, Kold, LÃ¡fÃ­n FÃ©s Wit Swet, LÃ¡fÃ­n Fes With Smá»Ìl Swáº¹t, Ã“pun, Swet
ğŸ¤£ Báº¹Ìnd Háº¹d Wá»Ìn Said De Laf, De RÃ³l Fá» Graun De Laf, Fes, Graun, Laf, Rol
ğŸ˜‚ Fes, Fes Wit HÃ¡pÃ­ Tias Fá» Ai, Fes Wit Laf and Tias Fá» Ai, HÃ¡pi, Laf, Tias
ğŸ™‚ Fes, Fes wÃ© De LÃ¡f Smá»Ìl Laf, HÃ¡pÃ­ Laf, SmaÃ­lÃ­n Fes Wit Jáº¹ÌntÃºl Ai
ğŸ™ƒ Fes, á»ŒÌpsaÃ­d-daÃºn
ğŸ˜‰ Fes, Fes WÃ© KlÃ³z Wá»Ìn Ai, Ã“pÃºn An KlÃ³z Wá»Ìn Ai KwÃ­kkwik
ğŸ˜Š Ai, Fes, Fes WÃ© Shem De Kach, HÃ¡pÃ­ Smail, SmaÃ­lÃ­n Fes Wit ShaÃ­nÃ­n Ai
ğŸ˜‡ Dream, Ã‰njáº¹l, Fes, Páº¹Ìsin Ná»Ì DÃº Bad, RaÃºnd Lait, SmaÃ­lÃ­n Fes With RaÃºnd Lait Fá» Háº¹d
ğŸ¥° Hat-dáº¹m, Lá»Ìv Páº¹Ìsin, Lá»Ìv Páº¹Ìsin Wáº¹Ìl Wáº¹l, Lá»v WÃ© Ná»Ì De LÃ¡st Lá»ng, SmaÃ­lÃ­n Fes Wit Hat-dáº¹m, SmailÃ­n Fes Wit TrÃ­ Hat
ğŸ˜ Ai, Fes, Laf, LafÃ­n Fes Wit Hat-ai-dáº¹m, LafÃ­n Fes Wit Hat-Ai-dáº¹m, Lá»v
ğŸ¤© Ai, Fes, LÃ¡fin, LÃ¡fÃ­n Fes Wit Sta Fá» Ai, Sta
ğŸ˜˜ Fes, Kis, Maut WÃ© De BlÃ³ Kis
ğŸ˜— Fes, Kis, KÃ­sÃ­n Fes
â˜º AÃºsaÃ­d Mak, Fes, Rilaks, Smail, SmaÃ­lÃ­n Fes
ğŸ˜š Ai, Fes, Kis, KÃ­sÃ­n Fes Wit KlÃ³z Ai, Kloz
ğŸ˜™ Ai, Fes, Kis, KÃ­sÃ­n Fes Wit SmaÃ­lÃ­n Ai, Smail
ğŸ¥² HapÃ­, Praud, Smail, SmaÃ­lÃ­n Fes Wit Tias, SmaÃ­lÃ­n Fes Wit Tis Fá» Ai, Sá»Ìmtin WÃ© Tá»Ìch Páº¹Ìsin Fá» Hat, TÃ¡nkio, Tias
ğŸ˜‹ áº¸njá»yÃ­n Di TÃ©st á»Œf Sá»ÌmtÃ­n Laik Fud á»Œ Drink, Fes, Fes WÃ© De áº¸njá»Ã­ Fud, HapÃ­, Smail, Swit
ğŸ˜› Fes, Fes Wit Tá»ng, Tá»ng
ğŸ˜œ Ai, Fes, Jok, Ple, Tá»ng, Wink, WÃ­nkÃ­n Fes Wit Tá»ng
ğŸ¤ª Ai, Big, Fes De MÃ©k Páº¹Ìsin Laf, Fes WÃ© De MÃ©k Páº¹Ìsin Laf, Smá»l, StÃºpid
ğŸ˜ Ai, Fes, Fes KlÃ³z Ai Smá»l De Luk, Fes WÃ© KlÃ³z Ai Smá»l De Luk, Há»ÌrÃ­bul, Test, Tá»ng
ğŸ¤‘ Fes, Maut, MaÃºt Fes, Má»nÃ­, Má»nÃ­-MaÃºt Fes
ğŸ¤— Fes, Hand De Há»Ìl Fes, Há»g, Há»Ìgin, Hol
ğŸ¤­ Fes Wit Hand Fá» Maut, Háº¹áº¹áº¹
ğŸ¤« Fes PÃºt FÃ­nga Fá» Maut De MÃ©k Shhhh, KwÃ¡yáº¹t, Shhhh
ğŸ¤” De Tink, Fes, Fes De Tink
ğŸ¤ Fes, Maut, Zip, ZÃ­p-Maut Fes
ğŸ¤¨ AÃ­brau, Fes, Fes WÃ© RÃ©z á»ŒÌp AÃ­brau, Gáº¹Ìt TÃº Maind, NÃ³ Trá»st
ğŸ˜ A Dá»n KiÃ¡ Fes, Fes, Fes WÃ© Ná»Ì De Laf, Plen, PlÃ©n Fes
ğŸ˜‘ áº¸ÌmptÃ­ Fes, Fes, Fes Ná»Ì ShÃ³ áº¸ÌnÃ­tin WÃ© De HÃ¡pÃºn To Am
ğŸ˜¶ Fes, Fes WÃ© Ná»Ì Gáº¹Ìt Maut, KwÃ¡yáº¹t, Maut, SaÃ­láº¹nt
ğŸ˜¶â€ğŸŒ« Ká»nfÃºshá»n HÃ³l Páº¹Ìsin, Páº¹Ìsin De SÃ­ PÃ­pul Fes Fá» Klaud, PÃ©sÃ­n Maind Ná»Ì DÃ© Dia, Yu De TÃ­nk Sá»Ìmtin Bá»t Yá» Maind De DÃº Aná»ÌdÃ¡ Tin
ğŸ˜ Báº¹n Báº¹Ìn Smail, Fes, Fes Wit Báº¹n Báº¹Ìn Smail
ğŸ˜’ Fes, Fes WÃ© Ná»Ì DÃ© HapÃ­, Ná»Ì HapÃ­, SkwÃ­z Fes
ğŸ™„ Ai-dáº¹m, Fes, Fes De Tá»Ìn Im Ai-dáº¹m, To Tá»n Tá»Ìn Yá» Ai-dem, To Tá»Ìn Yá» Ai-dáº¹m
ğŸ˜¬ Fes, á»ŒÌglÃ­ Fes WÃ© Sá»Ìmtin De Pen, To SkÃ­z Yá» Fes
ğŸ˜®â€ğŸ’¨ BrÃ­t Ea Ká»má»t, Fes WÃ© De BrÃ­t Ea Ká»má»t, Gasp, Gron, To FÃ­l HÃ¡pi, Tá»Ìk Sá»Ìfli Fá» Páº¹Ìsin MÃ©k Ã“nlÃ­ Am Hia, WÃ­spa, WÃ­sul
ğŸ¤¥ Fes, Lai, lai LaÃ­ Fes, Lai-laÃ­ Fes, PinÃ³kio
ğŸ˜Œ Fes, Fes WÃ© RilÃ¡ks Wáº¹Ìl, To FÃ­l HapÃ­
ğŸ˜” Fes, Fes WÃ© DÃ© TÃ­nk DÃ­p Dip, Ná»Ì DÃ© HapÃ­ An Dá»Ìn LÃºz Hop
ğŸ˜ª Fes, Fes WÃ© Slip De Kach, Slip
ğŸ¤¤ Fes, Fes WÃ© SalaÃ­va De Ká»má»Ìt Fá» Maut, SalaÃ­va De Ká»má»Ìt Fá» Maut
ğŸ˜´ Fes, Fes WÃ© De Slip, Slip, Zzz
ğŸ˜· Dá»Ìktá», Fes WÃ© WÃ­a Máº¹ÌdÃ­kÃ¡l Mask, Kold, Mask, Sik, SÃ­knáº¹s
ğŸ¤’ Fes, Fes Wit TamÃ³máº¹Ìta, Ná»Ì Wáº¹l, Sik, TamÃ³máº¹Ìta
ğŸ¤• BÃ¡ndej, Fes, FÃ©s Wit BÃ¡ndej Fá» Háº¹d, Pen, Wund
ğŸ¤¢ Fes, Vá»mit, WÃ¡n, WÃ©
ğŸ¤® Fes WÃ© De Vá»mit, Sik, Vá»mit
ğŸ¤§ Bláº¹Ìs Yu, Fes, Fes WÃ© De Sniz, Sniz
ğŸ¥µ Fá» FÃ­va To HÃ³l Yu, HÃ­t Strok, Há»t, Há»Ìt Fes, Ráº¹Ìd Fes, Swáº¹t
ğŸ¥¶ BlÃº Fes, Fes WÃ© Kold De Kach, Kold, Lá»Ìng Lá»Ìng AÃ­z Blá»k, TuÃº Má»Ìch Kold, TuÃº Má»Ìch Kold DÃ¡mÃ©j Páº¹Ìsin Bá»dÃ­
ğŸ¥´ DÃ­zi, DÃ­zÃ­ Fes, Fes WÃ© Dá»Ìn Chak, Páº¹Ìsin WÃ© Ai De Tá»Ìn, Páº¹Ìsin WÃ© Dá»Ìn Buz, Páº¹Ìsin WÃ© Drink De KÃ¡ch, ZÃ­g ZÃ¡g Maut
ğŸ˜µ Dai, Fent, Fes, Fes WÃ© WÃ¡n Fent
ğŸ˜µâ€ğŸ’« DÃ­zi, DÃº Páº¹Ìsin JujÃº, Fes WÃ© Ai De Tá»Ìn RaÃºnd An Raund, Háº¹áº¹, Sá»Ìmtin De Tá»Ìn RaÃºnd An Raund, WahÃ¡la
ğŸ¤¯ BÃ­g HÃ¡pÃ­ Sá»praiz, Háº¹d WÃ© WÃ¡n SkÃ¡ta, Shá»k
ğŸ¤  Fes, Hat, KaÃºbá»i, KaÃºbá»i HÃ¡t Fes, KaÃºgáº¹l
ğŸ¥³ Fes WÃ© DÃ© Fá» PatÃ­, Há»n, Kap, PatÃ­, Sáº¹lÃ­brÃ©shá»n
ğŸ¥¸ ChÃ©nj HaÃº Yu Bi, Fes, Fes WÃ© Dáº¹m ChÃ©nj HaÃº I BÃ¬, Fes WÃ© Dáº¹m De Haid, GlÃ¡sis, NÃ³z, To MÃ©k PÃ­pul Ná»Ì NÃ³ HÃº Yu BÃ¬
ğŸ˜ Kul, ShaÃ­nÃ­n Wáº¹Ìl Wáº¹l, SmaÃ­lÃ­n Fes WÃ© WiÃ¡ Sá»Ìnshed, Sá»n, Sá»Ìnshed
ğŸ¤“ BÃºkÃºrÃº Páº¹Ìsin Fes, Fes, Táº¹ÌkÃ­nÃ­kÃ¡l áº¸Ìspat, Táº¹ÌkÃ­nÃ­kÃ¡l áº¸Ìspat Fes
ğŸ§ Fes Wit Wá»Ìn Ai AÃ­glas, Ã“ld-FÃ¡shá»n WÃ¨
ğŸ˜• A Dá»n KiÃ¡ Fes, Fes, Fes WÃ© Ná»Ì NÃ³ WÃ©tÃ­n I Go Du, Ká»nfiuz
ğŸ˜Ÿ Fes, Fes WÃ© Sá»Ìmtin De Wá»Ìri, Wá»Ìri
ğŸ™ Fes, Fes WÃ© De FraÃºn Smá»Ìl Smá»l, Fraun
â˜¹ Fes, Fes WÃ© De Fraun, Fraun
ğŸ˜® Fes, Fes WÃ© Gáº¹t Ã“pÃºn Maut, Maut, Ã“pÃºn, PÃ­ti
ğŸ˜¯ Fes, Fes WÃ© DÃ© KwÃ¡yáº¹t, KwÃ¡yáº¹t, Shá»k, Sá»praiz, Sá»praiz Wáº¹Ìl Wáº¹l
ğŸ˜² Fes, Fes WÃ© Sá»praiz FÃºl Am, Ká»mplit, Shá»k, Sá»praiz Wáº¹Ìl Wáº¹l
ğŸ˜³ Fes, Ráº¹Ìd Fes, Shá»k
ğŸ¥º Abáº¹g, Fes WÃ© De Báº¹Ìg Fá» Sá»Ìmtin, PÃ­ti, Smá»Ìl Dá»g Ai
ğŸ˜¦ Fes, Fes WÃ© De FraÃºn Wit Ã“pÃºn Maut, Fraun, Maut, Ã“pun
ğŸ˜§ Fes, Fes WÃ© Sá»Ìmtin De PÃ©n Wáº¹Ìl Wáº¹l, Fá» Sá»Ìmtin To PÃ©n Páº¹Ìsin Wáº¹Ìl Wáº¹l
ğŸ˜¨ Fes, Fes WÃ© Fia De Kach, Fia, Fá» Fia To KÃ¡ch Páº¹Ìsin, Fá» Sá»Ìmtin To MÃ©k Fia KÃ¡ch Páº¹Ìsin
ğŸ˜° Blu, Fes, Fes WÃ© De Swáº¹t An WÃ© Sá»Ìmtin De Wá»Ìri, Kold, Swáº¹t
ğŸ˜¥ DÃ© HapÃ­, Fes, Fes WÃ© Dáº¹m Dá»Ìn Disapá»int, Ná»Ì DÃ© HapÃ­, Ná»Ì DÃ© HapÃ­ Bá»t Dá»Ìn DÃ© HapÃ­
ğŸ˜¢ DÃ© HapÃ­, Fes, Fes WÃ© De Krai, Fes WÃ© Dáº¹m Dá»Ìn Disapá»int, Ná»Ì DÃ© HapÃ­, Ná»Ì DÃ© HapÃ­ Bá»t Dá»Ìn DÃ© HapÃ­
ğŸ˜­ Fes, Fes WÃ© De KraÃ­ LÃ¡ud Laud, Krai, Tias
ğŸ˜± Fes, Fes WÃ© Fia MÃ©k Am ShaÃºt LaÃºd Laud, Fia, ShaÃºt LaÃºd Laud
ğŸ˜– Fes, Fes WÃ© KlÃ³z Ai, Fes WÃ© Ná»Ì SabÃ­ WÃ©tÃ­n I Go Du, Ká»nfiuz, ZÃ­g ZÃ¡g MaÃºt Fes
ğŸ˜£ Fes, Fes WÃ© Ná»Ì De TÃ¡ya, Ká»ntÃ­niÃº To De Trai DÃº Sá»Ìmtin, Ná»Ì De TÃ¡yÃ¡ To De Trai DÃº Sá»Ìmtin
ğŸ˜ Disapá»int, Fes, Fes WÃ© Dáº¹m Dá»Ìn Disapá»int
ğŸ˜“ Fes, Fes WÃ© De Swáº¹t An Ná»Ì DÃ© HapÃ­ SÃ¡m SÃ¡m, Kold, Swáº¹t
ğŸ˜© Fes, Fes WÃ© Dá»Ìn TÃ¡yÃ¡ Wáº¹Ìl Wáº¹l, TÃ¡ya, TÃ¡yÃ¡ Wáº¹Ìl Wáº¹l
ğŸ˜« Fes, Fes WÃ© Dá»Ìn TÃ¡ya, TÃ¡ya
ğŸ¥± Dá»Ìn TÃ¡yÃ¡ To DÃº Sá»Ìmtin, Fes WÃ© De Yá»n, TÃ¡ya, Yá»n
ğŸ˜¤ Fes, Fes WÃ© Smok De Ká»má»Ìt Fá» Im Noz, VÃ­ktri, Win
ğŸ˜¡ BÃ­g Váº¹ks WÃ© DÃ© HÃ¡d To Ká»ntrol, Fes, Fes WÃ© De Váº¹Ìks BÃ¡d Bad, To Váº¹Ìks BÃ¡d Bad, Váº¹ks
ğŸ˜  Fes, Fes WÃ© De Váº¹ks, Fes WÃ© De Váº¹Ìks, To Váº¹Ìks BÃ¡d Bad
ğŸ¤¬ Fes Wit Sain Fá» Maut, Swia
ğŸ˜ˆ DÃ©drim, FÃ©rÃ­ TorÃ­, Fes, Há»n-dáº¹m, Smail, SmaÃ­lÃ­n Fes Wit TÃº Há»n, TorÃ­ Abaut SpÃ­rit-dáº¹m WÃ© Rizáº¹ÌmbÃºl TaÃ­nÃ­ HÃºmÃ¡nbin
ğŸ‘¿ BÃ¡d SpÃ­rit, DÃ©drim, Dáº¹Ìvul, DÃ­má»n, Fes WÃ© De Váº¹ks An Gáº¹t TÃº Há»n, ÃvÃºl SpÃ­rit
ğŸ’€ BÃ­g BÃ¡d AnÃ­mal WÃ© De MÃ©k Páº¹Ìsin KÃ¡ch Fia, Bon BÃ³n PÃ¡t á»Œf Háº¹d, Bon BÃ³n PÃ¡t á»Œf Páº¹Ìsin Háº¹d, Dai, Fes, Má»Ìnsta, Ská»l, TorÃ­ Abaut SpÃ­rit-dáº¹m WÃ© Rizáº¹ÌmbÃºl TaÃ­nÃ­ HÃºmÃ¡nbin
â˜  BÃ­g BÃ¡d AnÃ­mal WÃ© De MÃ©k Páº¹Ìsin KÃ¡ch Fia, Bon BÃ³n PÃ¡t á»Œf Háº¹d Wit TÃº Krá»Ìs Bon-dáº¹m, Bon BÃ³n PÃ¡t á»Œf Páº¹Ìsin Háº¹d Wit TÃº Krá»Ìs Bon-dáº¹m, Dai, Fes, Krá»Ìs Bon-dáº¹m, Ská»l, Ská»l And Krá»Ìsbon-dáº¹m
ğŸ’© BÃ­g BÃ¡d AnÃ­mal WÃ© De MÃ©k Páº¹Ìsin KÃ¡ch Fia, BÃ­g Shit, Fes, Latrin, Má»Ìnsta, Shit, ToÃ­láº¹t
ğŸ¤¡ Fes, Klaun, Klaun Im Fes
ğŸ‘¹ BÃ­g BÃ¡d AnÃ­mal WÃ© De MÃ©k Páº¹Ìsin KÃ¡ch Fia, DÃ©drim, FÃ©rÃ­ TorÃ­, Fes, KrÃ­chá», á»ŒÌglÃ­ WÃ­káº¹Ìd Fes, TorÃ­ Abaut SpÃ­rit-dáº¹m WÃ© Rizáº¹ÌmbÃºl TaÃ­nÃ­ HÃºmÃ¡nbin
ğŸ‘º DÃ©drim, Fes, Gá»Ìblin, KrÃ­chá», Má»Ìnsta, TorÃ­ Abaut SpÃ­rit-dáº¹m WÃ© Rizáº¹ÌmbÃºl TaÃ­nÃ­ HÃºmÃ¡nbin, WÃ­káº¹Ìd BÃ¡d SpÃ­rit
ğŸ‘» DÃ©drim, Fes, Gost, KrÃ­chá», TorÃ­ Abaut Sá»Ìmtin WÃ© Rizáº¹ÌmbÃºl Smá»Ìl HÃºmÃ¡nbin An WÃ© Gáº¹Ìt MÃ¡jÃ­k PÃ¡wa, WÃ­káº¹Ìd BÃ¡d SpÃ­rit
ğŸ‘½ DÃ©drim, Ã‰liáº¹n, Fes, KrÃ­chá», KrÃ­chá» Frá»m Aná»ÌdÃ¡ Wá»ld, UFO
ğŸ‘¾ BÃ­g BÃ¡d AnÃ­mal WÃ© De MÃ©k Páº¹Ìsin KÃ¡ch Fia, Ã‰liáº¹n, Fes, KrÃ­chá», KrÃ­chá» Frá»m Aná»ÌdÃ¡ Wá»ld, UFO, WÃ­káº¹Ìd KrÃ­chá» Frá»m Aná»ÌdÃ¡ Wá»ld
ğŸ¤– BÃ­g BÃ¡d AnÃ­mal WÃ© De MÃ©k Páº¹Ìsin KÃ¡ch Fia, Fes, Mashin WÃ© Rizáº¹ÌmbÃºl HÃºmÃ¡nbin, Rá»Ìbá»t
ğŸ˜º Fes, Kat, Kat WÃ© De Laf, Laf, Maut, Ã“pun, Smail
ğŸ˜¸ Ai, Fes, Kat, Laf, LÃ¡fÃ­n Kat Wit SmaÃ­lÃ­n Ai, Smail
ğŸ˜¹ Fes, HapÃ­, Kat, LÃ¡fÃ­n Kat Wit Tias Fá» Im Ai, Tias
ğŸ˜» Ai, Fes, Hat, Kat, LÃ¡fÃ­n Kat Wit HÃ¡t Fá» Im Ai, Lá»v, Smail
ğŸ˜¼ Fes, Kat, Kat Wit KrÃºkáº¹Ìd Smail Fá» Fes, KrÃºkáº¹d, Smail
ğŸ˜½ Ai, Fes, Kat, Kis, KÃ­sÃ­n Kat
ğŸ™€ Fes, Kat, Kat WÃ© Dá»Ìn TÃ¡ya, O-oo, Sá»praiz, TÃ¡ya
ğŸ˜¿ Fes, Kat, Kat WÃ© De Krai, Krai, Ná»Ì DÃ© HapÃ­, Tias
ğŸ˜¾ Fes, Kat, Kat WÃ© De Krai, Kat WÃ© Ná»Ì DÃ© HapÃ­, Krai, Ná»Ì DÃ© HapÃ­, Tias
ğŸ™ˆ BÃ¡d Tin, Fes, Fá»bid, Má»nkÃ­, Má»nkÃ­ WÃ© Ná»Ì WÃ¡n SÃ­ BÃ¡d Tin, Si
ğŸ™‰ BÃ¡d Tin, Fes, Fá»bid, Hia, Má»nkÃ­, Má»nkÃ­ WÃ© Ná»Ì WÃ¡n HiÃ¡ BÃ¡d Tin
ğŸ™Š BÃ¡d Tin, Fes, Fá»bid, Hia, Má»nkÃ­, Má»nkÃ­ WÃ© Ná»Ì WÃ¡n HiÃ¡ BÃ¡d Tin, Má»nkÃ­ WÃ© Ná»Ì WÃ¡n Tá»Ìk BÃ¡d Tin
ğŸ’‹ Kis, Kis Mak, Lips, Lá»v, Maut
ğŸ’Œ Hat, Láº¹Ìta, Lá»v, Lá»Ìv Láº¹Ìta, Mel
ğŸ’˜ Ãro, Hat WÃ© Ãro Dá»Ìn Chuk, KÃºpid
ğŸ’ Hat WÃ© Dáº¹m TaÃ­ RÃ­bá»n, RÃ­bá»n, Valáº¹ÌntaÃ­n DÃ¨
ğŸ’– HapÃ­ Wáº¹Ìl Wáº¹l, Hat WÃ© De ShaÃ­n Brait Wáº¹Ìl Wáº¹l, Hat WÃ© De ShaÃ­n Wáº¹Ìl Wáº¹l Wit Smá»Ìl Smá»Ìl BraÃ­t Lait, ShaÃ­n Wáº¹Ìl Wáº¹l Wit SmÃ¡l Smá»Ìl BraÃ­t Lait, SpÃ¡kul
ğŸ’— Gro, HapÃ­ Wáº¹Ìl Wáº¹l, Hat WÃ© De Gro BÃ­ká»s I DÃ© HapÃ­, HÃ¡tbit
ğŸ’“ BÃ­tin, Hat WÃ© De Bit, HÃ¡tbit
ğŸ’ Hat-dáº¹m WÃ© De Tá»Ìn RaÃºnd An Raund, Tá»Ìn RaÃºnd An Raund
ğŸ’• Lá»v, TÃº Hat
ğŸ’Ÿ Hat, Hat WÃ© Dáº¹m Dáº¹ká»rÃ©t Am, Hat WÃ© Dáº¹m MÃ©k Am MÃ©k I LÃºk Fain
â£ áº¸sklamÃ©shá»n Mak, Hat WÃ© Dáº¹m TÃ©k MÃ©k áº¸sklamÃ©shá»Ìn Mak, Mak, Pá»nchuÃ©shá»n Mak
ğŸ’” Bráº¹k, Dá»Ìn Bráº¹k, Hat WÃ© Dá»Ìn Bráº¹k
â¤â€ğŸ”¥ Bá»n, Hat, Hat WÃ© De Bá»Ìn WÃ­t FÃ¡ya, Lá»v, Páº¹Ìsin To Há»ÌngrÃ­ Wáº¹Ìl Wáº¹l To SlÃ­p Wit Sá»Ìmbá»di Bá»t I NÃ³ Lá»Ìv Di Páº¹Ìsin, SÃ©kráº¹Ìd Hat
â¤â€ğŸ©¹ Páº¹Ìsin Bá»dÃ­ Dá»n De Wáº¹l, Páº¹Ìsin Dá»Ìn De Gáº¹Ìt BÃ¡k Im PÃ¡wa ÃftÃ¡ SÃ­knáº¹s, Páº¹Ìsin Dá»Ìn De Wáº¹Ìl Agen, SÃ­knáº¹s Dá»Ìn De GÃ², To RipiÃ¡ Hat WÃ© Dá»n Bráº¹k, Wáº¹l
â¤ Hat, Ráº¹Ìd Hat
ğŸ§¡ á»ŒÌrenj, á»ŒÌrenj Ká»Ìlá» Hat, á»ŒÌrÃ©nj Ká»Ìlá» Hat
ğŸ’› Hat, Yáº¹ÌlÃ³ Hat
ğŸ’š Grin, GrÃ­n Hat
ğŸ’™ Blu, BlÃº Hat
ğŸ’œ Pá»Ìpul, Pá»ÌpÃºl Hat, Pá»Ìpul Ká»Ìlá» Hat
ğŸ¤ BraÃºn, Hat
ğŸ–¤ Bad, Blak, BlÃ¡k Hat, WÃ­káº¹d
ğŸ¤ Hat, Wait, WaÃ­t Hat
ğŸ’¯ 100, Ful, Há»Ìndráº¹d, Ská», Ská» WÃ© Bi Wá»Ìn Há»Ìndráº¹Ìd Pá»Ã­nt
ğŸ’¢ Páº¹Ìsin WÃ© De MÃ©k PÃ­pul Laf, Sá»Ìmtin WÃ© De MÃ©k Páº¹Ìsin Laf, To Váº¹Ìks Wáº¹Ìl Wáº¹l, Váº¹ks, Váº¹Ìks Sain
ğŸ’¥ ÃsÃ­dáº¹nt, Jam
ğŸ’« Ai De Tá»n Tá»Ìn Yu An Yu WÃ¡n Fá»l, DÃ­zi, Fent, Sá»Ìmtin WÃ© De MÃ©k Páº¹Ìsin Laf, Sta, Yu FÃ­l Laik áº¸ÌvrÃ­tin De Tá»Ìn RaÃºnd An Raund And Yu WÃ¡n Fá»l
ğŸ’¦ Fá» LÃ­kwid To Fá»Ìl á»Œn Tá»Ìp Sá»Ìmtin, Jok, Ple PlÃ©, Sá»m Drá»Ìp á»Œf Swáº¹t, Sá»Ìmtin WÃ© De MÃ©k Páº¹Ìsin Laf, Swáº¹t
ğŸ’¨ Rá»n, Rá»Ìn KwÃ­k Kwik, Sá»Ìmtin WÃ© De MÃ©k Páº¹Ìsin Laf, To TÃ©k Spid Rá»n
ğŸ•³ Hol
ğŸ’£ Bá»mb, Jok, PlÃ¨ PlÃ©
ğŸ’¬ BlonblÃ³, Bá»Ìbul, Jok, Máº¹ÌsÃ©j BlonblÃ³ PÃ­kchá», Ple PlÃ©, Sá»Ìmtin WÃ© De MÃ©k Páº¹Ìsin Laf, To Tá»k Tá»Ìk WÃ­t PÃ­pul, Tá»k
ğŸ‘â€ğŸ—¨ Ai, Ai Fá» Ãnsaid Máº¹ÌsÃ©j BlonblÃ³ PÃ­kchá», Máº¹Ìsej, Tá»k, WÃ­tnáº¹s
ğŸ—¨ Láº¹Ìft HÃ¡nd SaÃ­d Máº¹ÌsÃ©j BlonblÃ³ PÃ­kchá», To Tá»Ìk WÃ­t PÃ­pul, Tá»k
ğŸ—¯ BÃ­g Váº¹ks, BlonblÃ³, Bá»Ìbul, RaÃ­t HÃ¡nd SaÃ­d Váº¹ks BlonblÃ³ PÃ­kchá», Váº¹ks
ğŸ’­ BlonblÃ³, BlonblÃ³ PÃ­kchá» Abaut TÃ­nkin, Bá»Ìbul, Jok, PlÃ¨, Sá»Ìmtin WÃ© De MÃ©k Páº¹Ìsin Laf, Tink
ğŸ’¤ Slip, Zzz
ğŸ‘‹ BaibaÃ­, Hand, Hand WÃ© De Wev, Wev
ğŸ¤š Hand Im Bak, Hand Im Bak WÃ© Dáº¹m RÃ©z á»Œp, Rez
ğŸ– FÃ­nga, Hand, Hand WÃ© Dáº¹m Spráº¹Ìd Di FÃ­nga-dáº¹m, Spráº¹d
âœ‹ Hand, Hand WÃ© Dáº¹m RÃ©z á»Œp
ğŸ–– FÃ­nga, Hand, Salut, Spá»k, Vá»Ìlkan, Vá»ÌlkÃ¡n Salut
ğŸ‘Œ Hand, OK
ğŸ¤Œ FÃ­nga-dáº¹m, HÃ¡nd Sain, Kwáº¹Ìshá»n PÃ­nch, PÃ­nch FÃ­nga, WÃ©tÃ­n Yu Tá»k Bi Ã“pÃ³zÃ­t á»Œf WÃ©tÃ­n Yu Min
ğŸ¤ Hand WÃ© De Pinch, Smá»Ìl Amaunt
âœŒ Hand, V, VÃ­ktri
ğŸ¤ FÃ­nga, Hand, Krá»s, Krá»Ìs FÃ­nga-dáº¹m, Lá»k
ğŸ¤Ÿ A Lá»Ìv Yu, A Lá»Ìv Yu Sain, A Lá»Ìv YÃº Sain, ALY, Hand
ğŸ¤˜ FÃ­nga, Hand, Há»n Sain, Há»Ìn Sain, Há»n-dáº¹m, Rá»Ìk-á»Ìn Sain
ğŸ¤™ Hand, Ká»l, MÃ©k Yu FÃ³n MÃ­ Hand
ğŸ‘ˆ Bakhand, BakhÃ¡nd NiÃ¡-Tá»Ìmb-FÃ­nga De Pá»Ã­nt Láº¹ft, FÃ­nga, Hand, Láº¹ft, NiÃ¡-Tá»Ìmb-FÃ­nga, Pá»int
ğŸ‘‰ Bakhand, BakhÃ¡nd NiÃ¡-Tá»Ìmb-FÃ­nga De Pá»Ã­nt Rait, FÃ­nga, Hand, NiÃ¡-Tá»Ìmb-FÃ­nga, Pá»int
ğŸ‘† Bakhand, BakhÃ¡nd NiÃ¡-Tá»Ìmb-FÃ­nga De Pá»Ã­nt á»Œp, FÃ­nga, Hand, á»Œp, Pá»int
ğŸ–• FÃ­nga, Hand, MÃ­dÃºl FÃ­nga
ğŸ‘‡ Bakhand, BakhÃ¡nd NiÃ¡-Tá»Ìmb-FÃ­nga De Pá»Ã­nt Daun, Daun, FÃ­nga, Hand, Pá»int
â˜ FÃ­nga, Hand, NiÃ¡-Tá»Ìmb-FÃ­nga, NiÃ¡-Tá»Ìmb-FÃ­nga De Pá»Ã­nt á»Œp, á»Œp, Pá»int
ğŸ‘ +1, Hand, á»Œp, á»ŒÌp Yu, Tá»mb De Pá»Ã­nt á»Œp, Tá»Ìmb á»Œp, Tá»Ìmbs á»Œp
ğŸ‘ -1, Daun, Hand, Tá»mb, Tá»Ìmb Daun, Tá»Ìmbs Daun
âœŠ Blo, Hand, Klozd, KlÃ³zd Hand, Práº¹Ìs TaÃ­t Tait, RÃ©z KlÃ³zd Hand á»Œp, SkwÃ­z TaÃ­t Tait
ğŸ‘Š Hand, KlÃ³zd Hand, KlÃ³zd Hand WÃ¡n GÃ­v Páº¹Ìsin Blo, Práº¹Ìs TaÃ­t Tait, SkwÃ­z TaÃ­t Tait
ğŸ¤› KlÃ³s Hand WÃ© De FÃ©s Láº¹ft, KlÃ³zd Hand, KlÃ³zd Hand WÃ© De FÃ©s Láº¹ft, Láº¹Ìft Said
ğŸ¤œ KlÃ³s Hand WÃ© De FÃ©s Rait, KlÃ³zd Hand, KlÃ³zd Hand WÃ© De FÃ©s Rait, RaÃ­t Said
ğŸ‘ Hand, Hand-dáº¹m WÃ© De Klap, Klap
ğŸ™Œ Hand-dáº¹m WÃ© Dáº¹m RÃ©z á»Œp, KlÃ³zd Hand, KlÃ³zd Hand WÃ© De FÃ©s Rait, RaÃ­t Said
ğŸ‘ Hand, Ã“pun, Ã“pÃºn Hand-dáº¹m
ğŸ¤² Ã“pÃºn Hand-dáº¹m WÃ© DÃ© Togáº¹Ìda, PrÃ©ya
ğŸ¤ AgrÃ­máº¹nt, Hand, HÃ¡ndshek, MÃ­tin, Shek
ğŸ™ Abáº¹g, Aks, Hand, Hand-dáº¹m WÃ© Dáº¹m Fold, PrÃ¨, TÃ¡nk-io
âœ Hand, Hand WÃ© De RaÃ­t Sá»Ìmtin, Rait
ğŸ’… Kia, Ká»smáº¹Ìtiks, Nel, NÃ©l Pá»Ìlish, To LÃºk ÃftÃ¡ Yá» Nel an Hand
ğŸ¤³ Fon, KÃ¡máº¹Ìra, Sáº¹Ìlfi
ğŸ’ª báº¹nd, HÃ¡nd Má»Ìzul, HÃ¡nd Má»Ìzul WÃ© Báº¹nd, Má»Ìzul, Sá»Ìmtin WÃ© De MÃ©k Páº¹Ìsin Laf
ğŸ¦¾ AtÃ­fÃ­shÃ¡l Hand, AtÃ­fÃ­shÃ¡l PÃ¡t á»Œf Páº¹Ìsin Bá»dÃ­, ÃzÃ­ To Yuz
ğŸ¦¿ AtÃ­fÃ­shÃ¡l Láº¹g, AtÃ­fÃ­shÃ¡l PÃ¡t á»Œf Páº¹Ìsin Bá»dÃ­, ÃzÃ­ To Yuz
ğŸ¦µ Kik, Láº¹g
ğŸ¦¶ Daunláº¹g, Kik
ğŸ‘‚ Bá»dÃ­ Pat, Hia, Ia
ğŸ¦» IÃ¡ Háº¹Ìláº¹p, Ia Wit IÃ¡ Háº¹Ìláº¹p, Ia Wit Sá»Ìmtin WÃ© De Háº¹Ìláº¹Ìp Páº¹Ìsin MÃ©k I Hia, ÃzÃ­ To Yuz
ğŸ‘ƒ Bá»dÃ­ Pat, Noz
ğŸ§  Bren, Gáº¹Ìt Sáº¹ns, SabÃ­ Buk, Sáº¹ns, Waiz
ğŸ«€ As Páº¹Ìsin Bá»dÃ­ BÃ¬, As Páº¹Ìsin Hat BÃ¬, As Páº¹Ìsin Hat De Bit, Bá»ÌdÃ­ Pat ÃnsaÃ­d Yá» Bá»dÃ­, Hat, HÃ¡tbit
ğŸ« Bá»dÃ­ Pat, Brit, BrÃ­t Aut, BrÃ­t In, Lá»ngs
ğŸ¦· Dáº¹Ìntist, Tit, TÃ­t Dá»Ìktá»
ğŸ¦´ Bon, Skáº¹Ìláº¹Ìtin
ğŸ‘€ Ai, Ai-dáº¹m, Ais, Fes
ğŸ‘ Ai, Bá»dÃ­ Pat
ğŸ‘… Bá»dÃ­ Pat, Tá»ng
ğŸ‘„ Lip, Lips, Maut
ğŸ‘¶ BebÃ­, PÃ­kin WÃ© StÃ­l De Sá»Ìk Bráº¹st, Taata, Yá»ng
ğŸ§’ Smá»Ìl Pikin, Smá»Ìl Pikin WÃ© Dáº¹m NÃ³ Tá»k Wáº¹ÌdÃ¡ Na Man á»Œ WÃºman, Smá»Ìl Pikin WÃ© Ná»Ì Bi Man á»Œ WÃºman, Yá»ng
ğŸ‘¦ Bá»i, Smá»Ìl Bá»i, Yá»ng
ğŸ‘§ Gáº¹l, Smá»Ìl Gáº¹l, Váº¹Ìgo, Yá»ng, ZÃ³diak
ğŸ§‘ Machá»Ì Páº¹Ìsin, Páº¹Ìsin, Páº¹Ìsin WÃ© Dáº¹m NÃ³ Tá»k Wáº¹ÌdÃ¡ Na Man á»Œ WÃºman, Páº¹Ìsin WÃ© Ná»Ì Bi Man á»Œ WÃºman
ğŸ‘± Blá»nd, Páº¹Ìsin WÃ© Gáº¹Ìt Blá»Ìnd Hea, Páº¹Ìsin WÃ© Gáº¹Ìt Blá»Ìnd Hea Hea, Páº¹Ìsin: Blá»Ìnd Hea
ğŸ‘¨ Machá»Ì Páº¹Ìsin, Man
ğŸ§” BiabiÃ¡, Páº¹Ìsin, Páº¹Ìsin WÃ© Gáº¹Ìt BiabiÃ¡
ğŸ§”â€â™‚ BiabiÃ¡, Man, Man WÃ© Gáº¹Ìt BiabiÃ¡
ğŸ‘±â€â™‚ Blá»nd, Hea, Man, Man WÃ© Gáº¹Ìt Blá»Ìnd Hea, Man: Blá»Ìnd Hea
ğŸ‘© Machá»Ì Páº¹Ìsin, WÃºman
ğŸ§”â€â™€ BiabiÃ¡, WÃºman, WÃºman WÃ© Gáº¹Ìt BiabiÃ¡
ğŸ‘±â€â™€ Blá»nd Hea, WÃºman WÃ© Gáº¹Ìt Blá»Ìnd Hea, WÃºman: Blá»Ìnd Hea
ğŸ§“ Machá»Ì Páº¹Ìsin, Old, Páº¹Ìsin WÃ© Dáº¹m NÃ³ Tá»k Wáº¹ÌdÃ¡ Na Man á»Œ WÃºman, Páº¹Ìsin WÃ© Ná»Ì Bi Man á»Œ WÃºman, SÃ­niá»Ì Páº¹Ìsin
ğŸ‘´ Machá»Ì Páº¹Ìsin, Man, Old, Ã“ld Man
ğŸ‘µ Machá»Ì Páº¹Ìsin, Old, Ã“ld WÃºman, WÃºman
ğŸ™ Fraun, Páº¹Ìsin WÃ© De Fraun, Páº¹Ìsin WÃ© SkwÃ­z Fes, Sain, SkwÃ­z Fes
ğŸ™â€â™‚ Man, Man WÃ© De FraÃºn Im Fes, Sain, SkwÃ­z Fes, To Fraun
ğŸ™â€â™€ Sain, SkwÃ­z Fes, To Fraun, WÃºman, WÃºman WÃ© De FraÃºn Im Fes
ğŸ™ Páº¹Ìsin WÃ© De MÃ©k Lá»Ìng Fes, Sain, To MÃ©k Lá»Ìng Fes
ğŸ™â€â™‚ Man, Man WÃ© De MÃ©k Lá»Ìng Fes, Sain, To MÃ©k Lá»Ìng Fes
ğŸ™â€â™€ Sain, To MÃ©k Lá»Ìng Fes, WÃºman, WÃºman WÃ© De MÃ©k Lá»Ìng Fes
ğŸ™… Hand, MÃ©k Yu Ná»Ì DÃº Sá»Ìmtin, NÃ³ Alau, Páº¹Ìsin WÃ© TÃ©k Hand De ShÃ³ SÃ© Na NO I Min, Páº¹Ìsin WÃ© TÃ©k Hand ShÃ³ SÃ© Na NO I Min, Sain, To Fá»bÃ­d Sá»Ìmtin
ğŸ™…â€â™‚ Hand, Man, Man WÃ© TÃ©k Hand De ShÃ³ SÃ© Na NO I Min, Man WÃ© TÃ©k Hand ShÃ³ SÃ© Na NO I Min, MÃ©k Yu Ná»Ì DÃº Sá»Ìmtin, NÃ³ Alau, Sain, To Fá»bÃ­d Sá»Ìmtin
ğŸ™…â€â™€ Hand, MÃ©k Yu Ná»Ì DÃº Sá»Ìmtin, NÃ³ Alau, Sain, To Fá»bÃ­d Sá»Ìmtin, WÃºman, WÃºman Táº¹k Hand De ShÃ³ SÃ© Na NO I Min, WÃºman WÃ© TÃ©k Hand De ShÃ³ SÃ© Na NO I Min
ğŸ™† Hand, OK, Páº¹Ìsin Táº¹k Hand De ShÃ³ SÃ© Na OK I Min, Páº¹Ìsin WÃ© TÃ©k Hand De ShÃ³ SÃ© Na OK I Min, Sain
ğŸ™†â€â™‚ Hand, Man, Man Táº¹k Hand De ShÃ³ SÃ© Na OK I Min, OK, Páº¹Ìsin WÃ© TÃ©k Hand De ShÃ³ SÃ© Na OK I Min, Sain
ğŸ™†â€â™€ Hand, OK, Sain, WÃºman, WÃºman Táº¹k Hand De ShÃ³ SÃ© Na OK I Min, WÃºman WÃ© TÃ©k Hand De ShÃ³ SÃ© Na OK I Min
ğŸ’ Bold, Hand, Háº¹Ìláº¹p, Ãnfá»mÃ©shá»n, Páº¹Ìsin WÃ© De ShÃ³ Im Hand
ğŸ’â€â™‚ Bold, Man, Man De TrÃ³ Im Hand, Man WÃ© De ShÃ³ Im Hand
ğŸ’â€â™€ Hand, HÃ¡pÃ­, Páº¹Ìsin WÃ© De RÃ©z Im Hand á»Œp, Rez, Sain, WÃºman De TrÃ³ Im Hand
ğŸ™‹ Hand, HÃ¡pÃ­, Páº¹Ìsin WÃ© De RÃ©z Im Hand á»Œp, Rez, Sain
ğŸ™‹â€â™‚ Hand, Hand WÃ© Dáº¹m RÃ©z á»Œp, Man WÃ© De RÃ©z Im Hand á»Œp, Sain
ğŸ™‹â€â™€ Hand WÃ© Dáº¹m RÃ©z á»Œp, Sain, WÃºman, WÃºman WÃ© De RÃ©z Im Hand á»Œp
ğŸ§ Hia, Ia, ÃzÃ­ To Yuz, Ná»Ì FÃ­t Hia, Páº¹Ìsin WÃ© Ná»Ì FÃ­t Hia
ğŸ§â€â™‚ Man, Man WÃ© Ná»Ì FÃ­t Hia, Ná»Ì FÃ­t Hia
ğŸ§â€â™€ Ná»Ì FÃ­t Hia, WÃºman, WÃºman WÃ© Ná»Ì FÃ­t Hia
ğŸ™‡ Apá»Ìlá»Ìji, Bau, Páº¹Ìsin WÃ© De BaÃº Daun, Sain, Sá»Ìri, To Tá»Ìk SÃ© Yu DÃ© Sá»Ìri Fá» Rá»Ìng Tin WÃ© Yu Dá»Ìn Du
ğŸ™‡â€â™‚ Apá»Ìlá»Ìji, BaÃº Daun, Háº¹Ìláº¹Ìp Páº¹Ìsin, Man, Man WÃ© De BaÃº Daun, Sain, Sá»Ìri, To Tá»Ìk SÃ© Yu DÃ© Sá»Ìri Fá» Rá»Ìng Tin WÃ© Yu Dá»Ìn Du
ğŸ™‡â€â™€ Apá»Ìlá»Ìji, BaÃº Daun, Háº¹Ìláº¹Ìp Páº¹Ìsin, Sain, Sá»Ìri, To Tá»Ìk SÃ© Yu DÃ© Sá»Ìri Fá» Rá»Ìng Tin WÃ© Yu Dá»Ìn Du, WÃºman, WÃºman WÃ© De BaÃº Daun
ğŸ¤¦ Fes, Hand, Ná»Ì FÃ­t BÃ­lÃ­v Sá»Ìmtin, Páº¹Ìsin WÃ© TÃ©k Wá»Ìn Hand Ká»ÌvÃ¡ Im Fes, Váº¹Ìks Wáº¹Ìl Wáº¹l
ğŸ¤¦â€â™‚ Man, Man WÃ© TÃ©k Wá»Ìn Hand Ká»ÌvÃ¡ Im Fes, Ná»Ì FÃ­t BÃ­lÃ­v Sá»Ìmtin, To TÃ©k Wá»Ìn Hand Ká»ÌvÃ¡ Yá» Fes, Váº¹Ìks Wáº¹Ìl Wáº¹l
ğŸ¤¦â€â™€ Ná»Ì FÃ­t BÃ­lÃ­v Sá»Ìmtin, To TÃ©k Wá»Ìn Hand Ká»ÌvÃ¡ Yá» Fes, Váº¹Ìks Wáº¹Ìl Wáº¹l, WÃºman, WÃºman TÃ©k Wá»Ìn Hand Ká»ÌvÃ¡ Im Fes, WÃºman WÃ© TÃ©k Wá»Ìn Hand Ká»ÌvÃ¡ Im Fes
ğŸ¤· Daut, Ná»Ì KiÃ¡ Abaut Sá»Ìmtin, NÃ³ á»ŒndastÃ¡n Sá»Ìmtin, Páº¹Ìsin WÃ© De Shrá»Ìg Im ShÃ³lda, To Shrá»Ìg Yá» ShÃ³lda, TÃº Maind
ğŸ¤·â€â™‚ Daut, Man WÃ© De Shrá»Ìg Im ShÃ³lda, Ná»Ì KiÃ¡ Abaut Sá»Ìmtin, NÃ³ á»ŒndastÃ¡n Sá»Ìmtin, To Shrá»Ìg Yá» ShÃ³lda, TÃº Maind
ğŸ¤·â€â™€ Daut, Ná»Ì KiÃ¡ Abaut Sá»Ìmtin, NÃ³ á»ŒndastÃ¡n Sá»Ìmtin, To Shrá»Ìg Yá» ShÃ³lda, TÃº Maind, WÃºman, WÃºman WÃ© De Shrá»Ìg Im ShÃ³lda
ğŸ§‘â€âš• Dá»Ìktá», áº¸Ìspat Dá»Ìktá» Fá» SÃ­knáº¹s, Ná»s, To LÃºk ÃftÃ¡ SÃ­k PÃ­pul, Wá»Ìka Fá» WiÃ¡ Dáº¹m De LÃºk ÃftÃ¡ SÃ­k PÃ­pul
ğŸ‘¨â€âš• Dá»Ìktá», áº¸Ìspat Dá»Ìktá» Fá» SÃ­knáº¹s, Man, Man WÃ© De Wá»Ìk WiÃ¡ Dáº¹m De LÃºk ÃftÃ¡ SÃ­k PÃ­pul, Ná»s, To LÃºk ÃftÃ¡ SÃ­k PÃ­pul, Wá»Ìkman Fá» WiÃ¡ Dáº¹m De LÃºk ÃftÃ¡ SÃ­k PÃ­pul
ğŸ‘©â€âš• Dá»Ìktá», áº¸Ìspat Dá»Ìktá» Fá» SÃ­knáº¹s, Ná»s, To LÃºk ÃftÃ¡ SÃ­k PÃ­pul, Wá»ÌkwÃºman Fá» WiÃ¡ Dáº¹m De LÃºk ÃftÃ¡ SÃ­k PÃ­pul, WÃºman, WÃºman WÃ© De LÃºk ÃftÃ¡ SÃ­k PÃ­pul
ğŸ§‘â€ğŸ“ GrÃ¡jÃºet, StÃºdáº¹nt
ğŸ‘¨â€ğŸ“ GrÃ¡jÃºet, Man, MÃ¡n StÃºdáº¹nt, StÃºdáº¹nt
ğŸ‘©â€ğŸ“ GrÃ¡juet, StÃºdáº¹nt, WÃºman, WÃºmÃ¡n StÃºdáº¹nt
ğŸ§‘â€ğŸ« Ãnstrá»Ìktá», Prá»fáº¹Ìsá», TÃ­cha
ğŸ‘¨â€ğŸ« Ãnstrá»Ìktá», Man, MÃ¡n TÃ­cha, Prá»fáº¹Ìsá», TÃ­cha
ğŸ‘©â€ğŸ« Ãnstrá»Ìktá», Prá»fáº¹Ìsá», TÃ­cha, WÃºman, WÃºmÃ¡n TÃ­cha
ğŸ§‘â€âš– Já»j, Skel
ğŸ‘¨â€âš– Já»Ìstis, Man, MÃ¡n Já»j, Skel WÃ© Dáº¹m De TÃ©k Máº¹Ìzhá»Ì Sá»Ìmtin
ğŸ‘©â€âš– Já»j, Skel WÃ© Dáº¹m De TÃ©k Máº¹Ìzhá»Ì Sá»Ìmtin, WÃºman, WÃºmÃ¡n Já»j
ğŸ§‘â€ğŸŒ¾ FÃ¡ma, GÃ¡dÃ­na, Ã“nÃ¡ á»Œf BÃ­g Fam Fá» HÃ³m ÃnÃ­má»l, Páº¹Ìsin WÃ© Gáº¹Ìt BÃ­g Fam WiÃ¡ Dáº¹m De LÃºk ÃftÃ¡ HÃ³m ÃnÃ­má»l
ğŸ‘¨â€ğŸŒ¾ FÃ¡ma, GÃ¡dÃ­na, Man, MÃ¡n FÃ¡ma, Ã“nÃ¡ á»Œf BÃ­g Fam Fá» HÃ³m ÃnÃ­má»l, Páº¹Ìsin WÃ© Gáº¹Ìt BÃ­g Fam WiÃ¡ Dáº¹m De LÃºk ÃftÃ¡ HÃ³m ÃnÃ­má»l
ğŸ‘©â€ğŸŒ¾ FÃ¡ma, GÃ¡dÃ­na, Ã“nÃ¡ á»Œf BÃ­g Fam Fá» HÃ³m ÃnÃ­má»l, Páº¹Ìsin WÃ© Gáº¹Ìt BÃ­g Fam WiÃ¡ Dáº¹m De LÃºk ÃftÃ¡ HÃ³m ÃnÃ­má»l, WÃºman, WÃºmÃ¡n FÃ¡ma
ğŸ§‘â€ğŸ³ Cháº¹f, Kuk
ğŸ‘¨â€ğŸ³ Cháº¹f, áº¸ÌspÃ¡t Kuk, Kuk, Man, MÃ¡n Kuk
ğŸ‘©â€ğŸ³ Cháº¹f, áº¸ÌspÃ¡t Kuk, Kuk, WÃºman, WÃºmÃ¡n Kuk
ğŸ§‘â€ğŸ”§ áº¸láº¹ÌktrÃ­shian, Máº¹kÃ¡nik, Plá»Ìmba HÃ¡ndWá»Ìka
ğŸ‘¨â€ğŸ”§ áº¸láº¹ÌktrÃ­shian, Man, MÃ¡n Máº¹kÃ¡nik, Máº¹kÃ¡nik, Plá»Ìmba HÃ¡ndwá»Ìka
ğŸ‘©â€ğŸ”§ áº¸láº¹ÌktrÃ­shian, Máº¹kÃ¡nik, Plá»Ìmba HÃ¡ndwá»Ìka, WÃºman, WÃºmÃ¡n Máº¹kÃ¡nik
ğŸ§‘â€ğŸ­ Asáº¹ÌmbÃºl FÃ¡ktri, FÃ¡ktri, FÃ¡ktrÃ­ Wá»Ìka, Ãndá»Ìstri, Wá»Ìka
ğŸ‘¨â€ğŸ­ Asáº¹ÌmbÃºl FÃ¡ktri, FÃ¡ktri, Ãndá»Ìstri, Man, MÃ¡n FÃ¡ktrÃ­ Wá»Ìka, Wá»Ìka
ğŸ‘©â€ğŸ­ Asáº¹ÌmbÃºl FÃ¡ktri, FÃ¡ktri, Ãndá»Ìstri, Wá»Ìka, WÃºman, WÃºmÃ¡n FÃ¡ktrÃ­ Wá»Ìka
ğŸ§‘â€ğŸ’¼ ÃkÃ­táº¹kt, BÃ­znáº¹s, MÃ¡nÃ­ja, á»ŒÌfÃ­s Wá»Ìka, To Wá»Ìk Fá» á»ŒÌfis Ãnstáº¹Ìd á»Œf FÃ¡ktri
ğŸ‘¨â€ğŸ’¼ ÃkÃ­táº¹kt, BÃ­znáº¹s, Man, Man á»ŒÌfÃ­s Wá»Ìka, MÃ¡n á»ŒÌfÃ­s Wá»Ìka, MÃ¡nÃ­ja, To Wá»Ìk Fá» á»ŒÌfis Ãnstáº¹Ìd á»Œf FÃ¡ktri
ğŸ‘©â€ğŸ’¼ ÃkÃ­táº¹kt, BÃ­znáº¹s, Man, MÃ¡nÃ­ja, To Wá»Ìk Fá» á»ŒÌfis Ãnstáº¹Ìd á»Œf FÃ¡ktri, WÃºman, WÃºman á»ŒÌfÃ­s Wá»Ìka, WÃºmÃ¡n á»ŒÌfÃ­s Wá»Ìka
ğŸ§‘â€ğŸ”¬ Bayá»Ìlá»ÌgÃ­ áº¸Ìspat, áº¸njinia, FÃ­zÃ­ks áº¸Ìspat, Káº¹ÌmÃ­strÃ­ áº¸Ìspat, SÃ¡yáº¹Ìns áº¸Ìspat
ğŸ‘¨â€ğŸ”¬ Bayá»Ìlá»ÌgÃ­ áº¸Ìspat, áº¸njinia, FÃ­zÃ­ks áº¸Ìspat, Káº¹ÌmÃ­strÃ­ áº¸Ìspat, Man, MÃ¡n SÃ¡yáº¹Ìns áº¸Ìspat, SÃ¡yáº¹Ìns
ğŸ‘©â€ğŸ”¬ Bayá»Ìlá»ÌgÃ­ áº¸Ìspat, áº¸njinia, FÃ­zÃ­ks áº¸Ìspat, Káº¹ÌmÃ­strÃ­ áº¸Ìspat, SÃ¡yáº¹Ìns, WÃºman, WÃºmÃ¡n SÃ¡yáº¹Ìns áº¸Ìspat
ğŸ§‘â€ğŸ’» Páº¹Ìsin WÃ© De MÃ©k Ká»mpÃºtÃ¡ Sá»Ìftwea, Páº¹Ìsin WÃ© De MÃ©k Ká»mpÃºtÃ¡ Sá»ÌftweÃ¡ Tins, Páº¹Ìsin WÃ© De RaÃ­t Kod, Táº¹kná»Ìlá»ÌjÃ­ áº¸Ìspat
ğŸ‘¨â€ğŸ’» Man, MÃ¡n Táº¹kná»Ìlá»ÌjÃ­ áº¸Ìspat, Páº¹Ìsin WÃ© De MÃ©k Ká»mpÃºtÃ¡ Sá»Ìftwea, Páº¹Ìsin WÃ© De MÃ©k Ká»mpÃºtÃ¡ Sá»ÌftweÃ¡ Tins, Páº¹Ìsin WÃ© De RaÃ­t Kod, Táº¹kná»Ìlá»ÌjÃ­ áº¸Ìspat
ğŸ‘©â€ğŸ’» Páº¹Ìsin WÃ© De MÃ©k Ká»mpÃºtÃ¡ Sá»Ìftwea, Páº¹Ìsin WÃ© De MÃ©k Ká»mpÃºtÃ¡ Sá»ÌftweÃ¡ Tins, Páº¹Ìsin WÃ© De RaÃ­t Kod, Táº¹kná»Ìlá»ÌjÃ­ áº¸Ìspat, WÃºman, WÃºman Táº¹kná»Ìlá»ÌjÃ­ áº¸Ìspat
ğŸ§‘â€ğŸ¤ Ãktá», MiÃºzik Sta, Páº¹Ìsin WÃ© De DÃº Tins WÃ© De MÃ©k PÃ­pul Laf An HapÃ­, Rá»Ìk MiÃºzik, SÃ­nga
ğŸ‘¨â€ğŸ¤ Ãktá», Man, MÃ¡n SÃ­nga, MiÃºzik Sta, Páº¹Ìsin WÃ© De DÃº Tins WÃ© De MÃ©k PÃ­pul Laf An HapÃ­, Rá»Ìk MiÃºzik, SÃ­nga
ğŸ‘©â€ğŸ¤ Ãktá», MiÃºzik Sta, Páº¹Ìsin WÃ© De DÃº Tins WÃ© De MÃ©k PÃ­pul Laf An HapÃ­, Rá»Ìk MiÃºzik, SÃ­nga, WÃºman, WÃºmÃ¡n SÃ­nga
ğŸ§‘â€ğŸ¨ Ãtist, WÃºdÃ­n Plet WiÃ¡ Ãtist De MÃ­ks Pent
ğŸ‘¨â€ğŸ¨ Ãtist, Man, MÃ¡n Ãtist, WÃºdÃ­n Plet WiÃ¡ Ãtist De MÃ­ks Pent
ğŸ‘©â€ğŸ¨ Ãtist, WÃºdÃ­n Plet WiÃ¡ Ãtist De MÃ­ks Pent, WÃºman, WÃºmÃ¡n Ãtist
ğŸ§‘â€âœˆ Eroplen, PaÃ­lá»t, Plen
ğŸ‘¨â€âœˆ Eroplen, Man, MÃ¡n PaÃ­lá»t, PaÃ­lá»t, Plen
ğŸ‘©â€âœˆ Eroplen, PaÃ­lá»t, Plen, WÃºman, WÃºmÃ¡n PaÃ­lá»t
ğŸ§‘â€ğŸš€ Ãstrá»Ìná»t, Rá»Ìkáº¹t
ğŸ‘¨â€ğŸš€ Ãstrá»Ìná»t, Man, MÃ¡n Ãstrá»Ìná»t, Rá»Ìkáº¹t
ğŸ‘©â€ğŸš€ Ãstrá»Ìná»t, Rá»Ìkáº¹t, WÃºman, WÃºmÃ¡n Ãstrá»Ìná»t
ğŸ§‘â€ğŸš’ FÃ¡yÃ¡ SÃ¡vÃ­s MÃ³to, FÃ¡yÃ¡faÃ­ta
ğŸ‘¨â€ğŸš’ FÃ¡yÃ¡ SÃ¡vÃ­s MÃ³to, FÃ¡yÃ¡faÃ­ta, Man, MÃ¡n FÃ¡yÃ¡faÃ­ta
ğŸ‘©â€ğŸš’ FÃ¡yÃ¡ SÃ¡vÃ­s MÃ³to, FÃ¡yÃ¡faÃ­ta, WÃºman, WÃºmÃ¡n FÃ¡yÃ¡faÃ­ta
ğŸ‘® Ká»p, á»ŒÌfÃ­sa, Polis, PolÃ­s á»ŒÌfÃ­sa
ğŸ‘®â€â™‚ Ká»p, Man, Man PolÃ­s á»ŒÌfÃ­sa, á»ŒÌfÃ­sa, Polis
ğŸ‘®â€â™€ Ká»p, á»ŒÌfÃ­sa, Polis, WÃºman, WÃºmÃ¡n PolÃ­s á»ŒÌfÃ­sa
ğŸ•µ Ditáº¹Ìktiv, Páº¹Ìsin WÃ© De LÃºk ÃntÃ³ Kraim, Spai
ğŸ•µâ€â™‚ Ditáº¹Ìktiv, Man, MÃ¡n Ditáº¹Ìktiv, Páº¹Ìsin WÃ© De LÃºk ÃntÃ³ Kraim, Spai
ğŸ•µâ€â™€ Ditáº¹Ìktiv, Man, Páº¹Ìsin WÃ© De LÃºk ÃntÃ³ Kraim, Spai, WÃºman, WÃºmÃ¡n Ditáº¹Ìktiv
ğŸ’‚ Gad
ğŸ’‚â€â™‚ Gad, Man, MÃ¡n Gad
ğŸ’‚â€â™€ Gad, WÃºman, WÃºmÃ¡n Gad
ğŸ¥· DÃº Sá»Ìmtin Fá» SÃ­krÃ­t WÃ¨, FaÃ­ta, Haid, NÃ­nja
ğŸ‘· Hat, Ká»nstrá»Ìkshá»Ìn Wá»Ìka, Ká»Ìnstrá»Ìshá»n, Wá»Ìka
ğŸ‘·â€â™‚ Ká»Ìnstrá»Ìshá»n, Man, MÃ¡n Ká»nstrá»Ìkshá»Ìn Wá»Ìka, Wá»Ìka
ğŸ‘·â€â™€ Ká»Ìnstrá»Ìshá»n, Wá»Ìka, WÃºman, WÃºmÃ¡n Ká»nstrá»Ìkshá»Ìn Wá»Ìka
ğŸ¤´ Prins
ğŸ‘¸ DÃ©drim, PrÃ­nsáº¹s, TorÃ­ Abaut SpÃ­rit-dáº¹m WÃ© Rizáº¹ÌmbÃºl TaÃ­nÃ­ HÃºmÃ¡nbin
ğŸ‘³ Háº¹d-Tai, Páº¹Ìsin WÃ© TaÃ­ Háº¹d-Tai Fá» Háº¹d
ğŸ‘³â€â™‚ Háº¹d-Tai, Man, Man WÃ© TaÃ­ Háº¹d-Tai Fá» Háº¹d
ğŸ‘³â€â™€ Háº¹d-Tai, WÃºman, WÃºman WÃ© TaÃ­ Háº¹d-Tai Fá» Háº¹d
ğŸ‘² ChaÃ­nÃ¡ Kap, GuÃ¡ Pi MÃ¡o, Hat, Kap, Páº¹Ìsin, Páº¹Ìsin WÃ© WiÃ¡ Ská»Ìlkap, Ská»Ìlkap
ğŸ§• Háº¹d-Tai, JÃº PÃ­pul Dáº¹m MÃ¡rÃ­d WÃ­máº¹n Háº¹dtai WÃ© Im Nem Na TÃ­kul, MÃºzlÃ­m WÃ­máº¹n Háº¹dtai WÃ© Im Nem Na Hijab, SpÃ¡nÃ­sh WÃ­máº¹n Háº¹dtai WÃ© Im Nem Na MantÃ­la, WÃºman WÃ© TaÃ­ Háº¹dtai
ğŸ¤µ Man WÃ© De MÃ¡rÃ­ Waif Niu, Páº¹Ìsin, Páº¹Ìsin WÃ© WiÃ¡ Tá»ksÃ­do, Tá»ksÃ­do
ğŸ¤µâ€â™‚ Man, Man WÃ© WiÃ¡ Tá»ksÃ­do, Tá»ksÃ­do
ğŸ¤µâ€â™€ Tá»ksÃ­do, WÃºman, WÃºman WÃ© WiÃ¡ Tá»ksÃ­do
ğŸ‘° Braid, MÃ¡rej, Páº¹Ìsin, Páº¹Ìsin WÃ© WiÃ¡ Váº¹l, Váº¹l, Wáº¹Ìdin
ğŸ‘°â€â™‚ Man, Man WÃ© WiÃ¡ Váº¹l, Váº¹l
ğŸ‘°â€â™€ Váº¹l, WÃºman, WÃºman WÃ© WiÃ¡ Váº¹l
ğŸ¤° Báº¹láº¹Ì, Fá» WÃºman To Gáº¹Ìt Báº¹láº¹Ì, WÃºman, WÃºman WÃ© Gáº¹Ìt Báº¹láº¹Ì
ğŸ¤± BebÃ­, Bráº¹st, Fá» WÃºman To GÃ­v Smá»Ìl Pikin Bráº¹st, To GÃ­v Smá»Ìl PÃ­kin Bráº¹st, WÃºman WÃ© De GÃ­v Pikin Bráº¹st
ğŸ‘©â€ğŸ¼ BebÃ­, Fá» WÃºman To GÃ­v Smá»Ìl Pikin Bráº¹st, To GÃ­v Páº¹Ìsin Chá»p, WÃºman, WÃºman WÃ© De GÃ­v Pikin Chá»p
ğŸ‘¨â€ğŸ¼ BebÃ­, Man, Man WÃ© De GÃ­v Pikin Chá»p, To GÃ­v Páº¹Ìsin Chá»p
ğŸ§‘â€ğŸ¼ BebÃ­, Fá» WÃºman To GÃ­v Smá»Ìl Pikin Bráº¹st, Páº¹Ìsin, Páº¹Ìsin WÃ© De GÃ­v Pikin Chá»p, To GÃ­v Páº¹Ìsin Chá»p
ğŸ‘¼ BebÃ­, Báº¹ÌbÃ­ Ã‰njáº¹l, DÃ©drim, Ã‰ngáº¹l, Fes, TorÃ­ Abaut SpÃ­rit-dáº¹m WÃ© Rizáº¹ÌmbÃºl TaÃ­nÃ­ HÃºmÃ¡nbin
ğŸ… FÃ¡da, Klá»z, KrÃ­smas, PapÃ¡, SÃ¡nta, SÃ¡ntÃ¡ Klá»z, Sáº¹librÃ©shá»n
ğŸ¤¶ Klá»z, KrÃ­smas, MamÃ¡, Misis, Má»Ìda, Sáº¹librÃ©shá»n
ğŸ§‘â€ğŸ„ Klá»z, KrÃ­smas, Mx Klá»z
ğŸ¦¸ Báº¹tÃ¡, Gud, HÃ­ro, SupahÃ­ro, SupapÃ¡wa, WÃºmÃ¡n HÃ­ro
ğŸ¦¸â€â™‚ Báº¹tÃ¡, Gud, HÃ­ro, Man, MÃ¡n SupahÃ­ro, SupapÃ¡wa
ğŸ¦¸â€â™€ Báº¹tÃ¡, Gud, HÃ­ro, SupapÃ¡wa, WÃºman, WÃºmÃ¡n HÃ­ro, WÃºman SupahÃ­ro, WÃºmÃ¡n SupahÃ­ro
ğŸ¦¹ Bad, BÃ¡d Páº¹Ìsin, KrÃ­mÃ­nal, Páº¹Ìsin WÃ© BÃ¡d Wáº¹Ìl Wáº¹l, SupapÃ¡wa, WÃ­káº¹d, WÃ­káº¹Ìd KrÃ­mÃ­nal
ğŸ¦¹â€â™‚ Bad, BÃ¡d Páº¹Ìsin, KrÃ­mÃ­nal, Man WÃ© BÃ¡d Wáº¹Ìl Wáº¹l, SupapÃ¡wa, WÃ­káº¹d, WÃ­káº¹Ìd MÃ¡n KrÃ­mÃ­nal
ğŸ¦¹â€â™€ Bad, BÃ¡d Páº¹Ìsin, KrÃ­mÃ­nal, SupapÃ¡wa, WÃ­káº¹d, WÃ­káº¹Ìd WÃºmÃ¡n KrÃ­mÃ­nal, WÃºman, WÃºman WÃ© BÃ¡d Wáº¹Ìl Wáº¹l
ğŸ§™ JujÃº Man, JujÃº WÃºman, MajÃ­kshan, MajÃ­shan, Man WÃ­ch, WÃ­ch
ğŸ§™â€â™‚ JujÃº Man, MÃ¡n MajÃ­kshan, MÃ¡n MajÃ­shan, Man WÃ­ch
ğŸ§™â€â™€ JujÃº WÃºman, WÃºmÃ¡n MajÃ­kshan, WÃºmÃ¡n MajÃ­shan, WÃºmÃ¡n WÃ­ch
ğŸ§š Obáº¹Ìrá»n: KÃ­ng á»Œf SpÃ­rit-dáº¹m WÃ© Rizáº¹ÌmbÃºl TaÃ­nÃ­ HÃºmÃ¡nbin, Pá»k: Wá»Ìn SpÃ­rÃ­t WÃ© de LÃ­v Fá» Ãngland, SpÃ­rit WÃ© Rizáº¹ÌmbÃºl TaÃ­nÃ­ HÃºmÃ¡nbin, TÃ­tÃ¡nia: KwÃ­n á»Œf SpÃ­rit-dem WÃ© Rizáº¹ÌmbÃºl TaÃ­nÃ­ HÃºmÃ¡nbin
ğŸ§šâ€â™‚ BÃ¡d SpÃ­rit WÃ© Rizáº¹ÌmbÃºl Smá»Ìl Man, MÃ¡n SpÃ­rit WÃ© Rizáº¹ÌmbÃºl TaÃ­nÃ­ HÃºmÃ¡nbin, Obáº¹Ìrá»n: KÃ­ng á»Œf SpÃ­rit-dáº¹m WÃ© Rizáº¹ÌmbÃºl TaÃ­nÃ­ HÃºmÃ¡nbin, Pá»k: Wá»Ìn SpÃ­rÃ­t WÃ© de LÃ­v Fá» Ãngland
ğŸ§šâ€â™€ BÃ¡d SpÃ­rit WÃ© Rizáº¹ÌmbÃºl Smá»Ìl WÃºmÃ¡n, TÃ­tÃ¡nia: KwÃ­n á»Œf SpÃ­rit-dem WÃ© Rizáº¹ÌmbÃºl TaÃ­nÃ­ HÃºmÃ¡nbin, WÃºman SpÃ­rit WÃ© Rizáº¹ÌmbÃºl TaÃ­nÃ­ HÃºmÃ¡nbin
ğŸ§› DrakÃºla, VÃ¡mpÃ¡ya, ZombÃ­
ğŸ§›â€â™‚ Dáº¹Ìd Páº¹Ìsin WÃ© De DÃº Laik SÃ© I DÃ© Alaif, DrakÃºla, MÃ¡n VÃ¡mpÃ¡ya
ğŸ§›â€â™€ Dáº¹Ìd Páº¹Ìsin WÃ© De DÃº Laik SÃ© I DÃ© Alaif, WÃºmÃ¡n VÃ¡mpÃ¡ya
ğŸ§œ MamÃ­wá»tÃ¡, MÃ¡n MamÃ­wá»tÃ¡, Páº¹Ìsin WÃ© Bi MamÃ­wá»tÃ¡, WÃºmÃ¡n MamÃ­wá»tÃ¡
ğŸ§œâ€â™‚ MÃ¡n MamÃ­wá»tÃ¡, TrÃ­tá»n: Wá»Ìn BÃ¡d SpÃ­rit WÃ© De LÃ­v Fá» Wá»ta
ğŸ§œâ€â™€ MamÃ­wá»tÃ¡, WÃºmÃ¡n MamÃ­wá»tÃ¡
ğŸ§ BÃ¡d SpÃ­rit, Dáº¹Ìvul, áº¸lf, JujÃº, MÃ¡jik, SÃ©tan
ğŸ§â€â™‚ MÃ¡jik, MÃ¡n áº¸lf
ğŸ§â€â™€ MÃ¡jik, WÃºmÃ¡n áº¸lf
ğŸ§ BÃ¡d SpÃ­rit WÃ© Im Nem Na JÃ­in, BÃ¡d SpÃ­rit WÃ© Im Nem Na JiÃ­nii, JÃ­in, JiÃ­nii
ğŸ§â€â™‚ BÃ¡d SpÃ­rit, JÃ­in, MÃ¡n JiÃ­nii
ğŸ§â€â™€ BÃ¡d SpÃ­rit, JÃ­in, WÃºmÃ¡n JiÃ­nii
ğŸ§Ÿ Dáº¹Ìd Páº¹Ìsin WÃ© De DÃº Laik SÃ© I DÃ© Alaif, Dáº¹Ìd Páº¹Ìsin WÃ© De WakÃ¡, ZombÃ­
ğŸ§Ÿâ€â™‚ Dáº¹Ìd Páº¹Ìsin WÃ© De DÃº Laik SÃ© I DÃ© Alaif, Dáº¹Ìd Páº¹Ìsin WÃ© De WakÃ¡, MÃ¡n ZombÃ­
ğŸ§Ÿâ€â™€ Dáº¹Ìd Páº¹Ìsin WÃ© De DÃº Laik SÃ© I DÃ© Alaif, Dáº¹Ìd Páº¹Ìsin WÃ© De WakÃ¡, WÃºmÃ¡n ZombÃ­
ğŸ’† Fes, Masaj, Páº¹Ìsin WÃ© Dáº¹m De MasÃ¡j Im Bá»dÃ­, Salun
ğŸ’†â€â™‚ Fes, Man, Man WÃ© Dáº¹m De MasÃ¡j Im Bá»dÃ­, Masaj
ğŸ’†â€â™€ Fes, Masaj, WÃºman, WÃºman WÃ© Dáº¹m De MasÃ¡j Im Bá»dÃ­
ğŸ’‡ Bab, BÃ¡ba, BÃ¡bÃ¡ Shá»p, Fain, Páº¹Ìsin WÃ© Dáº¹m De BÃ¡b Im Hea
ğŸ’‡â€â™‚ Bab, Man, Man WÃ© Dáº¹m De BÃ¡b Im Hea
ğŸ’‡â€â™€ Bab, WÃºman, WÃºman WÃ© Dáº¹m De BÃ¡b Im Hea
ğŸš¶ De WakÃ¡, Páº¹Ìsin WÃ© De WakÃ¡, To WakÃ¡, To WakÃ¡ GÃ³ Faa Fá» Bush
ğŸš¶â€â™‚ Man, Man WÃ© De WakÃ¡, To WakÃ¡, To WakÃ¡ GÃ³ Faa Fá» Bush
ğŸš¶â€â™€ To WakÃ¡, To WakÃ¡ GÃ³ Faa Fá» Bush, WÃºman, WÃºman WÃ© De WakÃ¡
ğŸ§ De StÃ¡nd á»Œp, Páº¹ÌsÃ­n WÃ© De StÃ¡nd á»Œp, To StÃ¡nd á»Œp
ğŸ§â€â™‚ De Stand á»Œp, Man, Man WÃ© De StÃ¡nd á»Œp
ğŸ§â€â™€ De Stand á»Œp, WÃºman, WÃºman WÃ© De StÃ¡nd á»Œp
ğŸ§ De NÃ­l Daun, Páº¹Ìsin WÃ© NÃ­l Daun, To NÃ­l Daun
ğŸ§â€â™‚ De NÃ­l Daun, Man, Man WÃ© NÃ­l Daun
ğŸ§â€â™€ De NÃ­l Daun, WÃºman, WÃºman WÃ© NÃ­l Daun
ğŸ§‘â€ğŸ¦¯ Blaind, ÃzÃ­ To Yuz, Páº¹Ìsin Wit WaÃ­t Wá»kÃ­n-Stik
ğŸ‘¨â€ğŸ¦¯ Blaind, ÃzÃ­ To Yuz, Man, Man Wit WaÃ­t Wá»kÃ­n-Stik
ğŸ‘©â€ğŸ¦¯ Blaind, ÃzÃ­ To Yuz, WÃºman, WÃºman Wit WaÃ­t Wá»kÃ­n-Stik
ğŸ§‘â€ğŸ¦¼ ÃzÃ­ To Yuz, Páº¹Ìsin WÃ© DÃ© Fá» WÃ­lchia WÃ© Gáº¹Ìt áº¸Ìnjin, WÃ­lchia
ğŸ‘¨â€ğŸ¦¼ ÃzÃ­ To Yuz, Man, Man WÃ© DÃ© Fá» WÃ­lchia WÃ© Gáº¹Ìt áº¸Ìnjin, WÃ­lchia
ğŸ‘©â€ğŸ¦¼ ÃzÃ­ To Yuz, WÃ­lchia, WÃºman, WÃºman WÃ© DÃ© Fá» WÃ­lchia WÃ© Gáº¹Ìt áº¸Ìnjin
ğŸ§‘â€ğŸ¦½ ÃzÃ­ To Yuz, Páº¹Ìsin WÃ© DÃ© Fá» WÃ­lchia WÃ© Ná»Ì Gáº¹Ìt áº¸Ìnjin, WÃ­lchia
ğŸ‘¨â€ğŸ¦½ ÃzÃ­ To Yuz, Man, Man WÃ© DÃ© Fá» WÃ­lchia WÃ© Ná»Ì Gáº¹Ìt áº¸Ìnjin, WÃ­lchia
ğŸ‘©â€ğŸ¦½ ÃzÃ­ To Yuz, WÃ­lchia, WÃºman, WÃºman WÃ© DÃ© Fá» WÃ­lchia WÃ© Ná»Ì Gáº¹Ìt áº¸Ìnjin
ğŸƒ De Rá»n, MÃ¡rÃ¡tá»n, Páº¹Ìsin WÃ© De Rá»n
ğŸƒâ€â™‚ De Rá»n, De Rá»Ìn Fast, Man, Man WÃ© De Rá»n, MÃ¡rÃ¡tá»n
ğŸƒâ€â™€ De Rá»n, De Rá»Ìn Fast, MÃ¡rÃ¡tá»n, WÃºman, WÃºman WÃ© De Rá»n
ğŸ’ƒ Dans, De Dans, WÃºman, WÃºman WÃ© De Dans
ğŸ•º Dans, De Dans, Man, Man WÃ© De Dans
ğŸ•´ BÃ­znáº¹s, Páº¹Ìsin WÃ© WiÃ¡ SÃºt-An-Sut An De FlÃ³t Fá» Ea, Sut
ğŸ‘¯ DÃ¡nsa, PatÃ­, Páº¹Ìsin WÃ© De Dans, PÃ­pol WÃ© WiÃ¡ Tins WÃ© Rizáº¹ÌmbÃºl RÃ¡bit Ia, PÃ­pul WÃ© De DÃº PatÃ­, PÃ­pul WÃ© WiÃ¡ Tins WÃ© Rizáº¹ÌmbÃºl RÃ¡bit Ia, RÃ¡bit Ia
ğŸ‘¯â€â™‚ DÃ¡nsa, Máº¹n, Máº¹n WÃ© WiÃ¡ RÃ¡bÃ­t IÃ¡ KaÃ­n Tins, Páº¹Ìsin WÃ© De Dans, PÃ­pul WÃ© De DÃº PatÃ­, RÃ¡bit Ia
ğŸ‘¯â€â™€ DÃ¡nsa, Páº¹Ìsin WÃ© De Dans, PÃ­pul WÃ© De DÃº PatÃ­, RÃ¡bit Ia, WÃ­máº¹n, WÃ­máº¹n WÃ© WiÃ¡ RÃ¡bÃ­t IÃ¡ KaÃ­n Tins
ğŸ§– Há»t Wá»tÃ¡ SmÃ³k Rum, Páº¹Ìsin ÃnsaÃ­d Há»t Wá»tÃ¡ SmÃ³k Rum, Páº¹Ìsin WÃ© DÃ© ÃnsaÃ­d Há»t Wá»tÃ¡ SmÃ³k Rum, Sá»Ìna, Stim, Stim Rum
ğŸ§–â€â™‚ Há»t Wá»tÃ¡ SmÃ³k Rum, Man WÃ© DÃ© ÃnsaÃ­d Há»t Wá»tÃ¡ SmÃ³k Rum, Sá»Ìna, Stim Rum
ğŸ§–â€â™€ Há»t Wá»tÃ¡ SmÃ³k Rum, Sá»Ìna, Stim Rum, WÃºman WÃ© DÃ© ÃnsaÃ­d Há»t Wá»tÃ¡ SmÃ³k Rum
ğŸ§— KlaÃ­mba, Páº¹Ìsin WÃ© De Klaimb
ğŸ§—â€â™‚ KlaÃ­mba, Man WÃ© De Klaimb
ğŸ§—â€â™€ KlaÃ­mba, WÃºman WÃ© De Klaimb
ğŸ¤º Páº¹Ìsin WÃ© HÃ³l Sá»d De Ple, Ple, Ple WÃ© PÃ­pul De FaÃ­t Wit Sá»d, Sá»d
ğŸ‡ Há»s, Há»s WÃ© Dáº¹m De TÃ©k Rá»n, Já»Ìkii, Páº¹Ìsin WÃ© De Rá»Ìn Wit Há»s, Rá»n
â›· Páº¹Ìsin WÃ© YÃºz Ski De Rá»Ìn á»Œn Tá»Ìp Sno, Ski, Sno
ğŸ‚ Páº¹Ìsin WÃ© De RaÃ­d WÃºdÃ­n-Bá»d á»Œn Tá»Ìp Sno, Ski, Sno, WÃºdÃ­n-Bá»d To TÃ©k RaÃ­d á»Œn Tá»Ìp Sno
ğŸŒ Bá»l, Gá»lf, Páº¹Ìsin WÃ© De PlÃ© Gá»lf
ğŸŒâ€â™‚ Gá»lf, Man, Man WÃ© De PlÃ© Gá»lf
ğŸŒâ€â™€ Gá»lf, WÃºman, WÃºman WÃ© De PlÃ© Gá»lf
ğŸ„ Páº¹Ìsin WÃ© De RaÃ­d Wá»tÃ¡ Sá»ÌfÃ­n-Bá»d, To RaÃ­d á»Œn Tá»Ìp Wá»tÃ¡ Wit Sá»ÌfÃ­n-Bá»d
ğŸ„â€â™‚ Man, Man WÃ© De RaÃ­d Wá»tÃ¡ Sá»ÌfÃ­n-Bá»d
ğŸ„â€â™€ WÃºman, WÃºman WÃ© De RaÃ­d Wá»tÃ¡ Sá»ÌfÃ­n-Bá»d
ğŸš£ Bot, Bot WÃ© Dáº¹m De YÃºz PÃ¡dul De RÃ³ Am, Páº¹Ìsin WÃ© YÃºz PÃ¡dul De RÃ³ Bot
ğŸš£â€â™‚ Bot, Bot WÃ© Dáº¹m De YÃºz PÃ¡dul De RÃ³ Am, Man, Man WÃ© De RÃ³ Bot, Man WÃ© YÃºz PÃ¡dul De RÃ³ Bot
ğŸš£â€â™€ Bot, Bot WÃ© Dáº¹m De YÃºz PÃ¡dul De RÃ³ Am, WÃºman, WÃºman WÃ© De RÃ³ Bot, WÃºman WÃ© YÃºz PÃ¡dul De RÃ³ Bot
ğŸŠ Páº¹Ìsin WÃ© De Swim, Swim
ğŸŠâ€â™‚ Man, Man WÃ© De Swim, Swim
ğŸŠâ€â™€ Swim, WÃºman, WÃºman WÃ© De Swim
â›¹ Bá»l, Páº¹Ìsin WÃ© De BaÃºns Bá»l Fá» Graun
â›¹â€â™‚ Bá»l, Man, Man WÃ© De BaÃºns Bá»l Fá» Graun
â›¹â€â™€ Bá»l, WÃºman, WÃºman WÃ© De BaÃºns Bá»l Fá» Graun
ğŸ‹ Háº¹ÌvÃ­ Tin, KÃ¡rÃ­ á»ŒÌp Háº¹ÌvÃ­ Tin, Páº¹Ìsin WÃ© De KÃ¡rÃ­ á»ŒÌp Háº¹ÌvÃ­ Tins
ğŸ‹â€â™‚ Man, Man WÃ© De KÃ¡rÃ­ á»ŒÌp Háº¹ÌvÃ­ Tins, Páº¹Ìsin WÃ© De DÃº Di Spá»Ìt á»Œf To KÃ¡rÃ­ á»ŒÌp Háº¹ÌvÃ­ Tins, Páº¹Ìsin WÃ© De KÃ¡rÃ­ á»ŒÌp Háº¹ÌvÃ­ Tins, Wáº¹Ìt LÃ­fta
ğŸ‹â€â™€ Páº¹Ìsin WÃ© De DÃº Di Spá»Ìt á»Œf To KÃ¡rÃ­ á»ŒÌp Háº¹ÌvÃ­ Tins, Wáº¹Ìt LÃ­fta, WÃºman, WÃºman WÃ© De KÃ¡rÃ­ á»ŒÌp Háº¹ÌvÃ­ Tins
ğŸš´ BaÃ­sÃ­kul, Páº¹Ìsin WÃ© De DÃº RaÃ­dÃ­n BaÃ­sÃ­kul Spá»t, Páº¹Ìsin WÃ© De RaÃ­d BaÃ­sÃ­kul, RaÃ­dÃ­n BaÃ­sÃ­kul Spá»t, Saiklist
ğŸš´â€â™‚ BaÃ­sÃ­kul, Man, Man WÃ© De RaÃ­d BaÃ­sÃ­kul, Páº¹Ìsin WÃ© De RaÃ­d BaÃ­sÃ­kul, RaÃ­dÃ­n BaÃ­sÃ­kul Spá»t, Saiklist
ğŸš´â€â™€ BaÃ­sÃ­kul, Man, Páº¹Ìsin WÃ© De RaÃ­d BaÃ­sÃ­kul, RaÃ­dÃ­n BaÃ­sÃ­kul Spá»t, Saiklist, WÃºman WÃ© De RaÃ­d BaÃ­sÃ­kul
ğŸšµ Baik, BaÃ­sÃ­kul, MaÃºntin, MaÃºntÃ­n BaÃ­kin, Páº¹Ìsin WÃ© De RaÃ­d BaÃ­sÃ­kul, Páº¹Ìsin WÃ© De RaÃ­d BaÃ­sÃ­kul Fá» MaÃºntin, Saiklist
ğŸšµâ€â™‚ BaÃ­sÃ­kul, Man, Man WÃ© De RaÃ­d BaÃ­sÃ­kul Fá» MaÃºntin, MaÃºntin, Saiklist
ğŸšµâ€â™€ Baik, BaÃ­sÃ­kul, MaÃºntin, RaÃ­dÃ­n BaÃ­sÃ­kul As Spá»t, Saiklist, WÃºman, WÃºman De RaÃ­d BaÃ­sÃ­kul Fá» MaÃºntin
ğŸ¤¸ JimnÃ¡stik, KÃ¡twil, Páº¹Ìsin WÃ© De DÃº KÃ¡twil
ğŸ¤¸â€â™‚ JimnÃ¡stik, KÃ¡twil, Man, Man WÃ© De DÃº KÃ¡twil
ğŸ¤¸â€â™€ JimnÃ¡stik, KÃ¡twil, WÃºman, WÃºman WÃ© De DÃº KÃ¡twil
ğŸ¤¼ Páº¹Ìsin WÃ© De Ráº¹Ìsul, PÃ­pul WÃ© De Ráº¹Ìsul, Ráº¹Ìsul, Ráº¹ÌsÃºla
ğŸ¤¼â€â™‚ Máº¹n, Máº¹n WÃ© De Ráº¹Ìsul, Ráº¹Ìsul
ğŸ¤¼â€â™€ Ráº¹Ìsul, WÃ­máº¹n, WÃ­máº¹n WÃ© De Ráº¹Ìsul
ğŸ¤½ Páº¹Ìsin WÃ© De PlÃ© Wá»ÌtÃ¡ PolÃ³, PolÃ³, Wá»tÃ¡
ğŸ¤½â€â™‚ Man, Man WÃ© De PlÃ© Wá»ÌtÃ¡ PolÃ³, Wá»ÌtÃ¡ PolÃ³
ğŸ¤½â€â™€ Wá»ÌtÃ¡ PolÃ³, WÃºman, WÃºman WÃ© De PlÃ© Wá»ÌtÃ¡ PolÃ³
ğŸ¤¾ Bá»l, HÃ¡ndbá»l, Páº¹Ìsin WÃ© De PlÃ© HÃ¡ndbá»l
ğŸ¤¾â€â™‚ HÃ¡ndbá»l, Man, Man WÃ© De PlÃ© HÃ¡ndbá»l
ğŸ¤¾â€â™€ HÃ¡ndbá»l, WÃºman, WÃºman WÃ© De PlÃ© HÃ¡ndbá»l
ğŸ¤¹ BÃ¡lans, Já»Ìgul, Páº¹Ìsin WÃ© De Já»ÌgÃºl Bá»l-dáº¹m, To DÃº Pláº¹ÌntÃ­ Tins Fá» Di SÃ©m Taim, To SÃ¡bÃ­ DÃº Sá»Ìmtin Wáº¹l
ğŸ¤¹â€â™‚ Já»ÌgÃºl Tins, Man, Man WÃ© De Já»ÌgÃºl Bá»l-Dáº¹m, To DÃº Pláº¹ÌntÃ­ Tins Fá» Di SÃ©m Taim
ğŸ¤¹â€â™€ Já»ÌgÃºl Tins, To DÃº Pláº¹ÌntÃ­ Tins Fá» Di SÃ©m Taim, WÃºman, WÃºman WÃ© De Já»ÌgÃºl Bá»l-Dáº¹m
ğŸ§˜ Máº¹ditÃ©shá»n, Páº¹Ìsin WÃ© Sidá»Ìn Fá» Graun Fá» LÃ³tÃºs WÃ¨, To TÃ­nk DÃ­p Dip, YÃ³ga
ğŸ§˜â€â™‚ Man WÃ© Sidá»Ìn Fá» Graun Fá» LÃ³tÃºs WÃ¨, Máº¹ditÃ©shá»n, To TÃ­nk DÃ­p Dip, YÃ³ga
ğŸ§˜â€â™€ Máº¹ditÃ©shá»n, To TÃ­nk DÃ­p Dip, WÃºman Sidá»Ìn Fá» Graun Fá» LÃ³tÃºs WÃ¨, WÃºman WÃ© Sidá»Ìn Fá» Graun Fá» LÃ³tÃºs WÃ¨, YÃ³ga
ğŸ›€ Baf, BÃ­g Lá»Ìng BÃ©zin WÃ© Páº¹Ìsin De áº¸ÌntÃ¡ To Baf, Páº¹Ìsin WÃ© De Baf
ğŸ›Œ Há»táº¹l, Páº¹Ìsin WÃ© De Slip, Páº¹Ìsin WÃ© Lai DaÃºn Fá» Báº¹d To Slip, Slip
ğŸ§‘â€ğŸ¤â€ğŸ§‘ De HÃ³l Hand, Hand, Hol, Páº¹Ìsin, PÃ­pul WÃ© HÃ³l Hand, TÃº PÃ­pul
ğŸ‘­ De HÃ³l Hand, Hand, TÃº PÃ­pul, WÃ­máº¹n, WÃ­máº¹n WÃ© HÃ³l Hand
ğŸ‘« De HÃ³l Hand, Hand, Hol, Man, TÃº PÃ­pul, WÃºman, WÃºman An Man WÃ© HÃ³l Hand
ğŸ‘¬ De HÃ³l Hand, Jáº¹ÌmÃ­ni, Man, Man-dáº¹m WÃ© HÃ³l Han, Máº¹n, Máº¹n WÃ© HÃ³l Hand, TÃº PÃ­pul, Twin
ğŸ’ Kis, TÃº PÃ­pol
ğŸ’‘ Lá»v, TÃº PÃ­pol Wit Hat, TÃº PÃ­pul, TÃº PÃ­pul Wit Hat
ğŸ‘ª FÃ¡mÃ­li
ğŸ—£ DÃ¡k ShÃ©p á»Œf Páº¹Ìsin á»Œ Sá»Ìmtin, De Spik, Fes, Háº¹d, Háº¹d WÃ© De Tá»k, Spik, Tá»k
ğŸ‘¤ DÃ¡k ShÃ©p á»Œf á»ŒÌp PÃ¡t á»Œf Páº¹Ìsin Bá»dÃ­, DÃ¡k ShÃ©p á»Œf Páº¹Ìsin á»Œ Sá»Ìmtin, á»ŒÌp PÃ¡t á»Œf Páº¹Ìsin Bá»dÃ­
ğŸ‘¥ DÃ¡k ShÃ©p á»Œf á»ŒÌp PÃ¡t á»Œf TÃº PÃ­pul Bá»dÃ­, DÃ¡k ShÃ©p á»Œf Páº¹Ìsin á»Œ Sá»Ìmtin, á»ŒÌp PÃ¡t á»Œf Páº¹Ìsin Bá»dÃ­
ğŸ«‚ BaibaÃ­, Háº¹Ìlo, Há»g, HÃ³l Tait, PÃ­pul WÃ© Há»Ìg Ãch á»ŒÌda, PÃ­pul WÃ© HÃ³l Ãch á»ŒÌda Tait, TÃ¡nkio
ğŸ‘£ FÃºtmak, FÃºtmak-dáº¹m, Klá»t, Láº¹Ìgmak-dáº¹m, Mak Láº¹Ìgmak
ğŸ¦° JÃ­nja, Ráº¹Ìd Hea, Ráº¹Ìdháº¹d
ğŸ¦± ÃfrÃ³, Ká»Ìli, Ká»ÌlÃ­ Hea, Lá»Ìng Ká»ÌlÃ­ Hea, RÃ­ngláº¹ts
ğŸ¦³ Gre, Hea, Old, Wait, WaÃ­t Hea
ğŸ¦² Bá»ld, KimÃ³táº¹ÌrÃ¡pi, NÃ³ Hea, ShÃ©v á»ŒÌl Hea Ká»má»Ìt Fá» Háº¹d
ğŸµ Fes, Má»nkÃ­, MonkÃ­ Fes
ğŸ’ Má»nkÃ­
ğŸ¦ GorÃ­la
ğŸ¦§ á»ŒrÃ¡ngutang
ğŸ¶ Dá»g, Fes, Páº¹t
ğŸ• Dá»g, Páº¹t
ğŸ¦® Blaid, Gaid, GaÃ­d Dá»g, ÃzÃ­ To Yuz
ğŸ•â€ğŸ¦º Dá»g, Dá»g WÃ© De Háº¹Ìláº¹Ìp SÃ­k PÃ­pul, Háº¹Ìláº¹p, ÃzÃ­ To Yuz
ğŸ© Dá»g, PÃºdul
ğŸº Fes, Wulf
ğŸ¦Š Fes, Fá»ks
ğŸ¦ Bizi Bá»dÃ­, Há»ÌngrÃ­ Wáº¹Ìl Wáº¹l To NÃ³ Abaut Sá»Ìmtin, Ká»nÃ­, Rakun, Rekuun
ğŸ± Fes, Kat, Páº¹t
ğŸˆ Kat, Páº¹t
ğŸˆâ€â¬› BÃ¡d Lá»k, Blak, BlÃ¡k Kat, Kat
ğŸ¦ Fes, LÃ¡yá»n, Lio, ZÃ³diak
ğŸ¯ Fes, TaÃ­ga
ğŸ… TaÃ­ga
ğŸ† LiÃ³pad
ğŸ´ Fes, Há»s, Há»Ìs Fes
ğŸ Abaut To RaÃ­d Há»s, Há»s, Há»s WÃ© De Rá»n, Há»s WÃ© Dáº¹m De TÃ©k Rá»n, Res, Rá»n
ğŸ¦„ Fes, YÃºniká»n
ğŸ¦“ Lain, Záº¹bra
ğŸ¦Œ Dia
ğŸ¦¬ BaÃ­sá»n, BÃºfÃ¡lo, GrÃºp á»Œf AnÃ­má»l, VÃ­záº¹nt, YÃºrÃ³p BaÃ­sá»n
ğŸ® Fes, Kau
ğŸ‚ MÃ¡n-kau, MÃ¡n-Kau, TaÃºrus, ZÃ³diak
ğŸƒ BÃºfÃ¡lo, Wá»tÃ¡, Wá»Ìta BÃºfÃ¡lo
ğŸ„ Kau
ğŸ· Fes, Pig
ğŸ– Pig, WÃºmÃ¡n-Pig
ğŸ— BÃºsh Pig, Pig
ğŸ½ Fes, Noz, Pig, PÃ­g Noz
ğŸ Ã‰riáº¹s, Man, Ram, Ship, ZÃ³diak
ğŸ‘ Ship, WÃºman, Wuman Ship
ğŸ Got
ğŸª Drá»Ìmáº¹Ìderi KÃ¡máº¹l: Wá»Ìn KÃ¡máº¹l WÃ© Gáº¹Ìt Wá»Ìn Há»Ìnchbak, Há»Ìnchbak, KÃ¡máº¹l
ğŸ« BaktrÃ­Ã¡n KÃ¡máº¹l: Wá»Ìn KÃ¡máº¹l WÃ© Gáº¹Ìt TÃº Há»Ìnchbak, Há»Ìnchbak, KÃ¡máº¹l WÃ© Gáº¹Ìt TÃº Há»Ìnchbak, TÃº-Há»Ìnchbak KÃ¡máº¹l
ğŸ¦™ AnÃ­má»l WÃ© Im Na AlpÃ¡ka, AnÃ­má»l WÃ© Im Na GuanÃ¡ko, AnÃ­má»l WÃ© Im Na VikÃºnya, LÃ¡ma, Wul
ğŸ¦’ Jiraf, Spá»t-Spá»t
ğŸ˜ áº¸Ìláº¹Ìfant
ğŸ¦£ Big, áº¸Ìláº¹Ìfant Tit, MÃ¡má»t, Ná»Ì DÃ© Agen, Wá»Ìn Ã“ldÃ­n TaÃ­m áº¸Ìláº¹Ìfant WÃ© Im Nen Na MÃ¡má»t, Wul-wul
ğŸ¦ RaÃ­nÃ³sáº¹Ìrá»s
ğŸ¦› HÃ­po, HÃ­popotÃ¡má»s
ğŸ­ Fes, Maus
ğŸ Maus
ğŸ€ Rat
ğŸ¹ BÃ­g Rat WÃ© Im Nem Na HÃ¡msta, Fes, Páº¹t
ğŸ° Fes, Páº¹t, RÃ¡bit
ğŸ‡ Páº¹t, RÃ¡bit
ğŸ¿ SkwÃ­ráº¹l, Wá»Ìn KaÃ­n SkwÃ­ráº¹l WÃ© Im Nem Na ChÃ­pmá»nk, Wá»Ìn SkwÃ­ráº¹l WÃ© Im Nem Na ChÃ­pmá»nk
ğŸ¦« Dam, Wá»Ìn Aná»má»l WÃ© Im Nem Na BÃ­va
ğŸ¦” ChukuchÃºkÃº, Háº¹Ìjhá»g
ğŸ¦‡ Bat, Dam, VÃ¡mpÃ¡ya
ğŸ» Báº¹Ìa, Fes
ğŸ»â€â„ AÃ­tÃ­k RÃ­já»n, Báº¹Ìa, PÃ³lÃ¡ Báº¹Ìa, Wait
ğŸ¨ Báº¹Ìa, Ká»Ã¡la
ğŸ¼ Fes, PÃ¡nda
ğŸ¦¥ LÃ©zi, LÃ©zÃ­ Animá»l WÃ© Im Nem Na Slot, Slo
ğŸ¦¦ FÃ­shin, Ple-plÃ©, To KÃ¡ch Fish, Wá»Ìn Aná»má»l WÃ© Im Nem Na á»ŒÌta
ğŸ¦¨ Bad Smáº¹l, Ská»nk
ğŸ¦˜ Já»mp, KÃ¡ngaruu, KÃ¡ngaruu AnÃ­má»l-dáº¹m WÃ© De KÃ¡rÃ­ Pikin Fá» ÃnsaÃ­d Bag WÃ© DÃ© Dáº¹m Bá»dÃ­, KÃ¡ngaruu PÃ­kin, á»ŒstrÃ©lia
ğŸ¦¡ Há»Ìni, Há»Ìni BÃ¡ja, To SÃ³sÃ³ Wá»ÌrÃ­ Páº¹Ìsin To DÃº Sá»Ìmtin, Wá»Ìn AnÃ­má»l WÃ© Im Nem Na BÃ¡ja
ğŸ¾ AnÃ­má»l FÃºtmak, ÃnÃ­má»l Nel, Láº¹g, Mak, MÃ¡k á»Œf Láº¹Ìg á»Œf ÃnÃ­má»l-dáº¹m WÃ© Gáº¹Ìt Nel
ğŸ¦ƒ Báº¹d, Tá»kÃ­
ğŸ” Báº¹d, ChÃ­kin
ğŸ“ Báº¹d, Machá»Ì MÃ¡n ChÃ­kin
ğŸ£ BÃ©bi, Báº¹d, ChÃ­kin Pikin, ChÃ­kin Pikin WÃ© De Ká»má»Ìt Frá»m ÃnsaÃ­d áº¸g, áº¸g WÃ© WÃ¡n Hach
ğŸ¤ Báº¹d, ChÃ­kin Pikin, Smá»Ìl Pikin
ğŸ¥ BÃ©bi, Báº¹d, ChÃ­kin Pikin, ChÃ­kin Pikin WÃ© De FÃ©s Frá»nt
ğŸ¦ Báº¹d
ğŸ§ Báº¹d, Páº¹Ìngwin
ğŸ•Š Báº¹d, Dov, Flai, Piis
ğŸ¦… Báº¹d, Ãgul
ğŸ¦† Báº¹d, Dá»k
ğŸ¦¢ Báº¹d, Báº¹d WÃ© Im Nem Na Swan, á»ŒÌglÃ­ Yá»Ìng Dá»k, Swan Pikin, Wá»Ìn Báº¹d WÃ© Im Nem Na Swan
ğŸ¦‰ Aul, Báº¹d, Waiz
ğŸ¦¤ Big, DÃ³do, Má»rÃ­shius, Ná»Ì DÃ© Agen, Wá»Ìn Báº¹d WÃ© Im Nem Na DÃ³do
ğŸª¶ Báº¹d, Fáº¹Ìda, Fáº¹Ìda-dáº¹m WÃ© Ká»ÌvÃ¡ Báº¹d Bá»dÃ­, Flai, Ná»Ì Háº¹Ìvi
ğŸ¦© FaÃ­n Ká»Ìlá», FlamÃ­ngo, Há»t RÃ­já»n, Wá»Ìn Báº¹d WÃ© Im Nem Na FlamÃ­ngo
ğŸ¦š Báº¹d, PÃ­ká»k, Praud, To KÃ¡rÃ­ Bá»dÃ­ á»Œp, To MÃ©k Gai, To MÃ©k Gai An ShÃ³ PÃ­pul SÃ© Yu Gáº¹Ìt Má»nÃ­, Wá»Ìn Báº¹d WÃ© Im Nem Na PÃ­háº¹n, Wá»Ìn Báº¹d WÃ© Im Nem Na PÃ­ká»k
ğŸ¦œ Báº¹d, PÃ¡rá»t, Tif WÃ© De TÃ­f Frá»m PÃ­pul WÃ© DÃ© ÃnsaÃ­d Ship, Tá»k
ğŸ¸ Fes, Frá»g
ğŸŠ KrÃ³kodail
ğŸ¢ Táº¹Ìrapin: Wá»Ìn Smá»Ìl AnÃ­má»l WÃ© Rizáº¹ÌmbÃºl Tá»Ìtis, Tá»Ìtis, Tá»Ìtul, Tá»Ìtul: Wá»Ìn BÃ­g AnÃ­má»l WÃ© Rizáº¹ÌmbÃºl Tá»Ìtis
ğŸ¦ ÃnÃ­má»l, LÃ­zad
ğŸ á»ŒfiÃºkus: ZÃ³diÃ¡k Sain á»Œf Man WÃ© HÃ³l Snek, Páº¹Ìsin WÃ© BrÃ­ng Máº¹Ìsej, Páº¹Ìsin WÃ© KÃ¡rÃ­ Sá»Ìmtin Ká»m, SÃ¡páº¹nt, Snek, ZÃ³diak
ğŸ² BÃ­g WÃ­káº¹Ìd AnÃ­má»l, BÃ­g WÃ­káº¹Ìd AnÃ­má»l WÃ© Im Nem Na DrÃ¡gá»n, DrÃ¡gá»n, Fes, TorÃ­ Abaut SpÃ­rit-dáº¹m WÃ© Rizáº¹ÌmbÃºl TaÃ­nÃ­ HÃºmÃ¡nbin
ğŸ‰ BÃ­g WÃ­káº¹Ìd AnÃ­má»l, BÃ­g WÃ­káº¹Ìd AnÃ­má»l WÃ© Im Nem Na DrÃ¡gá»n, DrÃ¡gá»n, TorÃ­ Abaut SpÃ­rit-dáº¹m WÃ© Rizáº¹ÌmbÃºl TaÃ­nÃ­ HÃºmÃ¡nbin
ğŸ¦• Ã“ldÃ­n TaÃ­m BÃ­g AnÃ­má»l WÃ© Im Nem Na Brakiosá»Ìrá»s, Ã“ldÃ­n TaÃ­m BÃ­g AnÃ­má»l WÃ© Im Nem Na Brá»Ìntosá»Ìrá»s, Ã“ldÃ­n TaÃ­m BÃ­g AnÃ­má»l WÃ© Im Nem Na Diplá»ÌdÃ­ká»s, Ã“ldÃ­n TaÃ­m BÃ­g AnÃ­má»l WÃ© Im Nem Na Sá»ÌrÃ³pá»d, SÃ³rÃ³pá»d
ğŸ¦– Ã“ldÃ­n TaÃ­m BÃ­g AnÃ­má»l WÃ© Im Nem Na TirÃ¡ná»sá»Ìrus, T-Ráº¹ks
ğŸ³ BlÃ³ Wá»tÃ¡, Fes, Pá»Ìmp Wá»ta, Weil, Weil WÃ© De BlÃ³ Wá»tÃ¡
ğŸ‹ Weil
ğŸ¬ Dá»Ìlfin, FlÃ­pa: Rá»ÌbÃ¡ Tin WÃ© Páº¹Ìsin De WiÃ¡ Fá» Láº¹g Tá» Háº¹Ìláº¹Ìp Am SwÃ­m FÃ¡st Fast
ğŸ¦­ BÃ­g-DÃ­p-Wá»tÃ¡ LÃ¡yá»n, SÃ­ LÃ¡yá»n, Wá»Ìn Wá»tÃ¡ AnÃ­má»l WÃ© Im Nem Na Siil, Wá»tÃ¡ AnÃ­má»l WÃ© Im Nem Na Siil
ğŸŸ Fish, PaÃ­siz, ZÃ³diak
ğŸ  Fish, Há»Ìt RÃ­já»n, Há»Ìt RÃ­já»Ìn Fish
ğŸ¡ BlÃ³fish, Fish
ğŸ¦ˆ Fish, Shak
ğŸ™ Wá»Ìn KrÃ­chá» WÃ© De LÃ­v Fá» Wá»tÃ¡ An WÃ© Im Nem Na á»ŒÌktá»Ìpá»s, Wá»Ìn Wá»tÃ¡ KrÃ­chá» WÃ© Im Nem Na á»ŒÌktá»Ìpá»s
ğŸš Raund, Sháº¹l, Snel Sháº¹l
ğŸŒ Snel
ğŸ¦‹ Bá»taflai, Bá»tÃ¡flai, Flai, Ãnsáº¹kt
ğŸ› Ãnsáº¹kt, Smá»Ìl Ãnsáº¹kt
ğŸœ Ant, Ãnsáº¹kt
ğŸ Bii, Há»Ìnibii, Há»ÌnÃ­bii, Ãnsáº¹kt
ğŸª² BÃ­tul, Ãnsáº¹kt, Smá»Ìl Ãnsáº¹kt
ğŸ BÃ­tul, Ãnsáº¹kt, Ledi Báº¹d WÃ© De Flai, Ledi BÃ­tul, Ledi Smá»Ìl Ãnsáº¹kt
ğŸ¦— GrÃ¡shá»Ìpa, KrÃ­káº¹t
ğŸª³ Ãnsáº¹kt, KÃ³kroch, Páº¹st, Roch
ğŸ•· Ãnsáº¹kt, SpaÃ­da
ğŸ•¸ SpaÃ­da, SpaÃ­dÃ¡ Wáº¹b, Wáº¹b
ğŸ¦‚ Ská»Ìpio, Ská»Ìpiá»n, ZÃ³diak
ğŸ¦Ÿ Diziz, FÃ­va, MalÃ©ria, Má»skÃ­to, Páº¹st, VaÃ­rá»s
ğŸª° Diziz, Flai, MÃ¡gá»t, Páº¹st, Rá»Ìtin
ğŸª± áº¸Ìtwá»m, PÃ¡rÃ¡sait, Wá»m, Wá»m WÃ© Im Nem Na Anáº¹Ìlid
ğŸ¦  Ãmoáº¹Ìba, Baktáº¹Ìria, MaÃ­krob, VaÃ­rá»s
ğŸ’ Bá»Ìnch á»Œf FlÃ¡wa, FlÃ¡wa
ğŸŒ¸ Bá»Ìnch á»Œf FlÃ¡wa, Cháº¹Ìri, Cháº¹ÌrÃ­ FlÃ¡wa, FlÃ¡wa
ğŸ’® FlÃ¡wa, WaÃ­t FlÃ¡wa
ğŸµ Plant, Rozáº¹t
ğŸŒ¹ FlÃ¡wa, Roz
ğŸ¥€ FlÃ¡wa, FlÃ¡wa WÃ© Dá»Ìn De Dai
ğŸŒº FlÃ¡wa, HaibÃ­ská»s
ğŸŒ» FlÃ¡wa, Sá»n, Sá»ÌnflÃ¡wa
ğŸŒ¼ Bá»Ìnch á»Œf FlÃ¡wa, FaÃ­n FlÃ¡wa, FlÃ¡wa
ğŸŒ· FlÃ¡wa, TÃºlip
ğŸŒ± Yá»ng, Yá»Ìng Plant
ğŸª´ Gro, Haus, LÃºk ÃftÃ¡ Sá»Ìmtin á»Œ Sá»Ìmbá»Ìdi Wáº¹Ìn I De Gro, Páº¹Ìsin Ná»Ì DÃ© Ãntráº¹Ìstáº¹d Fá» Sá»Ìmtin, Plant, Plant ÃnsaÃ­d Pá»t, Plant WÃ© DÃ© Fá» Pá»t, YÃºzláº¹s
ğŸŒ² áº¸vagrÃ­n Tri, Tri
ğŸŒ³ Sháº¹Ìdin: Wáº¹Ìn Sá»Ìmtin Laik Plant De LÃºz Im Lif Fá» NÃ¡chá»ÌrÃ¡l WÃ¨, Tri, Tri WÃ© Gáº¹Ìt Pláº¹ÌntÃ­ LÃ­f
ğŸŒ´ Pam, PÃ¡m Tri, Tri
ğŸŒµ KÃ¡ktá»s, KÃ¡ktá»Ìs Plant, Plant
ğŸŒ¾ Gren, Rais, Rais Bá»Ìndul, Sid, Tá»Ìp PÃ¡t á»Œf Gren WiÃ¡ Sid DÃ¨
ğŸŒ¿ Hab, Hab Plant WÃ© De MÃ©k Fud Swit, Lif
â˜˜ Plant, ShÃ¡mrá»Ìk Plant
ğŸ€ 4, Fá»Ì€, Fá»Ì LÃ­f KlÃ³va, Fá»Ì-LÃ­f KlÃ³va, KlÃ³va, Lif
ğŸ De Fá»l, Lif, MÃ¡pÃºl Tri, MÃ¡pÃºl Tri Lif
ğŸ‚ De Fá»l, Lif, Lif WÃ© Fá»Ìl Fá» Graund
ğŸƒ Blo, Lif, Lif WÃ© Wind De Blo, Shek, Wind
ğŸ‡ Frut, Grep, Grep-dáº¹m
ğŸˆ Frut, Máº¹Ìlá»n
ğŸ‰ Frut, Wá»Ìtamáº¹Ìlá»n
ğŸŠ Frut, á»ŒÌrenj, Tanjáº¹rin
ğŸ‹ Frut, Láº¹Ìmá»n, SÃ­trá»s
ğŸŒ BanÃ¡na, Frut
ğŸ Frut, PainÃ¡pul
ğŸ¥­ Frut, Há»Ìt RÃ­já»n, MÃ¡ngo
ğŸ Ãpul, Frut, Ráº¹d, Ráº¹Ìd Ãpul
ğŸ Ãpul, Frut, Grin, GrÃ­n Ãpul
ğŸ Frut, Pia
ğŸ‘ Frut, Pich
ğŸ’ Báº¹Ìri, Cháº¹Ìri, Cháº¹Ìri-dem, Cháº¹Ìri-dáº¹m, Frut, Ráº¹d
ğŸ“ Báº¹Ìri, Frut, Strá»Ìbáº¹Ìri
ğŸ« Báº¹Ìri, BÃ­lbáº¹Ìri, Blu, BlÃºbáº¹Ìri, BlÃºbáº¹Ìri-dáº¹m
ğŸ¥ Frut, Fud, KÃ­wi, KÃ­wÃ­ Frut
ğŸ… Frut, TomÃ¡to, Váº¹ÌjÃ­tÃ©bul
ğŸ«’ Fud, Ã“liv
ğŸ¥¥ Kokoná»t, Pam, PÃ­nyÃ¡ KolÃ¡da
ğŸ¥‘ ÃvokÃ¡do Pia, Frut, Fud
ğŸ† áº¸Ìgplant, Obajin, Váº¹ÌjÃ­tÃ©bul
ğŸ¥” Fud, PotÃ©to, Váº¹ÌjÃ­tÃ©bul
ğŸ¥• Fud, KÃ¡rá»t, Váº¹ÌjÃ­tÃ©bul
ğŸŒ½ Ká»n, Mez, Tá»Ìp PÃ¡t á»Œf Gren WiÃ¡ Sid DÃ¨, Tá»Ìp PÃ¡t á»Œf Ká»n WiÃ¡ Sid DÃ¨
ğŸŒ¶ Há»t, Há»Ìt Páº¹Ìpáº¹, Páº¹Ìpáº¹
ğŸ«‘ Báº¹Ìl Páº¹Ìpe, KÃ¡psÃ­kum, Páº¹Ìpáº¹, Váº¹ÌjÃ­tÃ©bul
ğŸ¥’ Fud, Ká»kÃºmba, Ká»ÌkÃºmba, Váº¹ÌjÃ­tÃ©bul, Wá»Ìn Váº¹ÌjÃ­tÃ©bul WÃ© Im Nem Na PÃ­kul
ğŸ¥¬ ChainÃ­z KÃ¡bej WÃ© Im Nem Na Bá»Ìk Choi, GrÃ­n Lif, GrÃ­n Váº¹ÌjÃ­tÃ©bul WÃ© Gáº¹Ìt Pláº¹ÌntÃ­ Lif, KÃ¡bej, Láº¹Ìtus, Wá»Ìn Váº¹ÌjÃ­tÃ©bul WÃ© Im Nem Na Kel
ğŸ¥¦ Brá»Ìká»Ìli, BÃºsh KÃ¡bej
ğŸ§„ GÃ¡lik, SpaÃ­sis
ğŸ§… á»ŒÌniá»n, SpaÃ­sis
ğŸ„ Má»Ìshrum, TÃ³dstÃºl Má»Ìshrum
ğŸ¥œ Fud, Graná»t, Graná»t-dáº¹m, Ná»t, PÃ­ná»t, PÃ­ná»t-dáº¹m, Váº¹ÌjÃ­tÃ©bul
ğŸŒ° Cháº¹Ìstná»t, Plant
ğŸ Bráº¹d, Lof
ğŸ¥ Bráº¹d, Bráº¹Ìdfast, Fráº¹nch, Fud, KroÃ¡sant, Má»ÌnÃ­n Chá»p, Smá»Ìl RaÃºnd Bráº¹d WÃ© Im Nem na Rol, SwÃ­t Bráº¹d WÃ© Im Nem na Krá»asan
ğŸ¥– Bagáº¹t Bráº¹d, Bráº¹d, Fráº¹nch, Fud, Lá»Ìng Bráº¹d WÃ© Im Nem Na Bagáº¹t
ğŸ«“ FlÃ¡t Bráº¹d WÃ© Im Nem Na LÃ¡vash, FlÃ¡t Bráº¹d WÃ© Im Nem Na PÃ­ta, FlÃ¡t ÃndiÃ¡ Bráº¹d WÃ© Im Nem Na Naan, FlÃ¡tbráº¹d, Ká»Ìn Pankek WÃ© Im Nem Na Aráº¹Ìpa, MÃ©z Pankek WÃ© Im Nem Na Aráº¹Ìpa
ğŸ¥¨ Práº¹Ìtzáº¹l, Práº¹Ìtzul Bráº¹d: Bráº¹d WÃ© Dáº¹m PlÃ¡t Laik Hea, To PlÃ¡t Sá»Ìmtin Laik Hea
ğŸ¥¯ BÃ©gul, BÃ©kri, Bráº¹d WÃ© Im Nem Na BÃ©gul, Bráº¹Ìkfast, Má»ÌnÃ­n Chá»p, Rá»b
ğŸ¥ Chá»p, Fud, Há»Ìtkek, Má»ÌnÃ­n Chá»p, Pankek, Pankek WÃ© Ná»Ì DÃ© Tik SÃ¡msÃ¡m, Pankek-dáº¹m
ğŸ§‡ ÃÌ€yá»n, Bráº¹Ìkfast, FlÃ¡t Pankek WÃ© Im Nem Na WÃ¡ful, Má»ÌnÃ­n Chá»p, WÃ¡ful
ğŸ§€ Chiz, ChÃ­z Wáº¹j
ğŸ– Bon, Mit, Mit á»Œn Tá»Ìp Bon
ğŸ— Bon, ChÃ­kin, ChÃ­kin Láº¹g MÃ­dÃºl Pat, MÃ­dÃºl PÃ¡t á»Œf ChÃ­kin Láº¹g, PÃ³ltri, PÃ³ltrÃ­ Láº¹g
ğŸ¥© BÃ­g PÃ­s á»Œf KaÃº Mit, BÃ­g PÃ­s á»Œf Mit Wit Bon, BÃ­g PÃ­s á»Œf PÃ­g Mit Wit Bon, BÃ­g PÃ­s á»Œf Ship-Pikin Mit Wit Bon, PÃ­s á»Œf Mit
ğŸ¥“ BÃ©ká»n, Bráº¹Ìkfast, Fud, Mit
ğŸ” Bá»Ìga, HÃ¡mbá»Ìga
ğŸŸ Fráº¹nch, PotÃ©tÃ³ Chips
ğŸ• Chiz, Pis, PÃ­za
ğŸŒ­ FrÃ¡nkfá»Ìta, Há»Ìt Dá»g, Sá»Ìsej Há»Ìtdá»g
ğŸ¥ª Bráº¹d, SÃ¡ndwich
ğŸŒ® Máº¹ÌksÃ­ko, Máº¹ÌksÃ­kÃ³ Fud WÃ© Im Nem Na TÃ¡ko, TÃ¡ko
ğŸŒ¯ BurÃ­to, Máº¹ÌksÃ­ko, Rap
ğŸ«” Máº¹ÌksÃ­ko, Rap, TamÃ¡láº¹
ğŸ¥™ FlÃ¡tbráº¹d, FlÃ¡tbráº¹d wit á»ÌdÃ¡ fud Ã­nsaid, Fud, GrÃ­k Fud WÃ© Im Nem Na JaÃ­ro, Káº¹bab, MÃ­dÃºl Ãst Fud WÃ© Im Nem Na FalÃ¡ful, SÃºya, To FÃºl Fud WÃ­t á»ŒÌdÃ¡ KaÃ­n Fud
ğŸ§† FalÃ¡fáº¹l, MÃ­dÃºl Ãst Fud WÃ© Im Nem Na FalÃ¡ful, MÃ­tbá»l: MÃ­t WÃ© Dáº¹m MÃ³ld Laik Bá»l, Smá»Ìl RaÃºnd Sid WÃ© Im Nem Na ChÃ­kpii
ğŸ¥š Bráº¹Ìkfast, áº¸g, Fud
ğŸ³ Bráº¹Ìkfast, áº¸g, FrayÃ­n Pan, KÃºk, Má»ÌnÃ­n Chá»p, Pan, To FraÃ­ Sá»Ìmtin, To KÃºk Fud
ğŸ¥˜ Frayin Pan, Fud, Fud WÃ© DÃ© InsaÃ­d Frayin Pan WÃ© Ná»Ì DÃ© Dip, KÃ¡sÃ©rol: DÃ­p Plet WÃ© Dáº¹m De TÃ©k KÃºk Mit An á»ŒÌdÃ¡ Fud, Ná»Ì DÃ© Dip, Pan, Pá»t WÃ© Ná»Ì Dip, SpÃ¡nÃ­sh Fud WÃ© Im Nem Na PaÃ­áº¹la
ğŸ² Pá»t, Pá»Ìt á»Œf Fud, Stiu
ğŸ«• Chiz, Chá»Ìká»ÌlÃ©t, Fá»Ìndu, Máº¹lt, Pá»t, Swis
ğŸ¥£ Bráº¹Ìkfast, DÃ­p Plet Wit Spun, DÃ­p-plet Wit Spun, Fud, Ká»Ìnji: Wá»Ìn Fud WÃ© Dáº¹m MÃ©k Wit Rais, Má»ÌnÃ­n Chá»p, SÃ­ril: Fud WÃ© Dáº¹m MÃ©k Wit Gren Laik Ká»n, BÃ¡li, Wit
ğŸ¥— Fud, Grin, GrÃ­n Salad, Salad
ğŸ¿ Pá»Ìpká»n
ğŸ§ˆ Bá»Ìta, Deari
ğŸ§‚ ShÃ©ka: Ká»ntÃ©na WÃ© Dáº¹m De PÃºt FÃºd Tins Laik Sá»lt á» Páº¹Ìpáº¹ Ãnsaid, Sá»lt, Tins WÃ© Dáº¹m De TÃ©k MÃ©k Fud Swit
ğŸ¥« Kan, KÃ¡n Fud, Ká»ntÃ©na
ğŸ± Báº¹Ìnto, Bá»ks
ğŸ˜ KrÃ¡kas, Rais, RaÃ­s KrÃ¡kas
ğŸ™ Bá»l, Japan, Rais, RaÃ­s Bá»l
ğŸš Fud WÃ© Dáº¹m Dá»Ìn Kuk, Kuk, Rais, Rais WÃ© Dáº¹m Dá»Ìn Kuk
ğŸ› Ká»rÃ­, Rais
ğŸœ DÃ­p Plet, Fud WÃ© Há»Ìt Wáº¹Ìl Wáº¹l, Há»Ìt BÃ³l á»Œf FÃºd, Japan, JapÃ¡n Fud WÃ© Dáº¹m De Ká»Ìl RÃ¡máº¹n, NÃºdul: Fud Laik Spagáº¹Ìti
ğŸ ÃtaliÃ¡n Fud WÃ© Dáº¹m De Ká»Ìl PÃ¡sta, Spagáº¹Ìti
ğŸ  PotÃ©to, Rost, RÃ³stáº¹d, Swit, SwÃ­t PotÃ©to WÃ© Dáº¹m Rost
ğŸ¢ Káº¹bab, Ã“dáº¹n, SÃ­fÃºd, Stik, SÃºya, SÃºya Stik Ã“dáº¹n: Wá»Ìn á»Œf JapÃ¡n PÃ­pul Dáº¹m Stiu
ğŸ£ SÃºshi
ğŸ¤ FraÃ­d Shrimp, Fud WÃ© Dáº¹m Fari, JapÃ¡n Fud WÃ© Im Nem Na Táº¹mpÃºra, Prá»n, Shrimp
ğŸ¥ Fish, FÃ­sh Kek Wit Sáº¹Ìkul, Kek, PÃ¡stri, Sáº¹Ìkul
ğŸ¥® ChainÃ­z Kek WÃ© Dáº¹m De Ká»Ìl Yuibing, MÃºn Kek, á»ŒÌtá»m: SÃ­zin WÃ© DÃ© BÃ­twÃ­n Há»Ìt SÃ­zin An KÃ³ld SÃ­zin
ğŸ¡ DÃ¡ngÃ³, Dáº¹zat, Japan, JapÃ¡n Fud WÃ© Dáº¹m De Ká»Ìl DÃ¡ngá», Stik, SÃºyÃ¡ Stik, Swit, SwÃ­t Fud WÃ© Dáº¹m De Chá»Ìp ÃftÃ¡ Di MÃ©n Fud
ğŸ¥Ÿ ChainÃ­z Fud WÃ© Im Nem Na JiaÃ³zi, Dá»Ìmplin, Fud WÃ© Im Nem Na Dá»Ìmplin, Fud WÃ© Im Nem Na áº¸mpanÃ¡da, Fud WÃ© Im Nem Na Pá»ÌtstÃ­ka, JapÃ¡n Fud WÃ© Im Nem Na GiÃ³za, OyÃ­bÃ³ Fud WÃ© Im Nem Na Piáº¹rÃ³gi
ğŸ¥  Fá»tiÃºn KÃºki, PrÃ³fáº¹Ìsi
ğŸ¥¡ á»ŒÃ­stÃ¡ Bá»ks, TÃ©kaÃºt Bá»ks
ğŸ¦€ KÃ¡nsa, Krab, ZÃ³diak
ğŸ¦ Lá»Ìbsta, Nel, SÃ­fud, TÃ­k Sup WÃ© Dáº¹m De Ká»Ìl Bisk
ğŸ¦ Fud, Sháº¹lfish, Shrimp, Smá»l
ğŸ¦‘ Fud, Má»ÌlÃºsk: Wá»Ìn KrÃ­chá»Ì WÃ© Rizáº¹ÌmbÃºl Snel, Skwid, Skwid: Wá»Ìn KrÃ­chá»Ì WÃ© De LÃ­v Fá» Wá»tÃ¡
ğŸ¦ª DaÃ­vÃ­n ÃnsaÃ­d Wá»tÃ¡, á»ŒÃ­sta, Páº¹al
ğŸ¦ Ais, AÃ­skrim, Dáº¹zat, Krim, Sá»ft, Sá»Ìft AÃ­s Krim, Swit, SwÃ­t Fud WÃ© Dáº¹m De Chá»Ìp ÃftÃ¡ Di MÃ©n Fud
ğŸ§ Ais, Ais WÃ© Dáº¹m Dá»Ìn Shev, Shev, Swit, SwÃ­t Fud WÃ© Dáº¹m De Chá»Ìp ÃftÃ¡ Di MÃ©n Fud
ğŸ¨ Ais, AÃ­s Krim, Dáº¹zat, Krim, Swit, SwÃ­t Fud WÃ© Dáº¹m De Chá»Ìp ÃftÃ¡ Di MÃ©n Fud
ğŸ© Bráº¹Ìkfast, Dáº¹zat, DÃ³ná»t, Swit
ğŸª Dáº¹zat, KÃºki, Swit
ğŸ‚ BÃ¡tdÃ¨, BÃ¡tdÃ© Kek, Dáº¹zat, Kek, PatÃ­, Swit, SwÃ­t Fud WÃ© Dáº¹m De Chá»Ìp ÃftÃ¡ Di MÃ©n Fud
ğŸ° Dáº¹zat, Kek, PÃ©stri, Shá»Ìtkek, Slaiz, Swit, SwÃ­t Fud WÃ© Dáº¹m De Chá»Ìp ÃftÃ¡ Di MÃ©n Fud
ğŸ§ BÃ©kri, Ká»Ìpkek, Swit
ğŸ¥§ FÃ­lin, Pai, PÃ©stri
ğŸ« Cká»Ìká»Ìlet, Cká»Ìká»ÌlÃ©t Stik, Dáº¹zat, Stik, SwÃ­t Fud WÃ© Dáº¹m De Chá»Ìp ÃftÃ¡ Di MÃ©n Fud
ğŸ¬ Dáº¹zat, KÃ¡ndi, Swit
ğŸ­ Dáº¹zat, KÃ¡ndi, Lá»Ìlipá»p, Swit
ğŸ® Dáº¹zat, Ká»ÌstÃ¡d, PÃºdin, Swit
ğŸ¯ Há»Ìni, Há»Ìnipá»t, Pá»t, Swit
ğŸ¼ BÃ©bi, Bá»tul, Drink, FidÃ­n Bá»Ìtul, MÃ­lik
ğŸ¥› Drink, Glas, GlÃ¡s á»Œf MÃ­lik, MÃ­lik
â˜• Báº¹Ìváº¹Ìrij: Ã‰nÃ­ KaÃ­n Drink WÃ© Ná»Ì Bi Wá»tÃ¡, Drink, Drink WÃ© DÃ© Há»t, Há»t, Há»Ìt Wáº¹Ìl Wáº¹l, Ká»fÃ­, Tii
ğŸ«– Drink, Pá»t, Tii, TÃ­pá»t
ğŸµ Báº¹Ìváº¹Ìrij: Ã‰nÃ­ KaÃ­n Drink WÃ© Ná»Ì Bi Wá»tÃ¡, Drink, Ká»p, Tii, TiÃ­ká»p, TiÃ­ká»p WÃ© Ná»Ì Gáº¹Ìt Hand, TÃ­ká»p WÃ© Ná»Ì Gáº¹Ìt Hand
ğŸ¶ Baa, Báº¹Ìváº¹Ìrij: Ã‰nÃ­ KaÃ­n Drink WÃ© Ná»Ì Bi Wá»tÃ¡, Bá»tul, Drink, JapÃ¡n Há»Ìt Drink WÃ© Im Nem Na SÃ¡ki, Ká»p, SÃ¡ki
ğŸ¾ Baa, Bá»tul, Bá»tul WÃ© Gáº¹Ìt Ká»k, Bá»Ìtul Wit Ká»k, Ká»k, Pá»ÌpÃ­n Saund
ğŸ· Baa, Báº¹Ìváº¹Ìrij: Ã‰nÃ­ KaÃ­n Drink WÃ© Ná»Ì Bi Wá»tÃ¡, Drink, Glas, Wain, WaÃ­n Glas
ğŸ¸ Baa, Drink, Glas, Ká»ÌktÃ©l Glas, Ká»Ìktel: Há»Ìt Drin WÃ© Dáº¹m MÃ­ks Wit FrÃºt Juz
ğŸ¹ Baa, Drink, Há»Ìt RÃ­já»n, Há»Ìt RÃ­já»n Drink
ğŸº Baa, Bia, BiÃ¡ Ká»p, Drink, Má»g
ğŸ» Baa, Bia, BiÃ¡ Ká»p, Drink, KlÃ­nk Saund, KlÃ­nkÃ­n BiÃ¡ Ká»p-dáº¹m, Má»g
ğŸ¥‚ Drink, Glas, KlÃ­nk Saund, KlÃ­nkÃ­n Glas-dáº¹m, PatÃ­, To JÃ¡m DrÃ­nkÃ­n GlÃ¡s-dáº¹m Togáº¹Ìda
ğŸ¥ƒ Glas, Há»Ìt Drink, Shá»t, Tá»Ìmbla, WiskÃ­
ğŸ¥¤ Jus, Ká»p Wit Strá», SÃ³da, SÃ³da Wá»Ìta
ğŸ§‹ Bá»Ì€bul, Bá»ÌbÃºl Tii, MÃ­lik, Páº¹al, Tii
ğŸ§ƒ Bá»ks, Drink, DrÃ­nk Bá»ks, Jus, Strá», Swit
ğŸ§‰ Drink, Matáº¹áº¹
ğŸ§Š Ais, AÃ­s Blá»k, BÃ­g AÃ­s Blá»k WÃ© De FlÃ³t ÃnsaÃ­d BÃ­g-DÃ­p-Wá»tÃ¡, Kold
ğŸ¥¢ Chá»pstik-dáº¹m, HÃ¡shi
ğŸ½ Fá»k, Fá»k An Naif Wit Plet, Kuk, Naif, Plet
ğŸ´ Fá»k, Fá»Ìk An Naif, Fá»k and Naif, Ká»Ìtláº¹Ìri: Tins To TÃ©k Chá»p Laik Spun, Naif, Fá»k, Naif, To Kuk
ğŸ¥„ Spun, TÃ©bÃºlwea: Tins WÃ© Yu De TÃ©k Chá»p Laik Spun, Naif, Fá»k, Plet, Ká»p
ğŸ”ª JapÃ¡n KÃ­chÃ­n Naif, KÃ­chÃ­n Naif, Naif, To Kuk, Tul, Wáº¹Ìpá»n
ğŸº Akweriá»s, Ãmfora, AmfÃ³ra: Ã“ldÃ­n TaÃ­m GrÃ­k á»Œ RÃ³mÃ¡n Jaa WÃ© Gáº¹Ìt TÃº Hand, Drink, Já»g, To Kuk, ZÃ³diak
ğŸŒ ÃfrÃ­ka, áº¸t, Map, RaÃºnd Wá»Ìld Map, RaÃºnd Wá»Ìld Map Wáº¹ De ShÃ³ YÃºrop-Ãfrika, Wá»ld, YÃºrop
ğŸŒ áº¸t, Glob, Land-dáº¹m WÃ© DÃ© Fá» Ná»Ìt An SaÃºt Amáº¹ÌrÃ­ka, Map, RaÃºnd Wá»Ìld Map, RaÃºnd Wá»Ìld Map WÃ© De ShÃ³ Amáº¹ÌrÃ­kas, RaÃºnd Wá»Ìld Map Wáº¹ De ShÃ³ Land-dáº¹m WÃ© DÃ© Fá» Ná»Ìt An SaÃºt Amáº¹ÌrÃ­ka, Wá»ld
ğŸŒ Ã‰shia, áº¸t, Glob, á»ŒstrÃ©lia, RaÃºnd Wá»Ìld Map WÃ© De ShÃ³ Ã‰shia-á»ŒstrÃ©lia, RaÃºnd Wá»Ìld Map Wáº¹ De ShÃ³ Land-dáº¹m WÃ© DÃ© Fá» Ã‰shia-á»ŒstrÃ©lia, Wá»ld
ğŸŒ áº¸t, Glob, Máº¹rÃ­dÃ­an Lain-dáº¹m, RaÃºnd Wá»Ìld Map Máº¹rÃ­dÃ­an Lain-dáº¹m, RaÃºnd Wá»Ìld Map Wit Máº¹rÃ­dÃ­an Lain-dáº¹m, Wá»ld
ğŸ—º Map, Wá»ld, Wá»Ìld Map
ğŸ—¾ Japan, JapÃ¡n Map, Map
ğŸ§­ Ká»Ìmpas, Ká»Ìmpas To TÃ©k NÃ³ Dairáº¹Ìkshá»n, Magnáº¹Ìtá», To FaÃ­nd Di Dairáº¹Ìkshá»n WÃ© Yu Go Fá»ÌlÃ³ GÃ³ Sá»m Ples, To HÃ³l Ká»Ìmpas An Map To TÃ©k FaÃ­nd Rod As Yu De Rá»Ìn Fá» Bush
ğŸ” Kold, MaÃºntin, MaÃºntin WÃ© Sno Ká»ÌvÃ¡ Di Tá»p, Sno
â›° Hai, MaÃºntin
ğŸŒ‹ Blo, MaÃºntin, VolkÃ¡no
ğŸ—» FÃºji, FÃºjÃ­ MaÃºntin, MaÃºntin
ğŸ• Kamp
ğŸ– Bich, Bich Wit á»ŒÌmbráº¹Ìla, Bich WÃ­t á»ŒÌmbráº¹Ìla, á»ŒÌmbráº¹Ìla
ğŸœ Dáº¹Ìzat
ğŸ AÃ­land, Dáº¹Ìzat, Dáº¹ÌzÃ¡t AÃ­land
ğŸ NÃ¡shá»ÌnÃ¡l Pak, Pak
ğŸŸ StÃ¡diá»m
ğŸ› Ã“ldÃ­n Taim, Ã“ldÃ­n TaÃ­m BÃ­ldin
ğŸ— BÃ­ldÃ­n Ká»nstrá»Ìkshá»n, Ká»nstrá»Ìkshá»n
ğŸ§± Brik, BrÃ­k, Brik-dáº¹m, KlÃ© SansÃ¡n, Má»Ìta WÃ© BrÃ­klÃ©ya De tÃ©k HÃ³l Blá»k Togáº¹Ìda, Wá»l
ğŸª¨ Háº¹Ìvi, Rá»k, Rá»k WÃ© BÃ­g Wáº¹Ìl Wáº¹l, Sá»Ìlid, Ston, Ston WÃ© BÃ­g Wáº¹Ìl Wáº¹l, Strá»ng
ğŸªµ Big Wud, TÃ­mba, Wud
ğŸ›– Haus, Há»t, Má»ngÃ³liÃ¡ PÃ­pul an Saibáº¹riÃ¡ PÃ­pul Dáº¹m Haus, RaÃºndhaus
ğŸ˜ Haus-dáº¹m
ğŸš BÃ¡d Ká»ndÃ­shá»n, Haus, Haus WÃ© DÃ© Fá» BÃ¡d Ká»ndÃ­shá»n
ğŸ  Haus, Hom
ğŸ¡ GÃ¡din, Haus, Haus Wit GÃ¡din, Hom
ğŸ¢ BÃ­ldin, á»ŒÌfÃ­s BÃ­ldin
ğŸ£ Japan, JapÃ¡n PÃ³st á»ŒÌfis, Post
ğŸ¤ Post, PÃ³st á»ŒÌfis, YÃºrop
ğŸ¥ Dá»Ìktá», Há»ÌspÃ­tal, Máº¹ÌdÃ­sin
ğŸ¦ Bank, BÃ­ldin
ğŸ¨ BÃ­ldin, Há»táº¹l
ğŸ© Há»táº¹l, Lá»v, Lá»Ìv Há»táº¹l
ğŸª Smá»Ìl Stá» WÃ© De Sáº¹Ìl DÃ­fráº¹Ìn DÃ­fráº¹Ìn Tins, Sá»Ìmtin WÃ© De MÃ©k Tins Má»Ì ÃzÃ­ To Du, Stá»
ğŸ« BÃ­ldin, Skul
ğŸ¬ BÃ­g Stá» WÃ© De Sáº¹Ìl Pláº¹ÌntÃ­ DÃ­fráº¹Ìn DÃ­fráº¹Ìn Tins, Stá», Wá»Ìn PÃ¡t á»Œf BÃ­g Ples Laik BÃ­g Stá»
ğŸ­ BÃ­ldin, FÃ¡ktri
ğŸ¯ BÃ­g Strá»Ìng BÃ­ldin, Japan, JapÃ¡n BÃ­g Strá»Ìng BÃ­ldin
ğŸ° BÃ­g Strá»Ìng BÃ­ldin, YÃºrop
ğŸ’’ Chá»ch, Lá»v, MÃ¡rej, Romans, WÃ©din
ğŸ—¼ TÃ³kyo, Tá»Ìwa
ğŸ—½ LÃ­bÃ¡ti, StÃ¡tiu, StÃ¡tiÃº á»Œf LÃ­bÃ¡ti
â›ª Chá»ch, KrÃ­stian, Krá»s, RilÃ­já»n
ğŸ•Œ Ãslam, Má»sk, MÃºslim, RilÃ­já»n
ğŸ›• HÃ­ndu, HÃ­ndÃº Táº¹Ìmpul, Táº¹Ìmpul
ğŸ• Gá»d-Haus, Ju, JÃº PÃ­pul Dáº¹m Preya Haus, JudiÃ¡ PÃ­pol Dáº¹m Preya Haus, RilÃ­já»n, SÃ­nÃ¡gá»g, Sá»Ìmtin WÃ© Ká»náº¹Ìkt Wit JÃº PÃ­pul
â›© JapÃ¡n RilÃ­já»n JujÃº Haus, JujÃº Haus, RilÃ­já»n, Shrain, Wá»Ìn á»Œf JapÃ¡n RÃ­lÃ­já»n
ğŸ•‹ Ãslam, Kaaba, MÃºslim, RilÃ­já»n
â›² Sá»Ìmtin WÃ© De Pá»Ìmp Wá»tÃ¡ GÃ³ á»Œp
â›º Kamp, Táº¹nt
ğŸŒ Fá»g, TÃ­k Klaud, TÃ­k Klaud WÃ© Ná»Ì De GrÃ­ Páº¹Ìsin SÃ­ Rod Wáº¹l
ğŸŒƒ Nait, Nait Wit Sta-dáº¹m, Sta
ğŸ™ Taun, Taun PÃ­kchá»Ì
ğŸŒ„ Di Taim WÃ© Sá»n De Ká»má»t, MaÃºntin, Má»Ìnin, Sá»n, Sá»n As I De Ká»má»Ìt á»Œn Tá»Ìp MaÃºntin
ğŸŒ… Di Taim WÃ© Sá»n De Ká»má»t, Má»Ìnin, Sá»n
ğŸŒ† áº¸ÌvrÃ­tin Yá» Ai FÃ­t Si Wáº¹Ìn YÃº LÃºk AÃºsaid At BÃ­g Land, Ãvnin, Sá»n Dá»Ìn De GÃ², Taun, Taun Im PÃ­kchá» Wáº¹Ìn Nait Dá»Ìn De NiÃ¡lÃ­ Rich
ğŸŒ‡ Sá»n, Sá»n Dá»Ìn De GÃ², Wáº¹n Nait Dá»Ìn De NiÃ¡lÃ­ Rich
ğŸŒ‰ Brij, HaÃº Brij BÃ¬ Wáº¹n YÃº LÃºk Am Fá» NaÃ­t Taim, Nait
â™¨ Há»t, Há»t Wá»tÃ¡ WÃ© De Ká»má»Ìt Frá»m ÃnsaÃ­d Graun, Sá»Ìmtin WÃ© DÃ© Há»t Wáº¹Ìl Wáº¹l, Wá»tÃ¡ WÃ© De Ká»má»Ìt Frá»m ÃnsaÃ­d Graun
ğŸ  HÃ¡pÃ­-GÃ³-RaÃºnd, Há»s
ğŸ¡ AmiÃºzmáº¹Ìnt Pak, Fáº¹Ìris, Fáº¹ÌrÃ­s Wiil, Wiil
ğŸ¢ AmiÃºzmáº¹Ìnt Pak, KÃ³sta, RÃ³la, RÃ³lÃ¡ KÃ³sta
ğŸ’ˆ BÃ¡b Hea, BÃ¡ba, Pol
ğŸª Sáº¹ká»s, Sáº¹ká»Ìs Táº¹nt, Táº¹nt
ğŸš‚ áº¸Ìnjin, Há»Ìt Ea WÃ© De Ká»má»t Wáº¹Ìn Wá»tÃ¡ De Bá»il, LokomÃ³tiv, LokomÃ³tÃ­v Tren, RelwÃ¨, Stim, Tren
ğŸšƒ Iláº¹Ìktrik, Kaa, RelwÃ¨, RelwÃ© MÃ³to, Tram, Tren, Trá»ÌlÃ­bá»s
ğŸš„ HaÃ­-spÃ­d Tren, RelwÃ¨, Spit, Tren
ğŸš… BÃºláº¹t, BÃºláº¹Ìt Tren, JapÃ¡n RelwÃ© SÃ­stáº¹m WÃ© Im Na ShÃ­nkansáº¹n, RelwÃ¨, Spid, Tren
ğŸš† RelwÃ¨, Tren
ğŸš‡ Máº¹Ìtro, Sá»ÌbwÃ¨
ğŸšˆ LaÃ­t Rel, RelwÃ¨
ğŸš‰ RelwÃ¨, StÃ©shá»n, Tren
ğŸšŠ Tram, Trá»lÃ­bá»s
ğŸš MÃ³nÃ³rel, MÃ³to
ğŸš Kaa, MaÃºntin, MaÃºntÃ­n RelwÃ¨, MÃ³to, RelwÃ¨
ğŸš‹ Kaa, MÃ³to, TrÃ¡m Kaa, Trá»ÌlÃ­bá»s
ğŸšŒ Bá»s, MÃ³to
ğŸš Bá»s, Bá»s WÃ© De Ká»Ìm WiÃ¡ Yu DÃ¨, Sá»Ìmtin WÃ© De Ká»Ìm WiÃ¡ Yu DÃ¨
ğŸš Bá»s, Tram, Trá»ÌlÃ­, Trá»lÃ­bá»s, Trá»ÌlÃ­bá»s
ğŸš Bá»s, MÃ­nibá»s, MÃ­nÃ­bá»s, Smá»Ìlbá»s
ğŸš‘ ÃmbÃºlans, MÃ³to
ğŸš’ áº¸Ìnjin, FÃ¡ya, FÃ¡yÃ¡ áº¸Ìnjin, Lá»Ìri
ğŸš“ Kaa, MÃ³to, Patrol, Polis, PolÃ­s MÃ³to
ğŸš” Kaa, MÃ³to, Polis, PolÃ­s MÃ³to WÃ© De Ká»Ìm WiÃ¡ Yu DÃ¨, Sá»Ìmtin WÃ© De Ká»Ìm WiÃ¡ Yu DÃ¨
ğŸš• MÃ³to, TaksÃ­
ğŸš– TaksÃ­ WÃ© De Ká»Ìm WiÃ¡ Yu DÃ¨
ğŸš— Kaa, MÃ³to
ğŸš˜ Kaa, MÃ³to, MÃ³to WÃ© De Ká»Ìm WiÃ¡ Yu DÃ¨, Sá»Ìmtin WÃ© De Ká»Ìm WiÃ¡ Yu DÃ¨
ğŸš™ Spá»Ìt YutÃ­lÃ­ti, Spá»Ìt YutÃ­lÃ­tÃ­ MÃ³to, Spá»Ìt YutÃ­lÃ­tÃ­ Váº¹ÌhÃ­kul, SUV
ğŸ›» MÃ³to, PÃ­k-á»p, PÃ­ká»p, PÃ­ká»Ìp
ğŸšš MÃ³to, MÃ³to WÃ© De KÃ¡rÃ­ Tins To Ká»Ìstá»Ìma-dáº¹m, To KÃ¡rÃ­ Tins To PÃ­pul
ğŸš› Lá»Ìri, TrÃ©la
ğŸšœ MÃ³to, TrÃ¡ktá»
ğŸ Kaa, MÃ³to, MÃ³to WÃ© Bi Fá» RÃ©sÃ­n Ká»mpitÃ­shá»n, RÃ©sÃ­n Ká»mpitÃ­shá»n
ğŸ MotosaÃ­kul, RÃ©sÃ­n Ká»mpitÃ­shá»n
ğŸ›µ MotosaÃ­kul, RÃ©sÃ­n Ká»mpitÃ­shá»n, SkÃºta MotosaÃ­kul
ğŸ¦½ ÃzÃ­ To Yuz, WÃ­lchia WÃ© Ná»Ì Gáº¹Ìt áº¸Ìnjin
ğŸ¦¼ ÃzÃ­ To Yuz, WÃ­lchia WÃ© Gáº¹Ìt áº¸Ìnjin
ğŸ›º Káº¹káº¹Ì Napáº¹p
ğŸš² Baik, BaÃ­sÃ­kul
ğŸ›´ KÃ­k, SkÃºta
ğŸ›¹ Bá»d, SkÃ©tbá»d
ğŸ›¼ RÃ³la, RÃ³lÃ¡ Sket, Sket
ğŸš Bá»s, Bá»Ìs Stá»p, Bá»Ìsstá»p, Stá»p
ğŸ›£ áº¸Ìspráº¹s, HaÃ­wÃ¨, Rod
ğŸ›¤ RelwÃ¨, RelwÃ© Lain, Tren
ğŸ›¢ Drá»m, á»ŒÌyil
â›½ DÃ­záº¹l, Fuáº¹l, FÃºáº¹l Pá»mp, FÃºáº¹lpá»mp, Pas, Pá»mp, StÃ©shá»n
ğŸš¨ Kaa, Lait, Lait WÃ© De Wá»Ìn DraÃ­va-dáº¹m Abaut DÃ©nja WÃ© DÃ© Fá» Rod, MÃ³to, Polis, PolÃ­s Kaa Lait, To Tá»Ìn RaÃºnd An Raund, Wá»ÌnÃ­n Lait
ğŸš¥ FlÃ¡t-an-Láº¹ÌvÃºl TrÃ¡fÃ­k Lait, Lait, SÃ­gnal, TÃ¡fik
ğŸš¦ Lait, SÃ­gnal, TÃ¡fik, TrÃ¡fÃ­k Lait WÃ© DÃ© Stret Frá»m á»ŒÌp RÃ­ch Daun
ğŸ›‘ áº¸Ìt Said, Sain, Stá»p, Stá»Ìp Sain
ğŸš§ Ká»nstrá»Ìkshá»n, RÃ³dblá»k
âš“ Ãnká», Háº¹ÌvÃ­ Ãyá»n WÃ© De HÃ³l Ship Fá» Wá»Ìn Ples, Ship, Tul
â›µ BÃ­g-DÃ­p-Wá»tÃ¡, Bot, SÃ©lbot, SÃ©lbot WÃ© Im Nem Na Yá»ch
ğŸ›¶ Bot, KenÃº
ğŸš¤ Bot, SpÃ­dbot
ğŸ›³ PÃ¡sÃ­nja, PÃ¡sÃ­njÃ¡ Ship, Ship
â›´ Bot, Fáº¹Ìri, PÃ¡sÃ­nja
ğŸ›¥ Bot, Moto Bot, Motobot
ğŸš¢ Bot, PÃ¡sÃ­nja, Ship
âœˆ EÃ¡plen, Eroplen
ğŸ›© EÃ¡plen, Eroplen, Smá»Ìl EÃ¡plen
ğŸ›« Cháº¹Ìk-In, EÃ¡plen, EÃ¡plen As I De LÃ­v EÃ¡pá»t, Eroplen, To Tá»Ìk Páº¹Ìsin á»Œ Sá»Ìmtin De GÃ³ AwÃ© Frá»m Sá»Ìmwia, To Tá»Ìk SÃ© Sá»mtins De GÃ³ AwÃ© Frá»m Sá»Ìmwia
ğŸ›¬ De Ariv, De land, Dá»Ìn Ariv, EÃ¡plen, EÃ¡plen Dá»Ìn Ariv, EÃ¡plen WÃ© De AraÃ­v Fá» EÃ¡pá»t, Eroplen
ğŸª‚ HÃ¡nd-Glaid: Wá»Ìn Tin WÃ© Ná»Ì Gáº¹Ìt áº¸Ìnjin An WÃ© Páº¹Ìsin De TÃ©k Flai, PÃ¡rÃ¡shut
ğŸ’º Chia, Sit
ğŸš Háº¹liká»Ìpta, Plen
ğŸšŸ HÃ¡ngÃ­n RÃ©lwÃ¨, RelwÃ¨, RelwÃ¨ WÃ© HÃ¡ng Fá» á»Œp, To HÃ¡ng Sá»mtin Fá» á»Œp
ğŸš  KÃ©bul, MaÃºntin, MaÃºntÃ­n KÃ©bulwÃ¨, MaÃºntÃ­n KÃ©bulwÃ¨ GondÃ³la: Di Pat WiÃ¡ PÃ­pol De Sidá»n Fá» KÃ©bÃºl MÃ³to
ğŸš¡ EriÃ¡l TrÃ¡mwÃ¨, GondÃ³la: Di Pat WiÃ¡ PÃ­pol De Sidá»n Fá» KÃ©bÃºl MÃ³to, KÃ©bu, MÃ³to Kaa, á»Œp, Tram Rod
ğŸ›° SÃ¡táº¹Ìlait, Spes
ğŸš€ Rá»Ìkáº¹t, Spes: Di Ã‰ria Fá» AÃºsaÃ­d DÃ­s Wá»ld WiÃ¡ á»ŒÌl á»ŒÌdÃ¡ PlÃ¡náº¹t-dáº¹m De Ste
ğŸ›¸ FlÃ¡yÃ­n Sá»Ìsa, UFO
ğŸ› Báº¹l, Báº¹Ìlhá»Ìp Báº¹l, Há»táº¹l
ğŸ§³ Lod, Lá»Ìgej, Pak, TrÃ¡vul
âŒ› ÃwaglÃ¡s Sand Dá»Ìn FlÃ³ FÃ­nish, Sand, TaÃ­ma
â³ Ãwaglas, ÃwaglÃ¡s Sand Náº¹ÌvÃ¡ FlÃ³ FÃ­nish, Sand, TaÃ­ma
âŒš Klá»k, Wá»ch
â° Alam, AlÃ¡m Klá»k, Klá»k
â± Klá»k, Stá»Ìpwá»ch
â² Klá»k, TaÃ­ma, TaÃ­mÃ¡ Klá»k
ğŸ•° Klá»k, Klá»k WÃ© DÃ© á»Œn Tá»Ìp Di Sháº¹lf WÃ© DÃ© AbÃ³v FÃ¡yÃ¡ples, MÃ¡ntulpÃ­s Klá»k, MÃ¡ntÃºlpÃ­s Klá»k
ğŸ•› 00, 12, 12:00, Klá»k, Oâ€™klá»k, Twáº¹lf, Twáº¹Ìlf Oâ€™klá»k
ğŸ•§ 12, 12:30, Klá»k, TÃ¡ti, Twáº¹lf, Twáº¹Ìlf-TÃ¡ti
ğŸ• 00, 1, 1:00, Klá»k, Oâ€™klá»k, Wá»n, Wá»Ìn Oâ€™klá»k
ğŸ•œ 1, 1:30, Klá»k, TÃ¡ti, Wá»n, Wá»Ìn-TÃ¡ti
ğŸ•‘ 00, 2, 2:00, Klá»k, Oâ€™klá»k, Tu, TÃº Oâ€™klá»k
ğŸ• 2, 2:30, Klá»k, TÃ¡ti, Tu, TÃº-TÃ¡ti
ğŸ•’ 00, 3, 3:00, Klá»k, Oâ€™klá»k, TÃ­ri, TÃ­rÃ­ Oâ€™klá»k
ğŸ• 3, 3:30, Klá»k, TÃ¡ti, TÃ­ri, TÃ­rÃ­-TÃ¡ti
ğŸ•“ 00, 4, 4:00, Fá»Ì€, Fá»Ì Oâ€™klá»k, Klá»k, Oâ€™klá»k
ğŸ•Ÿ 4, 4:30, Fá»Ì€, Fá»Ì-TÃ¡ti, TÃ¡ti
ğŸ•” 00, 5, 5:00, FaÃ­f, Klá»k, Oâ€™klá»k
ğŸ•  5, 5:30, FaÃ­f-TÃ¡ti, Klá»k, TÃ¡ti
ğŸ•• 0, 6, 6:00, Klá»k, Oâ€™klá»k, Siks, SÃ­ks Oâ€™klá»k
ğŸ•¡ 6, 6:30, Klá»k, Siks, SÃ­ks-TÃ¡ti, TÃ¡ti
ğŸ•– 00, 7, 7:00, Klá»k, Oâ€™klá»k, Sáº¹Ìvun, Sáº¹ÌvÃºn Oâ€™klá»k
ğŸ•¢ 7, 7:30, Klá»k, Sáº¹Ìvun, Sáº¹ÌvÃºn-TÃ¡ti, TÃ¡ti
ğŸ•— 00, 8, 8:00, áº¸t, áº¸Ìt Oâ€™klá»k, Klá»k, Oâ€™klá»k
ğŸ•£ 8, 8:30, áº¸t, áº¸Ìt-TÃ¡ti, Klá»k, TÃ¡ti
ğŸ•˜ 00, 9, 9:00, Klá»k, Nain, NaÃ­n Oâ€™klá»k, Oâ€™klá»k
ğŸ•¤ 9, 9:30, Klá»k, Nain, NaÃ­n-TÃ¡ti, TÃ¡ti
ğŸ•™ 00, 10, 10:00, Klá»k, Oâ€™klá»k, Táº¹n, Táº¹Ìn Oâ€™klá»k
ğŸ•¥ 10, 10:30, Klá»k, TÃ¡ti, Táº¹n, Táº¹Ìn-TÃ¡ti
ğŸ•š 00, 11, 11:00, Iláº¹Ìvun, Iláº¹ÌvÃºn Oâ€™klá»k, Klá»k, Oâ€™klá»k
ğŸ•¦ 11, 11:30, Iláº¹Ìvun, Iláº¹ÌvÃºn-TÃ¡ti, Klá»k, TÃ¡ti
ğŸŒ‘ Dak, Mun, NiÃº Mun, NÃ­u Mun
ğŸŒ’ Fá» Mun To Gáº¹Ìt BÃ­g Má»Ì Má», Ká»Ìv Shep, Mun, Mun Im BraÃ­t Pat, Mun Im BraÃ­t Pat Já»Ìs StÃ¡t To BÃ­g Má»Ì Má»
ğŸŒ“ Kwá»Ìta, Mun, MÃºn Im Fáº¹Ìst Kwá»Ìta
ğŸŒ” Fá» Mun To BÃ­g Má»Ì Má», GÃ­bá»s, Mun, Mun BraÃ­t Pat BÃ­g PÃ¡s HÃ¡f Di Mun
ğŸŒ• FÃºl, Mun
ğŸŒ– Fá» Mun To StÃ¡t To GÃ², GÃ­bá»s, Mun, Mun Dá»Ìn StÃ¡t To Go
ğŸŒ— Kwá»Ìta, Mun, Mun Im LÃ¡st Kwá»Ìta
ğŸŒ˜ Go, KrÃ­sáº¹nt, Mun, Mun Dá»Ìn De NiÃ¡lÃ­ GÃ³ FÃ­nish
ğŸŒ™ KrÃ­sáº¹nt, KrÃ­sáº¹Ìnt Mun, Mun
ğŸŒš Fes, Mun, NiÃº MÃºn Fes
ğŸŒ› Fes, Fáº¹Ìst Kwá»Ìta MÃºn Fes, Kwá»Ìta, Mun
ğŸŒœ Fes, Kwá»ÌtÃ¡, LÃ¡st Kwá»Ìta MÃºn Fes, Mun
ğŸŒ¡ TamÃ³mÃ­ta, Wáº¹Ìda
â˜€ Brait, Pláº¹ÌntÃ­ BraÃ­t Lait Frá»m Sá»n Shain, Sá»n
ğŸŒ Brait, Fes, Ful, FÃºl Mun Fes, Mun
ğŸŒ Brait, Fes, Sá»n, Sá»n Wit Fes
ğŸª PlÃ¡náº¹t WÃ© Ring-dáº¹m Sá»raund, SÃ¡tá»n SÃ¡tá»ÌnaÃ­n Fes, SÃ­riá»s Fes WÃ© De Váº¹ks
â­ Sta
ğŸŒŸ De Glo, GlÃ­ta, Glo, Shain, ShaÃ­nÃ­n Sta, SpÃ¡kul, Sta, Sta WÃ© De Glo
ğŸŒ  Fá»l, Shut, ShÃºtÃ­n Sta, Sta
ğŸŒŒ MÃ­lkÃ­ WÃ¨, Spes
â˜ Klaud, Wáº¹Ìda
â›… Klaud, Sá»n, Sá»n BihaÃ­nd Klaud
â›ˆ Klaud, Klaud Wit LaÃ­tnin An Ren, Ren, Tá»Ìnda
ğŸŒ¤ Klaud, Sá»n, Sá»n BihaÃ­nd Smá»l Klaud, Sá»n BihaÃ­nd Smá»Ìl Klaud
ğŸŒ¥ Klaud, Sá»n, Sá»n BihaÃ­nd BÃ­g Klaud
ğŸŒ¦ Klaud, Ren, Sá»n, Sá»n BihaÃ­nd Klaud WÃ© De BrÃ­ng Ren
ğŸŒ§ Klaud, Klaud Wit Ren, Ren
ğŸŒ¨ Klaud, Klaud Wit Sno, Kold, Sno
ğŸŒ© Klaud, Klaud Wit LaÃ­tnin, LaÃ­tnin
ğŸŒª Klaud, Strá»Ìng Wind, Tá»nÃ¡do
ğŸŒ« Fá»g, Klaud
ğŸŒ¬ Blo, Fes, Klaud, Wind, WÃ­nd Fes
ğŸŒ€ Ai De Tá»Ìn Páº¹Ìsin, Há»Ìriken, Saiklon, Taifun, TonÃ©do Wind WÃ© De Tá»Ìn RaÃºnd An Raund
ğŸŒˆ Ren, RÃ©nbo
ğŸŒ‚ Klá»t, KlÃ³z á»ŒÌmbráº¹Ìla, á»ŒÌmbráº¹Ìla, Ren
â˜‚ Klá»t, á»ŒÌmbráº¹Ìla, Ren
â˜” Drá»p, Klá»t, á»ŒÌmbráº¹Ìla, á»ŒÌmbráº¹Ìla WÃ© RÃ©n Drá»p-dáº¹m DÃ© á»Œn Tá»p, Ren
â›± á»ŒÌmbráº¹Ìla, á»ŒÌmbráº¹Ìla á»Œn Tá»Ìp Graund, Ren, Sá»n
âš¡ DÃ©nja, áº¸láº¹Ìtrik, HaÃ­ VÃ³ltej, HaÃ­ VÃ³ltÃ©j áº¸láº¹Ìtrik, LaÃ­tnin, VÃ³ltej, Zap
â„ Kold, Smá»Ìl Ais WÃ© Fá»Ìl Frá»m Skai As Sno, Sno
â˜ƒ Cold, Sno, SnÃ³man
â›„ Kold, Sno, SnÃ³man, SnÃ³man WÃ© Sno Ná»Ì DÃ© á»Œn Tá»Ìp Am
â˜„ Ká»Ìmáº¹t, Spes
ğŸ”¥ FÃ¡ya
ğŸ’§ Drop, Kold, Ple, Smá»Ìl Drá»Ìp á»Œf LÃ­kwid, Swáº¹t
ğŸŒŠ BÃ­g-DÃ­p-Wá»tÃ¡, Ã“sháº¹n, Wev, Wá»tÃ¡ Wev
ğŸƒ HÃ¡lowiin, Jak, JÃ¡k-O-Lamp, Jak-O-LÃ¡ntan, Lamp, Sáº¹librÃ©shá»n
ğŸ„ Fáº¹ÌstÃ­val, KrÃ­smÃ¡s, Tri
ğŸ† FÃ¡yÃ¡wá»ks, Sáº¹librÃ©shá»n
ğŸ‡ FÃ¡yÃ¡wá»ks, Sáº¹librÃ©shá»n, SpÃ¡kla, SpÃ¡kul
ğŸ§¨ DaÃ­nÃ¡mait, áº¸ksplÃ³siv, FÃ¡yÃ¡krÃ¡ka, FÃ¡yÃ¡wá»ks
âœ¨ *, SpÃ¡kul, SpÃ¡kuls, Sta
ğŸˆ Balun, Sáº¹librÃ©shá»n
ğŸ‰ PÃ¡ti, PÃ¡tÃ­ Pá»Ìpa, Pá»Ìpa, Sáº¹librÃ©shá»n, TÃ¡da
ğŸŠ Bá»l, Ká»nfáº¹Ìti, Sáº¹librÃ©shá»n
ğŸ‹ BÃ¡na, Japan, Sáº¹librÃ©shá»n, TanÃ¡bÃ¡tÃ¡ Tri, Tri
ğŸ BambÃº, Japan, Pain, PaÃ­n Dáº¹ká»rÃ©shá»n, Sáº¹librÃ©shá»n
ğŸ Dá»lbebÃ­, Fáº¹ÌstÃ­val, Japan, JapÃ¡n Dá»lbebÃ­-dáº¹m, Sáº¹librÃ©shá»n
ğŸ KÃ¡rp Fish, KÃ¡rp FÃ­sh StrÃ­ma, Sáº¹librÃ©shá»n, StrÃ­ma
ğŸ Báº¹l, Chaim, Sáº¹librÃ©shá»n, Wind, WÃ­nd Chaim
ğŸ‘ Fáº¹Ìstival WÃ© JapÃ¡n PÃ­pol De TÃ©k á»ŒÌná»Ì Mun, Mun, Sáº¹librÃ©shá»n, Sáº¹Ìráº¹Ìmá»Ìni
ğŸ§§ Gift, GÃºd Lá»k, Há»Ìngbao, Lai Sii, Má»Ìni, Ráº¹Ìd áº¸nváº¹Ìlop
ğŸ€ RÃ­bá»n, Sáº¹librÃ©shá»n
ğŸ Bá»ks, Gift, Gift WÃ© Dáº¹m RÃ¡p Wit Sá»Ìmtin, Práº¹Ìsáº¹nt, Rap, Sáº¹librÃ©shá»n
ğŸ— RÃ­bá»n, RÃ­bá»n To TÃ©k ShÃ³ Sá»pá»t Fá» Sá»Ìmtin á»Œ Grup, RimaÃ­nda, Sáº¹librÃ©shá»n
ğŸŸ AdmÃ­shá»Ìn TÃ­káº¹t-dáº¹m, TÃ­káº¹t, TÃ­káº¹t-dáº¹m To Gáº¹Ìt Rait To áº¸ÌntÃ¡ Sá»m Ples
ğŸ« Gáº¹Ìt Rait, TÃ­káº¹t
ğŸ– Máº¹Ìdal, MÃ­lÃ­tri, MÃ­lÃ­trÃ­ Máº¹Ìdal, Sáº¹librÃ©shá»n
ğŸ† Ká»p, Praiz
ğŸ… Máº¹Ìdal, Spá»Ìts Máº¹Ìdal
ğŸ¥‡ 1st PlÃ©s Máº¹Ìdal, Fáº¹Ìst, Gold, Máº¹Ìdal
ğŸ¥ˆ 2nd PlÃ©s Máº¹Ìdal, Máº¹Ìdal, Sáº¹Ìká»n, SÃ­lva
ğŸ¥‰ 3rd PlÃ©s Máº¹Ìdal, Bronz, Máº¹Ìdal, Táº¹d
âš½ Bá»l, FÃºtbá»l, Sá»Ìka
âš¾ BÃ©sbá»l, Bá»l
ğŸ¥ Bá»l, Glov, á»ŒÌndÃ¡ram, Sá»Ìftbá»l
ğŸ€ Baskáº¹Ìtbá»l, Bá»l, Hup
ğŸ Bá»l, Gem, Vá»Ìlibá»l
ğŸˆ Amáº¹ÌrÃ­ka, Amáº¹ÌrÃ­kÃ¡ FÃºtbá»l, Bá»l, FÃºtbá»l
ğŸ‰ Bá»l, FÃºtbá»l, Rá»Ìgbi
ğŸ¾ Bá»l, RÃ¡káº¹t, Táº¹nis
ğŸ¥ FlÃ¡yÃ­n Disk, á»ŒÌltÃ­met
ğŸ³ Bá»l, BÃ³lin, Gem
ğŸ Bat, Bá»l, Gem, KrÃ­káº¹Ìt Gem
ğŸ‘ Bá»l, Fild, FÃ­ld Há»kÃ­, Gem, Há»kÃ­, Stik
ğŸ’ AÃ­s, Gem, Há»kÃ­, Pá»k, Stik
ğŸ¥ Bá»l, Gol, Lakrá»s, Stik
ğŸ“ Bat, Bá»l, Gem, PÃ¡dul, PÃ­ng Pá»ng, TebÃºl Táº¹nis
ğŸ¸ BÃ¡dmÃ­ntin, Báº¹Ìdi, Gem, RÃ¡káº¹t, Shá»tÃºlká»k
ğŸ¥Š Bá»ÌksÃ­n, Glov
ğŸ¥‹ JÃºdo, Karet, MÃ¡shÃ¡l Ãts, MÃ¡shÃ¡l Ãts YÃºnÃ­fá»m, Taikwá»Ìndo, YÃºnÃ­fá»m
ğŸ¥… Gol, GÃ³l Náº¹t, Náº¹t
â›³ Flag WÃ© DÃ© ÃnsaÃ­d Hol, Gá»lf, Hol
â›¸ Ais, AÃ­s Sket, Sket
ğŸ£ Fish, FÃ­shÃ­n Stik, Stik, Stik WÃ© PÃ­pol De TÃ©k KÃ¡ch Fish
ğŸ¤¿ Daiv, DaÃ­vÃ­n Mask, Mask WÃ© PÃ­pol De TÃ©k DaÃ­v ÃnsaÃ­d Wá»tÃ¡, Mask WÃ© PÃ­pul De TÃ©k DaÃ­v ÃnsaÃ­d Wá»tÃ¡, SkÃºba, Sná»Ìkul
ğŸ½ Ãtláº¹Ìtiks, Rá»ÌnÃ­n Sháº¹t, Sash, Sháº¹t, Ski, Ski-dáº¹m
ğŸ¿ Skii, Skii-dáº¹m, Sno
ğŸ›· Sláº¹d, Sláº¹i, Sláº¹j
ğŸ¥Œ Gem, Ká»ÌlÃ­n Ston, Rá»k
ğŸ¯ BÃºlsai, Daat, Dairáº¹Ìkt Hit, Gem, Hit, TÃ¡gáº¹t
ğŸª€ á»ŒÌp An Daun, Tá»i, YÃ³-Yo
ğŸª Flai, Kait, RaÃ­z á»ŒÌp Hai KwÃ­k Kwik
ğŸ± 8, BÃ­liad, Bá»l, áº¸t, Gem, Pul 8 Bá»l
ğŸ”® Bá»l, Fáº¹ÌrÃ­ Tel, Fá»Ìtun, KrÃ­stal, KrÃ­stÃ¡l Bá»l, TorÃ­ Abaut SpÃ­rit-dáº¹m WÃ© Rizáº¹ÌmbÃºl TaÃ­nÃ­ HÃºmÃ¡nbin, Tul
ğŸª„ MÃ¡jik, MÃ¡jÃ­k Stik, Wich, WÃ­zad
ğŸ§¿ Bid, Cham, ÃvÃºl-Ai, ÃvÃºl-AÃ­ Talisman, Nazar, Talisman
ğŸ® Gem, Ká»ntrÃ³la, VÃ­diÃ³ Gem
ğŸ•¹ Gem, Já»Ã­stik, VÃ­diÃ³ Gem
ğŸ° GÃ¡mblÃ­n MÃ¡shin, Gem, Kalukalu, Kalukalu GÃ¡mblÃ­n Mashin
ğŸ² Dais, Gem
ğŸ§© JÃ­gsá», Pá»Ìzul, Sid
ğŸ§¸ Báº¹Ìa, Ful, PleplÃ©tin, Sá»ft, Táº¹Ìdi, Táº¹ÌdÃ­ Báº¹Ìa, Tá»i
ğŸª… PatÃ­, PinyÃ¡ta, Sáº¹librÃ©shá»n
ğŸª† Dá»lbÃ©bÃ­, Dá»lbebÃ­ ÃnsaÃ­d Aná»ÌdÃ¡ Dá»lbebÃ­, Náº¹Ìstin, PÃºt Sá»Ìmtin ÃnsaÃ­d Aná»ÌdÃ¡ Tin WÃ© Rizáº¹ÌmbÃºl Am, Rá»Ìshia
â™  Gem, Kad, Sped PlÃ©yÃ­n Kad
â™¥ Gem, Hat PlÃ©yÃ­n Kad, Kad
â™¦ DÃ¡yÃ¡má»nd PlÃ©yÃ­n Kad, Gem, Kad
â™£ Gem, Kad, Klá»b PlÃ©yÃ­n Kad
â™Ÿ Cháº¹s, Cháº¹Ìs Pá»n, Diup, Ná»Ì DÃ© Impá»Ìtant
ğŸƒ Gem, JÃ³ka, Kad, WaÃ­ldkad
ğŸ€„ Gem, MÃ¡hjá»ng, MÃ¡hjá»ng Ráº¹Ìd DrÃ¡gá»n, Ráº¹d
ğŸ´ FlÃ¡wa, FlÃ¡wÃ¡ PlÃ©yÃ­n Kad, FlÃ¡wÃ¡ PlÃ©yÃ­n Kad-dáº¹m, Gem, Japan, Kad, Ple
ğŸ­ Ãtists Dáº¹m Mask, DÃº Sá»Ìmtin, Mask, Sá»Ìmtin WÃ© Ãtist De Du, TÃ­Ã©ta, Tins WÃ© Ãtist-dáº¹m De Du
ğŸ–¼ Drá»Ìying, Frem, Miuziá»m, Pent, PÃ­kchá», PÃ­kchá» WÃ© Dáº¹m PÃºt Fá» Frem
ğŸ¨ Drá»Ìying, Miuziá»m, Plet, Plet WÃ© Ãtist De TÃ©k MÃ­ks Pent
ğŸ§µ NÃ­dul, SÃ³yin, String, Tráº¹d
ğŸª¡ áº¸ÌmbroÃ­diri, NÃ­dul, NÃ­dul Fá» SÃ³yÃ­n Klá»t, SÃ³yin, Stich, StÃ­chis, TÃ©lá» Wá»k, To SÃ³ Páº¹Ìsin Wund
ğŸ§¶ Bá»l, To Nit Klá»t, To WÃ­v Klá»t, Tred WÃ© Dáº¹m De TÃ©k MÃ©k Klá»t
ğŸª¢ Ná»t, Rop, Tai, TaÃ­ Ná»t, Twain, Twist, Twist TwÃ­st Togáº¹Ìda Fá» JagajÃ¡gÃ¡ WÃ¨
ğŸ‘“ Ai, AÃ­ GlÃ¡sis, AÃ­wia, GlÃ¡sis, Klá»t
ğŸ•¶ Ai, AÃ­wia, Dak, GlÃ¡sis, Sá»ÌnglÃ¡sis
ğŸ¥½ Gá»Ìguls, PrÃ³táº¹Ìkt Ai, SwÃ­min, Wáº¹Ìldin
ğŸ¥¼ Dá»Ìktá», áº¸spáº¹ÌrÃ­máº¹nt, LÃ¡b Kot, Sayáº¹Ìns áº¸Ìspat
ğŸ¦º ImÃ¡jáº¹Ìnsi, Klá»t, Klá»t To TÃ©k KÃ­p Páº¹Ìsin Sef, SÃ©fti
ğŸ‘” Klá»t, Tai
ğŸ‘• Klá»t, Sháº¹t, T-Sháº¹t, Tsháº¹t
ğŸ‘– Jins, Klá»t, TraÃºza
ğŸ§£ Má»Ìfla, Náº¹k, Skaf
ğŸ§¤ Glov-dáº¹m, Hand
ğŸ§¥ JÃ¡káº¹t, Kot
ğŸ§¦ Sá»ks, Stá»Ìkins
ğŸ‘— Dráº¹s, Gaun, Klá»t
ğŸ‘˜ JapÃ¡n Klá»t WÃ© Im Nem Na KimÃ³no, Klá»t
ğŸ¥» Dráº¹s, Klá»t, SÃ¡ri
ğŸ©± BÃ¡fÃ­n Klá»t, TÃº-In-Wá»Ìn SwÃ­mÃ­n Klá»t
ğŸ©² BÃ¡fÃ­n Klá»t, MÃ¡n SwÃ­mÃ­n Pant, á»Œndawia, Pant, SwÃ­mÃ­n Klá»t, TÃº-In-Wá»n
ğŸ©³ BÃ¡fÃ­n Klá»t, á»Œndawia, Pant, Shá»Ìt NÃ­ka, Shá»ÌtnÃ­ka
ğŸ‘™ BikÃ­ni, Klá»t, Swim
ğŸ‘š Klá»t, WÃºman, WÃºmÃ¡n Klá»t
ğŸ‘› Klá»t, Ká»in, Pá»s
ğŸ‘œ Bag, HÃ¡ndbag, Klá»t, Pá»s
ğŸ‘ Bag, Bag WÃ© WÃºman De HÃ³ld TaÃ­t Tait, Klá»t, Smá»Ìl Bag, WÃºmÃ¡n HÃ¡ndbag WÃ© Ná»Ì Gáº¹Ìt Rop
ğŸ› Bag, Há»táº¹l, Klá»t, Shá»Ìpin, Shá»ÌpÃ­n Bag, Shá»ÌpÃ­n Bag-dáº¹m
ğŸ’ Bag, Bag WÃ© PÃ­pil De KÃ¡rÃ­ Fá» Bak, BÃ¡kpak Bag, BÃ¡kpÃ¡k Bag, Rá»ÌksÃ¡k Bag, SÃ¡cháº¹l Bag, Skul
ğŸ©´ BÃ­ch SÃ¡ndal, BÃ­ch Shu, JÃ¡pÃ¡n SlÃ­pas, SÃ¡ndal, Shu, SlÃ­pas, Wá»tasaÃ­d SlÃ­pas
ğŸ‘ Klá»t, Man, MÃ¡n Shu, Shu
ğŸ‘Ÿ Ãtláº¹Ìtics, Klá»t, Shu, Shu Fá» Rá»Ìnin, SnÃ­kas
ğŸ¥¾ But, But WÃ© PÃ­pol De Wia Fá» WakÃ¡ GÃ³ Faa, To KÃ¡mp Fá» Sá»m Ples, To KÃ¡rÃ­ Yá» Tins ÃnsaÃ­d BÃ¡kpÃ¡k Bag, To WakÃ¡ GÃ³ Faa
ğŸ¥¿ Baláº¹Ìt FlÃ¡t Shu, FlÃ¡t Shu, SlÃ­-á»Ìn Shu, SlÃ­pas
ğŸ‘  HaÃ­-HÃ­l Shu, Hil, Klá»t, Shu, WÃºman
ğŸ‘¡ Klá»t, SÃ¡ndal, Shu, WÃºman, WÃºmÃ¡n SÃ¡ndal
ğŸ©° Baláº¹t, Baláº¹Ìt Shu, Dans, Shu Fá» TÃ©k DÃ¡ns Baláº¹Ìt Dans
ğŸ‘¢ But, Klá»t, Shu, WÃºman, WÃºmÃ¡n But
ğŸ‘‘ King, Klá»t, Kraun, Kwin
ğŸ‘’ Hat, Klá»t, WÃºman, WÃºmÃ¡n Hat
ğŸ© Hat, Klá»t, Tá»l, Tá»Ìl Hat, Tá»Ìlhat
ğŸ“ GrajuÃ©shá»n, Grajuáº¹t Sáº¹ÌrÃ­má»Ìni Kap, Hat, Kap, Klá»t, Sáº¹librÃ©shá»n
ğŸ§¢ Báº¹Ìd MaÃºt Kap, BÃ©sbá»Ìl Kap, Fes Kap
ğŸª– Ãmi, Háº¹Ìlmáº¹t, MÃ­lÃ­tri, MÃ­lÃ­trÃ­ Háº¹Ìlmáº¹t, Sá»Ìja, Wá»Ìriá»
â›‘ Fes, Hat, Háº¹Ìláº¹p, Háº¹Ìlmáº¹t, Háº¹Ìlmáº¹t WÃ© Wá»Ìkas WÃ© De SÃ©v PÃ­pol De Wia, Háº¹Ìlmáº¹t WÃ© Wá»Ìkas WÃ© De SÃ©v PÃ­pul De Wia, Krá»s
ğŸ“¿ Bid, Klá»t, Náº¹Ìkles, PrÃ©ya, PrÃ©yÃ¡ Bid, RilÃ­já»n
ğŸ’„ Ká»smáº¹Ìtiks, LÃ­pstik, MÃ©ká»p
ğŸ’ DÃ¡yÃ¡má»Ìnd, Ring
ğŸ’ DiÃ¡má»nd, Jáº¹m, Jáº¹Ìm Ston, JÃºwáº¹l, Ká»ÌslÃ­ FaÃ­n Shain-ShaÃ­n Ston
ğŸ”‡ KwÃ¡yáº¹t, LaÃºdspÃ­ka WÃ© Ná»Ì De Tá»k, Miut, SaÃ­láº¹nt, SpÃ­ka
ğŸ”ˆ LaÃºdspÃ­ka LÃ³ Vá»Ìlium, Sá»ft
ğŸ”‰ LaÃºdspÃ­ka MÃ­diÃºm Vá»Ìlium, MÃ­diá»m
ğŸ”Š Laud, LaÃºdspÃ­ka HaÃ­ Vá»Ìlium
ğŸ“¢ Laud, LaÃºdspÃ­ka, Pá»ÌblÃ­k LaÃºdspÃ­ka
ğŸ“£ HapÃ­, Máº¹Ìgafon
ğŸ“¯ Há»n, Post, PÃ³st á»ŒÌfÃ­s Há»n, PÃ³st á»ŒÌfÃ­s MÃ¡ta
ğŸ”” Báº¹l
ğŸ”• Báº¹l, Báº¹l WÃ© Gáº¹Ìt LaÃ­n Mak, Fá»bid, KwÃ¡yáº¹t, Miut, SaÃ­láº¹nt
ğŸ¼ MiÃºzik, MiÃºzÃ­kÃ¡l Ská», Ská»
ğŸµ MiÃºzik, MiÃºzÃ­kÃ¡l Not, Not
ğŸ¶ MiÃºzik, MiÃºzÃ­kÃ¡l Not-dáº¹m, Not, Not-dáº¹m
ğŸ™ Maik, Maikrofon, MiÃºzik, StÃºdio, StÃºdiÃ³ Maikrofon
ğŸš Láº¹Ìvul, Láº¹ÌvÃºl SlaÃ­dÃ¡, Láº¹ÌvÃºl SlaÃ­dÃ¡ Ká»ntrol, MiÃºzik
ğŸ› Bá»Ìtin, Ká»ntrol, Ká»ntrÃ³l Bá»Ìtin, MiÃºzik
ğŸ¤ KariÃ³káº¹, Maik, Maikrofon
ğŸ§ Háº¹Ìdfon, IÃ¡bá»d
ğŸ“» RÃ©dio, VÃ­dio
ğŸ· ÃnstrÃºmáº¹nt, MiÃºzik, Saks, Saksafon
ğŸª— Aká»Ìdiá»n, Ká»nsáº¹tÃ­na, SkwÃ­z Bá»ks
ğŸ¸ Gita, ÃnstrÃºmáº¹nt, MiÃºzik
ğŸ¹ ÃnstrÃºmáº¹nt, KÃ­bá»d, MiÃºzik, PiÃ¡no
ğŸº ÃnstrÃºmáº¹nt, MiÃºzik, Trá»Ìmpáº¹t
ğŸ» ÃnstrÃºmáº¹nt, MiÃºzik, Vayá»lin
ğŸª• BanjÃ³, MiÃºzik, String-dáº¹m
ğŸ¥ Drá»m, Drá»Ìmstik-Dáº¹m, MiÃºzik
ğŸª˜ Bit, Drá»m, KÃ³nga, Lá»Ìng Drá»m, RÃ­dim
ğŸ“± Fon, Má»Ìbail, Má»ÌbaÃ­l Fon, Sáº¹l, Táº¹lÃ­fon
ğŸ“² Ãro, Fon, Má»Ìbail, Má»ÌbaÃ­l Fon Wit Ãro, Risiv, Sáº¹l
â˜ Fon, Táº¹lÃ­fon
ğŸ“ Fon, RisÃ­va, Táº¹lÃ­fon, Táº¹lÃ­fÃ³n RisÃ­va
ğŸ“Ÿ BÃ­pa
ğŸ“  Faks, FÃ¡ks Mashin
ğŸ”‹ BÃ¡tri
ğŸ”Œ áº¸láº¹ÌtrÃ­k Plá»g, áº¸láº¹ÌtrÃ­sÃ­ti, Plá»g
ğŸ’» Ká»mpÃºta, LÃ¡ptá»p, PC, Páº¹ÌsÃ­nal
ğŸ–¥ Dáº¹Ìsktá»p, Dáº¹Ìsktá»Ìp Ká»mpÃºta, Ká»mpÃºta
ğŸ–¨ Ká»mpÃºta, PrÃ­nta
âŒ¨ KÃ­bá»d, Ká»mpÃºta
ğŸ–± Ká»mpÃºta, Ká»mpÃºtÃ¡ Maus
ğŸ–² Ká»mpÃºta, TrÃ¡kbá»l
ğŸ’½ Disk, Ká»mpÃºta, Ká»mpÃºtÃ¡ Disk, MÃ­nÃ­disk, á»ŒÌptÃ­kal, Váº¹ÌrÃ­ Smá»Ìl Disk
ğŸ’¾ Disk, Flá»ÌpÃ­, Ká»mpÃºta
ğŸ’¿ CD, Disk, Ká»mpÃºta, á»ŒÌptÃ­kal, á»ŒÌptÃ­kÃ¡l Disk
ğŸ“€ BlÃº-RÃ©, Disk, DVD, Ká»mpÃºta, á»ŒÌptÃ­kal
ğŸ§® ÃbÃ¡ká»s, KalkulÃ©shá»n
ğŸ¥ Fim, KÃ¡máº¹Ìra, MÃºvi, MÃºvÃ­ KÃ¡máº¹Ìra, Sináº¹mÃ¡
ğŸ Fim, FÃ­m Frem-dem, Frem-dáº¹m, MÃºvi, Sináº¹mÃ¡
ğŸ“½ Fim, FÃ­m Projáº¹Ìktá», MÃºvi, Projáº¹Ìktá», Sináº¹mÃ¡, VÃ­dio
ğŸ¬ KlÃ¡pa, KlÃ¡pa Bá»d, MÃºvi
ğŸ“º Táº¹lÃ­vÃ­shá»n, TV, VÃ­dio
ğŸ“· KÃ¡máº¹Ìra, VÃ­dio
ğŸ“¸ Flash, KÃ¡máº¹Ìra, KÃ¡máº¹Ìra WÃ© Gáº¹Ìt Flash, VÃ­dio
ğŸ“¹ KÃ¡máº¹Ìra, VÃ­dio, VÃ­diÃ³ KÃ¡máº¹Ìra
ğŸ“¼ Tep, VHS, VÃ­dio, VÃ­diÃ³kasáº¹t
ğŸ” Glas, MagnifÃ¡yin, MagnifÃ¡yÃ­n Glas WÃ© Báº¹Ìnd Láº¹ft, Sach, Tul
ğŸ” Glas, MagnifÃ¡yin, MagnifÃ¡yÃ­n Glas WÃ© Báº¹Ìnd Rait, Sach, Tul
ğŸ•¯ KÃ¡ndul, Lait
ğŸ’¡ Aidia, Bá»lb, áº¸láº¹Ìktrik, Lait, LaÃ­t Bá»lb, Ple, Sá»Ìmtin WÃ© De MÃ©k Páº¹Ìsin Laf
ğŸ”¦ áº¸láº¹Ìktrik, Tá»ch, Tá»Ìchlait, Tul
ğŸ® Baa, Lait, Lamp, Ráº¹d, Ráº¹Ìd PÃ©pÃ¡ Lamp
ğŸª” DÃ­ya, Lamp, á»ŒÌyil
ğŸ“” Buk, Dáº¹ká»ret, Ká»Ìva, NÃ³tbuk, NÃ³tbuk WÃ© Gáº¹Ìt FaÃ­n Ká»Ìva, To MÃ©k Sá»Ìmtin MÃ©k I Fain
ğŸ“• Buk, Kloz, KlÃ³zd Buk
ğŸ“– Buk, Ã“pÃºn Buk
ğŸ“— Buk, Grin, GrÃ­n Buk
ğŸ“˜ Blu, BlÃº Buk, Buk
ğŸ“™ Buk, á»ŒÌrÃ©nj Ká»Ìlá», á»ŒÌrÃ©nj Ká»Ìlá» Buk
ğŸ“š Buk, Buk-dáº¹m
ğŸ““ NÃ³tbuk
ğŸ“’ Láº¹Ìja, NÃ³tbuk
ğŸ“ƒ Báº¹nd, Pej, Pej WÃ© Di Maut Báº¹nd, PÃ©pa
ğŸ“œ PÃ©pa, Skrol
ğŸ“„ Pej, Pej WÃ© De FÃ©s á»Œp, PÃ©pa
ğŸ“° Niuz, NiÃºzpÃ©pa, PÃ©pa
ğŸ— Niuz, NiÃºzpÃ©pa, NiÃºzpÃ©pa WÃ© Dáº¹m RÃ³l Togáº¹Ìda, PÃ©pa, Rol
ğŸ“‘ BukmÃ¡k, Mak, MÃ¡ka, Tab-dáº¹m
ğŸ”– BukmÃ¡k, Mak
ğŸ· LÃ©báº¹l
ğŸ’° Bag, Dá»Ìla, Má»nÃ­, Má»nÃ­Bag, NaÃ­ra
ğŸª™ Gold, Ká»in, Máº¹Ìtal, Má»nÃ­, SÃ­lva, Tráº¹Ìzhá»
ğŸ’´ BÃ¡nknot, Bil, Ká»Ìráº¹Ìnsi, Má»nÃ­, Not, Yáº¹n, Yáº¹n PÃ©pÃ¡ Má»nÃ­
ğŸ’µ BÃ¡nknot, Bil, Dá»Ìla, Dá»Ìla PÃ©pÃ¡ Má»nÃ­, Ká»Ìráº¹Ìnsi, Má»nÃ­, Not
ğŸ’¶ BÃ¡nknot, Bil, Ká»Ìráº¹Ìnsi, Má»nÃ­, Not, YÃºro, YÃºro PÃ©pÃ¡ Má»nÃ­
ğŸ’· BÃ¡nknot, Bil, Ká»Ìráº¹Ìnsi, Má»nÃ­, Not, Paund, Paund PÃ©pÃ¡ Má»nÃ­
ğŸ’¸ BÃ¡nknot, Bil, Flai, Má»nÃ­, Má»nÃ­ WÃ© Gáº¹Ìt Wing, Wing
ğŸ’³ Kad, Kráº¹Ìdit, Kráº¹ÌdÃ­t Kad, Má»nÃ­
ğŸ§¾ Akaunt, BukkÃ­pin, Pruv, Risit
ğŸ’¹ Graf, Graf WÃ© ShÃ³ SÃ© Yáº¹n De GÃ³ á»Œp, Gro, Má»nÃ­, Yáº¹n
âœ‰ áº¸Ìnváº¹Ìlop, Imel, Láº¹Ìta
ğŸ“§ I-Mel, Imel, Láº¹Ìta, Mel
ğŸ“¨ áº¸Ìnváº¹Ìlop, I-mel, Imel, Ãnká»ÌmÃ­n, Láº¹Ìta, Risiv
ğŸ“© Ãro, AÃºtgÃ³yin, áº¸Ìnváº¹Ìlop, áº¸Ìnváº¹Ìlop WÃ© Dáº¹m Drá»Ì Ãro, I-Mel, Imel
ğŸ“¤ AÃºtbá»ks, AÃºtbá»Ìks Tre, Bá»ks, Dá»Ìn Sáº¹nd, Láº¹Ìta, Mel, Tre
ğŸ“¥ Bá»ks, Ãnbá»ks, Ãnbá»Ìks Tre, Láº¹Ìta, Mel, Risiv, TrÃ¨
ğŸ“¦ Bá»ks, PÃ¡kej, PÃ¡sul
ğŸ“« Kloz, Klozd, Klozd MÃ©lbá»ks Wit Flag WÃ© RÃ©z á»Œp, Mel, MÃ©lbá»ks, PÃ³stbá»ks
ğŸ“ª DÃ© Daun, Kloz, Klozd, Klozd MÃ©lbá»ks Wit Flag WÃ© DÃ© Daun, Mel, MÃ©lbá»ks, PÃ³stbá»ks
ğŸ“¬ Mel, MÃ©lbá»ks, Ã“pun, Ã“pÃºn MÃ©lbá»ks Wit Flag WÃ© RÃ©z á»Œp, PÃ³stbá»ks
ğŸ“­ DÃ© Daun, Mel, MÃ©lbá»ks, Ã“pun, Ã“pÃºn MÃ©lbá»ks Wit Flag WÃ© DÃ© Daun, PÃ³stbá»ks
ğŸ“® Mel, MÃ©lbá»ks, PÃ³stbá»ks
ğŸ—³ BÃ¡lá»t, BÃ¡lá»Ìt Bá»ks Wit BÃ¡lá»t, Bá»ks
âœ Páº¹Ìnsul
âœ’ BlÃ¡k Nib, Nib, Páº¹n
ğŸ–‹ Fauntin, Páº¹n
ğŸ–Š BaÃ­ro, Bá»Ìlpá»int, Páº¹n
ğŸ–Œ De Pent, PÃ©ntbrá»sh, PÃ©ntin
ğŸ– KrÃ©yá»n
ğŸ“ Máº¹Ìmo, Páº¹Ìnsul
ğŸ’¼ BrÃ­fkes
ğŸ“ Fail, FaÃ­l FÃ³lda, FÃ³lda
ğŸ“‚ Fail, FÃ³lda, Ã“pun, Ã“pÃºn FaÃ­l FÃ³lda
ğŸ—‚ DivaÃ­da-dáº¹m, Ãndáº¹ks, Kad, KÃ¡d Ãndáº¹Ìks DivaÃ­da-dáº¹m
ğŸ“… Det, Kaláº¹Ìnda
ğŸ“† Kaláº¹Ìnda, Kaláº¹Ìnda WÃ© Páº¹Ìsin FÃ­t TiÃ¡ Am Ká»má»t
ğŸ—’ Not, Pad, SpaÃ­ral, SpaÃ­rÃ¡l NÃ³tpad
ğŸ—“ Kaláº¹Ìnda, Pad, SpaÃ­ral, SpaÃ­rÃ¡l Kaláº¹Ìnda
ğŸ“‡ Ãndáº¹ks, KÃ¡d, RÃ³lÃ³dáº¹ks
ğŸ“ˆ Chat, Chat Wit Graf WÃ© De GÃ³ á»Œp, Dairáº¹Ìkshá»n, De GÃ³ á»Œp, Graf, Gro, Lain
ğŸ“‰ Chat, Chat Wit Graf WÃ© De GÃ³ Daun, Dairáº¹Ìkshá»n, Daun, Graf, Lain
ğŸ“Š Chat, Graf, Graf WÃ© Gáº¹Ìt WaÃ­d Lain, Graf WÃ© Gáº¹Ìt WaÃ­d Lain-dáº¹m, WaÃ­d Graf
ğŸ“‹ KlÃ­pbá»d
ğŸ“Œ Pin, PÃºshpin
ğŸ“ Pin, PÃºshpin, RaÃºnd PÃºshpin
ğŸ“ PÃ©pÃ¡klip
ğŸ–‡ lÃ­nk, pÃ©pÃ¡klip, PÃ©pÃ¡klip-dáº¹m wÃ© lÃ­nk togáº¹Ìda
ğŸ“ RÃºla, StrÃ©t RÃºla
ğŸ“ RÃºla, Sáº¹t, TrÃ¡yÃ¡ngul, TrÃ¡yÃ¡ngÃºl RÃºla
âœ‚ Ká»t, SÃ­zá»s, Tul
ğŸ—ƒ Bá»ks, Bá»ks Fá» PÃºt KÃ¡d Fail, Fail, Kad
ğŸ—„ Fail, FaÃ­l KÃ¡bÃ­náº¹t, KÃ¡bÃ­náº¹t
ğŸ—‘ WÃ©st PÃ©pÃ¡ BÃ¡skáº¹t
ğŸ”’ Klozd, Lá»kd
ğŸ”“ Lá»k, á»Œnlá»k, á»Œnlá»kd, Ã“pun
ğŸ” Ink, Lá»k, Lá»Ìkd Wit Páº¹n, Nib, Páº¹n, PraÃ­vÃ©si
ğŸ” Kii, Klozd, Lá»k, Lá»Ìkd Wit Kii, Sef
ğŸ”‘ Kii, Lá»k, PÃ¡swá»d
ğŸ— Kii, Lá»k, Old, Ã“ld Kii, SabÃ­
ğŸ”¨ HÃ¡ma, Tul
ğŸª“ Aks, Chá»p, HÃ¡cháº¹t, Ká»t, Split, Wud
â› Main, Pik, Tul
âš’ HÃ¡ma, HÃ¡ma An Pik, Pik, Tul
ğŸ›  HÃ¡ma, HÃ¡ma An SpÃ¡na, Ráº¹nch, SpÃ¡na, Tul
ğŸ—¡ DÃ¡ga, Naif, Wáº¹Ìpá»n
âš” Krá»s, Sá»d-dáº¹m, Sá»d-dáº¹m WÃ© Dáº¹m Krá»s, Wáº¹Ìpá»n
ğŸ”« Gá»n, HÃ¡ndgá»n, PÃ­stul, RÃ­vá»Ìlva, Tul, Wáº¹Ìpá»n, Wá»ÌtÃ¡ PÃ­stul
ğŸªƒ BÃ¡d Rizá»lt, BaÃºns Bak, BÃºmÃ¡rang, á»ŒstrÃ©lia
ğŸ¹ Ãro, BÃ², BÃ³ An Ãro, Páº¹Ìsin WÃ© De ShÃºt Wit BÃ³ An Ãro, SajitÃ©riá»s, ZÃ³diak
ğŸ›¡ Shild, Wáº¹Ìpá»n
ğŸªš KÃ¡pÃ­nta, KÃ¡pÃ­nta Im Sá», Sá», TÃ­mba, Tul
ğŸ”§ Ráº¹nch, SpÃ¡na, Tul
ğŸª› Skru, SkrÃºdraÃ­va, Tul
ğŸ”© Bolt, Ná»t, Ná»Ìt An Bolt, Tul
âš™ Gia, Ká»g, Ká»Ìgwil, Tul
ğŸ—œ Klamp, Ká»mpráº¹s, Tul, Vais
âš– BÃ¡lans, Balans Skel, Já»Ìstis, LÃ­bra, Skel, ZÃ³diak
ğŸ¦¯ Blaind, ÃzÃ­ To Yuz, WaÃ­t Stik, WaÃ­t Wá»kin Stik
ğŸ”— Link
â›“ Chen, Chen-dáº¹m
ğŸª Huk, Kach, Ká»v, Kruk, Sáº¹ÌlÃ­n Pá»int, Trap
ğŸ§° Máº¹ÌkÃ¡nik, Strá»Ìng Bá»ks, Tul, TÃºlbá»ks
ğŸ§² Drá», Hold, Há»Ìsshu, Magnáº¹t, Magnáº¹Ìtá»
ğŸªœ Klaimb, LÃ¡da, LÃ¡dÃ¡ Stáº¹p, Stáº¹p
âš— Aláº¹Ìmbik, Káº¹ÌmÃ­stri, Tul
ğŸ§ª áº¸spáº¹ÌrÃ­máº¹nt, Káº¹Ìmist, Káº¹ÌmÃ­stri, Lab, SÃ¡yáº¹ns, Táº¹Ìst Tub
ğŸ§« BÃ¡ktÃ©ria, Bayá»Ìlá»Ìji, Bayá»Ìlá»ÌjÃ­ áº¸Ìspat, Lab, Páº¹ÌtrÃ­ Plet
ğŸ§¬ Bayá»Ìlá»ÌjÃ­ áº¸Ìspat, DNA, ÃvolÃºshá»n, Jáº¹náº¹Ìtiks, Jiin, Laif
ğŸ”¬ MaÃ­kroskop, SÃ¡yáº¹ns, Tul
ğŸ”­ SÃ¡yáº¹ns, Táº¹lÃ­skop, Tul
ğŸ“¡ Antáº¹Ìna, Dish, SÃ¡tÃ¡lait, SÃ¡tÃ¡laÃ­t Antáº¹Ìna
ğŸ’‰ Máº¹ÌdÃ­sin, NÃ­dul, Shá»t, Sik, Sirinj
ğŸ©¸ Blid, Drá»Ìp á»Œf Blá»d, ÃnjÃºri, Máº¹ÌdÃ­sin, Máº¹nsturÃ©shá»n, Taim, To DonÃ©t Blá»d
ğŸ’Š Dá»Ìktá», Máº¹ÌdÃ­sin, Pil, Sik
ğŸ©¹ BÃ¡ndej, PlÃ¡sta
ğŸ©º Dá»Ìktá», Hat, Máº¹ÌdÃ­sin, Stáº¹teskop
ğŸšª Dá»á»
ğŸ›— áº¸ÌlivÃ©tá», Háº¹ÌvÃ­ LÃ³d MÃ¡shin, ÃzÃ­ To Yuz, Lift, LÃ¬ft, MÃ¡shin To TÃ©k KÃ¡rÃ­ á»ŒÌp Háº¹ÌvÃ­ Lod
ğŸª Imej, Lukin Glas, MÃ­rá», Rifláº¹Ìktá», Spáº¹Ìkulum
ğŸªŸ Frem, Fráº¹Ìsh Ea, Luk, Ã“punin, SÃ­ Tru, WÃ­ndo
ğŸ› Báº¹di, Há»táº¹l, Slip
ğŸ›‹ Hotáº¹l, Kauch, Lait, Sáº¹tii, Sáº¹tii An Lamp, SÃ³fa, SÃ³fa An Lait
ğŸª‘ Chia, Sit
ğŸš½ ToÃ­láº¹t, Wá»ÌtÃ¡ SÃ­stáº¹m
ğŸª  Plá»nj, PlÃºnja, ToÃ­láº¹t, Wá»ÌtÃ¡ SÃ­stáº¹m
ğŸš¿ ShÃ¡wa, Wá»tÃ¡
ğŸ› Baf, BÃ¡f BÃ©zin
ğŸª¤ Báº¹t, Fud WÃ© Dáº¹m PÃºt á»Œn Tá»Ìp Trap, MaÃºs Trap, MaÃºstrap, RÃ¡t Trap, RÃ¡ttrap, Trap
ğŸª’ RÃ©zá», Shap, Shev
ğŸ§´ Krim WÃ© De MÃ©k Bá»dÃ­ MÃ©k I Ná»Ì DÃ© Drai, LÃ³shá»n, LÃ³shá»Ìn Bá»Ìtul, Má»ischá»raÃ­za, ShampÃº, Sá»Ìnskrin
ğŸ§· BÃ©bÃ­ NÃ¡pkin, SÃ©fti Pin
ğŸ§¹ Brum, Klin, KlÃ­nin, Swip, Wich
ğŸ§º Baskáº¹t, FÃ¡min, Klá»t WÃ© Yu WÃ¡n Wá»sh, Lá»Ìndri, PÃ­knik
ğŸ§» PÃ©pÃ¡ Tá»Ìwáº¹l, RÃ³l á»Œf PÃ©pa, Tá»Ã­láº¹Ìt PÃ©pa, Tá»Ã­láº¹Ìt Rol
ğŸª£ Bá»Ìkáº¹t, Drá»m, Pel, Vat
ğŸ§¼ Baa, Baf, Fom, Klin, Sop, SÃ³pdish
ğŸª¥ Bafrum, Brá»sh, Haijin, Klin, Tins WÃ© Ká»nsÃ¡n Tit, Tit, TÃºtbrá»sh
ğŸ§½ Klin, Sok, Spá»nj
ğŸ§¯ FÃ¡ya, FÃ¡yÃ¡ áº¸kstÃ­ngwÃ­sha, Kwáº¹nch
ğŸ›’ Kart, Shá»p, Shá»Ìpin
ğŸš¬ De Smok, Sigaráº¹t, SmÃ³kin
âš° Dai, Ká»Ìfin
ğŸª¦ Báº¹rial Graund, GrÃ©vston, Sáº¹Ìmáº¹Ìtri
âš± Ash, Báº¹Ìrial, Báº¹ÌriÃ¡l Ká»ntÃ©na Fá» Ãsh á»Œf Páº¹Ìsin WÃ© Dá»Ìn Dai, Dai
ğŸ—¿ Fes, Moai, Moyai, Statiu
ğŸª§ Dáº¹má»nstrÃ©shá»n, PlÃ¡kad, Protáº¹t, Sain
ğŸ§ ATM, ATM Sain, Bank, á»Œtá»mÃ¡tik, Táº¹Ìla
ğŸš® Dá»stbin, Dá»tÃ­, Dá»tÃ­ ÃnsaÃ­d Dá»stbin
ğŸš° De Drink, KlÃ­n Wá»tÃ¡, Wá»tÃ¡
â™¿ ÃzÃ­ To Yuz, WÃ­lchiÃ¡ SÃ­mbul
ğŸš¹ LÃ¡vÃ©tri, Man, Man-dáº¹m Tá»Ã­láº¹Ìt Rum, Ráº¹Ìstrum, WC
ğŸšº LÃ¡vÃ©tri, Ráº¹Ìstrum, WC, WÃºman, WÃºman-dáº¹m Tá»Ã­láº¹Ìt Rum
ğŸš» LÃ¡vÃ©tri, Ráº¹Ìstrum, Tá»Ã­láº¹Ìt Rum, WC
ğŸš¼ BÃ©bi, BÃ©bÃ­ SÃ­mbul, Chenj
ğŸš¾ LÃ¡vÃ©tri, Ráº¹Ìstrum, WC, Wá»Ìta, Wá»ÌtÃ¡ Ká»ntÃ©na
ğŸ›‚ Ká»ntrol, PÃ¡spá»t, PÃ¡spá»Ìt Ká»ntrol
ğŸ›ƒ Ká»Ìstá»Ìm PÃ­pol
ğŸ›„ BÃ¡gej, Ká»láº¹kt, Lod, WiÃ¡ To Ká»láº¹Ìkt BÃ¡gej
ğŸ›… BÃ¡gej, Lá»Ìgej, Lá»Ìgej WÃ© PÃ­pol LÃ­v Bihaind
âš  Wá»Ìnin
ğŸš¸ Krá»Ìsin, Páº¹Ìsin WÃ© TÃ©k Láº¹g De WakÃ¡ Fá» Rod, Pikin, Smá»Ìl Pikin-dáº¹m De Krá»s, TrÃ¡fik
â›” áº¸Ìnta, Fá»bid, No, Ná»Ì, Ná»Ì Alau, Ná»Ì DÃº Am, TrÃ¡fik
ğŸš« áº¸Ìnta, Fá»bid, No, Ná»Ì, Ná»Ì Alau, Ná»Ì DÃº Am
ğŸš³ Baik, BaÃ­sÃ­kul, Fá»bid, No, NÃ³ BaÃ­sÃ­kul, NÃ³ BaÃ­sÃ­kul Hia, Ná»Ì DÃº Am
ğŸš­ Fá»bid, No, Ná»Ì, Ná»Ì DÃº Am, NÃ³ SmÃ³kin, Ná»t, SmÃ³kin
ğŸš¯ Dá»tÃ­, Fá»bid, No, NÃ³ Drá»p Drá»Ìp Dá»tÃ­ Hia, Ná»Ì DÃº Am
ğŸš± DÃ­s Wá»tÃ¡ Ná»Ì GÃºd Fá» Drink, Ná»Ìt Fá» Drink, Wá»tÃ¡
ğŸš· Fá»bid, No, Ná»Ì DÃº Am, Ná»Ì WÃ¡ka Fá» Láº¹g Hia, Ná»t, Páº¹Ìsin WÃ© De WÃ¡ka Fá» Láº¹g
ğŸ“µ Fá»bid, Fon, Má»Ìbail, No, NÃ³ Má»ÌbaÃ­l Fon, Ná»Ì YÃºz Má»ÌbaÃ­l Fon-dáº¹m Hia, Sáº¹l
ğŸ” 18, Ban, Ã‰j LÃ­mit, áº¸tÃ­n, Fá»bid, NÃ³bá»Ìdi WÃ© DÃ© á»ŒÌndÃ¡ áº¸tÃ­n Yiáº¹s, á»Œndaej
â˜¢ RÃ©dioÃ¡ktiv, Sain
â˜£ BÃ¡iohÃ¡zad, Sain
â¬† Ãro, Ãro De Pá»Ã­nt á»Œp, Dairáº¹Ìkshá»n, Ká»Ìmpas, Ná»t
â†— Ãro, Ãro De Pá»Ã­nt á»ŒÌp-Rait, Dairáº¹Ìkshá»n, IntakÃ¡dÃ­nal, Ná»Ìtist
â¡ Ãro, Ãro De Pá»Ã­nt Rait, Dairáº¹Ìkshá»n, Ist, KÃ¡dÃ­nal
â†˜ Ãro, Ãro De Pá»Ã­nt DaÃºn-Rait, Dairáº¹Ìkshá»n, IntakÃ¡dÃ­nal, SaÃºtist
â¬‡ Ãro, Ãro De Pá»Ã­nt Daun, Dairáº¹Ìkshá»n, Daun, KÃ¡dÃ­nal, Saut
â†™ Ãro, Ãro De Pá»Ã­nt DaÃºn-Láº¹ft, Dairáº¹Ìkshá»n, KÃ¡dÃ­nal, SaÃºtwáº¹st
â¬… Ãro, Ãro De Pá»Ã­nt Láº¹ft, Dairáº¹Ìkshá»n, KÃ¡dÃ­nal, Wáº¹st
â†– Ãro, Ãro De Pá»Ã­nt á»ŒÌp-Láº¹ft, Dairáº¹Ìkshá»n, KÃ¡dÃ­nal, Ná»Ìtwáº¹st
â†• Ãro, Ãro De Pá»Ã­nt á»ŒÌp An Daun
â†” Ãro, Ãro De Pá»Ã­nt Láº¹Ìft An Rait
â†© Ãro, RaÃ­t Ãro Ká»Ìv GÃ³ Láº¹ft
â†ª Ãro, Láº¹Ìft Ãro Ká»Ìv GÃ³ Rait, Láº¹Ìft Ãro Ká»Ìv GÃ³ RaÃ­t
â¤´ Ãro, RaÃ­t Ãro Ká»Ìv GÃ³ á»Œp
â¤µ Ãro, Daun, RaÃ­t Ãro Ká»Ìv GÃ³ Daun
ğŸ”ƒ Ãro, Aro-dáº¹m De MÃºv Klá»Ìk HÃ¡nd Dairáº¹Ìkshá»n, Klá»Ìk HÃ¡nd Dairáº¹Ìkshá»n, Rilod
ğŸ”„ Aro-dáº¹m Ná»Ì De MÃºv Klá»Ìk HÃ¡nd Dairáº¹Ìkshá»n, Aro-dáº¹m Ná»Ì De MÃºv Klá»Ìk HÃ¡nd WÃ¨, Bá»Ìtin Ã“pÃ³zÃ­t To Sá»n Dairáº¹Ìkshá»n, Ná»Ì Bi Klá»Ìk HÃ¡nd Dairáº¹Ìkshá»n Ãro
ğŸ”™ Ãro, BACK Ãro, Bak
ğŸ”š Ãro, Bak, END Ãro
ğŸ”› Ãro, Mak, á»Œn, ON! Ãro
ğŸ”œ Ãro, Soon, SOON Ãro
ğŸ” Ãro, á»Œp, Tá»p, TOP Ãro
ğŸ› Ples WiÃ¡ PÃ­pul De PrÃ¨, PrÃ¨, RilÃ­já»n
âš› Ãtá»m, Ãtá»Ìm SÃ­mbul, Páº¹Ìsin WÃ© BilÃ­v SÃ© Gá»d Ná»Ì DÃ¨
ğŸ•‰ HÃ­ndu, Om, RilÃ­já»n
âœ¡ DÃ©vid, JudiÃ¡ Páº¹Ìsin, RilÃ­já»n, Sta, StÃ¡ á»Œf DÃ©vid
â˜¸ BÃºdist, DhÃ¡rma, DhÃ¡rma WÃ­l, RilÃ­já»n, Wil
â˜¯ RilÃ­já»n, TÃ¡o, TÃ¡Ã³ist, Yang, Yin
âœ KrÃ­stien, Krá»s, LÃ¡tÃ­n Krá»s, RilÃ­já»n
â˜¦ KrÃ­stien, Krá»s, á»ŒÌtá»Ìdá»Ìks Krá»s, RilÃ­já»n
â˜ª Ãslam, MÃºslim, RilÃ­já»n, Sta An Mun WÃ© Ká»v
â˜® Piis, PiÃ­s SÃ­mbul
ğŸ• KÃ¡ndÃºlÃ¡brum, KÃ¡ndÃºlstand, KÃ¡ndÃºlstand WÃ© Gáº¹Ìt PÃ¡s Wá»Ìn Hand, Máº¹nÃ³ra, RilÃ­já»n
ğŸ”¯ BÃ­g Má»nÃ­, Fá»Ìtiun, Lá»k, RÃ­chis, SÃ­ks Pá»Ã­nt Sta Wit Dá»t Fá» MÃ­dul, Sta
â™ˆ Ã‰Ìriz, Ram, ZÃ³diak
â™‰ Bul, MÃ¡n-kau, Tá»Ìrus, ZÃ³diak
â™Š Jáº¹ÌmÃ­ni, Twins, ZÃ³diak
â™‹ KÃ¡nsa, Krab, ZÃ³diak
â™Œ LÃ¡yá»n, LÃ­o, ZÃ³diak
â™ Váº¹Ìgo, ZÃ³diak
â™ BÃ¡lans, Já»Ìstis, LÃ­bra, Skel-dáº¹m, ZÃ³diak
â™ Ská»Ìpio, Ská»Ìpiá»n, Ská»Ìpius, ZÃ³diak
â™ Páº¹Ìsin WÃ© De ShÃºt Wit BÃ³ An Ãro, SajitÃ©rius, ZÃ³diak
â™‘ Got, KÃ¡prÃ­ká»n, ZÃ³diak
â™’ AkwÃ©riá»s, Páº¹Ìsin WÃ© KÃ¡rÃ­ Sá»Ìmtin, Water, ZÃ³diak
â™“ Fish, PaÃ­siz, ZÃ³diak
â› á»ŒfiÃºkus, Páº¹Ìsin WÃ© KÃ¡rÃ­ Sá»Ìmtin, SÃ¡páº¹nt, Snek, ZÃ³diak
ğŸ”€ Ãro, Krá»Ìs Ãro, Shá»ÌfÃºl Trak-dáº¹m Bá»Ìtin
ğŸ” Ãro, Klá»Ìk Hand Dairáº¹Ìkshá»n, Ripit, RipÃ­t Bá»Ìtin
ğŸ”‚ Ãro, Klá»Ìk Hand Dairáº¹Ìkshá»n, RipÃ­t SÃ­ngÃºl Bá»Ìtin, Wá»Ìn Taim, Wá»ns
â–¶ Ãro, PlÃ© Bá»Ìtin, Rait, TrÃ¡yÃ¡ngul
â© Ãro, Dá»Ìbul, Fast, FÃ¡st-Fá»Ìwá»Ìd Bá»Ìtin, Fá»Ìwá»d
â­ Ãro, Náº¹Ìkst Siin, Náº¹Ìkst Trak, Náº¹Ìkst TrÃ¡k Bá»Ìtin, TrÃ¡yÃ¡ngul
â¯ Ãro, PlÃ¨, PlÃ© á» Stá»Ìp-smá»l Bá»Ìtin, Rait, Stá»Ìp-smá»l, TrÃ¡yÃ¡ngul
â—€ Ãro, Láº¹ft, Rivas, RivÃ¡s Bá»Ìtin, TrÃ¡yÃ¡ngul
âª Ãro, Dá»Ìbul, FÃ¡st RivÃ¡s Bá»Ìtin, Riwaind
â® Ãro, Di Siin Bifá»Ì DÃ­s Wá»n, Di Trak Bifá»Ì DÃ­s Wá»n, LÃ¡st TrÃ¡k Bá»Ìtin, TrÃ¡yÃ¡ngul
ğŸ”¼ Ãro, Bá»Ìtin, á»Œp, á»ŒÌp Bá»Ìtin, Ráº¹d
â« Ãro, Dá»Ìbul, FÃ¡st á»ŒÌp Bá»Ìtin
ğŸ”½ Ãro, Bá»Ìtin, Daun, DaÃºn Bá»Ìtin, Ráº¹d
â¬ Ãro, Daun, Dá»Ìbul, FÃ¡st DaÃºn Bá»Ìtin
â¸ Baa, Dá»Ìbul, Stá»Ìp-smá»l, Stá»Ìp-smá»l Bá»Ìtin, Stret
â¹ Skwea, Stá»p, Stá»Ìp Bá»Ìtin
âº Ráº¹Ìká»d, Ráº¹Ìká»Ìd Bá»Ìtin, Sáº¹Ìkul
â Ijáº¹kt, Ijáº¹Ìkt Bá»Ìtin
ğŸ¦ Fim, KÃ¡máº¹Ìra, MÃºvi, Sináº¹Ìma
ğŸ”… BraÃ­tnáº¹s, Dim, Dim Bá»Ìtin, DÃ­m Bá»Ìtin, LÃ²
ğŸ”† Brait, BraÃ­t Bá»Ìtin, BraÃ­tnáº¹s
ğŸ“¶ Antáº¹Ìna, Antáº¹ÌnÃ¡ Baa-dáº¹m, Baa, Fon, Má»Ìbail, Sáº¹Ìlfon
ğŸ“³ Fon, Má»Ìbail, Mod, Sáº¹l, Táº¹lifon, VaibrÃ©shá»n, VaibrÃ©shá»Ìn Mod
ğŸ“´ Fon, Má»Ìbail, Má»ÌbaÃ­l Fon DÃ© á»Œff, á»Œff, Sáº¹l, Táº¹lifon
â™€ WÃºman, WÃºman Sain
â™‚ Man, Man Sain
âš§ Transjáº¹Ìnda, Transjáº¹ÌndÃ¡ SÃ­mbul
âœ– KÃ¡nsul, Sain, Taims, To Má»ltiplai, x, X
â• +, Mats, Plá»s, Sain
â– -, MaÃ­ná»s, Mats, Sain
â— Ã·, Divaid, DivÃ­shá»n, Mats, Sain
â™¾ Fá» áº¸ÌvrÃ­wia, Fá»ráº¹Ìva, InfÃ­nÃ­ti, Jáº¹ÌnÃ¡ral, Ná»Ì Gáº¹Ìt LÃ­mit
â€¼ !, !!, BÃ¡ngbang, Dá»ÌbÃºl áº¸ksklamÃ©shá»n Mak, áº¸ksklamÃ©shá»n, Mak
â‰ !, !?, ?, áº¸ksklamÃ©shá»n, Kwáº¹Ìshá»n, Mak, Pá»nkchuÃ©shá»n
â“ ?, Kwáº¹Ìshá»n, Mak, Pá»nkchuÃ©shá»n
â” ?, AÃºtlain, Kwáº¹Ìshá»n, Mak, Pá»nkchuÃ©shá»n, WaÃ­t Kwáº¹Ìshá»n Mak
â• !, AÃºtlain, áº¸ksklamÃ©shá»n, Mak, Pá»nkchuÃ©shá»n, Wait áº¸ksklamÃ©shá»n Mak
â— !, áº¸ksklamÃ©shá»n, Mak, Pá»nkchuÃ©shá»n, Ráº¹Ìd áº¸ksklamÃ©shá»n Mak
ã€° Dash, Ká»v-ká»Ìv, Pá»nkchuÃ©shá»n
ğŸ’± Bank, Chenj, áº¸Ìksenj, Ká»Ìráº¹Ìnsi, Ká»Ìráº¹ÌnsÃ­ áº¸Ìkschenj, Má»nÃ­
ğŸ’² Dá»Ìla, Háº¹ÌvÃ­ Dá»ÌlÃ¡ Sain, Ká»Ìráº¹Ìnsi, Má»nÃ­
âš• Ã‰skiulÃ©piá»s Máº¹ÌdÃ­kÃ¡l Sain, Máº¹ÌdÃ­kÃ¡l Sain, Máº¹ÌdÃ­sin, Wá»Ìka-dáº¹m, Wá»Ìkas
â™» RisaÃ­kul, RisaÃ­kÃºl Sain
âšœ Fláº¹Ì-De-Lis
ğŸ”± Ãnká», Háº¹ÌvÃ­ Ãyá»Ìn Huk WÃ© De HÃ³l Ship Fá» Wá»Ìn Ples ÃnsaÃ­d Wá»tÃ¡, Sain, Ship, Spia WÃ© Gáº¹Ìt TÃ­rÃ­ Maut, TraÃ­dáº¹nt, Traidáº¹Ìnt Sain, Tul
ğŸ“› Baj, Nem, NÃ©m Baj
ğŸ”° BigÃ­na, JapÃ¡n, JapÃ¡n Sain Fá» BigÃ­na, Lif, Sháº¹Ìvrá»n
â­• Big, o, Ráº¹d, Ráº¹d Sáº¹Ìkul WÃ© Gáº¹Ìt Hol, Sáº¹Ìkul
âœ… âœ“, Bá»Ìtin, Cháº¹k, Cháº¹Ìk MÃ¡k Bá»Ìtin, Gud, Mak
â˜‘ âœ“, Bá»ks, Cháº¹k, Cháº¹Ìk Bá»ks Wit Cháº¹k, Gud, GÃºd Bá»ks Wit Gud
âœ” Cháº¹k, Cháº¹Ìk Mak, Gud, Mak
âŒ Ã—, KÃ¡nsul, Krá»s, Krá»Ìs Mak, Mak, Má»ltiplai, Taims, X
â Krá»Ìs MÃ¡k Bá»Ìtin, Mak, Skwea, x, X
â° Raund, RaÃºnd ShÃ©p Rop, Rop
â¿ Dá»ÌbÃºl, Dá»ÌbÃºl RaÃºnd ShÃ©p Rop, RaÃºnd, Rop
ã€½ Mak, Pat, PÃ¡t á»ŒltanÃ©shá»n Mak
âœ³ Astáº¹Ìrisk, Astáº¹Ìrisk WÃ© Gáº¹Ìt áº¸Ìt Spok
âœ´ Sta, Sta WÃ© Gáº¹Ìt áº¸Ìt Pá»int
â‡ SpÃ¡kul
Â© c, Ká»ÌpÃ­rait
Â® r, Ráº¹ÌjÃ­sta
â„¢ Mak, TM, TrÃ©d Mak, TrÃ©dmak
ğŸ”  AB(Ch)D, AB(Ch)D-dáº¹m, ABCD, BÃ­g AB(Ch)D, LÃ¡tin, Put, PÃºt LÃ¡tin BÃ­g Láº¹Ìta-dáº¹m
ğŸ”¡ ab(ch)d, AB(Ch)D-dáº¹m, abcd, LÃ¡tin, Put, PÃºt LÃ¡tin Smá»Ìl Láº¹Ìta-dáº¹m, Smá»Ìl AB(Ch)D
ğŸ”¢ 1234, Ná»Ìmba-dáº¹m, Ná»Ìmbas, Put, PÃºt Ná»Ìmba-dáº¹m
ğŸ”£ ã€’â™ª&amp;%, Put, PÃºt Sain-dáº¹m
ğŸ”¤ ab(ch), AB(Ch)D, AB(Ch)D-dáº¹m, LÃ¡tin, Put, PÃºt LÃ¡tin Láº¹Ìta-dáº¹m
ğŸ…° a, A Bá»Ìtin (Blá»Ìd Taip)
ğŸ† ab, AB Bá»Ìtin (Blá»Ìd Taip), Blá»Ìd Taip
ğŸ…± b, B Bá»Ìtin (Blá»Ìd Taip), Blá»Ìd Taip
ğŸ†‘ cl, CL Bá»Ìtin
ğŸ†’ Cool, COOL Bá»Ìtin
ğŸ†“ FREE Bá»Ìtin, Fri
â„¹ i, Ãnfá»mÃ©shá»n
ğŸ†” AÃ­dáº¹ÌntÃ­ti, id, ID Bá»Ìtin
â“‚ m, M WÃ© Dáº¹m Drá»Ì Sáº¹ÌkÃºl RaÃºnd Am, Sáº¹ÌkÃºl
ğŸ†• New, NEW Bá»Ìtin, Niu
ğŸ†– ng, NG Bá»Ìtin
ğŸ…¾ Blá»Ìd Taip, o, O Bá»Ìtin (Blá»Ìd Taip)
ğŸ†— OK, OK Bá»Ìtin
ğŸ…¿ P Bá»Ìtin, PÃ¡kin
ğŸ†˜ Háº¹Ìláº¹p, sos, SOS Bá»Ìtin
ğŸ†™ Mak, á»Œp, Up, UP! Bá»Ìtin
ğŸ†š Váº¹sá»s, vs, VS Bá»Ìtin
ğŸˆ â€œHiaâ€, JapÃ¡n Bá»Ìtin Fá» â€œHiaâ€, JapÃ¡n PÃ­pol, KatÃ¡kanÃ¡, ã‚³ã‚³
ğŸˆ‚ â€œSÃ¡vÃ­s Chajâ€, JapÃ¡n Bá»Ìtin Fá» â€œSÃ¡vÃ­s Chajâ€, JapÃ¡n PÃ­pol, KatÃ¡kanÃ¡, ã‚µ
ğŸˆ· â€œMá»Ìnt Bai Má»Ìnt Amauntâ€, JapÃ¡n Bá»Ìtin Fá» â€œMá»Ìnt Bai Má»Ìnt Amauntâ€, JapÃ¡n PÃ­pol, JapÃ¡n RaÃ­tin, æœˆ
ğŸˆ¶ â€œNá»Ì Bi FrÃ­ á»Œf Chajâ€, JapÃ¡n Bá»Ìtin Fá» â€œNá»Ì Bi FrÃ­ á»Œf Chajâ€, JapÃ¡n PÃ­pol, JapÃ¡n RaÃ­tin, æœ‰
ğŸˆ¯ â€œRizav Fá» Sá»Ìmbá»Ìdiâ€, JapÃ¡n Bá»Ìtin Fá» â€œRizavâ€, JapÃ¡n PÃ­pol, JapÃ¡n RaÃ­tin, æŒ‡
ğŸ‰ â€œGÃ­vawÃ© Praizâ€, JapÃ¡n Bá»Ìtin Fá» â€œGÃ­vawÃ© Praizâ€, JapÃ¡n PÃ­pol, JapÃ¡n RaÃ­tin, å¾—
ğŸˆ¹ Diskaunt&quot;, IdiÃ³graf, Japan, JapÃ¡n &quot;Diskaunt&quot; Bá»Ìtin, JapÃ¡n Bá»Ìtin Fá» â€œDiskauntâ€ Bá»Ìtin, å‰²
ğŸˆš â€œFrÃ­ á»Œf Chajâ€, JapÃ¡n Bá»Ìtin Fá» â€œFrÃ­ á»Œf Chajâ€, JapÃ¡n PÃ­pol, JapÃ¡n RaÃ­tin, ç„¡
ğŸˆ² &quot;Ná»Ì DÃº Am&quot;, â€œFá»bidâ€, JapÃ¡n Bá»Ìtin Fá» â€œFá»bidâ€, JapÃ¡n PÃ­pol, JapÃ¡n RaÃ­tin, ç¦
ğŸ‰‘ â€œAsáº¹ptâ€, JapÃ¡n Bá»Ìtin Fá» â€œAsáº¹ptâ€, JapÃ¡n PÃ­pol, JapÃ¡n RaÃ­tin, å¯
ğŸˆ¸ â€œAplikÃ©shá»nâ€, JapÃ¡n Bá»Ìtin Fá» â€œAplaiâ€, JapÃ¡n Bá»Ìtin Fá» â€œAplikÃ©shá»nâ€, JapÃ¡n PÃ­pol, JapÃ¡n RaÃ­tin, ç”³
ğŸˆ´ â€œMak To TÃ©k PÃ¡s áº¸kzamâ€, JapÃ¡n Bá»Ìtin Fá» â€œMak To TÃ©k PÃ¡s áº¸kzamâ€, JapÃ¡n PÃ­pol, JapÃ¡n RaÃ­tin, åˆ
ğŸˆ³ â€œVÃ¡kÃ¡nsi DÃ¨â€, â€œWá»k DÃ¨â€, JapÃ¡n Bá»Ìtin Fá» â€œVÃ¡kÃ¡nsi DÃ¨â€, JapÃ¡n Bá»Ìtin Fá» â€œWá»k DÃ¨â€, JapÃ¡n PÃ­pol, JapÃ¡n RaÃ­tin, ç©º
ãŠ— &quot;Wáº¹Ìldá»n&quot;, â€œKá»ngratulÃ©shá»nâ€, JapÃ¡n Bá»Ìtin Fá» &quot;Wáº¹Ìldá»n&quot;, JapÃ¡n Bá»Ìtin Fá» â€œKá»ngratulÃ©shá»nâ€, JapÃ¡n PÃ­pol, JapÃ¡n RaÃ­tin, ç¥
ãŠ™ â€œSÃ­kritâ€, JapÃ¡n Bá»Ìtin Fá» â€œSÃ­kritâ€, JapÃ¡n PÃ­pol, JapÃ¡n RaÃ­tin, ç§˜
ğŸˆº â€œÃ“pÃºn Fá» BÃ­znáº¹sâ€, JapÃ¡n Bá»Ìtin Fá» â€œÃ“pÃºn Fá» BÃ­záº¹sâ€, JapÃ¡n Bá»Ìtin Fá» â€œÃ“pÃºn Fá» BÃ­znáº¹sâ€, JapÃ¡n PÃ­pol, JapÃ¡n RaÃ­tin, å–¶
ğŸˆµ â€œVÃ¡kÃ¡nsi Ná»Ì DÃ¨â€, â€œWá»k Ná»Ì DÃ¨â€, JapÃ¡n Bá»Ìtin Fá» â€œVÃ¡kÃ¡nsi Ná»Ì DÃ¨â€, JapÃ¡n Bá»Ìtin Fá» â€œWá»k Ná»Ì DÃ¨â€, JapÃ¡n PÃ­pol, JapÃ¡n RaÃ­tin, æº€
ğŸ”´ Jiá»Ìmáº¹Ìtri, Ráº¹d, Ráº¹Ìd Sáº¹Ìkul, Sáº¹Ìkul
ğŸŸ  á»ŒÌrÃ©nj Ká»Ìlá», á»ŒÌrÃ©nj Ká»Ìlá» Sáº¹Ìkul, Sáº¹Ìkul
ğŸŸ¡ Sáº¹Ìkul, Yáº¹ÌlÃ³
ğŸŸ¢ Grin, GrÃ­n Sáº¹Ìkul, Sáº¹Ìkul
ğŸ”µ Blu, BlÃº Sáº¹Ìkul, Jiá»Ìmáº¹Ìtri, Sáº¹Ìkul
ğŸŸ£ Pá»ÌpÃºl Ká»Ìlá», Pá»ÌpÃºl Ká»Ìlá» Sáº¹Ìkul, Sáº¹Ìkul
ğŸŸ¤ Braun, BraÃºn Sáº¹Ìkul, Sáº¹Ìkul
âš« BlÃ¡k Sáº¹Ìkul, Jiá»Ìmáº¹Ìtri, Sáº¹Ìkul
âšª Jiá»Ìmáº¹Ìtri, Sáº¹Ìkul, WaÃ­t Sáº¹Ìkul
ğŸŸ¥ Ráº¹d, Ráº¹Ìd Skwea, Skwea
ğŸŸ§ á»ŒÌrÃ©nj Ká»Ìlá», á»ŒÌrÃ©nj Ká»Ìlá» Skwea, Skwea
ğŸŸ¨ Skwea, Yáº¹ÌlÃ³
ğŸŸ© Grin, GrÃ­n Skwea, Skwea
ğŸŸ¦ Blu, BlÃº Skwea, Skwea
ğŸŸª Pá»ÌpÃºl Ká»Ìlá», Pá»ÌpÃºl Ká»Ìlá» Skwea, Skwea
ğŸŸ« Braun, BraÃºn Skwea, Skwea
â¬› BlÃ¡k BÃ­g Skwea, Jiá»Ìmáº¹Ìtri, Skwea
â¬œ Jiá»Ìmáº¹Ìtri, Skwea, WaÃ­t BÃ­g Skwea
â—¼ BlÃ¡k MÃ­diá»Ìm SaÃ­z Skwea, Jiá»Ìmáº¹Ìtri, Skwea
â—» Jiá»Ìmáº¹Ìtri, Skwea, WaÃ­t MÃ­diá»Ìm SaÃ­z Skwea
â—¾ BlÃ¡k MÃ­diá»Ìm-Smá»Ìl Skwea, Jiá»Ìmáº¹Ìtri, Skwea
â—½ Jiá»Ìmáº¹Ìtri, Skwea, WaÃ­t MÃ­diá»Ìm-Smá»Ìl Skwea
â–ª BlÃ¡k Smá»Ìl Skwea, Jiá»Ìmáº¹Ìtri, Skwea
â–« Jiá»Ìmáº¹Ìtri, Skwea, WaÃ­t Smá»Ìl Skwea
ğŸ”¶ BÃ­g á»ŒÌrÃ©nj Ká»Ìlá»Ì DÃ¡yÃ¡má»nd, DÃ¡yÃ¡má»nd, Jiá»Ìmáº¹Ìtri, á»ŒÌrÃ©nj Ká»Ìlá»
ğŸ”· BÃ­g BlÃº DÃ¡yÃ¡má»nd, Blu, DÃ¡yÃ¡má»nd, Jiá»Ìmáº¹Ìtri
ğŸ”¸ DÃ¡yÃ¡má»nd, Jiá»Ìmáº¹Ìtri, á»ŒÌrÃ©nj Ká»Ìlá», Smá»Ìl á»ŒÌrÃ©nj Ká»Ìlá»Ì DÃ¡yÃ¡má»nd
ğŸ”¹ Blu, DÃ¡yÃ¡má»nd, Jiá»Ìmáº¹Ìtri, Smá»Ìl BlÃº DÃ¡yÃ¡má»nd
ğŸ”º Jiá»Ìmáº¹Ìtri, Ráº¹d, Ráº¹Ìd TrÃ¡yÃ¡ngul WÃ© De Pá»Ã­nt á»Œp
ğŸ”» Jiá»Ìmáº¹Ìtri, Ráº¹d, Ráº¹Ìd TrÃ¡yÃ¡ngul WÃ© De Pá»Ã­nt Daun
ğŸ’  DÃ¡yÃ¡má»nd, DÃ¡yÃ¡má»nd Wit Dá»t Fá» MÃ­dul, Ãnsaid, Jiá»Ìmáº¹Ìtri
ğŸ”˜ Bá»Ìtin, Jiá»Ìmáº¹Ìtri, RÃ©diÃ³
ğŸ”³ Bá»ÌdÃ¡-Lain, Bá»Ìtin, Jiá»Ìmáº¹Ìtri, Skwea, WaÃ­t SkweÃ¡ Bá»Ìtin
ğŸ”² BlÃ¡k SkweÃ¡ Bá»Ìtin, Bá»Ìtin, Jiá»Ìmáº¹Ìtri, Skwea
ğŸ Cháº¹Ìkad, Flag, Flag WÃ© Dáº¹m Drá»Ì Skwea Skwea á»Œn Tá»p, Res, Rá»n, Skwea Skwea
ğŸš© Post, TrÃ¡yÃ¡ngul Flag
ğŸŒ Bin Krá»s, Flag-dáº¹m WÃ© Krá»Ìs Ãch á»ŒÌda, JapÃ¡n PÃ­pol, Krá»s, Krá»Ìs Flag-dáº¹m, Sáº¹librÃ©shá»n
ğŸ´ BlÃ¡k Flag, Wev
ğŸ³ WaÃ­t Flag, Wev
ğŸ³â€ğŸŒˆ RÃ©nbo, RÃ©nbo Flag, Wev
ğŸ³â€âš§ Flag, LaÃ­t Blu, Pink, Transjáº¹Ìnda, Wait
ğŸ´â€â˜  Ãm-Rá»Ìbiri, Já»lÃ­ RÃ³ja, PaÃ­ret, PaÃ­ret Flag, Tráº¹Ìzhá»
Â¢ Sáº¹nt
$ Dá»Ìla, Má»nÃ­, Páº¹Ìso, USD
Â£ EGP, GBP, Ká»Ìráº¹Ìnsi, Paund
Â¥ CNY, JPY, Ká»Ìráº¹Ìnsi, Yáº¹n, Yuan
â‚¥ Mil
â‚© KPW, KRW, Wá»n
â‚¬ EUR, Ká»Ìráº¹Ìnsi, YÃºro
â‚± Páº¹Ìso
â‚¹ ÃndiÃ¡ RÃºpi, Ká»Ìráº¹Ìnsi, RÃºpi
â‚½ Ká»Ìráº¹Ìnsi, RÃºbul
â‚¿ BÃ­tká»Ìin, BTC, BTK
Â¹ Supaskript, SupaskrÃ­pt Wá»n, Wá»n
Â² Skwea, Supaskript, SupaskrÃ­pt Tu, Tu
Â³ Kiub, Supaskript, SupaskrÃ­pt Tri, Tri
Âµ MaÃ­krÃ³ Sain, Máº¹Ìzhá»
