{ abrir parÃªnteses, chaveta, chaveta esquerda, parÃªntese, parÃªntesis
ğŸ» cor de pele, cor de pele clara, tez clara, tipo de pele 1â€“2
ğŸ¼ cor de pele, cor de pele clara (mÃ©dia), tez clara (mÃ©dia), tipo de pele 3
ğŸ½ cor de pele, cor de pele mÃ©dia, tez mÃ©dia, tipo de pele 4
ğŸ¾ cor de pele, cor de pele escura (mÃ©dia), tez escura (mÃ©dia), tipo de pele 5
ğŸ¿ cor de pele, cor de pele escura, tez escura, tipo de pele 6
â€¾ traÃ§o subscrito
_ sublinhado, traÃ§o baixo, traÃ§o inferior
- hÃ­fen, hÃ­fen-menos, menos, traÃ§o
â€ hÃ­fen, risca de uniÃ£o, tirete, traÃ§o de uniÃ£o
â€“ meia-risca, meio-traÃ§o, traÃ§o, traÃ§o de ligaÃ§Ã£o, traÃ§o mÃ©dio
â€” traÃ§o, travessÃ£o
â€• barra, barra horizontal, linha, travessÃ£o
ãƒ» katakana, katakana - ponto central, ponto central, ponto mediano
, vÃ­rgula
ØŒ Ã¡rabe, vÃ­rgula, virgula Ã¡rabe
ã€ ideogrÃ¡fica, vÃ­rgula
; ponto e vÃ­rgula
Ø› Ã¡rabe, ponto e vÃ­rgula, ponto e vÃ­rgula Ã¡rabe
: dois pontos
! exclamaÃ§Ã£o, ponto de exclamaÃ§Ã£o
Â¡ exclamaÃ§Ã£o, invertido, ponto de exclamaÃ§Ã£o, ponto de exclamaÃ§Ã£o invertido
? pergunta, ponto de interrogaÃ§Ã£o
Â¿ interrogaÃ§Ã£o, invertido, ponto de interrogaÃ§Ã£o, ponto de interrogaÃ§Ã£o invertido
ØŸ Ã¡rabe, interrogaÃ§Ã£o, ponto de interrogaÃ§Ã£o, ponto de interrogaÃ§Ã£o Ã¡rabe
. ponto, ponto final
â€¦ pontos de reticÃªncia, pontos de suspensÃ£o, reticÃªncias, trÃªs pontos
ã€‚ ideograma, ideograma de ponto final, ponto, ponto final
Â· mediano, ponto, ponto mÃ©dio
' apÃ³strofo, aspas, aspas simples, plica
â€˜ apÃ³strofo, apÃ³strofo esquerdo, aspas, aspas curvas
â€™ apÃ³strofo, apÃ³strofo direito, aspas, aspas curvas
â€š apÃ³strofo, apÃ³strofo direito inferior, aspas, aspas inferiores
â€œ aspas, aspas duplas, aspas esquerdas, aspas inteligentes, aspas retas
â€ aspas, aspas direitas, aspas duplas, aspas inteligentes, aspas retas
â€ aspas, aspas direitas inferiores, aspas duplas, aspas inferiores, aspas inteligentes
Â« Ã¢ngulo, aspas, aspas em linha esquerdas, aspas francesas, chevron, esquerda
Â» Ã¢ngulo, aspas, aspas em linha direitas, aspas francesas, chevron, direita
) fechar parÃªnteses, parÃªntese, parÃªntese curvo, parÃªntese direito, parÃªntesis
[ abrir parÃªnteses, colchete, parÃªntese, parÃªntese reto, parÃªntese reto esquerdo, parÃªntesis
] colchete, fechar parÃªnteses, parÃªntese, parÃªntese reto, parÃªntese reto direito, parÃªntesis
} chaveta, chaveta direita, fechar parÃªnteses, parÃªntese, parÃªntesis
ã€ˆ abrir parÃªnteses, chevron, parÃªntese, parÃªntese angular, parÃªntese angular esquerdo, parÃªntese em Ã¢ngulo, parÃªntesis
ã€‰ chevron, fechar parÃªnteses, parÃªntese, parÃªntese angular, parÃªntese angular direito, parÃªntese em Ã¢ngulo, parÃªntesis
ã€Š abrir parÃªnteses, parÃªntese, parÃªntese angular duplo, parÃªntese angular duplo esquerdo, parÃªntesis
ã€‹ fechar parÃªnteses, parÃªntese, parÃªntese angular duplo, parÃªntese angular duplo direito, parÃªntesis
ã€Œ abrir parÃªnteses, parÃªntese, parÃªntese de canto, parÃªntese de canto esquerdo
ã€ fechar parÃªnteses, parÃªntese, parÃªntese de canto, parÃªntese de canto direito
ã€ parÃªntese de canto branco esquerdo
ã€ parÃªntese de canto branco direito
ã€ abrir parÃªnteses, parÃªntese, parÃªntese lenticular, parÃªntese lenticular preto esquerdo, parÃªntesis
ã€‘ fechar parÃªnteses, parÃªntese, parÃªntese lenticular, parÃªntese lenticular preto direito, parÃªntesis
ã€” abrir parÃªnteses, parÃªntese, parÃªntese de tartaruga, parÃªntese de tartaruga esquerdo, parÃªntesis
ã€• fechar parÃªnteses, parÃªntese, parÃªntese de tartaruga, parÃªntese de tartaruga direito, parÃªntesis
ã€– parÃªntese lenticular branco esquerdo
ã€— parÃªntese lenticular branco direito
Â§ parÃ¡grafo, parte, secÃ§Ã£o, sÃ­mbolo de parÃ¡grafo
Â¶ alÃ­nea, marca de parÃ¡grafo, parÃ¡grafo, sinal de parÃ¡grafo
@ arroba, marca de arroba, sinal de arroba
* asterisco, carÃ¡ter universal, estrela
/ barra, traÃ§o oblÃ­quo
\ barra invertida, traÃ§o oblÃ­quo invertido
& e, E comercial, et
# cardinal, cerquilha, hashtag, nÃºmero
% percentagem, por cento, porcento
â€° permilagem, por mil
â€  adaga, cruz, obelisco, Ã³belo
â€¡ adaga, duplo, obelisco, Ã³belo
â€¢ marca, marca de lista, ponto
â€§ hÃ­fen, ponto, ponto de hifenizaÃ§Ã£o
â€² apÃ³strofo, plica
â€³ apÃ³strofo, apÃ³strofo duplo, aspas, plica dupla
â€´ apÃ³strofo, apÃ³strofo triplo, plica tripla
â€» marca de referÃªncia
â‚ asterismo
` acento, grave, tom
Â´ acento, agudo, tom
^ acento, chapÃ©u, circunflexo, sinal de omissÃ£o
Â¨ Ã¡pice, Ã¡pices, diÃ©rese, trema
Â° grau, hora, prova
â„— direitos de autor, fonograma, sÃ­mbolo de direitos de autor de fonograma, som
â† esquerda, para a esquerda, seta, seta a apontar para a esquerda
â†š barra com seta para a esquerda
â†’ direita, para a direita, seta, seta a apontar para a direita
â†› barra com seta para a direita
â†‘ cima, para cima, seta, seta a apontar para cima
â†“ baixo, para baixo, seta, seta a apontar para baixo
â†œ seta ondulada para a esquerda
â† seta ondulada para a direita
â† seta de duas pontas para a esquerda
â†Ÿ seta de duas pontas para cima
â†  seta de duas pontas para a direita
â†¡ seta de duas pontas para baixo
â†¢ seta para a esquerda com cauda
â†£ seta para a direita com cauda
â†¤ seta para a esquerda da barra
â†¥ seta para cima da barra
â†¦ seta para a direita da barra
â†§ seta para baixo da barra
â‡… baixo, cima, para baixo, para cima, seta, setas a apontar para cima e para baixo
â‡† direita, esquerda, para a direita, para a esquerda, seta, setas a apontar para a esquerda e direita, setas a apontar para a esquerda e para a direita
âˆ† delta, triÃ¢ngulo
âˆ‡ nabla, triÃ¢ngulo
âˆˆ conjunto, contÃ©m, elemento, elemento de, membro, pertence, pertence a
+ adiÃ§Ã£o, mais, sinal de mais
Â± mais-menos
Ã· dividir, divisÃ£o, sÃ­mbolo de divisÃ£o, sinal de divisÃ£o
Ã— multiplicaÃ§Ã£o, multiplicar, sinal de multiplicaÃ§Ã£o, vezes
< etiqueta, fechar etiqueta, menor, menor que
= Ã© igual a, igual
â‰  desigual, desigualdade, diferente, nÃ£o igual
> etiqueta, fechar etiqueta, maior, maior que
Â¬ nÃ£o, negaÃ§Ã£o
| barra, barra vertical, linha, linha vertical, pipe, traÃ§o vertical
~ til
âˆ’ menos, sinal de menos, subtrair
â» menos, sobrescrito
âˆš base aritmÃ©tica, quadrada, radical, radiciaÃ§Ã£o, raiz
âˆ infinito, sÃ­mbolo de infinito
âˆ© conjunto, interseÃ§Ã£o, intersecÃ§Ã£o
âˆª coleÃ§Ã£o, conjunto, reuniÃ£o, uniÃ£o
â‰ˆ aproximaÃ§Ã£o, aproximado, quase igual
â‰¡ exato, idÃªntico, idÃªntico a, triplo
â‰¤ desigual, desigualdade, igual, igual a, menor ou igual, menor que
â‰¥ desigual, desigualdade, igual, igual a, maior ou igual, maior que
âŠ‚ conjunto, subconjunto, subconjunto de
â–² cima, para cima, preenchido, seta, triÃ¢ngulo, triÃ¢ngulo preenchido a apontar para cima
â–¼ baixo, para baixo, preenchido, seta, triÃ¢ngulo, triÃ¢ngulo preenchido a apontar para baixo
â—Š diamante, losango, rombo
â—‹ anel, cÃ­rculo, cÃ­rculo vazio
â— cÃ­rculo, cÃ­rculo preenchido
â—¯ anel, cÃ­rculo, cÃ­rculo vazio grande
â™ª colcheia, mÃºsica, nota
â™­ bemol, mÃºsica, nota
â™¯ mÃºsica, nota, sustenido
ğŸ˜€ cara, cara sorridente, sorriso
ğŸ˜ƒ aberta, boca, cara, cara sorridente com olhos bem abertos, sorriso
ğŸ˜„ aberta, boca, cara, cara a sorrir com boca aberta e olhos sorridentes, olho, sorriso
ğŸ˜ cara, cara sorridente com olhos sorridentes, olho, sorriso
ğŸ˜† aberta, boca, cara, cara a sorrir com boca aberta e olhos bem fechados, riso, satisfaÃ§Ã£o, sorriso
ğŸ˜… aberta, cara, cara a sorrir com boca aberta e suor, frio, sorriso, suor
ğŸ¤£ a rebolar no chÃ£o a rir, cara, chÃ£o, rebolar, rir
ğŸ˜‚ cara, cara com lÃ¡grimas de felicidade, felicidade, lÃ¡grimas, riso, sorriso
ğŸ™‚ cara, cara a sorrir ligeiramente, sorriso
ğŸ™ƒ ao contrÃ¡rio, cara, cara ao contrÃ¡rio
ğŸ˜‰ cara, cara a piscar o olho, piscadela
ğŸ˜Š cara, cara a sorrir com olhos sorridentes, corado, olho, sorriso
ğŸ˜‡ anjo, aurÃ©ola, cara, cara a sorrir com aurÃ©ola, conto de fadas, fantasia, inocente, sorriso
ğŸ¥° amor, apaixonado, cara sorridente com coraÃ§Ãµes, paixÃ£o
ğŸ˜ amor, cara, cara a sorrir com olhos em forma de coraÃ§Ã£o, coraÃ§Ã£o, olho, sorriso
ğŸ¤© cara, cara sorridente com estrelas nos olhos, estrela, olhos
ğŸ˜˜ beijo, cara, cara a atirar um beijo, coraÃ§Ã£o
ğŸ˜— beijo, cara, cara a dar um beijo
â˜º cara, cara a sorrir, contorno, relaxado, sorriso
ğŸ˜š beijo, cara, cara a dar um beijo com olhos fechados, fechado, olho
ğŸ˜™ beijo, cara, cara a dar um beijo com olhos sorridentes, olho, sorriso
ğŸ¥² aliviado, cara sorridente com lÃ¡grima, emocionado, grato, lÃ¡grima, orgulhoso, sorridente
ğŸ˜‹ apetitoso, cara, cara a saborear uma refeiÃ§Ã£o deliciosa, delicioso, saborear, sorriso
ğŸ˜› cara, cara com lÃ­ngua de fora, lÃ­ngua
ğŸ˜œ cara, cara com lÃ­ngua de fora e olho a piscar, lÃ­ngua, olho, piada, piscadela
ğŸ¤ª cara louca, grande, olho, pequeno
ğŸ˜ cara, cara com lÃ­ngua de fora e olhos bem fechados, horrÃ­vel, lÃ­ngua, olho, sabor
ğŸ¤‘ boca, cara, cara com cifrÃµes, dinheiro
ğŸ¤— abraÃ§ar, abraÃ§o, cara, cara a dar um abraÃ§o
ğŸ¤­ cara com mÃ£o na boca, ups
ğŸ¤« cara de segredo, quieto, segredo
ğŸ¤” cara, cara a pensar, pensativo
ğŸ¤ boca, cara, cara com boca com fecho de correr, fecho de correr
ğŸ¤¨ cara com sobrancelha levantada, cÃ©tico, desconfianÃ§a
ğŸ˜ cara, inexpressivo, neutra, neutro
ğŸ˜‘ cara, cara sem expressÃ£o, inexpressivo, sem expressÃ£o
ğŸ˜¶ boca, calado, cara, cara sem boca, silencioso
ğŸ˜¶â€ğŸŒ« cabeÃ§a nas nuvens, cara nas nuvens, cara no nevoeiro, distraÃ­do
ğŸ˜ cara, cara com sorriso sarcÃ¡stico, sorriso pretensioso
ğŸ˜’ aborrecido, cara, cara aborrecida, descontente
ğŸ™„ cara, cara com olhos revirados, olhos, revirar
ğŸ˜¬ cara, cara a fazer caretas, caretas
ğŸ˜®â€ğŸ’¨ alÃ­vio, assobio, cara a exalar, choque, exalar
ğŸ¤¥ cara, cara de mentiroso, mentira, pinÃ³quio
ğŸ˜Œ aliviado, cara, cara aliviada
ğŸ˜” cara, cara pensativa, desanimado, melancÃ³lico, pensativo
ğŸ˜ª cara, cara sonolenta, sono
ğŸ¤¤ babar, cara, cara a babar-se
ğŸ˜´ cara, cara a dormir, sono, zzz
ğŸ˜· cara, cara com mÃ¡scara de mÃ©dico, constipaÃ§Ã£o, doente, mÃ¡scara, mÃ©dico, remÃ©dio
ğŸ¤’ cara, cara com termÃ³metro, doente, termÃ³metro
ğŸ¤• cara, cara com ligadura na cabeÃ§a, ferimento, ligadura, magoado
ğŸ¤¢ cara, nauseada, vÃ³mito
ğŸ¤® cara a vomitar, doente, vomitar, vÃ³mito
ğŸ¤§ cara, cara a espirrar, espirro, santinho
ğŸ¥µ cara com calor, cara vermelha, febril, insolaÃ§Ã£o, quente, transpiraÃ§Ã£o
ğŸ¥¶ cara azul, cara com frio, frieira, frio, gelar, sincelo
ğŸ¥´ bÃªbado, boca ondulada, cara embriagada, embriagado, intoxicado, olhos tortos
ğŸ˜µ atordoado, cara, cara atordoada
ğŸ˜µâ€ğŸ’« cara com olhos em espiral, espirais, hipnotizado, problema, tontura, uau
ğŸ¤¯ cabeÃ§a a explodir, chocado
ğŸ¤  cara, cara sorridente com chapÃ©u de vaqueiro, caubÃ³i, chapÃ©u, cobÃ³i, cowboy, vaqueira, vaqueiro
ğŸ¥³ apito, cara de festa, chapÃ©u, comemoraÃ§Ã£o, festa
ğŸ¥¸ cara, cara disfarÃ§ada, disfarce, incÃ³gnito, nariz, Ã³culos
ğŸ˜ cara, cara a sorrir com Ã³culos de sol, fixe, luminoso, Ã³culos, Ã³culos de sol, olho, sol, sorriso, tempo
ğŸ¤“ cara, cara de cromo, totÃ³
ğŸ§ cara com monÃ³culo, conservador, formal
ğŸ˜• cara, cara confusa, confuso
ğŸ˜Ÿ cara, cara preocupada, preocupado
ğŸ™ cara, cara ligeiramente franzida, sobrolho menos franzido
â˜¹ cara, cara franzida, sobrolho franzido
ğŸ˜® aberta, boca, cara, cara com boca aberta, pena
ğŸ˜¯ cara, expectante, pasmado, surpreso
ğŸ˜² cara, cara espantada, chocado, estupefacto, surpreso
ğŸ˜³ aturdido, cara, cara corada, corado
ğŸ¥º cara que implora, cara suplicante, implorar, olhar de cachorrinho, perdÃ£o
ğŸ˜¦ aberta, boca, cara, cara franzida com boca aberta, sobrolho franzido
ğŸ˜§ angustiado, cara, cara angustiada
ğŸ˜¨ amedrontado, assustado, cara, cara cheia de medo, medo
ğŸ˜° aberta, azul, boca, cara, cara com boca aberta e suor frio, com pressa, frio, suor
ğŸ˜¥ aliviado, cara, cara triste, mas aliviada, desiludido, ufa
ğŸ˜¢ cara, cara a chorar, choro, lÃ¡grima, triste
ğŸ˜­ cara, cara a chorar perdidamente, choro, lÃ¡grima, soluÃ§o, triste
ğŸ˜± amedrontado, assustado, cara, cara a gritar de medo, grito, medo, munch
ğŸ˜– baralhado, cara, cara perplexa
ğŸ˜£ cara, perseverante
ğŸ˜ cara, cara desiludida, desiludido
ğŸ˜“ cara, cara cabisbaixa com gota de suor, frio, suor
ğŸ˜© cansado, cara, cara fatigada, exausto
ğŸ˜« cansado, cara, cara cansada
ğŸ¥± bocejo, cansado, cara a bocejar, entediado
ğŸ˜¤ cara, cara com vapor a sair do nariz, triunfo, vitÃ³ria
ğŸ˜¡ cara, cara amuada, enfurecido, fÃºria, mal-humorado, vermelho, zangado
ğŸ˜  cara, cara irritada, irritado, zangado
ğŸ¤¬ cara com sÃ­mbolos na boca, praguejar
ğŸ˜ˆ cara, cara a sorrir com cornos, conto de fadas, cornos, fantasia, sorriso
ğŸ‘¿ cara, cara zangada com cornos, demÃ³nio, diabo, fantasia
ğŸ’€ cara, caveira, corpo, monstro, morte
â˜  cara, caveira, caveira e ossos cruzados, corpo, monstro, morte, ossos cruzados
ğŸ’© caca, cara, cocÃ³, desenho, monstro, monte de cocÃ³
ğŸ¤¡ cara de palhaÃ§o, palhaÃ§o, rosto, rosto de palhaÃ§o
ğŸ‘¹ cara, conto de fadas, criatura, fantasia, japonÃªs, monstro, ogre
ğŸ‘º cara, conto de fadas, criatura, duende japonÃªs, fantasia, japonÃªs, monstro
ğŸ‘» cara, conto de fadas, criatura, fantasia, fantasma, monstro
ğŸ‘½ cara, criatura, espaÃ§o, ET, extraterrestre, fantasia, monstro, ovni
ğŸ‘¾ cara, criatura, espaÃ§o, ET, extraterrestre, fantasia, monstro, ovni
ğŸ¤– cara, monstro, robÃ´
ğŸ˜º aberta, boca, cara, gato a sorrir com boca aberta, riso, sorriso
ğŸ˜¸ cara, gato, gato sorridente com olhos sorridentes, olho, riso, sorriso
ğŸ˜¹ cara, felicidade, gato, gato com lÃ¡grimas de felicidade, lÃ¡grima
ğŸ˜» amor, cara, coraÃ§Ã£o, gato, gato a sorrir com olhos em forma de coraÃ§Ã£o, olho, sorriso
ğŸ˜¼ cara, gato, gato com sorriso forÃ§ado, irÃ³nico, sorriso, troÃ§ar
ğŸ˜½ beijo, cara, gato, gato a dar um beijo com olhos fechados, olho
ğŸ™€ cansado, cara, exausto, gato, surpreendido
ğŸ˜¿ cara, choro, gato, gato a chorar, lÃ¡grima, triste
ğŸ˜¾ cara, gato, mal-humorado
ğŸ™ˆ macaco, macaco com as mÃ£os a tapar os olhos, macaco com olhos tapados, macaco que nÃ£o vÃª nada, olhos tapados
ğŸ™‰ cara, gesto, macaco, macaco com as mÃ£os a tapar os ouvidos, macaco que nÃ£o ouve nada, mau, nÃ£o, ouvidos tapados, ouvir, proibido
ğŸ™Š boca tapada, cara, falar, gesto, macaco, macaco com as mÃ£os a tapar a boca, macaco que nÃ£o diz nada, mau, nÃ£o, proibido
ğŸ’‹ beijo, coraÃ§Ã£o, lÃ¡bios, marca, marca de beijo, romance
ğŸ’Œ amor, carta, carta de amor, coraÃ§Ã£o, correio, romance
ğŸ’˜ coraÃ§Ã£o, coraÃ§Ã£o com seta, cupido, romance, seta
ğŸ’ coraÃ§Ã£o, coraÃ§Ã£o com fita, coraÃ§Ã£o com laÃ§o, fita, romance
ğŸ’– cintilante, coraÃ§Ã£o, coraÃ§Ã£o a brilhar, entusiasmado
ğŸ’— a crescer, coraÃ§Ã£o, coraÃ§Ã£o a crescer, entusiasmado, nervoso, palpitaÃ§Ã£o
ğŸ’“ batimento, coraÃ§Ã£o, coraÃ§Ã£o a bater, palpitante
ğŸ’ coraÃ§Ã£o, coraÃ§Ãµes, coraÃ§Ãµes a girar, coraÃ§Ãµes a rodopiar, coraÃ§Ãµes rodopiantes, rodopiante
ğŸ’• amor, coraÃ§Ã£o, coraÃ§Ãµes, dois coraÃ§Ãµes
ğŸ’Ÿ coraÃ§Ã£o, coraÃ§Ã£o decorativo, decoraÃ§Ã£o com coraÃ§Ã£o
â£ exclamaÃ§Ã£o, ponto de exclamaÃ§Ã£o com coraÃ§Ã£o, pontuaÃ§Ã£o, sinal
ğŸ’” coraÃ§Ã£o, partido, partir
â¤â€ğŸ”¥ amor, chamas, coraÃ§Ã£o, coraÃ§Ã£o em chamas, coraÃ§Ã£o sagrado, fogo, luxÃºria
â¤â€ğŸ©¹ bem, bom, coraÃ§Ã£o remendado, curando, mais saudÃ¡vel, melhorando, recuperaÃ§Ã£o
â¤ coraÃ§Ã£o, coraÃ§Ã£o vermelho
ğŸ§¡ coraÃ§Ã£o, coraÃ§Ã£o cor de laranja, coraÃ§Ã£o laranja
ğŸ’› amarelo, coraÃ§Ã£o
ğŸ’š coraÃ§Ã£o, verde
ğŸ’™ azul, coraÃ§Ã£o
ğŸ’œ coraÃ§Ã£o, roxo
ğŸ¤ castanho, coraÃ§Ã£o
ğŸ–¤ coraÃ§Ã£o, malvado, mau, preto
ğŸ¤ branco, coraÃ§Ã£o
ğŸ’¯ 100, cem, cem pontos, pontuaÃ§Ã£o
ğŸ’¢ desenho, enfurecido, irritado, sÃ­mbolo de fÃºria, sÃ­mbolo de raiva, zangado
ğŸ’¥ bum, colisÃ£o, desenho
ğŸ’« desenho, estrela, tonto
ğŸ’¦ desenho, gota, gotas de suor, suor
ğŸ’¨ corrida, desenho, fugir, ir-se embora
ğŸ•³ buraco, buraco no chÃ£o
ğŸ’£ bomba, desenho
ğŸ’¬ balÃ£o, balÃ£o de fala, desenho, diÃ¡logo, fala
ğŸ‘â€ğŸ—¨ balÃ£o de fala, olho, olho em balÃ£o de fala, testemunha
ğŸ—¨ balÃ£o de fala do lado esquerdo, diÃ¡logo, fala
ğŸ—¯ balÃ£o, balÃ£o de raiva do lado direito, enfurecido, irritado
ğŸ’­ balÃ£o, balÃ£o de pensamento, desenho, pensamento
ğŸ’¤ desenho, dormir, sesta, sono, zzz
ğŸ‘‹ acenar, aceno, corpo, mÃ£o, mÃ£o a acenar
ğŸ¤š levantada, mÃ£o com costas para fora, palma
ğŸ– corpo, dedo, dedos abertos, mÃ£o, mÃ£o erguida com dedos afastados
âœ‹ corpo, mÃ£o, mÃ£o erguida
ğŸ–– corpo, dedo, mÃ£o, saudaÃ§Ã£o vulcana, spock, vulcano
ğŸ‘Œ corpo, gesto de OK, mÃ£o, mÃ£o com gesto de OK, ok, OK com a mÃ£o, sinal de OK com a mÃ£o
ğŸ¤Œ beliscado, dedos, dedos comprimidos, gesto de mÃ£o, interrogaÃ§Ã£o, sarcÃ¡stico
ğŸ¤ mÃ£o a dar um beliscÃ£o
âœŒ corpo, mÃ£o, mÃ£o em V de vitÃ³ria, v, vitÃ³ria
ğŸ¤ cruzados, dedos, figas, mÃ£o, sorte
ğŸ¤Ÿ amo-te, gesto &quot;amo-te&quot;, gesto de amo-te, mÃ£o
ğŸ¤˜ cornos, corpo, dedo, mÃ£o, mÃ£o a fazer cornos, rockâ€™nâ€™roll
ğŸ¤™ chamada, gesto &quot;liga-me&quot;, gesto de liga-me, gesto liga-me, liga-me, mÃ£o
ğŸ‘ˆ apontar, costas da mÃ£o, costas da mÃ£o com dedo indicador a apontar para a esquerda, dedo, indicador, mÃ£o
ğŸ‘‰ apontar, corpo, costas da mÃ£o, costas da mÃ£o com dedo indicador a apontar para a direita, dedo, indicador, mÃ£o
ğŸ‘† apontar, corpo, costas da mÃ£o, costas da mÃ£o com dedo indicador a apontar para cima, dedo, indicador, mÃ£o, para cima
ğŸ–• dedo, dedo mÃ©dio, mÃ£o
ğŸ‘‡ apontar, corpo, costas da mÃ£o, costas da mÃ£o com dedo indicador a apontar para baixo, dedo, indicador, mÃ£o, para baixo
â˜ apontar, dedo, dedo indicador a apontar para cima, indicador, mÃ£o, para cima
ğŸ‘ corpo, gosto, mÃ£o, para cima, polegar, polegar para cima
ğŸ‘ corpo, mÃ£o, nÃ£o gosto, para baixo, polegar, polegar para baixo
âœŠ cerrado, corpo, mÃ£o, punho, punho erguido, punho levantado, soco
ğŸ‘Š cerrado, corpo, mÃ£o, punho, punho a aproximar-se, punho fechado, soco
ğŸ¤› esquerda, punho, punho voltado para a esquerda
ğŸ¤œ direita, punho, punho voltado para a direita
ğŸ‘ bater palmas, corpo, mÃ£o, mÃ£os a bater palmas
ğŸ™Œ celebraÃ§Ã£o, corpo, gesto, mÃ£o, mÃ£os levantadas, mÃ£os no ar, viva
ğŸ‘ aberta, corpo, mÃ£o, mÃ£os abertas
ğŸ¤² mÃ£os abertas, mÃ£os estendidas, palmas abertas, palmas juntas abertas, palmas juntas para cima, prece
ğŸ¤ acordo, aperto, aperto de mÃ£o, mÃ£o, passou-bem, reuniÃ£o
ğŸ™ agradecimento, mÃ£o, mÃ£os juntas, pedido, por favor, reverÃªncia, rezar
âœ corpo, escrever, mÃ£o, mÃ£o a escrever
ğŸ’… cosmÃ©ticos, manicura, unha, verniz, verniz para as unhas
ğŸ¤³ cÃ¢mara, selfie, telemÃ³vel
ğŸ’ª bÃ­ceps, bÃ­ceps fletido, corpo, desenho, flexÃ£o, mÃºsculo
ğŸ¦¾ acessibilidade, braÃ§o mecÃ¢nico, prÃ³tese
ğŸ¦¿ acessibilidade, perna mecÃ¢nica, prÃ³tese
ğŸ¦µ extremidade, perna, pontapÃ©
ğŸ¦¶ pÃ©, pisar, pontapÃ©
ğŸ‘‚ corpo, orelha
ğŸ¦» acessibilidade, deficiÃªncia auditiva, orelha com aparelho auditivo, ouvido com aparelho auditivo
ğŸ‘ƒ corpo, nariz
ğŸ§  cÃ©rebro, inteligente
ğŸ«€ cardiologia, centro, coraÃ§Ã£o humano, Ã³rgÃ£o, pulsaÃ§Ã£o, pulso
ğŸ« espiraÃ§Ã£o, exalaÃ§Ã£o, inalaÃ§Ã£o, Ã³rgÃ£o, pulmÃµes, respiraÃ§Ã£o
ğŸ¦· dente, dentista
ğŸ¦´ esqueleto, osso
ğŸ‘€ olho, olhos, rosto
ğŸ‘ corpo, olho
ğŸ‘… corpo, lÃ­ngua
ğŸ‘„ boca, corpo, lÃ¡bios
ğŸ‘¶ bebÃ©, crianÃ§a, pessoa
ğŸ§’ crianÃ§a, gÃ©nero neutro, jovem, novo, pessoa
ğŸ‘¦ jovem, menino, pessoa, rapaz
ğŸ‘§ jovem, menina, pessoa, rapariga
ğŸ§‘ adulta, adulto, gÃ©nero neutro, pessoa
ğŸ‘± loira, loiro, loura, louro, pessoa com cabelo loiro, pessoa com cabelo louro, pessoa: cabelo louro
ğŸ‘¨ adulto, homem, pessoa
ğŸ§” barba, pessoa, pessoa: barba
ğŸ§”â€â™‚ barba, homem, homem: barba, homem: barbudo
ğŸ‘±â€â™‚ homem, homem com cabelo loiro, homem com cabelo louro, homem loiro, homem: cabelo loiro, louro
ğŸ‘© adulta, mulher, pessoa
ğŸ§”â€â™€ barba, mulher, mulher: barba
ğŸ‘±â€â™€ loura, mulher, mulher com cabelo loiro, mulher com cabelo louro, mulher loira, mulher: cabelo loiro
ğŸ§“ gÃ©nero neutro, pessoa de idade, pessoa idosa
ğŸ‘´ adulto, homem, idoso
ğŸ‘µ idosa, mulher de idade avanÃ§ada, mulher idosa, velha
ğŸ™ cara triste, gesto, pessoa de sobrolho franzido
ğŸ™â€â™‚ condenar, franzir nariz, homem, homem de sobrolho franzido
ğŸ™â€â™€ condenar, desagrado, franzir nariz, homem, mulher de sobrolho franzido
ğŸ™ gesto, mal-humorado, pessoa amuada
ğŸ™â€â™‚ beicinho, gesto, homem, homem amuado
ğŸ™â€â™€ beicinho, gesto, mulher, mulher amuada
ğŸ™… gesto, mÃ£o, nÃ£o, pessoa que faz gesto de nÃ£o, proibido
ğŸ™…â€â™‚ gesto, homem, homem que faz gesto de nÃ£o, nÃ£o, proibido
ğŸ™…â€â™€ gesto, mulher, mulher que faz gesto de nÃ£o, nÃ£o, proibido
ğŸ™† gesto, mÃ£o, ok, pessoa que faz gesto de OK
ğŸ™†â€â™‚ gesto, homem, homem que faz gesto de OK, mÃ£o, ok
ğŸ™†â€â™€ gesto, mÃ£o, mulher, mulher que faz gesto de OK, ok
ğŸ’ ajuda, assistente de balcÃ£o de informaÃ§Ãµes, atencioso, informaÃ§Ãµes, mÃ£o
ğŸ’â€â™‚ assistente de balcÃ£o de informaÃ§Ãµes (homem), atrevido, homem, homem com a palma virada para cima, mÃ£o de gorjeta
ğŸ’â€â™€ assistente de balcÃ£o de informaÃ§Ãµes (mulher), atrevida, mÃ£o de gorjeta, mulher, mulher com a palma virada para cima
ğŸ™‹ alegre, gesto, mÃ£o, mÃ£o levantada, pessoa de mÃ£o levantada
ğŸ™‹â€â™‚ gesto, homem, homem de mÃ£o levantada, mÃ£o levantada
ğŸ™‹â€â™€ gesto, mÃ£o levantada, mulher, mulher de mÃ£o levantada
ğŸ§ acessibilidade, audiÃ§Ã£o, orelha, pessoa surda, surdos
ğŸ§â€â™‚ homem, surdo
ğŸ§â€â™€ mulher, surda
ğŸ™‡ desculpa, gesto, pedido de desculpas, pessoa a fazer vÃ©nia, vÃ©nia
ğŸ™‡â€â™‚ desculpas, favor, gesto, homem, homem a fazer a vÃ©nia
ğŸ™‡â€â™€ desculpas, favor, gesto, mulher, mulher a fazer a vÃ©nia
ğŸ¤¦ exasperaÃ§Ã£o, face, incredulidade, palma, pessoa de palma na face
ğŸ¤¦â€â™‚ descrenÃ§a, exaspero, homem, homem de palma na face, mÃ£o na cara
ğŸ¤¦â€â™€ descrenÃ§a, exaspero, mÃ£o na cara, mulher, mulher de palma na face
ğŸ¤· dÃºvida, encolher, ignorÃ¢ncia, indiferenÃ§a, pessoa a encolher os ombros
ğŸ¤·â€â™‚ dÃºvida, homem, homem a encolher os ombros, indiferenÃ§a
ğŸ¤·â€â™€ dÃºvida, indiferenÃ§a, mulher, mulher a encolher os ombros
ğŸ§‘â€âš• cuidados de saÃºde, enfermeira, enfermeiro, mÃ©dica, mÃ©dico, profissional de saÃºde, terapeuta
ğŸ‘¨â€âš• doutor, enfermeiro, homem, mÃ©dico, profissional da Ã¡rea da saÃºde, profissional da saÃºde (homem), profissional de saÃºde (homem), saÃºde, terapeuta
ğŸ‘©â€âš• doutora, enfermeira, mÃ©dica, mulher, profissional da Ã¡rea da saÃºde, profissional da saÃºde (mulher), profissional de saÃºde (mulher), serviÃ§o de saÃºde
ğŸ§‘â€ğŸ“ aluno, estudante, universitÃ¡rio
ğŸ‘¨â€ğŸ“ aluno, estudante, estudante (homem), homem, universitÃ¡rio
ğŸ‘©â€ğŸ“ aluna, estudante, estudante (mulher), mulher, universitÃ¡ria
ğŸ§‘â€ğŸ« educador, formador, instrutor, professor
ğŸ‘¨â€ğŸ« homem, instrutor, professor, professor (homem)
ğŸ‘©â€ğŸ« instrutora, mulher, professora
ğŸ§‘â€âš– balanÃ§a, juiz, justiÃ§a
ğŸ‘¨â€âš– balanÃ§a, homem, juiz, juiz (homem), justiÃ§a
ğŸ‘©â€âš– balanÃ§a, juÃ­za, justiÃ§a, mulher
ğŸ§‘â€ğŸŒ¾ agricultor, jardineiro, lavrador, rancheiro
ğŸ‘¨â€ğŸŒ¾ agricultor, fazendeiro, homem, jardineiro, lavrador
ğŸ‘©â€ğŸŒ¾ agricultora, fazendeira, jardineira, lavradora, mulher
ğŸ§‘â€ğŸ³ chefe de cozinha, cozinheiro
ğŸ‘¨â€ğŸ³ chef, cozinheiro, cozinheiro (homem), homem
ğŸ‘©â€ğŸ³ chef, cozinheira, mulher
ğŸ§‘â€ğŸ”§ canalizador, eletricista, mecÃ¢nico, ofÃ­cio
ğŸ‘¨â€ğŸ”§ canalizador, electricista, eletricista, homem, mecÃ¢nico, mecÃ¢nico (homem)
ğŸ‘©â€ğŸ”§ canalizadora, electricista, eletricista, mecÃ¢nica, mulher
ğŸ§‘â€ğŸ­ fÃ¡brica, funcionÃ¡rio de fÃ¡brica, industrial, montagem, trabalhador, trabalhador fabril
ğŸ‘¨â€ğŸ­ fÃ¡brica, homem, industrial, montagem, operÃ¡rio, operÃ¡rio fabril, trabalhador
ğŸ‘©â€ğŸ­ fÃ¡brica, industrial, montagem, mulher, operÃ¡ria, operÃ¡ria fabril, trabalhadora
ğŸ§‘â€ğŸ’¼ arquiteto, empregado de escritÃ³rio, gerente, negÃ³cios, trabalhador de escritÃ³rio
ğŸ‘¨â€ğŸ’¼ administrador, empresa, funcionÃ¡rio de escritÃ³rio, gerente, homem, trabalhador de escritÃ³rio
ğŸ‘©â€ğŸ’¼ administradora, empresa, funcionÃ¡ria de escritÃ³rio, gerente, mulher, trabalhadora de escritÃ³rio
ğŸ§‘â€ğŸ”¬ biÃ³logo, cientista, engenheiro, fÃ­sico, quÃ­mico
ğŸ‘¨â€ğŸ”¬ biÃ³logo, cientista (homem), engenheiro, farmacÃªutico, matemÃ¡tico
ğŸ‘©â€ğŸ”¬ biÃ³loga, cientista (mulher), engenheira, farmacÃªutica, matemÃ¡tica
ğŸ§‘â€ğŸ’» informÃ¡tico, inventor, programador, software, tecnÃ³logo
ğŸ‘¨â€ğŸ’» homem, informÃ¡tico, informÃ¡tico (homem), inventor, programador, software
ğŸ‘©â€ğŸ’» informÃ¡tica, inventora, mulher, programadora, software
ğŸ§‘â€ğŸ¤ ator, cantor, estrela, rock, vocalista
ğŸ‘¨â€ğŸ¤ ator, cantor, estrela, homem, rock
ğŸ‘©â€ğŸ¤ atriz, cantora, estrela, mulher, rock
ğŸ§‘â€ğŸ¨ artista, paleta
ğŸ‘¨â€ğŸ¨ artista, artista (homem), homem, paleta
ğŸ‘©â€ğŸ¨ artista, artista (mulher), mulher, paleta
ğŸ§‘â€âœˆ aviÃ£o, piloto
ğŸ‘¨â€âœˆ aviÃ£o, homem, piloto, piloto (homem)
ğŸ‘©â€âœˆ aviÃ£o, mulher, pilota, piloto (mulher)
ğŸ§‘â€ğŸš€ astronauta, foguetÃ£o
ğŸ‘¨â€ğŸš€ astronauta (homem), espaÃ§o, foguete, homem
ğŸ‘©â€ğŸš€ astronauta (mulher), espaÃ§o, foguete, mulher
ğŸ§‘â€ğŸš’ bombeiro, bombeiro (homem), camiÃ£o dos bombeiros, carro dos bombeiros
ğŸ‘¨â€ğŸš’ bombeiro, carro de bombeiro, homem
ğŸ‘©â€ğŸš’ bombeira, carro de bombeiro, mulher
ğŸ‘® agente, agente da polÃ­cia, polÃ­cia
ğŸ‘®â€â™‚ agente, bÃ³fia, chui, homem, polÃ­cia (homem)
ğŸ‘®â€â™€ agente, bÃ³fia, chui, mulher, polÃ­cia (mulher)
ğŸ•µ detetive, espiÃ£o
ğŸ•µâ€â™‚ detetive (homem), espiÃ£o, homem, investigador
ğŸ•µâ€â™€ detetive (mulher), espia, investigadora, mulher
ğŸ’‚ guarda, seguranÃ§a
ğŸ’‚â€â™‚ guarda, homem, seguranÃ§a (homem), uniforme
ğŸ’‚â€â™€ guarda, mulher, seguranÃ§a (mulher), uniforme
ğŸ¥· escondido, lutador, ninja, oculto
ğŸ‘· chapÃ©u, construÃ§Ã£o, pedreiro, trabalhador, trabalhador da construÃ§Ã£o civil
ğŸ‘·â€â™‚ construÃ§Ã£o, homem, operÃ¡rio da construÃ§Ã£o civil, trabalhador, trabalhador da construÃ§Ã£o civil
ğŸ‘·â€â™€ construÃ§Ã£o, mulher, operÃ¡ria da construÃ§Ã£o civil, trabalhadora, trabalhadora da construÃ§Ã£o civil
ğŸ¤´ prÃ­ncipe
ğŸ‘¸ conto de fadas, fantasia, princesa
ğŸ‘³ homem, pessoa com turbante, turbante
ğŸ‘³â€â™‚ homem, homem com turbante, turbante
ğŸ‘³â€â™€ mulher, mulher com turbante, turbante
ğŸ‘² chapÃ©u, chinÃªs, homem, homem com chapÃ©u chinÃªs
ğŸ§• lenÃ§o, mulher com lenÃ§o islÃ¢mico, mulher com lenÃ§o na cabeÃ§a
ğŸ¤µ noivo, pessoa, pessoa de smoking, smoking
ğŸ¤µâ€â™‚ homem, homem de smoking, smoking
ğŸ¤µâ€â™€ mulher, mulher de smoking, smoking
ğŸ‘° casamento, noiva, pessoa, pessoa com vÃ©u, vÃ©u
ğŸ‘°â€â™‚ homem, homem com vÃ©u, vÃ©u
ğŸ‘°â€â™€ mulher, mulher com vÃ©u, vÃ©u
ğŸ¤° grÃ¡vida, mulher
ğŸ¤± amamentaÃ§Ã£o, amamentar, bebÃ©, dar de mamar, seio
ğŸ‘©â€ğŸ¼ alimentar, amamentaÃ§Ã£o, bebÃ©, mulher, mulher a alimentar bebÃ©
ğŸ‘¨â€ğŸ¼ alimentar, amamentaÃ§Ã£o, bebÃ©, homem, homem a alimentar bebÃ©
ğŸ§‘â€ğŸ¼ alimentar, amamentaÃ§Ã£o, bebÃ©, pessoa, pessoa a alimentar bebÃ©
ğŸ‘¼ anjo, bebÃ©, cara, conto de fadas, fantasia
ğŸ… celebraÃ§Ã£o, conto de fadas, fantasia, natal, pai
ğŸ¤¶ mÃ£e, natal, senhora Noel
ğŸ§‘â€ğŸ„ Natal, Sra. Natal
ğŸ¦¸ bom, herÃ³i, heroÃ­na, super-herÃ³i, superpoder
ğŸ¦¸â€â™‚ bom, herÃ³i, homem, homem super-herÃ³i, superpoder
ğŸ¦¸â€â™€ boa, herÃ³i, heroÃ­na, super-heroÃ­na, superpoder
ğŸ¦¹ criminoso, mau, superpoder, supervilÃ£o, vilÃ£o
ğŸ¦¹â€â™‚ criminoso, homem, homem supervilÃ£o, mau, superpoderoso, vilÃ£o
ğŸ¦¹â€â™€ criminosa, mÃ¡, mulher, mulher supervilÃ£, superpoder, vilÃ£
ğŸ§™ bruxa, bruxo, feiticeira, feiticeiro, maga, mago
ğŸ§™â€â™‚ bruxo, feiticeiro, homem mago
ğŸ§™â€â™€ bruxa, feiticeira, maga
ğŸ§š fada
ğŸ§šâ€â™‚ homem fada, homem-fada
ğŸ§šâ€â™€ mulher fada, mulher-fada
ğŸ§› DrÃ¡cula, morto-vivo, vampiro
ğŸ§›â€â™‚ DrÃ¡cula, homem vampiro, homem-vampiro, morto-vivo
ğŸ§›â€â™€ morta-viva, vampira
ğŸ§œ sereia, tritÃ£o
ğŸ§œâ€â™‚ tritÃ£o, TritÃ£o, tritÃ£o (homem)
ğŸ§œâ€â™€ sereia
ğŸ§ elfo, mÃ¡gico
ğŸ§â€â™‚ elfo (homem), mÃ¡gico
ğŸ§â€â™€ elfo (mulher), mÃ¡gico
ğŸ§ djinn, gÃ©nio
ğŸ§â€â™‚ djinn, gÃ©nio (homem)
ğŸ§â€â™€ djinn, gÃ©nio (mulher)
ğŸ§Ÿ morto-vivo, zombie
ğŸ§Ÿâ€â™‚ homem zombie, morto-vivo
ğŸ§Ÿâ€â™€ morta-viva, mulher zombie
ğŸ’† massagem, pessoa a receber uma massagem, salÃ£o de beleza
ğŸ’†â€â™‚ cara, face, homem, homem a receber uma massagem, massagem
ğŸ’†â€â™€ cara, face, massagem, mulher, mulher a receber uma massagem
ğŸ’‡ beleza, cabeleireiro, pessoa a cortar o cabelo, tesoura
ğŸ’‡â€â™‚ corte de cabelo, homem, homem a cortar o cabelo
ğŸ’‡â€â™€ corte de cabelo, mulher, mulher a cortar o cabelo, permanente
ğŸš¶ andar, caminhar, pessoa a andar
ğŸš¶â€â™‚ andar, boleia, homem, homem a andar
ğŸš¶â€â™€ andar, boleia, mulher, mulher a andar
ğŸ§ de pÃ©, pessoa em pÃ©
ğŸ§â€â™‚ em pÃ©, homem, homem em pÃ©
ğŸ§â€â™€ em pÃ©, mulher, mulher em pÃ©
ğŸ§ pessoa de joelhos
ğŸ§â€â™‚ homem de joelhos
ğŸ§â€â™€ mulher de joelhos
ğŸ§‘â€ğŸ¦¯ acessibilidade, cego, pessoa com bengala para cegos
ğŸ‘¨â€ğŸ¦¯ accessibilidade, cego, homem, homem com bengala para cegos
ğŸ‘©â€ğŸ¦¯ accessibilidade, cega, mulher, mulher com bengala para cegos
ğŸ§‘â€ğŸ¦¼ acessibilidade, cadeira de rodas, pessoa em cadeira de rodas elÃ©trica
ğŸ‘¨â€ğŸ¦¼ acessibilidade, cadeira de rodas, homem, homem em cadeira de rodas elÃ©trica, homem em cadeira de rodas motorizada
ğŸ‘©â€ğŸ¦¼ acessibilidade, cadeira de rodas, mulher, mulher em cadeira de rodas elÃ©trica, mulher em cadeira de rodas motorizada
ğŸ§‘â€ğŸ¦½ acessibilidade, cadeira de rodas, pessoa em cadeira de rodas manual
ğŸ‘¨â€ğŸ¦½ acessibilidade, cadeira de rodas, homem, homem em cadeira de rodas manual
ğŸ‘©â€ğŸ¦½ acessibilidade, cadeira de rodas, mulher, mulher em cadeira de rodas manual
ğŸƒ correr, maratona, pessoa a correr
ğŸƒâ€â™‚ corrida, homem, homem a correr, maratona
ğŸƒâ€â™€ corrida, maratona, mulher, mulher a correr
ğŸ’ƒ danÃ§a, mulher a danÃ§ar, pessoas
ğŸ•º danÃ§ar, homem, homem a danÃ§ar
ğŸ•´ fato, homem, homem em fato executivo a levitar, negÃ³cios
ğŸ‘¯ coelhinho, danÃ§a, mulher, orelha, pessoas com orelhas de coelho, rapariga
ğŸ‘¯â€â™‚ danÃ§arino, festa, homens, homens com orelhas de coelho, mÃ¡scara
ğŸ‘¯â€â™€ amigas, festa, mÃ¡scara, mulheres, mulheres com orelhas de coelho
ğŸ§– banho turco, pessoa na sauna, sauna
ğŸ§–â€â™‚ banho turco, homem na sauna, sauna
ğŸ§–â€â™€ banho turco, mulher na sauna, sauna
ğŸ§— montanhista, pessoa a escalar
ğŸ§—â€â™‚ homem a escalar, montanhista
ğŸ§—â€â™€ montanhista, mulher a escalar
ğŸ¤º desporto, esgrima, esgrimista, espada, pessoa, pessoa a esgrimir
ğŸ‡ cavalo, corrida de cavalos, jÃ³quei
â›· esqui, esquiador, neve
ğŸ‚ esqui, neve, praticante de snowboard, snowboard
ğŸŒ bola, golfe, golfista
ğŸŒâ€â™‚ golfe, golfista, homem, homem a jogar golfe, taco
ğŸŒâ€â™€ golfe, golfista, mulher, mulher a jogar golfe, taco
ğŸ„ surf, surfista
ğŸ„â€â™‚ homem, homem a surfar, prancha, surf, surfista
ğŸ„â€â™€ mulher, mulher a surfar, prancha, surf, surfista
ğŸš£ barco, pessoa a remar, veÃ­culo
ğŸš£â€â™‚ barco, canoa, homem, homem a remar
ğŸš£â€â™€ barco, canoa, mulher, mulher a remar
ğŸŠ nadar, pessoa a nadar
ğŸŠâ€â™‚ homem, homem a nadar, nadar
ğŸŠâ€â™€ mulher, mulher a nadar, nadar
â›¹ bola, pessoa com bola
â›¹â€â™‚ bola, homem, homem com bola
â›¹â€â™€ bola, mulher, mulher com bola
ğŸ‹ halterofilista, levantar, pesos
ğŸ‹â€â™‚ homem, homem halterofilista, levantamento de pesos
ğŸ‹â€â™€ levantamento de pesos, mulher, mulher halterofilista
ğŸš´ bicicleta, ciclista, pessoa a andar de bicicleta
ğŸš´â€â™‚ bicicleta, ciclista, ciclista (homem), homem, homem a andar de bicicleta
ğŸš´â€â™€ bicicleta, ciclista, ciclista (mulher), mulher, mulher a andar de bicicleta
ğŸšµ bicicleta, BTT, ciclista, montanha, praticante de BTT
ğŸšµâ€â™‚ betetista (homem), bicicleta, ciclista, homem, montanha
ğŸšµâ€â™€ betetista (mulher), bicicleta, ciclista, montanha, mulher
ğŸ¤¸ desporto, estrela acrobÃ¡tica, ginÃ¡stica, pessoa, pessoa a fazer a roda
ğŸ¤¸â€â™‚ desporto, estrela, ginÃ¡stica, homem, homem a fazer a roda
ğŸ¤¸â€â™€ desporto, estrela, ginÃ¡stica, mulher, mulher a fazer a roda
ğŸ¤¼ desporto, luta, lutador, pessoa, pessoas lutando
ğŸ¤¼â€â™‚ desporto, homem, luta, lutador de luta livre, lutadores de luta livre, pessoas
ğŸ¤¼â€â™€ desporto, luta, lutadora de luta livre, lutadoras de luta livre, mulher, pessoas
ğŸ¤½ Ã¡gua, desporto, pessoa, pessoa a jogar polo aquÃ¡tico, polo
ğŸ¤½â€â™‚ desporto, homem, homem a jogar polo aquÃ¡tico, polo aquÃ¡tico
ğŸ¤½â€â™€ desporto, mulher, mulher a jogar polo aquÃ¡tico, polo aquÃ¡tico
ğŸ¤¾ andebol, bola, desporto, pessoa, pessoa a jogar andebol
ğŸ¤¾â€â™‚ andebol, desporto, homem, homem a jogar andebol, jogador de andebol
ğŸ¤¾â€â™€ andebol, desporto, jogadora de andebol, mulher, mulher a jogar andebol
ğŸ¤¹ equilÃ­brio, habilidade, malabarismo, malabarista, multitarefa, pessoa a fazer malabarismo
ğŸ¤¹â€â™‚ habilidade, homem, homem a fazer malabarismo, malabarismo, malabarista, multitarefa
ğŸ¤¹â€â™€ habilidade, malabarismo, malabarista, mulher, mulher a fazer malabarismo, multitarefa
ğŸ§˜ ioga, meditaÃ§Ã£o, pessoa na posiÃ§Ã£o de lÃ³tus, yoga
ğŸ§˜â€â™‚ homem na posiÃ§Ã£o de lÃ³tus, ioga, meditaÃ§Ã£o, yoga
ğŸ§˜â€â™€ ioga, meditaÃ§Ã£o, mulher na posiÃ§Ã£o de lÃ³tus, yoga
ğŸ›€ banheira, banho, pessoa a tomar banho
ğŸ›Œ dormir, hotel, pessoa na cama
ğŸ§‘â€ğŸ¤â€ğŸ§‘ casal, mÃ£o, mÃ£os dadas, pessoa, pessoas de mÃ£os dadas
ğŸ‘­ casal, mÃ£o, mÃ£os dadas, mulheres, mulheres de mÃ£os dadas
ğŸ‘« casal, homem, mÃ£o, mÃ£os dadas, mulher, mulher e homem de mÃ£os dadas
ğŸ‘¬ casal, gÃ©meos, GÃ©meos, homem, homens, homens de mÃ£os dadas, mÃ£os dadas, signo
ğŸ’ beijo, casal, romance
ğŸ’‘ amor, casal, casal com coraÃ§Ã£o, coraÃ§Ã£o, romance
ğŸ‘ª famÃ­lia
ğŸ—£ cabeÃ§a, cabeÃ§a a falar, cara, falar, silhueta
ğŸ‘¤ busto, silhueta, silhueta de busto
ğŸ‘¥ busto, silhueta, silhueta de bustos
ğŸ«‚ abraÃ§o, adeus, obrigado, olÃ¡, pessoas abraÃ§adas, pessoas se abraÃ§ando
ğŸ‘£ corpo, pÃ©, pegada, pegadas
ğŸ¦° cabelo ruivo, ruiva, ruivo
ğŸ¦± afro, cabelo encaracolado, caracÃ³is, encaracolado
ğŸ¦³ brancas, branco, cabelho grisalho, cabelo, velho
ğŸ¦² careca, nenhum cabelo, quimioterapia, rapado, raspado
ğŸµ cara, cara de macaco, macaco
ğŸ’ macaco
ğŸ¦ gorila
ğŸ¦§ orangotango, sÃ­mio
ğŸ¶ animal de estimaÃ§Ã£o, cÃ£o, cara, cara de cÃ£o
ğŸ• animal de estimaÃ§Ã£o, cÃ£o
ğŸ¦® acessibilidade, cÃ£o-guia, cegueira, guia
ğŸ•â€ğŸ¦º accessibilidade, assistÃªncia, cÃ£o, cÃ£o de assistÃªncia
ğŸ© caniche, cÃ£o
ğŸº cara, lobo
ğŸ¦Š cara, raposa
ğŸ¦ astuto, curioso, guaxinim
ğŸ± animal de estimaÃ§Ã£o, cara, cara de gato, gato
ğŸˆ animal de estimaÃ§Ã£o, gato
ğŸˆâ€â¬› azar, gato, preto
ğŸ¦ cara, cara de leÃ£o, leÃ£o, LeÃ£o, signo
ğŸ¯ cara, cara de tigre, tigre
ğŸ… tigre
ğŸ† leopardo
ğŸ´ cara, cara de cavalo, cavalo
ğŸ cavalo, cavalo de corrida, corrida, equestre, equitaÃ§Ã£o
ğŸ¦„ cara, unicÃ³rnio
ğŸ¦“ risca, zebra
ğŸ¦Œ veado
ğŸ¦¬ bisÃ£o, bisonte, bÃºfalo, rebanho
ğŸ® cara, cara de vaca, vaca
ğŸ‚ boi, signo, touro
ğŸƒ bÃºfalo
ğŸ„ vaca
ğŸ· cara, cara de porco, porco
ğŸ– porco
ğŸ— javali, porco
ğŸ½ cara, focinho, nariz de porco, porco
ğŸ carneiro, carneiro (animal), ovelha, signo
ğŸ‘ ovelha
ğŸ cabra, capricÃ³rnio, signo
ğŸª bossa, dromedÃ¡rio
ğŸ« bossa, camelo
ğŸ¦™ alpaca, animal, guanaco, lÃ£, lama, lhama, vicunha
ğŸ¦’ animal, girafa
ğŸ˜ elefante
ğŸ¦£ extinto, grande, lanoso, mamute, presa
ğŸ¦ rinoceronte
ğŸ¦› animal, hipopÃ³tamo
ğŸ­ cara, cara de rato, rato
ğŸ rato
ğŸ€ ratazana
ğŸ¹ animal de estimaÃ§Ã£o, cara, hamster
ğŸ° animal de estimaÃ§Ã£o, cara, cara de coelho, coelhinho, coelho
ğŸ‡ animal de estimaÃ§Ã£o, coelhinho, coelho
ğŸ¿ esquilo
ğŸ¦« aÃ§ude, barragem, castor, dique, represa
ğŸ¦” animal, espinhoso, ouriÃ§o, ouriÃ§o-caixeiro
ğŸ¦‡ morcego, vampiro
ğŸ» cara, urso
ğŸ»â€â„ Ã¡rtico, branco, urso, urso polar
ğŸ¨ coala, urso
ğŸ¼ cara, panda
ğŸ¦¥ lenta, preguiÃ§a, preguiÃ§osa
ğŸ¦¦ brincalhona, lontra, pesca
ğŸ¦¨ doninha fedorenta, mau cheiro
ğŸ¦˜ AustrÃ¡lia, canguru, joey, marsupial, saltar
ğŸ¦¡ chatear, ratel, texugo, texugo-do-mel
ğŸ¾ patas, pegada, pegadas de patas
ğŸ¦ƒ ave, peru
ğŸ” ave, galinha
ğŸ“ ave, galo
ğŸ£ bebÃ©, ovo, pintainho, pintainho a sair do ovo
ğŸ¤ bebÃ©, pintainho
ğŸ¥ bebÃ©, pintainho, pintainho a olhar para a frente
ğŸ¦ ave, pÃ¡ssaro
ğŸ§ pinguim
ğŸ•Š pÃ¡ssaro, paz, pomba, voar
ğŸ¦… Ã¡guia, ave, pÃ¡ssaro
ğŸ¦† ave, pato
ğŸ¦¢ cisne, patinho feio, pinto de cisne
ğŸ¦‰ coruja, mocho, pÃ¡ssaro, sensato
ğŸ¦¤ dodÃ³, extinto, grande, MaurÃ­cias
ğŸª¶ leve, pÃ¡ssaro, pena, plumagem, voo
ğŸ¦© extravagante, flamingo, tropical
ğŸ¦š ave, orgulhoso, pavÃ£o, pavoa, pomposo
ğŸ¦œ falar, papagaio, pÃ¡ssaro, pirata
ğŸ¸ cara, sapo
ğŸŠ crocodilo, jacarÃ©
ğŸ¢ cÃ¡gado, tartaruga
ğŸ¦ lagarto, rÃ©ptil
ğŸ cobra, ofiÃºco, serpentÃ¡rio, serpente, signo
ğŸ² cara, cara de dragÃ£o, conto de fadas, dragÃ£o
ğŸ‰ conto de fadas, dragÃ£o
ğŸ¦• braquiossauro, brontossuro, diplÃ³doco, saurÃ³pode
ğŸ¦– T-Rex, tiranossauro rex
ğŸ³ baleia, baleia com esguicho de Ã¡gua, cara, esguichar
ğŸ‹ baleia
ğŸ¬ golfinho
ğŸ¦­ foca, leÃ£o marinho
ğŸŸ peixe, peixes, signo
ğŸ  peixe, tropical
ğŸ¡ peixe, peixe-balÃ£o
ğŸ¦ˆ peixe, tubarÃ£o
ğŸ™ polvo
ğŸš bÃºzio, concha, espiral
ğŸŒ caracol, caracoleta
ğŸ¦‹ bonita, borboleta, insecto, inseto
ğŸ› bicho, insecto, inseto, lagarta
ğŸœ formiga, insecto, inseto
ğŸ abelha, insecto, inseto, mel
ğŸª² besouro, bicho, inseto
ğŸ bicho, inseto, joaninha, voa voa
ğŸ¦— gafanhoto, grilo
ğŸª³ barata, baratas, inseto, praga
ğŸ•· aranha, insecto, inseto
ğŸ•¸ aranha, teia, teia de aranha
ğŸ¦‚ escorpiÃ£o, escorpiÃ£o (animal), signo
ğŸ¦Ÿ doenÃ§a, febre, insecto, inseto, malÃ¡ria, melga, vÃ­rus
ğŸª° decomposiÃ§Ã£o, doenÃ§a, larva, mosca, praga
ğŸª± anelÃ­deo, minhoca, parasita
ğŸ¦  ameba, bactÃ©ria, micrÃ³bio, vÃ­rus
ğŸ’ flor, planta, ramo de flores, romance
ğŸŒ¸ cerejeira, cerejeira em flor, em flor, flor, planta
ğŸ’® flor, flor branca
ğŸµ planta, rosÃ¡cea
ğŸŒ¹ flor, rosa, vermelha
ğŸ¥€ flor, murcha
ğŸŒº flor, hibisco
ğŸŒ» flor, girassol, sol
ğŸŒ¼ flor, malmequer
ğŸŒ· flor, tÃºlipa
ğŸŒ± nova, planta, rebento
ğŸª´ casa, chato, nutrir, planta, plantar, sem utilidade, vaso com planta
ğŸŒ² Ã¡rvore, Ã¡rvore de folha perene, planta
ğŸŒ³ Ã¡rvore, Ã¡rvore de folha caduca, caduca
ğŸŒ´ Ã¡rvore, palma, palmeira, planta
ğŸŒµ cato, planta
ğŸŒ¾ arroz, espiga, feixe de arroz, planta
ğŸŒ¿ erva aromÃ¡tica, folha, planta
â˜˜ planta, trevo
ğŸ€ 4, folha, planta, quatro, trevo, trevo de quatro folhas
ğŸ Ã¡cer, folha, folha de Ã¡cer, planta, queda
ğŸ‚ folha, folha caÃ­da, planta, queda
ğŸƒ esvoaÃ§ar, folha, folha a esvoaÃ§ar ao vento, planta, soprar, vento
ğŸ‡ fruta, uva, uvas
ğŸˆ fruta, melÃ£o, meloa
ğŸ‰ fatia, fruta, melancia
ğŸŠ clementina, fruta, laranja, tangerina
ğŸ‹ citrino, fruta, limÃ£o
ğŸŒ banana, fruta
ğŸ abacaxi, ananÃ¡s, fruta
ğŸ¥­ fruta, manga, tropical
ğŸ fruta, maÃ§Ã£, pÃªro, vermelha
ğŸ fruta, maÃ§Ã£, verde
ğŸ fruta, pera
ğŸ‘ fruta, pÃªssego
ğŸ’ cereja, cerejas, fruta, ginja
ğŸ“ fruta, morango
ğŸ« azul, baga, mirtilo, mirtilos
ğŸ¥ fruta, kiwi, quivi
ğŸ… fruta, legume, tomate
ğŸ«’ azeitona, comida
ğŸ¥¥ coco, fruta, palmeira
ğŸ¥‘ abacate, fruta
ğŸ† beringela, legume
ğŸ¥” batata, legume
ğŸ¥• cenoura, legume
ğŸŒ½ cereal, espiga, espiga de milho, milho
ğŸŒ¶ legume, malagueta, picante
ğŸ«‘ capsicum, pimento, vegetal
ğŸ¥’ legume, pepino, pickle, picles
ğŸ¥¬ alface, bok choy, couve, repolho, verdura
ğŸ¥¦ brÃ³colos, legume
ğŸ§„ alho, tempero
ğŸ§… cebola, tempero
ğŸ„ cogumelo, fungo
ğŸ¥œ amendoim, amendoins, leguminosa
ğŸŒ° castanha, planta
ğŸ pÃ£o, pÃ£o de forma
ğŸ¥ croissant, folhado, francÃªs
ğŸ¥– baguete, cacete, francÃªs, pÃ£o
ğŸ«“ arepa, lavash, naan, pÃ£o sÃ­rio, pita
ğŸ¥¨ pretzel
ğŸ¥¯ argola, bagel, pÃ£o
ğŸ¥ comida, crepe, doce, panqueca, panquecas
ğŸ§‡ waffle
ğŸ§€ fatia de queijo, queijo
ğŸ– carne, osso, osso com carne
ğŸ— coxa, coxa de ave, frango, galinha, osso
ğŸ¥© bife, costeleta, costeleta de cordeiro, costeleta de porco, naco de carne
ğŸ¥“ bacon, carne, comida, toucinho
ğŸ” cheeseburger, hambÃºrger, hambÃºrguer
ğŸŸ batatas, fritas
ğŸ• fatia, piza, queijo
ğŸŒ­ cachorro, cachorro quente, salsicha
ğŸ¥ª pÃ£o, sande, sandes, sanduÃ­che
ğŸŒ® comida, mexicana, taco
ğŸŒ¯ burrito, comida, mexicana
ğŸ«” mexicano, tamale, wrap
ğŸ¥™ falafel, kebab, pita, recheado
ğŸ§† almÃ´ndega, falÃ¡fel, grÃ£o de bico
ğŸ¥š comida, ovo
ğŸ³ cozinhar, frigideira, ovo
ğŸ¥˜ caÃ§arola, caÃ§arola de comida, comida, paelha, panela, rasa
ğŸ² guisado, tacho, tacho com comida
ğŸ«• chocolate, derretido, fondue, panela, queijo, suÃ­Ã§o
ğŸ¥£ cereais, pequeno-almoÃ§o, tigela com colher
ğŸ¥— alface, comida, salada, verdura
ğŸ¿ balde de pipoca, pipoca de cinema, pipocas
ğŸ§ˆ laticÃ­nio, manteiga
ğŸ§‚ condimento, sal, saleiro
ğŸ¥« comida de lata, comida enlatada, lata
ğŸ± caixa, caixa de refeiÃ§Ãµes, refeiÃ§Ãµes
ğŸ˜ arroz, bolacha, bolacha de arroz
ğŸ™ arroz, bola de arroz, bolinho, japonÃªs
ğŸš arroz, cozido, tigela de arroz
ğŸ› arroz, arroz com caril, caril
ğŸœ massa, noodles, quente, ramen, tigela com comida quente
ğŸ esparguete, massa
ğŸ  assada, batata, batata-doce assada, doce
ğŸ¢ espetada, marisco, oden
ğŸ£ sushi
ğŸ¤ camarÃ£o, frito, gamba, tempura
ğŸ¥ espiral, pastel, pastel de peixe com espiral, peixe
ğŸ¥® bolo da lua, festival, outono, yuÃ¨bÇng
ğŸ¡ dango, doce, espetada, espeto, japonesa, sobremesa
ğŸ¥Ÿ empanada, guioza, pierogi, ravioli
ğŸ¥  biscoito da sorte, bolinho, sorte
ğŸ¥¡ caixa, caixa de takeaway, comida pronta, takeaway
ğŸ¦€ caranguejo, caranguejo (animal), signo
ğŸ¦ lagosta, mariscada, marisco, pinÃ§as
ğŸ¦ camarÃ£o, comida, gamba, marisco
ğŸ¦‘ comida, lula, molusco
ğŸ¦ª mergulho, ostra, pÃ©rola
ğŸ¦ cone de gelado, creme, cremoso, doce, gelado, gelo, sobremesa
ğŸ§ doce, gelo, granizado, sobremesa
ğŸ¨ creme, doce, gelado, gelo, sobremesa
ğŸ© doce, dÃ³nute, sobremesa
ğŸª biscoito, bolacha, doce
ğŸ‚ aniversÃ¡rio, bolo, bolo de anos, celebraÃ§Ã£o, doce, pastelaria, sobremesa
ğŸ° bolo, doce, fatia, fatia de bolo, pastelaria, sobremesa
ğŸ§ bolo, cupcake, doce, pastelaria, queque
ğŸ¥§ recheio, tarte
ğŸ« chocolate, doce, sobremesa, tablete, tablete de chocolate
ğŸ¬ doce, rebuÃ§ado, sobremesa
ğŸ­ chupa-chupa, doce, guloseima, sobremesa
ğŸ® doce, pudim, sobremesa
ğŸ¯ doce, mel, pote, pote de mel
ğŸ¼ bebÃ©, beber, biberÃ£o, leite
ğŸ¥› bebida, copo, copo de leite, leite
â˜• beber, bebida, cafÃ©, chÃ¡, quente, vapor
ğŸ«– bebida, bule, chÃ¡, chaleira
ğŸµ beber, bebida, chÃ¡, chÃ¡vena, chÃ¡vena de chÃ¡, chÃ¡vena de chÃ¡ sem asa
ğŸ¶ bar, bebida, garrafa, saquÃ©, saquÃª, taÃ§a
ğŸ¾ bar, beber, garrafa, garrafa com rolha a saltar, rolha, saltar
ğŸ· bar, beber, bebida, copo, copo de vinho, vinho
ğŸ¸ bar, beber, cocktail, copo, copo de cocktail
ğŸ¹ bar, bebida, tropical
ğŸº bar, beber, caneca, caneca de cerveja, cerveja
ğŸ» bar, beber, brindar, brinde com canecas de cerveja, caneca, cerveja
ğŸ¥‚ bebida, brinde, celebrar, copo
ğŸ¥ƒ baixo, bebida, copo, copo de whisky, shot, whisky
ğŸ¥¤ copo com palhinha, refrigerante, sumo
ğŸ§‹ bolha, chÃ¡, chÃ¡ bubble, chÃ¡ perolado, leite, pÃ©rola
ğŸ§ƒ pacote de sumo
ğŸ§‰ bebida, mate
ğŸ§Š cubo de gelo, frio, gelo, icebergue
ğŸ¥¢ hashi, pauzinhos
ğŸ½ cozinhar, faca, faca e garfo com prato, garfo, prato, talheres
ğŸ´ cozinhar, faca, faca e garfo, garfo, talheres
ğŸ¥„ colher, talheres
ğŸ”ª arma, cortar, cozinhar, faca, faca de cozinha, utensÃ­lio
ğŸº Ã¢nfora, beber, jarro, lÃ­quidos, utensÃ­lio
ğŸŒ Ãfrica, Europa, globo, globo com a Europa e a Ãfrica visÃ­veis, mundo, Terra
ğŸŒ AmÃ©ricas, globo, globo com as AmÃ©ricas visÃ­veis, mundo, Terra
ğŸŒ Ãsia, AustrÃ¡lia, globo, globo a mostrar Ãsia e AustrÃ¡lia, globo com a Ãsia e a AustrÃ¡lia visÃ­veis, mundo, Terra
ğŸŒ globo, globo com meridianos, meridianos, mundo, Terra
ğŸ—º mapa, mapa do mundo, mundo
ğŸ—¾ JapÃ£o, mapa, mapa do JapÃ£o
ğŸ§­ bÃºssola, bÃºssola magnÃ©tica, navegaÃ§Ã£o, orientaÃ§Ã£o
ğŸ” frio, montanha, montanha coberta de neve, neve
â›° montanha, monte
ğŸŒ‹ erupÃ§Ã£o, montanha, vulcÃ£o
ğŸ—» fuji, montanha, monte Fuji
ğŸ• acampar, campismo
ğŸ– guarda-sol, praia, praia com guarda-sol
ğŸœ areia, cato, deserto
ğŸ deserta, ilha
ğŸ parque, parque nacional
ğŸŸ estÃ¡dio
ğŸ› clÃ¡ssico, edifÃ­cio clÃ¡ssico, edifÃ­cio da antiguidade
ğŸ— construÃ§Ã£o, construÃ§Ã£o civil, edifÃ­cio, obras
ğŸ§± argamassa, argila, muro, parede, tijolo, tijolos
ğŸª¨ pedra, pedregulho, pesado, rocha, sÃ³lido
ğŸªµ lenha, madeira, madeira serrada, tronco
ğŸ›– cabana, casa, yurt
ğŸ˜ casas, edifÃ­cios, edifÃ­cios de habitaÃ§Ã£o, habitaÃ§Ã£o
ğŸš abandonado, casa, casa abandonada, casa em ruÃ­nas
ğŸ  casa, edifÃ­cio, habitaÃ§Ã£o
ğŸ¡ casa, casa com jardim, habitaÃ§Ã£o, jardim, vivenda
ğŸ¢ edifÃ­cio, edifÃ­cio de escritÃ³rios, escritÃ³rios
ğŸ£ correios, edifÃ­cio, estaÃ§Ã£o de correios japonesa, japonÃªs
ğŸ¤ correios, edifÃ­cio, estaÃ§Ã£o de correios, europeu
ğŸ¥ edifÃ­cio, hospital, medicina, mÃ©dico
ğŸ¦ banca, banco, edifÃ­cio
ğŸ¨ edifÃ­cio, hotel
ğŸ© amor, edifÃ­cio, hotel, hotel com coraÃ§Ã£o, motel
ğŸª conveniÃªncia, edifÃ­cio, loja, loja de conveniÃªncia
ğŸ« edifÃ­cio, escola
ğŸ¬ comÃ©rcio, edifÃ­cio, grande armazÃ©m, lojas
ğŸ­ edifÃ­cio, fÃ¡brica
ğŸ¯ castelo, edifÃ­cio, japonÃªs
ğŸ° castelo, edifÃ­cio, europeu
ğŸ’’ capela, casamento, romance
ğŸ—¼ TÃ³quio, torre, torre de TÃ³quio
ğŸ—½ estÃ¡tua, EstÃ¡tua da Liberdade, liberdade
â›ª cristÃ£o, cruz, igreja, religiÃ£o
ğŸ•Œ islÃ£o, mesquita, muÃ§ulmano, religiÃ£o
ğŸ›• hindu, templo
ğŸ• judaÃ­smo, judeu, religiÃ£o, sinagoga, templo
â›© religiÃ£o, templo, templo xintoÃ­sta, xintoÃ­smo
ğŸ•‹ caaba, islamismo, muÃ§ulmano, religiÃ£o
â›² chafariz, fonte
â›º campismo, tenda
ğŸŒ enevoado, nevoeiro, nublado
ğŸŒƒ estrelas, noite, noite com estrelas
ğŸ™ cidade, edifÃ­cios, paisagem urbana
ğŸŒ„ manhÃ£, montanha, nascer do sol, nascer do sol nas montanhas, sol
ğŸŒ… manhÃ£, nascer do sol, sol
ğŸŒ† anoitecer, cidade, crepÃºsculo, paisagem, paisagem urbana ao anoitecer, pÃ´r do sol, sol
ğŸŒ‡ crepÃºsculo, edifÃ­cios, pÃ´r do sol, pÃ´r-do-sol, sol
ğŸŒ‰ noite, ponte, ponte Ã  noite
â™¨ Ã¡guas termais, nascentes, quente, termas, vapor
ğŸ  carrossel, cavalo, cavalo de carrossel
ğŸ¡ gigante, parque de diversÃµes, roda
ğŸ¢ montanha-russa, parque de diversÃµes
ğŸ’ˆ barbearia, barbeiro, corte de cabelo, sÃ­mbolo de barbearia
ğŸª circo, tenda, tenda de circo
ğŸš‚ comboio, linha ferroviÃ¡ria, locomotiva, mÃ¡quina, vapor, veÃ­culo
ğŸšƒ carro, carruagem, comboio, elÃ©ctrico, elÃ©trico, linha ferroviÃ¡ria, troleicarro
ğŸš„ comboio, comboio de alta velocidade, linha ferroviÃ¡ria, shinkansen, veÃ­culo, velocidade
ğŸš… bala, comboio, comboio-bala, linha ferroviÃ¡ria, shinkansen, velocidade
ğŸš† comboio, linha fÃ©rrea, linha ferroviÃ¡ria
ğŸš‡ metro, metropolitano
ğŸšˆ linha ferroviÃ¡ria, metro de superfÃ­cie
ğŸš‰ comboio, estaÃ§Ã£o, linha ferroviÃ¡ria
ğŸšŠ elÃ©ctrico, elÃ©trico
ğŸš monocarril, veÃ­culo
ğŸš comboio de montanha, linha ferroviÃ¡ria, montanha, transporte
ğŸš‹ carro, elÃ©trico
ğŸšŒ autocarro, veÃ­culo
ğŸš aproximaÃ§Ã£o, autocarro, autocarro a aproximar-se, autocarro a chegar
ğŸš autocarro, trÃ³lei, troleicarro
ğŸš autocarro, miniautocarro
ğŸš‘ ambulÃ¢ncia, veÃ­culo
ğŸš’ bombeiros, camiÃ£o, carro, carro de bombeiros
ğŸš“ carro, carro da polÃ­cia, patrulha, polÃ­cia
ğŸš” aproximaÃ§Ã£o, carro, carro da polÃ­cia a aproximar-se, polÃ­cia, veÃ­culo
ğŸš• tÃ¡xi, veÃ­culo
ğŸš– aproximaÃ§Ã£o, tÃ¡xi, tÃ¡xi a aproximar-se, veÃ­culo
ğŸš— automÃ³vel, carro, veÃ­culo
ğŸš˜ aproximaÃ§Ã£o, automÃ³vel, automÃ³vel a aproximar-se, carro, veÃ­culo
ğŸš™ recreio, SUV, veÃ­culo
ğŸ›» carrinha
ğŸšš camiÃ£o, camiÃ£o de entregas, entregas, veÃ­culo
ğŸš› camiÃ£o, camiÃ£o articulado, semirreboque, veÃ­culo
ğŸšœ trator
ğŸ automobilismo, carro, carro de corrida, corrida
ğŸ corrida, mota, moto, motociclismo, motociclo
ğŸ›µ lambreta, motorizada, scooter
ğŸ¦½ acessibilidade, cadeira de rodas manual
ğŸ¦¼ acessibilidade, cadeira de rodas elÃ©trica, cadeira de rodas motorizada
ğŸ›º riquexÃ³ motorizado
ğŸš² bicicleta, bicla
ğŸ›´ pontapÃ©, trotineta, trotinete
ğŸ›¹ skate
ğŸ›¼ patins, patins de rodas, rodas
ğŸš autocarro, paragem, paragem de autocarro
ğŸ›£ autoestrada, estrada, via rÃ¡pida
ğŸ›¤ comboio, linha ferroviÃ¡ria
ğŸ›¢ barril, barril de petrÃ³leo, petrÃ³leo
â›½ abastecimento, bomba, bomba de gasolina, gasolina
ğŸš¨ carro, luz, luz de carro da polÃ­cia, polÃ­cia, sirene
ğŸš¥ semÃ¡foro, semÃ¡foro horizontal, sinal, trÃ¢nsito
ğŸš¦ semÃ¡foro, semÃ¡foro vertical, sinal, trÃ¢nsito
ğŸ›‘ octagonal, sinal, sinal de stop, stop
ğŸš§ barreira, obras
âš“ Ã¢ncora, instrumento, navio
â›µ barco, estÃ¢ncia, iate, mar, veÃ­culo, veleiro
ğŸ›¶ barco, canoa
ğŸš¤ barco, lancha, veÃ­culo
ğŸ›³ navio, navio de passageiros, passageiros, veÃ­culo
â›´ barco, ferry
ğŸ›¥ barco, barco a motor, motor, veÃ­culo
ğŸš¢ barco, navio, passageiro
âœˆ aviÃ£o, veÃ­culo
ğŸ›© aviÃ£o, avioneta, veÃ­culo
ğŸ›« aviÃ£o, aviÃ£o a levantar, check-in, levantar, partida, veÃ­culo
ğŸ›¬ aterragem, aviÃ£o, aviÃ£o a aterrar, chegadas, veÃ­culo
ğŸª‚ asa-delta, paraquedas, paraquedismo, parasailing
ğŸ’º assento, cadeira
ğŸš helicÃ³ptero, veÃ­culo
ğŸšŸ monocarril suspenso, veÃ­culo
ğŸš  cabo, montanha, telefÃ©rico de montanha, veÃ­culo
ğŸš¡ aÃ©reo, cabo, funicular, gÃ´ndola, telefÃ©rico, veÃ­culo
ğŸ›° espaÃ§o, satÃ©lite, veÃ­culo
ğŸš€ espaÃ§o, foguetÃ£o, veÃ­culo
ğŸ›¸ disco voador, OVNI
ğŸ› campainha, campainha de receÃ§Ã£o, hotel, rececionista
ğŸ§³ bagagem, mala, viagem
âŒ› ampulheta terminada, areia, temporizador
â³ ampulheta, ampulheta com areia a cair, areia, temporizador
âŒš relÃ³gio, relÃ³gio de pulso
â° alarme, despertador, relÃ³gio
â± cronÃ³metro, relÃ³gio
â² relÃ³gio, temporizador
ğŸ•° relÃ³gio, relÃ³gio de lareira, relÃ³gio de mesa
ğŸ•› 00, 12, 12:00, doze, horas, relÃ³gio, vinte e quatro
ğŸ•§ 12, 12:30, doze, doze e meia, meia-noite e meia, meio-dia e meia, relÃ³gio, trinta
ğŸ• 00, 1, 1:00, horas, relÃ³gio, treze, uma, uma hora
ğŸ•œ 1, 1:30, 30, meia, relÃ³gio, trinta, uma, uma e meia
ğŸ•‘ 00, 2, 2:00, catorze, duas, horas, relÃ³gio
ğŸ• 2, 2:30, 30, duas, duas e meia, meia, relÃ³gio, trinta
ğŸ•’ 00, 3, 3:00, horas, quinze, relÃ³gio, trÃªs
ğŸ• 3, 3:30, 30, meia, relÃ³gio, trÃªs, trÃªs e meia, trinta
ğŸ•“ 00, 4, 4:00, dezasseis, horas, quatro, relÃ³gio
ğŸ•Ÿ 30, 4, 4:30, meia, quatro, quatro e meia, relÃ³gio, trinta
ğŸ•” 00, 5, 5:00, cinco, dezassete, horas, relÃ³gio
ğŸ•  5, 5:30, cinco, cinco e meia, meia, relÃ³gio, trinta
ğŸ•• 00, 6, 6:00, dezoito, horas, relÃ³gio, seis
ğŸ•¡ 30, 6, 6:30, meia, relÃ³gio, seis, seis e meia, trinta
ğŸ•– 00, 7, 7:00, dezanove, horas, relÃ³gio, sete
ğŸ•¢ 30, 7, 7:30, meia, relÃ³gio, sete, sete e meia, trinta
ğŸ•— 00, 8, 8:00, horas, oito, relÃ³gio, vinte
ğŸ•£ 30, 8, 8:30, meia, oito, oito e meia, relÃ³gio, trinta
ğŸ•˜ 00, 9, 9:00, horas, nove, relÃ³gio, vinte e uma
ğŸ•¤ 30, 9, 9:30, meia, nove, nove e meia, relÃ³gio, trinta
ğŸ•™ 00, 10, 10:00, dez, horas, relÃ³gio, vinte e duas
ğŸ•¥ 10, 10:30, 30, dez, dez e meia, meia, relÃ³gio, trinta
ğŸ•š 00, 11, 11:00, horas, onze, relÃ³gio, vinte e trÃªs
ğŸ•¦ 11, 11:30, 30, meia, onze, onze e meia, relÃ³gio, trinta
ğŸŒ‘ escuro, espaÃ§o, lua, lua nova, meteorologia
ğŸŒ’ crescente, espaÃ§o, lua, lua na primeira falcada, meteorologia
ğŸŒ“ crescente, espaÃ§o, lua, lua em quarto crescente, meteorologia, quatro
ğŸŒ” convexa, crescente, espaÃ§o, lua, lua na primeira giba, meteorologia
ğŸŒ• cheia, espaÃ§o, lua, meteorologia
ğŸŒ– convexa, espaÃ§o, lua, meteorologia, minguante
ğŸŒ— espaÃ§o, lua, lua em quarto minguante, meteorologia, minguante, quatro
ğŸŒ˜ crescente, espaÃ§o, lua, lua minguante cÃ´ncava, meteorologia, minguante
ğŸŒ™ crescente, espaÃ§o, lua, lua crescente sem sombra, meteorologia
ğŸŒš cara, cara de lua nova, espaÃ§o, lua, meteorologia
ğŸŒ› cara, espaÃ§o, lua, lua em quarto crescente com cara, meteorologia, quarto
ğŸŒœ cara, espaÃ§o, lua, lua em quarto minguante com cara, meteorologia, quarto
ğŸŒ¡ meteorologia, temperatura, termÃ³metro
â˜€ brilhante, espaÃ§o, meteorologia, raios, soalheiro, sol
ğŸŒ brilhante, cara, cheia, espaÃ§o, lua, lua cheia com cara, meteorologia
ğŸŒ brilhante, cara, espaÃ§o, meteorologia, sol, sol com cara
ğŸª planeta anelado, planeta com anÃ©is, saturnino, saturno
â­ estrela, estrela amarela
ğŸŒŸ brilhante, brilho, cintilante, estrela
ğŸŒ  cadente, espaÃ§o, estrela
ğŸŒŒ espaÃ§o, via lÃ¡ctea
â˜ meteorologia, nuvem, tempo
â›… meteorologia, nuvem, sol, sol atrÃ¡s de nuvem
â›ˆ chuva, meteorologia, nuvem, nuvem com relÃ¢mpago e chuva, trovoada
ğŸŒ¤ meteorologia, nuvem, sol, sol atrÃ¡s de nuvem pequena
ğŸŒ¥ meteorologia, nuvem, sol, sol atrÃ¡s de nuvem grande
ğŸŒ¦ chuva, meteorologia, nuvem, sol, sol atrÃ¡s de nuvem com chuva
ğŸŒ§ chuva, meteorologia, nuvem, nuvem com chuva
ğŸŒ¨ frio, meteorologia, neve, nuvem, nuvem com neve
ğŸŒ© meteorologia, nuvem, nuvem com relÃ¢mpago, relÃ¢mpago
ğŸŒª furacÃ£o, meteorologia, nuvem, tornado
ğŸŒ« meteorologia, nÃ©voa, nevoeiro, nuvem
ğŸŒ¬ cara, cara de vento, meteorologia, nuvem, soprar, vento
ğŸŒ€ ciclone, meteorologia, tufÃ£o
ğŸŒˆ arco-Ã­ris, chuva, cores, meteorologia
ğŸŒ‚ acessÃ³rio, chuva, guarda-chuva, guarda-chuva fechado, meteorologia
â˜‚ acessÃ³rio, chuva, guarda-chuva, meteorologia
â˜” acessÃ³rio, chuva, gotas, guarda-chuva, guarda-chuva com gotas de chuva, meteorologia
â›± chuva, guarda-sol, guarda-sol na areia, meteorologia, sol
âš¡ alta tensÃ£o, choque elÃ©trico, eletricidade, perigo, tensÃ£o, voltagem
â„ floco de neve, frio, meteorologia, neve
â˜ƒ boneco de neve, frio, meteorologia, neve
â›„ boneco de neve, boneco de neve sem neve, frio, meteorologia, neve
â˜„ astro, cometa, espaÃ§o
ğŸ”¥ chama, fogo
ğŸ’§ desenho, frio, gota, meteorologia, suor
ğŸŒŠ Ã¡gua, meteorologia, oceano, onda
ğŸƒ abÃ³bora, abÃ³bora de halloween, celebraÃ§Ã£o, dia das bruxas, halloween
ğŸ„ Ã¡rvore, Ã¡rvore de natal, celebraÃ§Ã£o, natal
ğŸ† celebraÃ§Ã£o, fogo de artifÃ­cio
ğŸ‡ celebraÃ§Ã£o, faÃ­sca, vela, vela com faÃ­sca
ğŸ§¨ dinamite, explosivo, fogo de artifÃ­cio, petardo
âœ¨ *, centelha, cintilaÃ§Ã£o, estrelas, faÃ­scas
ğŸˆ balÃ£o, celebraÃ§Ã£o, festa
ğŸ‰ celebraÃ§Ã£o, confetti, lanÃ§a-confetes, surpresa
ğŸŠ bola, bola de confete, celebraÃ§Ã£o, confetti
ğŸ‹ Ã¡rvore, Ã¡rvore do Tanabata, celebraÃ§Ã£o, faixa, japonÃªs
ğŸ bambu, celebraÃ§Ã£o, decoraÃ§Ã£o com bambu, japonÃªs, planta
ğŸ bonecas, bonecas japonesas, celebraÃ§Ã£o, festival, japonÃªs
ğŸ bandeirola, bandeirola de carpas, carpas, celebraÃ§Ã£o
ğŸ celebraÃ§Ã£o, espanta-espÃ­ritos, sino, vento
ğŸ‘ celebraÃ§Ã£o, cerimÃ³nia, cerimÃ³nia da lua, lua
ğŸ§§ boa sorte, dinheiro, envelope vermelho, hÃ³ngbÄo, lai see, presente
ğŸ€ celebraÃ§Ã£o, festa, fita, laÃ§o de fita
ğŸ caixa, celebraÃ§Ã£o, embrulhado, presente
ğŸ— celebraÃ§Ã£o, laÃ§o, laÃ§o de solidariedade, solidariedade
ğŸŸ bilhete, bilhetes, entrada
ğŸ« bilhete, entrada
ğŸ– celebraÃ§Ã£o, medalha, militar
ğŸ† prÃ©mio, trofÃ©u
ğŸ… medalha, medalha desportiva
ğŸ¥‡ medalha, medalha de 1.Âº lugar, ouro, primeiro
ğŸ¥ˆ medalha, medalha de 2.Âº lugar, prata, segundo
ğŸ¥‰ bronze, medalha, medalha de 3.Âº lugar, terceiro
âš½ bola, bola de futebol, futebol
âš¾ beisebol, bola
ğŸ¥ bola, luva, softbol
ğŸ€ basquetebol, bola, cesto
ğŸ bola, jogo, voleibol
ğŸˆ americano, bola, bola de futebol americano, futebol
ğŸ‰ bola, rÃ¢guebi
ğŸ¾ bola, raquete, tÃ©nis
ğŸ¥ frisbee, ultimate
ğŸ³ bola, bowling, jogo
ğŸ bola, crÃ­quete, jogo, taco
ğŸ‘ bola, campo, hÃ³quei, hÃ³quei em campo, jogo, stick
ğŸ’ disco, gelo, hÃ³quei, jogo, stick, stick e disco de hÃ³quei no gelo
ğŸ¥ baliza, bastÃ£o, bola, lacrosse
ğŸ“ bola, jogo, pingue-pongue, raquete, tÃ©nis de mesa
ğŸ¸ badmÃ­nton, jogo, pena, raquete, volante
ğŸ¥Š boxe, desporto, luva, luva de boxe
ğŸ¥‹ artes marciais, desporto, judo, karatÃ©, quimono de artes marciais, taekwondo, uniforme
ğŸ¥… baliza, desporto, objetivo, rede
â›³ bandeira no buraco, buraco, golfe
â›¸ gelo, patim, patim de gelo
ğŸ£ cana, cana de pesca, peixe
ğŸ¤¿ mÃ¡scara de mergulho, mergulhador, mergulho, scuba, snorkeling
ğŸ½ camisola, camisola de corrida, corrida, faixa
ğŸ¿ esqui, esquis, neve
ğŸ›· trenÃ³
ğŸ¥Œ pedra, pedra de curling
ğŸ¯ alvo, centro, dardo, em cheio no alvo, jogo
ğŸª€ brinquedo, ioiÃ³
ğŸª papagaio de papel, planar, voar
ğŸ± bilhar, bola, bola 8, jogo, oito, snooker
ğŸ”® bola, bola de cristal, conto de fadas, cristal, fantasia, instrumento, sorte
ğŸª„ bruxa, feiticeiro, magia, varinha mÃ¡gica
ğŸ§¿ amuleto, mau-olhado, missanga, nazar, olho grego, olho turco, talismÃ£
ğŸ® comando, comando de consola, jogo
ğŸ•¹ jogo, joystick, videojogo
ğŸ° jogo, slot, slot machine
ğŸ² dado, jogo, valor
ğŸ§© dica, encaixe, peÃ§a, peÃ§a de puzzle, quebra-cabeÃ§a
ğŸ§¸ brinquedo, enchimento, peluche, ursinho de peluche
ğŸª… comemoraÃ§Ã£o, festa, pinhata
ğŸª† boneca, matriosca, russa
â™  carta, espadas, jogo, naipe, naipe de espadas
â™¥ carta, copas, jogo, naipe, naipe de copas
â™¦ carta, jogo, naipe, naipe de ouros, ouros
â™£ carta, jogo, naipe, naipe de paus, paus
â™Ÿ dispensÃ¡vel, peÃ£o, peÃ£o de xadrez, xadrez
ğŸƒ carta, jogar, jogo, jÃ³quer
ğŸ€„ dragÃ£o vermelho de mahjong, jogo, mahjong, vermelho
ğŸ´ baralho de cartas com flores, carta, flor, japonÃªs, jogar, jogo
ğŸ­ artes, mÃ¡scaras, performativas, teatro
ğŸ–¼ arte, imagem, moldura, moldura com imagem, museu, pintura, quadro com moldura
ğŸ¨ arte, museu, paleta, paleta de artista, pintura
ğŸ§µ agulha, barbante, carretel, costura, fio
ğŸª¡ agulha, agulha de costura, alfaiataria, bordados, costura, pontos, suturas
ğŸ§¶ bola, crochÃª, novelo, tricÃ´
ğŸª¢ amarrar, corda, cordel, emaranhado, fio, nÃ³
ğŸ‘“ acessÃ³rio, Ã³culos, olhos
ğŸ•¶ acessÃ³rio, escuro, Ã³culos, Ã³culos de sol, Ã³culos escuros, olhos
ğŸ¥½ nataÃ§Ã£o, Ã³culos de proteÃ§Ã£o, proteÃ§Ã£o para os olhos, soldagem
ğŸ¥¼ bata de laboratÃ³rio, cientista, experiÃªncia, mÃ©dico
ğŸ¦º colete, colete de seguranÃ§a, emergÃªncia, seguranÃ§a
ğŸ‘” acessÃ³rio, gravata, vestuÃ¡rio
ğŸ‘• camisola, manga curta, t-shirt, vestuÃ¡rio
ğŸ‘– calÃ§as, calÃ§as de ganga, jeans, vestuÃ¡rio
ğŸ§£ cachecol, Ã©charpe, lenÃ§o, pescoÃ§o
ğŸ§¤ luva, luvas, mÃ£o
ğŸ§¥ casaco, jaqueta
ğŸ§¦ meia, meias, peÃºgas
ğŸ‘— vestido, vestuÃ¡rio
ğŸ‘˜ quimono, vestuÃ¡rio
ğŸ¥» sari, vestido, vestuÃ¡rio
ğŸ©± fato de banho
ğŸ©² fato de banho, roupa interior, slip de banho
ğŸ©³ calÃ§Ãµes de banho, fato de banho, roupa interior, slip
ğŸ‘™ biquÃ­ni, praia, vestuÃ¡rio
ğŸ‘š roupa de senhora, roupas de senhora, senhora, vestuÃ¡rio
ğŸ‘› acessÃ³rio, carteira, dinheiro, porta-moedas
ğŸ‘œ acessÃ³rio, carteira, mala, saco
ğŸ‘ acessÃ³rio, bolsa, bolsa pequena, pochete, saco
ğŸ› compras, hotel, saco, sacos de compras
ğŸ’ escola, mochila, mochila da escola, pasta, saco
ğŸ©´ chinelo
ğŸ‘ calÃ§ado, calÃ§ado masculino, homem, sapato de homem
ğŸ‘Ÿ calÃ§ado, desporto, sapatilha, tÃ©nis, vestuÃ¡rio
ğŸ¥¾ acampamento, bota, bota de caminhada, caminhada, mochila
ğŸ¥¿ chinelo, sabrina, slip-on
ğŸ‘  calÃ§ado, salto, saltos altos, sapato de salto alto, senhora
ğŸ‘¡ calÃ§ado, sandÃ¡lia, sandÃ¡lia de senhora, senhora, vestuÃ¡rio
ğŸ©° ballet, danÃ§a, sapatos de ballet
ğŸ‘¢ bota, bota de senhora, calÃ§ado, senhora, vestuÃ¡rio
ğŸ‘‘ acessÃ³rio, coroa, rainha, rei, vestuÃ¡rio
ğŸ‘’ acessÃ³rio, chapÃ©u, chapÃ©u de senhora, senhora, vestuÃ¡rio
ğŸ© acessÃ³rio, cartola, chapÃ©u, chapÃ©u alto, vestuÃ¡rio
ğŸ“ acessÃ³rio, celebraÃ§Ã£o, chapÃ©u, chapÃ©u de finalista, chapÃ©u de graduaÃ§Ã£o, formatura, licenciatura
ğŸ§¢ bonÃ©, chapÃ©u, chapÃ©u de baseball
ğŸª– capacete, exÃ©rcito, guerreiro, militar, soldado
â›‘ capacete, capacete de socorrista, cara, chapÃ©u, cruz, socorro
ğŸ“¿ acessÃ³rio, colar, contas, oraÃ§Ã£o, religiÃ£o, rosÃ¡rio
ğŸ’„ batom, cosmÃ©ticos, maquilhagem
ğŸ’ anel, diamante
ğŸ’ diamante, joia, jÃ³ia, pedra preciosa, preciosa
ğŸ”‡ altifalante, altifalante desligado, sem som, silÃªncio, silencioso, volume
ğŸ”ˆ altifalante baixo, volume
ğŸ”‰ altifalante, altifalante mÃ©dio, baixo, onda sonora, volume
ğŸ”Š 3, altifalante, alto, elevado, trÃªs, volume
ğŸ“¢ altifalante, alto, pÃºblico
ğŸ“£ apoiar, megafone, torcer
ğŸ“¯ correios, trompa, trompa dos correios
ğŸ”” sino
ğŸ”• nÃ£o, proibido, silÃªncio, sino, sino com barra, sino riscado
ğŸ¼ mÃºsica, partitura, pauta
ğŸµ mÃºsica, nota, nota musical
ğŸ¶ mÃºsica, notas, notas musicais
ğŸ™ estÃºdio, microfone, microfone de estÃºdio, mÃºsica
ğŸš controlo de nÃ­vel, mÃºsica, nÃ­vel, seletor
ğŸ› botÃµes, botÃµes de controlo, comando, mÃºsica
ğŸ¤ karaoke, microfone
ğŸ§ auscultador, intra-auricular
ğŸ“» mÃºsica, rÃ¡dio
ğŸ· instrumento, mÃºsica, saxofone
ğŸª— acordeÃ£o
ğŸ¸ guitarra elÃ©trica, instrumento, mÃºsica
ğŸ¹ instrumento, mÃºsica, piano, teclado, teclado musical
ğŸº instrumento, mÃºsica, trompete
ğŸ» instrumento, mÃºsica, violino
ğŸª• banjo
ğŸ¥ baquetas, mÃºsica, tambor
ğŸª˜ tambor alto
ğŸ“± telefone, telemÃ³vel
ğŸ“² chamada, receber, seta, telefone, telemÃ³vel, telemÃ³vel com seta
â˜ telefone, telefone fixo
ğŸ“ auscultador, auscultador de telefone, telefone
ğŸ“Ÿ comunicaÃ§Ã£o, pager
ğŸ“  comunicaÃ§Ã£o, fax, mÃ¡quina de fax
ğŸ”‹ bateria, pilha
ğŸ”Œ elÃ©trica, eletricidade, ficha
ğŸ’» computador, pc, pessoal, portÃ¡til
ğŸ–¥ computador, computador de secretÃ¡ria, secretÃ¡ria
ğŸ–¨ computador, impressora
âŒ¨ computador, teclado
ğŸ–± computador, rato, rato de computador
ğŸ–² computador, informÃ¡tica, trackball
ğŸ’½ computador, disco, minidisco, Ã³tico
ğŸ’¾ computador, disquete, floppy
ğŸ’¿ cd, computador, disco, Ã³ptico, Ã³tico
ğŸ“€ blu-ray, computador, disco, dvd, Ã³ptico, Ã³tico
ğŸ§® Ã¡baco, cÃ¡lculo
ğŸ¥ cÃ¢mara, cÃ¢mara de filmar, cinema, filme
ğŸ cinema, filme, fotogramas
ğŸ“½ cinema, filme, projetor, projetor de cinema, vÃ­deo
ğŸ¬ cinema, claquete, filme
ğŸ“º televisÃ£o, televisor, tv, vÃ­deo
ğŸ“· foto, fotografia, mÃ¡quina fotogrÃ¡fica
ğŸ“¸ cÃ¢mara, flash, mÃ¡quina fotogrÃ¡fica com flash, vÃ­deo
ğŸ“¹ cÃ¢mara, cÃ¢mara de vÃ­deo, vÃ­deo
ğŸ“¼ cassete, vhs, vÃ­deo, videocassete
ğŸ” ferramenta, lupa, lupa inclinada para a esquerda, pesquisar
ğŸ” ferramenta, lupa, lupa inclinada para a direita, pesquisar
ğŸ•¯ luz, vela
ğŸ’¡ desenho, eletricidade, ideia, lÃ¢mpada, luz
ğŸ”¦ eletricidade, lanterna, luz, utensÃ­lio
ğŸ® bar, japonÃªs, lanterna, lanterna de papel vermelha, luz, vermelha
ğŸª” diya, lÃ¢mpada, Ã³leo
ğŸ“” bloco de notas, bloco de notas com capa decorada, capa, decorada, livro
ğŸ“• fechado, livro
ğŸ“– aberto, livro
ğŸ“— livro, verde
ğŸ“˜ azul, livro
ğŸ“™ cor de laranja, livro, livro cor de laranja
ğŸ“š livro, livros
ğŸ““ caderno, folhas
ğŸ“’ bloco de notas, livro-razÃ£o
ğŸ“ƒ dobra, documento, pÃ¡gina, pÃ¡gina com dobra
ğŸ“œ papel, pergaminho
ğŸ“„ documento, pÃ¡gina, pÃ¡gina virada para cima
ğŸ“° jornal, notÃ­cias, papel
ğŸ— enrolado, jornal, notÃ­cias, papel
ğŸ“‘ marcadores, marcadores de folhas, marcar
ğŸ”– marcador de livros, marcar
ğŸ· etiqueta, rÃ³tulo
ğŸ’° dinheiro, dÃ³lar, saco, saco de dinheiro
ğŸª™ dinheiro, metal, moeda, ouro, prata, tesouro
ğŸ’´ banco, dinheiro, iene, moeda, nota, nota de iene
ğŸ’µ banco, dinheiro, dÃ³lar, moeda, nota, nota de dÃ³lar
ğŸ’¶ banco, dinheiro, euro, moeda, nota, nota de euro
ğŸ’· banco, dinheiro, libra, moeda, nota, nota de libra
ğŸ’¸ asas, banco, dinheiro, dinheiro com asas, dÃ³lar, nota, voar
ğŸ’³ banco, cartÃ£o, cartÃ£o de crÃ©dito, crÃ©dito, dinheiro
ğŸ§¾ comprovativo, contabilidade, fatura, recibo, tesouraria
ğŸ’¹ ascendente, banco, crescimento, dinheiro, grÃ¡fico, grÃ¡fico a subir com iene, iene, mercado, moeda, subida, tendÃªncia
âœ‰ correio, email, envelope
ğŸ“§ carta, correio, e-mail
ğŸ“¨ carta, chegada, correio, email, envelope, envelope a chegar, receber
ğŸ“© carta, correio, email, envelope, envelope com seta, enviado, para baixo, saÃ­da, seta
ğŸ“¤ bandeja, bandeja de correio a enviar, carta, correio, enviado, enviar
ğŸ“¥ bandeja, bandeja de correio recebido, carta, correio, receber, recebido
ğŸ“¦ caixa, embalagem, encomenda
ğŸ“« caixa de correio, caixa de correio fechada com bandeirola para cima, correio, fechada, para cima
ğŸ“ª caixa de correio, caixa de correio fechada com bandeirola para baixo, correio, fechada, para baixo
ğŸ“¬ aberta, caixa de correio, caixa de correio aberta com bandeirola para cima, correio
ğŸ“­ aberta, caixa de correio aberta com bandeirola para baixo, caixa do correio, correio, para baixo
ğŸ“® caixa de correio, correio
ğŸ—³ caixa, urna com voto, voto
âœ lÃ¡pis
âœ’ aparo, aparo preto, caneta
ğŸ–‹ caneta, caneta de tinta permanente, tinta permanente
ğŸ–Š caneta, esferogrÃ¡fica
ğŸ–Œ pincel, pintar
ğŸ– lÃ¡pis de cera
ğŸ“ folha, lÃ¡pis, nota
ğŸ’¼ mala, maleta, pasta
ğŸ“ arquivo, pasta, pasta de arquivo
ğŸ“‚ aberta, arquivo, pasta, pasta de arquivo aberta
ğŸ—‚ fichas, separadores, separadores de fichas
ğŸ“… calendÃ¡rio, data
ğŸ“† calendÃ¡rio, calendÃ¡rio destacÃ¡vel
ğŸ—’ bloco, bloco de notas com espiral, espiral, notas
ğŸ—“ bloco, calendÃ¡rio, calendÃ¡rio com espiral, espiral
ğŸ“‡ ficha, fichas, rolodex
ğŸ“ˆ crescimento, grÃ¡fico, grÃ¡fico a subir, subida, tendÃªncia
ğŸ“‰ descida, grÃ¡fico, grÃ¡fico a descer, tendÃªncia
ğŸ“Š barras, grÃ¡fico, grÃ¡fico de barras
ğŸ“‹ anotaÃ§Ãµes, prancheta
ğŸ“Œ alfinete, pionÃ©s, tacha
ğŸ“ alfinete, alfinete de cabeÃ§a redonda, redondo
ğŸ“ clipe
ğŸ–‡ clipes, clipes ligados, ligaÃ§Ã£o
ğŸ“ rÃ©gua
ğŸ“ esquadro, triÃ¢ngulo
âœ‚ tesoura, utensÃ­lio
ğŸ—ƒ arquivo, caixa, caixa de arquivo, fichas
ğŸ—„ armÃ¡rio, arquivo, ficheiro
ğŸ—‘ caixote do lixo, cesto do lixo
ğŸ”’ cadeado, fechado, trancado
ğŸ”“ aberto, cadeado
ğŸ” aparo, cadeado, cadeado com caneta, caneta, privacidade, tinta
ğŸ” cadeado, cadeado fechado com chave, chave, fechado, seguro
ğŸ”‘ chave, fechadura, palavra-passe, proteÃ§Ã£o, senha
ğŸ— antiga, chave antiga, fechadura, pista
ğŸ”¨ ferramenta, martelo
ğŸª“ cortar, cutelo, lenha, machado, rachar
â› ferramenta, mineraÃ§Ã£o, picareta
âš’ ferramenta, martelo, martelo e picareta, picareta
ğŸ›  chave inglesa, ferramenta, martelo, martelo e chave inglesa
ğŸ—¡ arma, punhal
âš” arma, cruzadas, espadas
ğŸ”« arma, pistola, pistola de Ã¡gua, revÃ³lver
ğŸªƒ bumerangue
ğŸ¹ arco, arco e flecha, arma, arqueiro, sagitÃ¡rio, seta, zodÃ­aco
ğŸ›¡ arma, escudo
ğŸªš carpinteiro, madeira, serra, serrote
ğŸ”§ chave inglesa, ferramenta
ğŸª› aparafusar, chave de fendas, ferramenta
ğŸ”© ferramenta, parafuso, porca, porca e parafuso
âš™ ferramenta, roda dentada
ğŸ—œ ferramenta, grampo, torno
âš– balanÃ§a, balanÃ§a (objeto), instrumento, justiÃ§a, pesar, zodÃ­aco
ğŸ¦¯ acessibilidade, bengala para invisuais, invisual
ğŸ”— corrente, ligaÃ§Ã£o
â›“ corrente, correntes
ğŸª gancho
ğŸ§° caixa, ferramenta, mala de ferramentas, mecÃ¢nico
ğŸ§² atraÃ§Ã£o, ferradura, Ã­man, magnÃ©tico
ğŸªœ degrau, escada, subir, trepar
âš— balÃ£o de vidro, instrumento, quÃ­mica
ğŸ§ª ciÃªncia, experiÃªncia, laboratÃ³rio, quÃ­mica, quÃ­mico, tubo de ensaio
ğŸ§« bactÃ©ria, biologia, biÃ³logo, cultura, laboratÃ³rio, placa de Petri
ğŸ§¬ adn, biÃ³logo, evoluÃ§Ã£o, gene, genÃ©tica, vida
ğŸ”¬ ciÃªncia, instrumento, microscÃ³pio
ğŸ”­ ciÃªncia, instrumento, telescÃ³pio
ğŸ“¡ antena, parabÃ³lica, satÃ©lite
ğŸ’‰ agulha, doente, injeÃ§Ã£o, medicamento, remÃ©dio, seringa
ğŸ©¸ doaÃ§Ã£o de sangue, gota de sangue, medicina, menstruaÃ§Ã£o
ğŸ’Š comprimido, doente, medicina, mÃ©dico
ğŸ©¹ penso, penso rÃ¡pido
ğŸ©º coraÃ§Ã£o, estetoscÃ³pio, medicina, mÃ©dico
ğŸšª porta
ğŸ›— acessibilidade, elevador, elevar, subir
ğŸª espÃ©culo, espelho, refletor, reflexÃ£o
ğŸªŸ abertura, ar fresco, janela, quadro, transparente, vista
ğŸ› cama, dormir, hotel
ğŸ›‹ candeeiro, hotel, sofÃ¡, sofÃ¡ e candeeiro
ğŸª‘ assento, cadeira, sentar
ğŸš½ casa de banho, sanita
ğŸª  desentupidor
ğŸš¿ Ã¡gua, chuveiro, duche
ğŸ› banheira, banho
ğŸª¤ apanhar, armadilha, engodo, isca, isco, ratoeira
ğŸª’ afiado, barbear, lÃ¢mina de barbear
ğŸ§´ champÃ´, frasco de loÃ§Ã£o, hidratante, loÃ§Ã£o, protetor solar
ğŸ§· alfinete de dama, fralda, punk rock
ğŸ§¹ bruxa, limpar, varrer, vassoura
ğŸ§º agricultura, cesta, cesto de roupa, piquenique
ğŸ§» papel de cozinha, papel higiÃªnico, rolo de cozinha
ğŸª£ balde
ğŸ§¼ banho, espuma, limpeza, sabonete, saboneteira
ğŸª¥ dental, dentes, escova, escova de dentes, higiene, limpeza
ğŸ§½ absorvente, esponja, limpeza, porosa
ğŸ§¯ apagar, extinguir, extintor, incÃªndio
ğŸ›’ carrinho, carrinho de compras, compras
ğŸš¬ cigarro, fumar
âš° caixÃ£o, morte
ğŸª¦ cemitÃ©rio, lÃ¡pide, sepultura
âš± funeral, morte, urna
ğŸ—¿ cara, estÃ¡tua, ilha de pÃ¡scoa, moai
ğŸª§ manifestaÃ§Ã£o, placar, placard, protesto
ğŸ§ banco, caixa, sinal de caixa automÃ¡tica, sinal de multibanco
ğŸš® cesto do lixo, lixo, sinal de lixo no caixote do lixo
ğŸš° Ã¡gua, beber, potÃ¡vel
â™¿ acessibilidade, sÃ­mbolo de cadeira de rodas
ğŸš¹ casa de banho para homens, homem, quarto de banho, wc
ğŸšº casa de banho para senhoras, quarto de banho, senhora, wc
ğŸš» casa de banho, quarto de banho, wc
ğŸš¼ bebÃ©, sÃ­mbolo de fraldÃ¡rio, trocar fraldas
ğŸš¾ casa de banho, wc, WC
ğŸ›‚ controlo, controlo de passaportes, passaporte
ğŸ›ƒ aduana, alfÃ¢ndega
ğŸ›„ bagagem, recolha, recolha de bagagem
ğŸ›… bagagem, cacifo, depÃ³sito de bagagem
âš  aviso
ğŸš¸ atravessar, crianÃ§as, crianÃ§as a atravessar, passagem de crianÃ§as, peÃµes, trÃ¢nsito
â›” entrada, nÃ£o, proibida, proibida a entrada, transitar, trÃ¢nsito
ğŸš« entrada, nÃ£o, proibida, proibido
ğŸš³ bicicleta, nÃ£o, proibido, proibido andar de bicicleta, veÃ­culo
ğŸš­ nÃ£o, nÃ£o fumadores, nÃ£o fumar, proibido
ğŸš¯ lixo, nÃ£o, nÃ£o colocar lixo, nÃ£o deitar lixo para o chÃ£o, proibido
ğŸš± Ã¡gua, beber, nÃ£o, potÃ¡vel, proibido
ğŸš· nÃ£o, peÃµes, proibido, proibido a peÃµes
ğŸ“µ nÃ£o, proibido, proibido usar telemÃ³veis, telefone, telemÃ³vel
ğŸ” 18, dezoito, menores, proibido a menores de dezoito anos, restriÃ§Ã£o
â˜¢ radioativo, sinal
â˜£ biolÃ³gico, perigo biolÃ³gico, risco
â¬† cardeal, direÃ§Ã£o, norte, seta, seta para cima
â†— direÃ§Ã£o, intermÃ©dio, nordeste, seta, seta para cima e para a direita
â¡ cardeal, direÃ§Ã£o, este, seta, seta para a direita
â†˜ direÃ§Ã£o, intermÃ©dio, seta, seta para a direita e para baixo, sudeste
â¬‡ cardeal, direÃ§Ã£o, para baixo, seta, seta para baixo, sul
â†™ direÃ§Ã£o, intermÃ©dio, seta, seta para baixo e para a esquerda, sudoeste
â¬… cardeal, direÃ§Ã£o, oeste, seta, seta para a esquerda
â†– direÃ§Ã£o, intermÃ©dio, noroeste, seta, seta para cima e para a esquerda
â†• para baixo, para cima, seta, seta para cima e para baixo
â†” direita, esquerda, seta, seta para a esquerda e para a direita
â†® barra com seta bidirecional
â†© curva, esquerda, seta, seta para a direita com curva para a esquerda
â†ª curva, direita, seta, seta para a esquerda com curva para a direita
â¤´ curva, para cima, seta, seta para a direita com curva para cima
â¤µ curva, para baixo, seta, seta para a direita com curva para baixo
ğŸ”ƒ recarregar, sentido dos ponteiros do relÃ³gio, seta, setas verticais no sentido dos ponteiros do relÃ³gio
ğŸ”„ sentido contrÃ¡rio ao dos ponteiros do relÃ³gio, seta, setas no sentido contrÃ¡rio ao dos ponteiros do relÃ³gio
ğŸ”™ para trÃ¡s, seta, seta BACK
ğŸ”š para o fim, seta, seta END
ğŸ”› ligado, seta, seta ON!
ğŸ”œ brevemente, seta, seta SOON
ğŸ” parte superior, seta, seta TOP
ğŸ› culto, local de culto, religiÃ£o
âš› ateÃ­sta, sÃ­mbolo do Ã¡tomo
ğŸ•‰ hinduÃ­smo, om, religiÃ£o
âœ¡ david, estrela, estrela de David, judaÃ­smo, judeu, religiÃ£o
â˜¸ budista, dharma, religiÃ£o, roda, roda do Dharma
â˜¯ religiÃ£o, taoismo, taoista, yang, yin
âœ cristÃ£, cruz, cruz latina, religiÃ£o
â˜¦ cristÃ£, cruz, ortodoxa, religiÃ£o
â˜ª estrela e lua crescente, IslÃ£o, muÃ§ulmano, religiÃ£o
â˜® paz, sÃ­mbolo da paz
ğŸ• candelabro, castiÃ§al, menorÃ¡, religiÃ£o
ğŸ”¯ estrela, estrela de seis pontas com ponto, sorte
â™ˆ carneiro, Carneiro, signo
â™‰ signo, Touro
â™Š GÃ©meos, signo
â™‹ Caranguejo, signo
â™Œ LeÃ£o, signo
â™ signo, Virgem
â™ BalanÃ§a, signo
â™ EscorpiÃ£o, signo
â™ SagitÃ¡rio, signo
â™‘ CapricÃ³rnio, signo
â™’ AquÃ¡rio, signo
â™“ Peixes, signo
â› SerpentÃ¡rio, zodÃ­aco
ğŸ”€ botÃ£o de reproduÃ§Ã£o aleatÃ³ria de faixas, cruzadas, setas
ğŸ” botÃ£o de repetiÃ§Ã£o, repetir, sentido dos ponteiros do relÃ³gio, setas
ğŸ”‚ botÃ£o de repetiÃ§Ã£o Ãºnica, repetir, sentido dos ponteiros do relÃ³gio, seta, uma vez
â–¶ botÃ£o de reproduÃ§Ã£o, direita, reproduzir, seta, triÃ¢ngulo
â© avanÃ§ar, botÃ£o de avanÃ§ar, dupla, seta
â­ botÃ£o de faixa seguinte, cena seguinte, faixa seguinte, seta, triÃ¢ngulo
â¯ botÃ£o de reproduÃ§Ã£o ou pausa, direita, pausa, reproduÃ§Ã£o, seta, triÃ¢ngulo
â—€ botÃ£o de inversÃ£o, esquerda, inverter, retroceder, seta, triÃ¢ngulo
âª botÃ£o de inversÃ£o rÃ¡pida, dupla, rebobinar, retroceder, seta
â® botÃ£o de Ãºltima faixa, cena anterior, faixa anterior, seta, triÃ¢ngulo
ğŸ”¼ botÃ£o, botÃ£o para cima, seta, vermelho
â« botÃ£o rapidamente para cima, dupla, seta
ğŸ”½ botÃ£o, botÃ£o para baixo, para baixo, seta, vermelho
â¬ botÃ£o rapidamente para baixo, dupla, para baixo, seta
â¸ barra, botÃ£o de pausa, dupla, pausa, vertical
â¹ botÃ£o de paragem, parar, quadrado
âº botÃ£o de gravaÃ§Ã£o, cÃ­rculo, gravar
â botÃ£o de ejeÃ§Ã£o, ejecÃ§Ã£o, ejectar, ejetar
ğŸ¦ cÃ¢mara, cinema, filme
ğŸ”… baixo, botÃ£o de escurecer, brilho, escurecer
ğŸ”† botÃ£o de brilho, brilhante, brilho, luminosidade
ğŸ“¶ antena, barras, barras de antena, rede, sinal, telefone, telemÃ³vel
ğŸ“³ modo, modo de vibraÃ§Ã£o, telefone, telemÃ³vel, vibraÃ§Ã£o
ğŸ“´ desligado, telefone, telemÃ³vel
â™€ mulher, sÃ­mbolo feminino
â™‚ homem, sÃ­mbolo masculino
âš§ sÃ­mbolo transgÃ©nero, transgÃ©nero
âœ– Ã—, cancelar, multiplicaÃ§Ã£o, multiplicar, sinal de multiplicaÃ§Ã£o
â• +, adiÃ§Ã£o, mais, matemÃ¡tica, sinal de adiÃ§Ã£o
â– -, âˆ’, matemÃ¡tica, menos, sinal de subtraÃ§Ã£o, subtraÃ§Ã£o, subtracÃ§Ã£o
â— Ã·, divisÃ£o, matemÃ¡tica, sinal de divisÃ£o
â™¾ eternidade, ilimitado, infinito, universal
â€¼ !, !!, exclamaÃ§Ã£o, ponto de exclamaÃ§Ã£o duplo, pontuaÃ§Ã£o
â‰ !, !?, ?, exclamaÃ§Ã£o, interrogaÃ§Ã£o, pergunta, pontos de exclamaÃ§Ã£o e de interrogaÃ§Ã£o, pontuaÃ§Ã£o
â“ ?, interrogaÃ§Ã£o, pergunta, ponto de interrogaÃ§Ã£o, ponto de interrogaÃ§Ã£o vermelho, pontuaÃ§Ã£o
â” ?, delineado, pergunta, ponto de interrogaÃ§Ã£o branco, pontuaÃ§Ã£o, sinal, sinal de interrogaÃ§Ã£o branco
â• !, delineado, exclamaÃ§Ã£o, ponto de exclamaÃ§Ã£o branco, pontuaÃ§Ã£o, sinal, sinal de exclamaÃ§Ã£o branco
â— !, exclamaÃ§Ã£o, ponto de exclamaÃ§Ã£o, ponto de exclamaÃ§Ã£o vermelho, pontuaÃ§Ã£o, sinal
ã€° ondulado, pontuaÃ§Ã£o, traÃ§o
ğŸ’± banco, cÃ¢mbio, cÃ¢mbio de moeda, dinheiro, moeda
ğŸ’² dinheiro, dÃ³lar, moeda, sÃ­mbolo de dÃ³lar
âš• esculÃ¡pio, medicina, pessoal, sÃ­mbolo mÃ©dico
â™» reciclar, sÃ­mbolo de reciclagem
âšœ fleur-de-lis, flor-de-lis
ğŸ”± Ã¢ncora, emblema, emblema de tridente, navio, tridente
ğŸ“› dÃ­stico, nome
ğŸ”° amarelo, insÃ­gnia, japonÃªs, principiante, sÃ­mbolo japonÃªs para principiante, verde
â­• cÃ­rculo, cÃ­rculo vermelho oco, encarnado, grande, o, vermelho
âœ… âœ“, botÃ£o, botÃ£o de visto, visto
â˜‘ caixa, caixa com visto, visto
âœ” âœ“, marca de verificaÃ§Ã£o, visto
âŒ Ã—, cancelar, cruz, multiplicaÃ§Ã£o, multiplicar, x
â Ã—, botÃ£o com cruz, quadrado, x
â° caracol, laÃ§o, laÃ§o encaracolado
â¿ caracol, duplo, laÃ§o, laÃ§o encaracolado duplo
ã€½ entrada, marca de alternÃ¢ncia parcial, mÃºsica
âœ³ *, asterisco, asterisco com oito raios
âœ´ estrela, estrela com oito pontas
â‡ *, brilho, centelha, faÃ­sca
Â© c, direitos de autor
Â® marca registada, r
â„¢ marca, marca comercial, tm
ğŸ”  introduÃ§Ã£o, introduÃ§Ã£o de maiÃºsculas latinas, latinas, letras, maiÃºsculas
ğŸ”¡ abcd, introduÃ§Ã£o, introduÃ§Ã£o de minÃºsculas latinas, latinas, letras, minÃºsculas
ğŸ”¢ 1234, introduÃ§Ã£o, introduÃ§Ã£o de nÃºmeros, nÃºmeros
ğŸ”£ introduÃ§Ã£o, introduÃ§Ã£o de sÃ­mbolos, sÃ­mbolos
ğŸ”¤ abc, abecedÃ¡rio, alfabeto, introduÃ§Ã£o, introduÃ§Ã£o de letras latinas, latinas, letras
ğŸ…° a, botÃ£o A (tipo de sangue), sangue
ğŸ† ab, botÃ£o AB (tipo de sangue), sangue
ğŸ…± b, blood, botÃ£o B (tipo de sangue)
ğŸ†‘ botÃ£o CL, cl
ğŸ†’ botÃ£o COOL, cool, fixe
ğŸ†“ botÃ£o FREE, free, gratuito, livre
â„¹ i, informaÃ§Ãµes, posto de informaÃ§Ã£o
ğŸ†” botÃ£o ID, id, identidade, identificaÃ§Ã£o
â“‚ cÃ­rculo, cÃ­rculo com letra m, m
ğŸ†• botÃ£o NEW, new, novo
ğŸ†– botÃ£o NG, ng
ğŸ…¾ 0, botÃ£o 0 (tipo de sangue), botÃ£o O (tipo de sangue), sangue
ğŸ†— botÃ£o OK, ok
ğŸ…¿ botÃ£o P, estacionamento
ğŸ†˜ ajuda, botÃ£o SOS, sos
ğŸ†™ botÃ£o, botÃ£o up!, forÃ§a!
ğŸ†š botÃ£o VS, v, versus, vs
ğŸˆ botÃ£o &quot;aqui&quot; em japonÃªs, japonÃªs
ğŸˆ‚ botÃ£o &quot;taxa de serviÃ§o&quot; em japonÃªs, japonÃªs, katakana
ğŸˆ· botÃ£o &quot;valor mensal&quot; em japonÃªs, ideograma, japonÃªs
ğŸˆ¶ botÃ£o &quot;nÃ£o gratuito&quot; em japonÃªs, ideograma, japonÃªs
ğŸˆ¯ botÃ£o &quot;reservado&quot; em japonÃªs, ideograma, japonÃªs
ğŸ‰ botÃ£o &quot;boa oportunidade&quot; em japonÃªs, ideograma, japonÃªs
ğŸˆ¹ botÃ£o &quot;desconto&quot; em japonÃªs, ideograma, japonÃªs
ğŸˆš botÃ£o &quot;gratuito&quot; em japonÃªs, ideograma, japonÃªs
ğŸˆ² botÃ£o &quot;proibido&quot; em japonÃªs, ideograma, japonÃªs
ğŸ‰‘ botÃ£o &quot;aceitÃ¡vel&quot; em japonÃªs, ideograma, japonÃªs
ğŸˆ¸ botÃ£o &quot;aplicaÃ§Ã£o&quot; em japonÃªs, ideograma, japonÃªs
ğŸˆ´ botÃ£o &quot;nota positiva&quot; em japonÃªs, ideograma, japonÃªs
ğŸˆ³ botÃ£o &quot;com vagas&quot; em japonÃªs, botÃ£o &quot;vaga&quot; em japonÃªs, ideograma
ãŠ— botÃ£o &quot;parabÃ©ns&quot; em japonÃªs, ideograma, parabÃ©ns
ãŠ™ &quot;segredo&quot;, botÃ£o &quot;segredo&quot; em japonÃªs, ideograma, japonÃªs
ğŸˆº botÃ£o &quot;em funcionamento&quot; em japonÃªs, ideograma, japonÃªs
ğŸˆµ botÃ£o &quot;sem vagas&quot; em japonÃªs, ideograma, japonÃªs
ğŸ”´ cÃ­rculo, geomÃ©trico, vermelho
ğŸŸ  cÃ­rculo, cÃ­rculo cor de laranja, cor de laranja
ğŸŸ¡ amarelo, cÃ­rculo
ğŸŸ¢ cÃ­rculo, verde
ğŸ”µ azul, cÃ­rculo, geomÃ©trico
ğŸŸ£ cÃ­rculo, roxo
ğŸŸ¤ castanho, cÃ­rculo
âš« cÃ­rculo, cÃ­rculo preto, geomÃ©trico
âšª cÃ­rculo, cÃ­rculo branco, geomÃ©trico
ğŸŸ¥ quadrado, vermelho
ğŸŸ§ cor de laranja, quadrado, quadrado cor de laranja
ğŸŸ¨ amarelo, quadrado
ğŸŸ© quadrado, verde
ğŸŸ¦ azul, quadrado
ğŸŸª quadrado, roxo
ğŸŸ« castanho, quadrado
â¬› geomÃ©trico, quadrado, quadrado preto grande
â¬œ geomÃ©trico, quadrado, quadrado branco grande
â—¼ geomÃ©trico, quadrado, quadrado preto mÃ©dio
â—» geomÃ©trico, quadrado, quadrado branco mÃ©dio
â—¾ geomÃ©trico, quadrado, quadrado preto pequeno/mÃ©dio
â—½ geomÃ©trico, quadrado, quadrado branco pequeno/mÃ©dio
â–ª geomÃ©trico, quadrado, quadrado preto pequeno
â–« geomÃ©trico, quadrado, quadrado branco pequeno
ğŸ”¶ cor de laranja, geomÃ©trico, losango, losango cor de laranja grande
ğŸ”· azul, geomÃ©trico, losango, losango azul grande
ğŸ”¸ cor de laranja, geomÃ©trico, losango, losango cor de laranja pequeno
ğŸ”¹ azul, geomÃ©trico, losango, losango azul pequeno
ğŸ”º geomÃ©trico, para cima, triÃ¢ngulo, triÃ¢ngulo vermelho a apontar para cima, vermelho
ğŸ”» geomÃ©trico, para baixo, triÃ¢ngulo, triÃ¢ngulo vermelho a apontar para baixo, vermelho
ğŸ’  desenho, geomÃ©trico, interior, losango, losango com um ponto
ğŸ”˜ botÃ£o, botÃ£o de opÃ§Ã£o, geomÃ©trico, opÃ§Ã£o
ğŸ”³ botÃ£o, botÃ£o quadrado branco, delineado, geomÃ©trico, quadrado
ğŸ”² botÃ£o, botÃ£o quadrado preto, geomÃ©trico, quadrado
ğŸ axadrezado, bandeira axadrezada, corrida
ğŸš© bandeira triangular, golfe
ğŸŒ bandeiras do JapÃ£o cruzadas, celebraÃ§Ã£o, cruz, cruzado, japonÃªs
ğŸ´ abanar, bandeira preta, bandeira preta a abanar
ğŸ³ abanar, bandeira branca, bandeira branca a abanar
ğŸ³â€ğŸŒˆ arco-Ã­ris, bandeira
ğŸ³â€âš§ azul clara, bandeira, branca, rosa, transgÃ©nero
ğŸ´â€â˜  bandeira pirata, perna-de-pau, pirata, tesouro
Â¢ cÃªntimo
$ dinheiro, dÃ³lar, dÃ³lar norte-americano, USD
Â£ GBP, libra, libra esterlina, moeda
Â¥ CNY, iene, JPY, moeda, yuan chinÃªs
â‚¥ mil, mill
â‚© KPW, KRW, uone, won, won sul-coreano
â‚¬ EUR, euro, moeda
â‚± peso
â‚¹ moeda, rupia, rupia indiana
â‚½ moeda, rublo
â‚¿ bitcoin, BTC
Â¹ expoente, nÃºmero um, nÃºmero um sobrescrito, sobrescrito, um
Â² dois, expoente, nÃºmero dois, nÃºmero dois sobrescrito, quadrado, sobrescrito
Â³ cubo, expoente, nÃºmero trÃªs, nÃºmero trÃªs sobrescrito, sobrescrito, trÃªs
Âµ medida, sinal micro
â€½ ponto de exclarrogaÃ§Ã£o
â€¸ caret
â†¨ seta para cima e para baixo com base
â†« seta para a esquerda com laÃ§o
â†¬ seta para a direita com laÃ§o
â†­ seta ondulada bidirecional
â†¯ seta em zigue-zague para baixo
â†° seta para cima com a ponta para a esquerda
â†± seta para cima com a ponta para a direita
â†² seta para baixo com a ponta para a esquerda
â†³ seta para baixo com a ponta para a direita
â†´ seta para a direita com canto para baixo
â†µ seta para baixo com canto para a esquerda
â†¶ seta semicÃ­rculo superior no sentido anti-horÃ¡rio
â†· seta semicÃ­rculo superior no sentido horÃ¡rio
â†¸ seta noroeste para barra longa
â†¹ seta para a esquerda da barra sobre seta para a direita da barra
â†º seta de cÃ­rculo aberto no sentido anti-horÃ¡rio
â†» seta de cÃ­rculo aberto no sentido horÃ¡rio
â†¼ arpÃ£o para a esquerda com farpa para cima
â†½ arpÃ£o para a esquerda com farpa para baixo
â†¾ arpÃ£o para cima com farpa para a direita
â†¿ arpÃ£o para cima com farpa para a esquerda
â‡€ arpÃ£o para a direita com farpa para cima
â‡ arpÃ£o para a direita com farpa para baixo
â‡‚ arpÃ£o para baixo com farpa para a direita
â‡ƒ arpÃ£o para baixo com farpa para a esquerda
â‡„ seta para a direita sobre seta para a esquerda
â‡‡ setas paralelas para a esquerda
â‡ˆ setas paralelas para cima
â‡‰ setas paralelas para a direita
â‡Š setas paralelas para baixo
â‡‹ arpÃ£o para a esquerda sobre arpÃ£o para a direita
â‡Œ arpÃ£o para a direita sobre arpÃ£o para a esquerda
â‡ seta dupla para a esquerda
â‡ seta dupla para a esquerda com traÃ§o
â‡‘ seta dupla para cima
â‡’ seta dupla para a direita
â‡ seta dupla para a direita com traÃ§o
â‡“ seta dupla para baixo
â‡” seta dupla bidirecional
â‡ seta dupla bidirecional com traÃ§o
â‡– seta dupla para noroeste
â‡— seta dupla para nordeste
â‡˜ seta dupla para sudeste
â‡™ seta dupla para sudoeste
â‡š seta tripla para a esquerda
â‡› seta tripla para a direita
â‡œ seta de rabisco para a esquerda
â‡ seta de rabisco para a direita
â‡ seta para cima com traÃ§o duplo
â‡Ÿ seta para baixo com traÃ§o duplo
â‡  seta tracejada para a esquerda
â‡¡ seta tracejada para cima
â‡¢ seta tracejada para a direita
â‡£ seta tracejada para baixo
â‡¤ seta para a esquerda para barra
â‡¥ seta para a direita para barra
â‡¦ seta branca para a esquerda
â‡§ seta branca para cima
â‡¨ seta branca para a direita
â‡© seta branca para baixo
â‡ª seta branca para cima da barra
â‡µ seta para baixo Ã  esquerda da seta para cima
âˆ€ para todo
âˆ‚ diferencial parcial
âˆƒ existe
âˆ… conjunto vazio
âˆ‰ nÃ£o pertence
âˆ‹ contÃ©m como membro
âˆ fim da prova
