{ acoladÄƒ, deschisÄƒ, parantezÄƒ
ğŸ» nuanÈ›Äƒ, piele, tipul 1â€“2, ton deschis al pielii
ğŸ¼ nuanÈ›Äƒ, piele, tipul 3, ton semiâ€‘deschis al pielii
ğŸ½ nuanÈ›Äƒ, piele, tipul 4, ton mediu al pielii
ğŸ¾ nuanÈ›Äƒ, piele, tipul 5, ton semiâ€‘Ã®nchis al pielii
ğŸ¿ nuanÈ›Äƒ, piele, tipul 6, ton Ã®nchis al pielii
â€¾ supralinie
_ linie, linie joasÄƒ, linie subliniere, liniuÈ›Äƒ jos, underscore
- cratimÄƒ, cratimÄƒ-minus, liniuÈ›Äƒ, minus
â€ cratimÄƒ, liniuÈ›Äƒ
â€“ linie, linie de pauzÄƒ, pauzÄƒ
â€” dialog, linie, linie de dialog
â€• barÄƒ, linie, linie orizontalÄƒ, liniuÈ›Äƒ
ãƒ» interpunct, katakana, median, punct
, virgulÄƒ
ØŒ arabÄƒ, virgulÄƒ
ã€ ideograficÄƒ, virgulÄƒ
; punct È™i virgulÄƒ
Ø› arabe, punct È™i virgulÄƒ, punct È™i virgulÄƒ arabe
: douÄƒ puncte
! exclamare, semn de exclamare, semn de exclamaÈ›ie, semnul exclamÄƒrii, semnul mirÄƒrii
Â¡ exclamare, Ã®ntors, semn de exclamare, semn de exclamaÈ›ie, semnul exclamÄƒrii, semnul exclamÄƒrii Ã®ntors, semnul mirÄƒrii
? Ã®ntrebare, semn de Ã®ntrebare, semnul Ã®ntrebÄƒrii
Â¿ Ã®ntors, Ã®ntrebare, semn de Ã®ntrebare, semnul Ã®ntrebÄƒrii Ã®ntors
ØŸ arab, Ã®ntrebare, semnul Ã®ntrebÄƒrii, semnul Ã®ntrebÄƒrii arab
â€½ semnul exclamÄƒrii È™i Ã®ntrebÄƒrii
. final, propoziÈ›ie, punct
â€¦ omisiune, puncte de suspensie, trei puncte
ã€‚ final, ideografic, propoziÈ›ie, punct
Â· interpunct, mijloc, punct, punct de mijloc, punct la mijloc, punct median
' apostrof, apostrof maÈ™inÄƒ de scris, citat, ghilimele simple
â€˜ apostrof, apostrof stÃ¢nga, citat, ghilimele simple
â€™ apostrof, apostrof dreapta, citat, ghilimele simple
â€š apostrof, apostrof dreapta jos, citat, citat jos
â€œ citat, citat inteligent, ghilimele duble, ghilimele stÃ¢nga
â€ citat, citat inteligent, ghilimele dreapta, ghilimele duble
â€ citat, citat inteligent, ghilimele dreapta jos, ghilimele duble, ghilimele jos
Â« accente circumflexe, ascuÈ›ite, ghilimele ascuÈ›ite stÃ¢nga, ghilimele unghiulare, paranteze, semnele citÄƒrii, stÃ¢nga
Â» accente circumflexe, ascuÈ›ite, dreapta, ghilimele ascuÈ›ite dreapta, ghilimele unghiulare, paranteze, semnele citÄƒrii
) Ã®nchisÄƒ, parantezÄƒ, rotundÄƒ
[ croÈ™etÄƒ, deschisÄƒ, parantezÄƒ, parantezÄƒ pÄƒtratÄƒ, parantezÄƒ pÄƒtratÄƒ deschisÄƒ
] croÈ™etÄƒ, Ã®nchisÄƒ, parantezÄƒ, parantezÄƒ pÄƒtratÄƒ, parantezÄƒ pÄƒtratÄƒ Ã®nchisÄƒ
} acoladÄƒ, Ã®nchisÄƒ, parantezÄƒ
ã€ˆ chevron, deschisÄƒ, parantezÄƒ ascuÈ›itÄƒ, parantezÄƒ ascuÈ›itÄƒ deschisÄƒ, parantezÄƒ unghiularÄƒ, È™evron
ã€‰ chevron, Ã®nchisÄƒ, parantezÄƒ ascuÈ›itÄƒ, parantezÄƒ ascuÈ›itÄƒ Ã®nchisÄƒ
ã€Š deschisÄƒ, parantezÄƒ, parantezÄƒ ascuÈ›itÄƒ dublÄƒ, parantezÄƒ ascuÈ›itÄƒ dublÄƒ deschisÄƒ, parantezÄƒ unghiularÄƒ dublÄƒ
ã€‹ Ã®nchisÄƒ, parantezÄƒ, parantezÄƒ ascuÈ›itÄƒ dublÄƒ, parantezÄƒ ascuÈ›itÄƒ dublÄƒ Ã®nchisÄƒ, parantezÄƒ unghiularÄƒ dublÄƒ
ã€Œ parantezÄƒ, parantezÄƒ colÈ›, parantezÄƒ colÈ› deschisÄƒ
ã€ parantezÄƒ, parantezÄƒ colÈ›, parantezÄƒ colÈ› Ã®nchisÄƒ
ã€ parantezÄƒ, parantezÄƒ colÈ› goalÄƒ, parantezÄƒ colÈ› goalÄƒ deschisÄƒ
ã€ parantezÄƒ, parantezÄƒ colÈ› goalÄƒ, parantezÄƒ colÈ› goalÄƒ Ã®nchisÄƒ
ã€ parantezÄƒ, parantezÄƒ lentilÄƒ, parantezÄƒ lentilÄƒ neagrÄƒ deschisÄƒ
ã€‘ parantezÄƒ, parantezÄƒ lentilÄƒ, parantezÄƒ lentilÄƒ neagrÄƒ Ã®nchisÄƒ
ã€” deschisÄƒ, parantezÄƒ, parantezÄƒ tortoise shell, parantezÄƒ tortoise shell deschisÄƒ
ã€• Ã®nchisÄƒ, parantezÄƒ, parantezÄƒ tortoise shell, parantezÄƒ tortoise shell Ã®nchisÄƒ
ã€– parantezÄƒ, parantezÄƒ lentilÄƒ goalÄƒ, parantezÄƒ lentilÄƒ goalÄƒ deschisÄƒ
ã€— parantezÄƒ, parantezÄƒ lentilÄƒ goalÄƒ, parantezÄƒ lentilÄƒ goalÄƒ Ã®nchisÄƒ
Â§ paragraf, parte, secÈ›iune, semnul secÈ›iune
Â¶ alineat, paragraf, semn de paragraf
@ a rond, coadÄƒ de maimuÈ›Äƒ, la, semn adresÄƒ
* asterisc, metacaracter, steluÈ›Äƒ, wildcard
/ barÄƒ, dreapta, linie, oblicÄƒ, slash
\ barÄƒ, inversÄƒ, oblicÄƒ, stÃ¢nga
& ampersand, et, È™i
# cifrÄƒ, diez, hashtag, tastÄƒ
% la sutÄƒ, procent
â€° la mie, miime, promilÄƒ
â€  cruciuliÈ›Äƒ, obelisc, semn cruciuliÈ›Äƒ
â€¡ cruciuliÈ›Äƒ, dublÄƒ, obelisc, semn cruciuliÈ›Äƒ dublÄƒ
â€¢ marcator, punct
â€§ cratimÄƒ, liniuÈ›Äƒ, punct, punct de despÄƒrÈ›ire
â€² prim
â€³ secund
â€´ terÈ›
â€¸ semn de omisiune
â€» semn de referinÈ›Äƒ
â‚ asterism
` accent, grav, ton
Â´ accent, ascuÈ›it, ton
^ accent, cÄƒciuliÈ›Äƒ, circumflex, indicator, putere
Â¨ tremÄƒ, umlaut
Â° grad, orÄƒ
â„— audio, copyright, drepturi de autor, drepturi de autor pentru Ã®nregistrare audio, Ã®nregistrare
â† sÄƒgeatÄƒ, sÄƒgeatÄƒ spre stÃ¢nga, stÃ¢nga
â†š sÄƒgeatÄƒ spre stÃ¢nga cu barÄƒ oblicÄƒ
â†’ dreapta, sÄƒgeatÄƒ, sÄƒgeatÄƒ spre dreapta
â†› sÄƒgeatÄƒ spre dreapta cu barÄƒ oblicÄƒ
â†‘ sÄƒgeatÄƒ, sÄƒgeatÄƒ Ã®n sus, sus
â†“ jos, sÄƒgeatÄƒ, sÄƒgeatÄƒ Ã®n jos
â†œ sÄƒgeatÄƒ ondulatÄƒ spre stÃ¢nga
â† sÄƒgeatÄƒ ondulatÄƒ spre dreapta
â† sÄƒgeatÄƒ cu douÄƒ capete spre stÃ¢nga
â†Ÿ sÄƒgeatÄƒ cu douÄƒ capete Ã®n sus
â†  sÄƒgeatÄƒ cu douÄƒ capete spre dreapta
â†¡ sÄƒgeatÄƒ cu douÄƒ capete Ã®n jos
â†¢ sÄƒgeatÄƒ spre stÃ¢nga cu coadÄƒ
â†£ sÄƒgeatÄƒ spre dreapta cu coadÄƒ
â†¤ sÄƒgeatÄƒ spre stÃ¢nga cu coadÄƒ dreaptÄƒ
â†¥ sÄƒgeatÄƒ Ã®n sus cu coadÄƒ dreaptÄƒ
â†¦ sÄƒgeatÄƒ spre dreapta cu coadÄƒ dreaptÄƒ
â†§ sÄƒgeatÄƒ Ã®n jos cu coadÄƒ dreaptÄƒ
â†¨ sÄƒgeatÄƒ sus-jos cu bazÄƒ
â†« sÄƒgeatÄƒ spre stÃ¢nga cu buclÄƒ
â†¬ sÄƒgeatÄƒ spre dreapta cu buclÄƒ
â†­ sÄƒgeatÄƒ ondulatÄƒ bidirecÈ›ionalÄƒ
â†¯ sÄƒgeatÄƒ Ã®n zigzag Ã®n jos
â†° sÄƒgeatÄƒ Ã®n sus cu vÃ¢rf spre stÃ¢nga
â†± sÄƒgeatÄƒ Ã®n sus cu vÃ¢rf spre dreapta
â†² sÄƒgeatÄƒ Ã®n jos cu vÃ¢rf spre stÃ¢nga
â†³ sÄƒgeatÄƒ Ã®n jos cu vÃ¢rf spre dreapta
â†´ sÄƒgeatÄƒ spre dreapta cu colÈ›ul Ã®n jos
â†µ sÄƒgeatÄƒ spre stÃ¢nga cu colÈ›ul Ã®n jos
â†¶ sÄƒgeatÄƒ Ã®n semicerc Ã®n sus Ã®n sens antiorar
â†· sÄƒgeatÄƒ Ã®n semicerc Ã®n sus Ã®n sens orar
â†¸ sÄƒgeatÄƒ spre nord-vest cu barÄƒ lungÄƒ
â†¹ sÄƒgeatÄƒ spre stÃ¢nga spre barÄƒ peste sÄƒgeatÄƒ spre dreapta spre barÄƒ
â†º sÄƒgeatÄƒ cerc deschis Ã®n sens antiorar
â†» sÄƒgeatÄƒ cerc deschis Ã®n sens orar
â†¼ harpon spre stÃ¢nga cu vÃ¢rful Ã®n sus
â†½ harpon spre stÃ¢nga cu vÃ¢rful Ã®n jos
â†¾ harpon Ã®n sus cu vÃ¢rful spre dreapta
â†¿ harpon Ã®n sus cu vÃ¢rful spre stÃ¢nga
â‡€ harpon spre dreapta cu vÃ¢rful Ã®n sus
â‡ harpon spre dreapta cu vÃ¢rful Ã®n jos
â‡‚ harpon Ã®n jos cu vÃ¢rful spre dreapta
â‡ƒ harpon Ã®n jos cu vÃ¢rful spre stÃ¢nga
â‡„ sÄƒgeatÄƒ spre dreapta peste sÄƒgeatÄƒ spre stÃ¢nga
â‡… jos, sÄƒgeatÄƒ, sÄƒgeatÄƒ Ã®n sus È™i sÄƒgeatÄƒ Ã®n jos, sus
â‡† dreapta, sÄƒgeatÄƒ, sÄƒgeatÄƒ la stÃ¢nga pe sÄƒgeatÄƒ la dreapta, sÄƒgeatÄƒ spre stÃ¢nga peste sÄƒgeata spre dreapta, stÃ¢nga
â‡‡ douÄƒ sÄƒgeÈ›i spre stÃ¢nga
â‡ˆ douÄƒ sÄƒgeÈ›i Ã®n sus
â‡‰ douÄƒ sÄƒgeÈ›i spre dreapta
â‡Š douÄƒ sÄƒgeÈ›i Ã®n jos
â‡‹ harpon spre stÃ¢nga peste harpon spre dreapta
â‡Œ harpon spre dreapta peste harpon spre stÃ¢nga
â‡ sÄƒgeatÄƒ dublÄƒ spre stÃ¢nga
â‡ sÄƒgeatÄƒ dublÄƒ spre stÃ¢nga baratÄƒ
â‡‘ sÄƒgeatÄƒ dublÄƒ Ã®n sus
â‡’ sÄƒgeatÄƒ dublÄƒ spre dreapta
â‡ sÄƒgeatÄƒ dublÄƒ spre dreapta baratÄƒ
â‡“ sÄƒgeatÄƒ dublÄƒ Ã®n jos
â‡” sÄƒgeatÄƒ dublÄƒ bidirecÈ›ionalÄƒ
â‡ sÄƒgeatÄƒ dublÄƒ bidirecÈ›ionalÄƒ baratÄƒ
â‡– sÄƒgeatÄƒ dublÄƒ spre nord-vest
â‡— sÄƒgeatÄƒ dublÄƒ spre nord-est
â‡˜ sÄƒgeatÄƒ dublÄƒ spre sud-est
â‡™ sÄƒgeatÄƒ dublÄƒ spre sud-vest
â‡š sÄƒgeatÄƒ triplÄƒ spre stÃ¢nga
â‡› sÄƒgeatÄƒ triplÄƒ spre dreapta
â‡œ sÄƒgeatÄƒ zigzagatÄƒ spre stÃ¢nga
â‡ sÄƒgeatÄƒ zigzagatÄƒ spre dreapta
â‡ sÄƒgeatÄƒ Ã®n sus cu douÄƒ bare orizontale
â‡Ÿ sÄƒgeatÄƒ Ã®n jos cu douÄƒ bare orizontale
â‡  sÄƒgeatÄƒ cu linie Ã®ntreruptÄƒ spre stÃ¢nga
â‡¡ sÄƒgeatÄƒ cu linie Ã®ntreruptÄƒ Ã®n sus
â‡¢ sÄƒgeatÄƒ cu linie Ã®ntreruptÄƒ spre dreapta
â‡£ sÄƒgeatÄƒ cu linie Ã®ntreruptÄƒ Ã®n jos
â‡¤ sÄƒgeatÄƒ spre stÃ¢nga spre barÄƒ
â‡¥ sÄƒgeatÄƒ spre dreapta spre barÄƒ
â‡¦ sÄƒgeatÄƒ goalÄƒ spre stÃ¢nga
â‡§ sÄƒgeatÄƒ goalÄƒ Ã®n sus
â‡¨ sÄƒgeatÄƒ goalÄƒ spre dreapta
â‡© sÄƒgeatÄƒ goalÄƒ Ã®n jos
â‡ª sÄƒgeatÄƒ goalÄƒ Ã®n sus cu coadÄƒ dreaptÄƒ
â‡µ sÄƒgeatÄƒ Ã®n jos lÃ¢ngÄƒ sÄƒgeatÄƒ Ã®n sus
âˆ€ cuantificator universal
âˆ‚ derivatÄƒ parÈ›ialÄƒ
âˆƒ cuantificator existenÈ›ial
âˆ… mulÈ›imea vidÄƒ
âˆ† creÈ™tere, increment, triunghi
âˆ‡ nabla, triunghi
âˆˆ apartenenÈ›Äƒ, aparÈ›ine, conÈ›ine, element, element al, mulÈ›ime
âˆ‰ nu aparÈ›ine lui
âˆ‹ include
âˆ sfÃ¢rÈ™itul probei
âˆ produs cartezian
âˆ‘ sumÄƒ peste
+ adunare, plus, semnul plus
Â± plus-minus
Ã· Ã®mpÄƒrÈ›i, Ã®mpÄƒrÈ›ire, semnul Ã®mpÄƒrÈ›irii
Ã— Ã®nmulÈ›i, Ã®nmulÈ›ire, ori, semnul Ã®nmulÈ›irii
< deschidere tag, mai mic decÃ¢t, tag
= egal, egalitate
â‰  inecuaÈ›ie, inegalitate, nu este egal
> etichetÄƒ, etichetÄƒ de Ã®nchidere, mai mare decÃ¢t
Â¬ negare, nu
| bÄƒÈ›, lance, linie, linie verticalÄƒ, suliÈ›Äƒ, È›eavÄƒ
~ tildÄƒ
âˆ’ minus, scÄƒdere, semnul minus
â» exponent, minus
âˆš numÄƒr iraÈ›ional, pÄƒtrat, rÄƒdÄƒcinÄƒ, rÄƒdÄƒcinÄƒ pÄƒtratÄƒ, radical
âˆ infinit, semnul infinit
âˆ© intersecÈ›ie, mulÈ›ime
âˆª colecÈ›ie, mulÈ›ime, reuniune
â‰ˆ aproape egal, aproximare, aproximativ
â‰¡ congruent, exact, identic, identic cu, triplu
â‰¤ egal, egalitate, inegalitate, mai mic decÃ¢t, mai mic sau egal cu
â‰¥ egal, egalitate, inegalitate, mai mare decÃ¢t, mai mare sau egal cu
âŠ‚ mulÈ›ime, submulÈ›ime, submulÈ›ime a
â–² plinÄƒ, sÄƒgeatÄƒ, sus, triunghi, triunghi cu vÃ¢rful Ã®n sus, triunghi plin cu vÃ¢rful Ã®n sus
â–¼ jos, plin, sÄƒgeatÄƒ, triunghi, triunghi plin cu vÃ¢rful Ã®n jos
â—Š caro, romb
â—‹ cerc, cerc gol, inel
â— cerc, cerc plin
â—¯ cerc, cerc gol mare, inel
â™ª muzicÄƒ, muzicalÄƒ, notÄƒ, optime
â™­ bemol, muzicÄƒ, notÄƒ
â™¯ diez, muzicÄƒ, notÄƒ
ğŸ˜€ faÈ›Äƒ, faÈ›Äƒ Ã®ncÃ¢ntatÄƒ, Ã®ncÃ¢ntare
ğŸ˜ƒ deschisÄƒ, faÈ›Äƒ, faÈ›Äƒ Ã®ncÃ¢ntatÄƒ cu ochii mari, gurÄƒ, zÃ¢mbet
ğŸ˜„ deschisÄƒ, faÈ›Äƒ, faÈ›Äƒ Ã®ncÃ¢ntatÄƒ cu ochi zÃ¢mbitori, gurÄƒ, ochi, zÃ¢mbet
ğŸ˜ faÈ›Äƒ, faÈ›Äƒ radioasÄƒ cu ochi zÃ¢mbitori, Ã®ncÃ¢ntare, ochi, zÃ¢mbet
ğŸ˜† deschisÄƒ, faÈ›Äƒ, faÈ›Äƒ Ã®ncÃ¢ntatÄƒ cu ochii Ã®ntredeschiÈ™i, gurÄƒ, rÃ¢set, satisfacÈ›ie, zÃ¢mbet
ğŸ˜… faÈ›Äƒ, faÈ›Äƒ Ã®ncÃ¢ntatÄƒ cu sudoare rece, rece, sudoare, zÃ¢mbet
ğŸ¤£ faÈ›Äƒ, jos, rÃ¢s, tÄƒvÄƒli, tÄƒvÄƒlindu-se pe jos de rÃ¢s
ğŸ˜‚ bucurie, faÈ›Äƒ, faÈ›Äƒ cu lacrimi de bucurie, lacrimi, rÃ¢set
ğŸ™‚ faÈ›Äƒ, faÈ›Äƒ uÈ™or zÃ¢mbitoare, zÃ¢mbet
ğŸ™ƒ faÈ›Äƒ, faÈ›Äƒ cu susul Ã®n jos, Ã®ntors, rÄƒsturnat
ğŸ˜‰ faÈ›Äƒ, faÈ›Äƒ care face cu ochiul, semn cu ochiul
ğŸ˜Š faÈ›Äƒ zÃ¢mbitoare cu ochi zÃ¢mbitori, Ã®mbujorare, ochi, privire, zÃ¢mbet
ğŸ˜‡ aurÄƒ, fantezie, faÈ›Äƒ zÃ¢mbitoare cu aurÄƒ, halou, Ã®nger, inocent
ğŸ¥° adoraÈ›ie, faÈ›Äƒ zÃ¢mbitoare cu inimioare, Ã®ndrÄƒgostit, Ã®ndrÄƒgostitÄƒ, pasiune
ğŸ˜ dragoste, faÈ›Äƒ, faÈ›Äƒ zÃ¢mbitoare cu inimioare la ochi, inimioare, iubire, ochi
ğŸ¤© faÈ›Äƒ, faÈ›Äƒ cu steluÈ›e la ochi, Ã®ncÃ¢ntare, ochi, stea
ğŸ˜˜ faÈ›Äƒ, faÈ›Äƒ care trimite un pupic, sÄƒrut
ğŸ˜— faÈ›Äƒ, faÈ›Äƒ pupÄƒcioasÄƒ, sÄƒrut
â˜º contur, faÈ›Äƒ, faÈ›Äƒ zÃ¢mbitoare, relaxare, zÃ¢mbet
ğŸ˜š faÈ›Äƒ, faÈ›Äƒ pupÄƒcioasÄƒ cu ochi Ã®nchiÈ™i, ochi Ã®nchiÈ™i, pupic
ğŸ˜™ faÈ›Äƒ, faÈ›Äƒ pupÄƒcioasÄƒ cu ochi zÃ¢mbitori, ochi, pupic, zÃ¢mbet
ğŸ¥² atins, faÈ›Äƒ zÃ¢mbind cu lacrimÄƒ, lacrimÄƒ, mÃ¢ndru, recunoscÄƒtor, uÈ™urat, zÃ¢mbind uÈ™or
ğŸ˜‹ delicios, faÈ›Äƒ, faÈ›Äƒ savurÃ¢nd mÃ¢ncare delicioasÄƒ, savurÃ¢nd, zÃ¢mbet
ğŸ˜› faÈ›Äƒ, faÈ›Äƒ cu limba scoasÄƒ, limbÄƒ
ğŸ˜œ faÈ›Äƒ, faÈ›Äƒ cu limba scoasÄƒ, fÄƒcÃ¢nd cu ochiul, glumÄƒ, limbÄƒ, ochi, semn cu ochiul
ğŸ¤ª faÈ›Äƒ nebunÄƒ, ochi mare, ochi mic
ğŸ˜ faÈ›Äƒ, faÈ›Äƒ cu limba scoasÄƒ È™i ochii Ã®ntredeschiÈ™i, gust, limbÄƒ, ochi, oribil
ğŸ¤‘ bani, faÈ›Äƒ, faÈ›Äƒ Ã®ncÃ¢ntatÄƒ de bani, gurÄƒ
ğŸ¤— faÈ›Äƒ, faÈ›Äƒ cu gest de Ã®mbrÄƒÈ›iÈ™are, Ã®mbrÄƒÈ›iÈ™are
ğŸ¤­ faÈ›Äƒ cu mÃ¢na peste gurÄƒ, ups
ğŸ¤« faÈ›Äƒ care È™Ã¢È™Ã¢ie, liniÈ™te, È™È™È™t
ğŸ¤” faÈ›Äƒ, faÈ›Äƒ gÃ¢nditoare, gÃ¢ndire, reflecÈ›ie
ğŸ¤ buze, faÈ›Äƒ, faÈ›Äƒ cu fermoar la buze, fermoar, tÄƒcere
ğŸ¤¨ faÈ›Äƒ cu sprÃ¢nceanÄƒ ridicatÄƒ, neÃ®ncredere, sceptic
ğŸ˜ expresie goalÄƒ, faÈ›Äƒ, faÈ›Äƒ neutrÄƒ, neutru
ğŸ˜‘ fÄƒrÄƒ expresie, faÈ›Äƒ, faÈ›Äƒ fÄƒrÄƒ expresie, inexpresiv
ğŸ˜¶ faÈ›Äƒ, faÈ›Äƒ fÄƒrÄƒ gurÄƒ, gurÄƒ, liniÈ™te, tÄƒcut
ğŸ˜¶â€ğŸŒ« absent, capul Ã®n nori, faÈ›Äƒ Ã®n ceaÈ›Äƒ, faÈ›Äƒ Ã®n nori
ğŸ˜ afectare, faÈ›Äƒ, faÈ›Äƒ cu zÃ¢mbet superior, superioritate, zÃ¢mbet
ğŸ˜’ faÈ›Äƒ, faÈ›Äƒ morocÄƒnoasÄƒ, nemulÈ›umire, neplÄƒcere
ğŸ™„ faÈ›Äƒ, faÈ›Äƒ care dÄƒ ochii peste cap, ochi, peste cap
ğŸ˜¬ faÈ›Äƒ, faÈ›Äƒ cu grimasÄƒ, grimasÄƒ
ğŸ˜®â€ğŸ’¨ expirare, faÈ›Äƒ care expirÄƒ, fluierat, oftat, rÄƒsuflare, È™optit, uÈ™urare
ğŸ¤¥ faÈ›Äƒ, faÈ›a mincinoasÄƒ, minciunÄƒ, pinocchio
ğŸ˜Œ faÈ›Äƒ, faÈ›Äƒ uÈ™uratÄƒ, relaxare, uÈ™urare
ğŸ˜” demoralizat, faÈ›Äƒ, faÈ›Äƒ Ã®ngÃ¢nduratÄƒ, Ã®ngÃ¢ndurat, melancolic
ğŸ˜ª faÈ›Äƒ, faÈ›Äƒ somnoroasÄƒ, somn
ğŸ¤¤ faÈ›Äƒ, faÈ›Äƒ care saliveazÄƒ, salivÄƒ, salivare
ğŸ˜´ faÈ›Äƒ, faÈ›Äƒ adormitÄƒ, sforÄƒit, somn
ğŸ˜· bolnav, doctor, faÈ›Äƒ, faÈ›Äƒ cu mascÄƒ medicalÄƒ, mascÄƒ, rÄƒcealÄƒ
ğŸ¤’ boalÄƒ, faÈ›Äƒ, faÈ›Äƒ cu termometru, gurÄƒ, termometru
ğŸ¤• bandaj, durere, faÈ›Äƒ, faÈ›Äƒ cu capul bandajat, ranÄƒ
ğŸ¤¢ faÈ›Äƒ, faÈ›Äƒ Ã®ngreÈ›oÈ™atÄƒ, greaÈ›Äƒ, vomÄƒ
ğŸ¤® faÈ›Äƒ vomitÃ¢nd, greaÈ›Äƒ, vomÄƒ
ğŸ¤§ faÈ›Äƒ, faÈ›Äƒ care strÄƒnutÄƒ, noroc, strÄƒnut
ğŸ¥µ cÄƒldurÄƒ, faÈ›Äƒ fierbinte, faÈ›Äƒ roÈ™ie, febril, fierbinte, transpiraÈ›ie
ğŸ¥¶ degerat, faÈ›Äƒ albastrÄƒ, faÈ›Äƒ Ã®ngheÈ›atÄƒ, frig, ger, rece
ğŸ¥´ afumat, ameÈ›it, beat, ebrietate, faÈ›Äƒ cherchelitÄƒ
ğŸ˜µ ameÈ›ealÄƒ, faÈ›Äƒ, faÈ›Äƒ ameÈ›itÄƒ, ochi
ğŸ˜µâ€ğŸ’« ameÈ›it, faÈ›Äƒ cu ochi Ã®n spiralÄƒ, hipnotizat, problemÄƒ, spiralÄƒ, uau
ğŸ¤¯ cap care explodeazÄƒ, È™ocat
ğŸ¤  cowboy, cowgirl, faÈ›Äƒ, faÈ›Äƒ cu pÄƒlÄƒrie de cowboy, pÄƒlÄƒrie
ğŸ¥³ coif, faÈ›Äƒ de petrecere, petrecere, sÄƒrbÄƒtorire, trompetÄƒ
ğŸ¥¸ deghizare, faÈ›Äƒ, faÈ›Äƒ deghizatÄƒ, incognito, nas, ochelari
ğŸ˜ faÈ›Äƒ, faÈ›Äƒ zÃ¢mbitoare cu ochelari de soare, ochelari de soare, relaxare, soare, strÄƒlucitor
ğŸ¤“ faÈ›Äƒ, faÈ›Äƒ de tocilar, tocilar
ğŸ§ faÈ›Äƒ cu monoclu, Ã®nÈ›epat
ğŸ˜• confuzie, faÈ›Äƒ, faÈ›Äƒ confuzÄƒ, neÃ®nÈ›elegere
ğŸ˜Ÿ faÈ›Äƒ, faÈ›Äƒ Ã®ngrijoratÄƒ, Ã®ngrijorare
ğŸ™ faÈ›Äƒ, faÈ›Äƒ uÈ™or Ã®ncruntatÄƒ, faÈ›Äƒ uÈ™or tristÄƒ, Ã®ncruntare, tristeÈ›e
â˜¹ faÈ›Äƒ, faÈ›Äƒ Ã®ncruntatÄƒ, faÈ›Äƒ tristÄƒ, Ã®ncruntare, tristeÈ›e
ğŸ˜® faÈ›Äƒ, faÈ›Äƒ cu gura deschisÄƒ, gurÄƒ deschisÄƒ, surprizÄƒ, uimire
ğŸ˜¯ amuÈ›it, faÈ›Äƒ, faÈ›Äƒ amuÈ›itÄƒ, surprins, uimit
ğŸ˜² faÈ›Äƒ, faÈ›Äƒ uimitÄƒ, È™oc, uimire, uluire
ğŸ˜³ faÈ›Äƒ, faÈ›Äƒ Ã®mbujoratÄƒ, Ã®mbujorat, zÄƒpÄƒcit
ğŸ¥º faÈ›Äƒ rugÄƒtoare, implora, milÄƒ, ochi de cÄƒÈ›eluÈ™, ruga
ğŸ˜¦ faÈ›Äƒ, faÈ›Äƒ tristÄƒ cu gura deschisÄƒ, gurÄƒ deschisÄƒ, Ã®ntristare
ğŸ˜§ angoasÄƒ, faÈ›Äƒ, faÈ›Äƒ angoasatÄƒ, stres
ğŸ˜¨ faÈ›Äƒ, faÈ›Äƒ Ã®nfricoÈ™atÄƒ, fricÄƒ, Ã®nspÄƒimÃ¢ntat, spaimÄƒ
ğŸ˜° faÈ›Äƒ, faÈ›Äƒ neliniÈ™titÄƒ cu sudoare rece, gurÄƒ deschisÄƒ, stres, sudoare rece
ğŸ˜¥ dezamÄƒgire, faÈ›Äƒ, faÈ›Äƒ dezamÄƒgitÄƒ, dar uÈ™uratÄƒ, relaxare, uÈ™urare
ğŸ˜¢ faÈ›Äƒ, faÈ›Äƒ plÃ¢ngÃ¢nd, lacrimi, plÃ¢nset, tristeÈ›e
ğŸ˜­ faÈ›Äƒ, faÈ›Äƒ plÃ¢ngÃ¢nd zgomotos, lacrimi, plÃ¢ns, suspin
ğŸ˜± disperare, faÈ›Äƒ, faÈ›Äƒ È›ipÃ¢nd de fricÄƒ, È›ipÄƒt
ğŸ˜– derutÄƒ, faÈ›Äƒ, faÈ›Äƒ derutatÄƒ, zÄƒpÄƒcealÄƒ
ğŸ˜£ faÈ›Äƒ, faÈ›Äƒ neajutoratÄƒ, neajutorare, neputinÈ›Äƒ
ğŸ˜ dezamÄƒgire, faÈ›Äƒ, faÈ›Äƒ dezamÄƒgitÄƒ
ğŸ˜“ faÈ›Äƒ, faÈ›Äƒ abÄƒtutÄƒ cu sudoare rece, sudoare rece
ğŸ˜© epuizatÄƒ, faÈ›Äƒ, faÈ›Äƒ extenuatÄƒ, obosealÄƒ
ğŸ˜« extenuare, faÈ›Äƒ, faÈ›Äƒ obositÄƒ, obosealÄƒ
ğŸ¥± cÄƒscat, faÈ›Äƒ care cascÄƒ, obosealÄƒ, plictis
ğŸ˜¤ faÈ›Äƒ, faÈ›Äƒ care scoate fum pe nÄƒri, triumf, victorie
ğŸ˜¡ enervare, faÈ›Äƒ, faÈ›Äƒ Ã®mbufnatÄƒ, furie, roÈ™u
ğŸ˜  enervare, faÈ›Äƒ, faÈ›Äƒ furioasÄƒ, furie
ğŸ¤¬ faÈ›Äƒ cu simboluri la gurÄƒ, Ã®njurÄƒturÄƒ
ğŸ˜ˆ basm, coarne, fantezie, faÈ›Äƒ, faÈ›Äƒ zÃ¢mbitoare Ã®ncornoratÄƒ
ğŸ‘¿ basm, demon, diavol, drac, drÄƒcuÈ™or, fantezie, faÈ›Äƒ mÃ¢nioasÄƒ Ã®ncornoratÄƒ
ğŸ’€ basm, craniu, faÈ›Äƒ, moarte, monstru
â˜  craniu, craniu cu oase Ã®ncruciÈ™ate, faÈ›Äƒ, moarte, monstru, oase Ã®ncruciÈ™ate
ğŸ’© caca, comic, faÈ›Äƒ, monstru, rÄƒhÄƒÈ›el
ğŸ¤¡ arlechin, clovn, faÈ›Äƒ, faÈ›Äƒ de clovn
ğŸ‘¹ basm, cÄƒpcÄƒun, creaturÄƒ, monstru, poveste
ğŸ‘º basm, creaturÄƒ, monstru, poveste, spiriduÈ™
ğŸ‘» basm, creaturÄƒ, fantezie, fantomÄƒ, faÈ›Äƒ, monstru, stafie
ğŸ‘½ creaturÄƒ, extraterestru, fantezie, faÈ›Äƒ, marÈ›ian, ozn
ğŸ‘¾ creaturÄƒ, extraterestru, fantezie, faÈ›Äƒ, monstru, ozn
ğŸ¤– faÈ›Äƒ, monstru, robot
ğŸ˜º deschisÄƒ, faÈ›Äƒ, gurÄƒ, pisicÄƒ, pisicÄƒ Ã®ncÃ¢ntatÄƒ, zÃ¢mbet
ğŸ˜¸ faÈ›Äƒ, Ã®ncÃ¢ntare, ochi, pisicÄƒ, pisicÄƒ Ã®ncÃ¢ntatÄƒ cu ochi zÃ¢mbitori, zÃ¢mbet
ğŸ˜¹ bucurie, faÈ›Äƒ, lacrimi, pisicÄƒ, pisicÄƒ cu lacrimi de bucurie
ğŸ˜» dragoste, faÈ›Äƒ, inimioare, ochi, pisicÄƒ, pisicÄƒ zÃ¢mbitoare cu inimioare la ochi, zÃ¢mbet
ğŸ˜¼ faÈ›Äƒ, ironie, pisicÄƒ, pisicÄƒ cu zÃ¢mbet ironic, È™iretenie, zÃ¢mbet
ğŸ˜½ faÈ›Äƒ, ochi, pisicÄƒ, pisicÄƒ pupÄƒcioasÄƒ, sÄƒrut
ğŸ™€ faÈ›Äƒ, oh, pisicÄƒ, pisicÄƒ surprinsÄƒ, sperieturÄƒ, surprizÄƒ, uimire
ğŸ˜¿ faÈ›Äƒ, lacrimÄƒ, pisicÄƒ, pisicÄƒ plÃ¢ngÃ¢nd, plÃ¢ns
ğŸ˜¾ bosumflare, faÈ›Äƒ, Ã®mbufnare, pisicÄƒ, pisicÄƒ Ã®mbufnatÄƒ
ğŸ™ˆ faÈ›Äƒ, interzis, maimuÈ›Äƒ, nu vÄƒd nimic rÄƒu, ochi acoperiÈ›i, rÄƒu, vÄƒz
ğŸ™‰ auz, faÈ›Äƒ, interzis, maimuÈ›Äƒ, nu aud nimic rÄƒu, rÄƒu, urechi acoperite
ğŸ™Š faÈ›Äƒ, gurÄƒ acoperitÄƒ, interzis, maimuÈ›Äƒ, nu spun nimic rÄƒu, rÄƒu, vorbit
ğŸ’‹ buze, roÈ™u, sÄƒrut, urme de buze
ğŸ’Œ dragoste, inimÄƒ, iubire, plic, scrisoare, scrisoare de dragoste
ğŸ’˜ cupidon, inimÄƒ, inimÄƒ sÄƒgetatÄƒ, sÄƒgeatÄƒ
ğŸ’ cadou, inimÄƒ, inimÄƒ cu fundiÈ›Äƒ, panglicÄƒ
ğŸ’– entuziasm, fericire, inimÄƒ, inimÄƒ strÄƒlucitoare, strÄƒlucire
ğŸ’— emoÈ›ie, entuziasm, inimÄƒ, inimÄƒ care creÈ™te, neliniÈ™te
ğŸ’“ emoÈ›ie, inimÄƒ, inimÄƒ palpitÃ¢nd, viaÈ›Äƒ
ğŸ’ cerc, inimÄƒ, inimi Ã®nvÃ¢rtindu-se Ã®n cerc, Ã®nvÃ¢rtire
ğŸ’• afecÈ›iune, amor, douÄƒ inimioare, dragoste, iubire
ğŸ’Ÿ decor, decoraÈ›iune inimÄƒ, inimÄƒ
â£ punctuaÈ›ie, semnul exclamÄƒrii, semnul exclamÄƒrii cu inimioarÄƒ
ğŸ’” durere, inimÄƒ, inimÄƒ zdrobitÄƒ
â¤â€ğŸ”¥ arde, dorinÈ›Äƒ, inimÄƒ, inimÄƒ Ã®n flÄƒcÄƒri, inimÄƒ sacrÄƒ, iubire, pasiune
â¤â€ğŸ©¹ ameliorare, bine, inimÄƒ Ã®n convalescenÈ›Äƒ, Ã®nsÄƒnÄƒtoÈ™ire, mai sÄƒnÄƒtos, recuperare
â¤ inimÄƒ, inimÄƒ roÈ™ie
ğŸ§¡ inimÄƒ, inimÄƒ portocalie, portocaliu
ğŸ’› galben, inimÄƒ, inimÄƒ galbenÄƒ
ğŸ’š inimÄƒ, verde
ğŸ’™ albastru, inimÄƒ, inimÄƒ albastrÄƒ
ğŸ’œ inimÄƒ, mov
ğŸ¤ inimÄƒ, maro
ğŸ–¤ inimÄƒ, inimÄƒ neagrÄƒ, malefic, negru, rÄƒu
ğŸ¤ alb, albÄƒ, inimÄƒ
ğŸ’¯ 100, maxim, o sutÄƒ de puncte, scor
ğŸ’¢ bandÄƒ desenatÄƒ, furie, simbol mÃ¢nie, supÄƒrare
ğŸ’¥ bandÄƒ desenatÄƒ, ciocnire, coliziune, explozie, impact
ğŸ’« ameÈ›ealÄƒ, ameÈ›it, bandÄƒ desenatÄƒ, steluÈ›e
ğŸ’¦ bandÄƒ desenatÄƒ, efort, picÄƒturi, picÄƒturi de transpiraÈ›ie, sudoare
ğŸ’¨ alergare, bandÄƒ desenatÄƒ, fugÄƒ, grabÄƒ, nor de praf, È™tergÃ¢nd-o rapid, vitezÄƒ
ğŸ•³ gaurÄƒ
ğŸ’£ bandÄƒ desenatÄƒ, bombÄƒ, fitil
ğŸ’¬ balon, balon de dialog, bandÄƒ desenatÄƒ, dialog
ğŸ‘â€ğŸ—¨ balon de dialog, martor, ochi, ochi Ã®n balon de dialog
ğŸ—¨ balon, balon de dialog la stÃ¢nga, desen, dialog, stÃ¢nga
ğŸ—¯ balon, balon de dialog furios la dreapta, furie, supÄƒrare
ğŸ’­ balon, balon de gÃ¢ndire, bandÄƒ desenatÄƒ, gÃ¢nd
ğŸ’¤ bandÄƒ desenatÄƒ, sfor, sforÄƒit
ğŸ‘‹ despÄƒrÈ›ire, mÃ¢nÄƒ, mÃ¢nÄƒ fluturatÄƒ, semn
ğŸ¤š dosul palmei, dosul palmei ridicat, ridicat
ğŸ– deget, deschis, mÃ¢nÄƒ, mÃ¢nÄƒ ridicatÄƒ cu degetele depÄƒrtate
âœ‹ mÃ¢nÄƒ, mÃ¢nÄƒ ridicatÄƒ, sus
ğŸ–– deget, salut, salut vulcanian, spock, vulcan
ğŸ‘Œ gest, mÃ¢nÄƒ, ok, semnul ok
ğŸ¤Œ degete, degete strÃ¢nse, gest cu mÃ¢na, interogaÈ›ie, sarcastic
ğŸ¤ cantitate micÄƒ, mÃ¢nÄƒ cu douÄƒ degete apropiate, valoare micÄƒ
âœŒ degete, mÃ¢nÄƒ, semnul victoriei, v, victorie
ğŸ¤ degete, degete Ã®ncruciÈ™ate, Ã®ncruciÈ™are, mÃ¢nÄƒ, noroc
ğŸ¤Ÿ gest cu semnificaÈ›ia te iubesc, mÃ¢nÄƒ, te iubesc
ğŸ¤˜ coarne, deget, mÃ¢nÄƒ, rock, semnul cu coarne
ğŸ¤™ apela, mÃ¢nÄƒ, semnul sunÄƒ-mÄƒ, suna
ğŸ‘ˆ arÄƒtÄƒtor, deget, dos de mÃ¢nÄƒ cu arÄƒtÄƒtorul spre stÃ¢nga, dosul palmei, mÃ¢nÄƒ, stÃ¢nga
ğŸ‘‰ arÄƒtÄƒtor, deget, dos de mÃ¢nÄƒ cu arÄƒtÄƒtorul spre dreapta, dosul palmei, dreapta, mÃ¢nÄƒ
ğŸ‘† arÄƒtÄƒtor, deget, dos de mÃ¢nÄƒ cu arÄƒtÄƒtorul Ã®n sus, dos de mÃ¢nÄƒ cu degetul arÄƒtÄƒtor Ã®ndreptat Ã®n sus, dosul palmei, indica, sus
ğŸ–• deget, degetul mijlociu, gest, insultÄƒ, mijlociu
ğŸ‘‡ arÄƒtÄƒtor, deget, dos de mÃ¢nÄƒ cu arÄƒtÄƒtorul Ã®n jos, dos de mÃ¢nÄƒ cu degetul arÄƒtÄƒtor Ã®ndreptat Ã®n jos, dosul palmei, indica, jos
â˜ deget, deget arÄƒtÄƒtor Ã®ndreptat Ã®n sus, indicator, sus
ğŸ‘ +1, aprobare, da, mÃ¢nÄƒ, pozitiv, semn de aprobare
ğŸ‘ -1, dezaprobare, mÃ¢nÄƒ, negativ, nu, semn de dezaprobare
âœŠ Ã®ncleÈ™tat, loviturÄƒ, mÃ¢nÄƒ, pumn, pumn ridicat, strÃ¢ns
ğŸ‘Š Ã®ncleÈ™tat, loviturÄƒ, loviturÄƒ de pumn, mÃ¢nÄƒ, pumn, strÃ¢ns
ğŸ¤› pumn, pumn spre stÃ¢nga, spre stÃ¢nga
ğŸ¤œ pumn, pumn spre dreapta, spre dreapta
ğŸ‘ aplauze, mÃ¢ini, mÃ¢ini care aplaudÄƒ
ğŸ™Œ mÃ¢ini, mÃ¢ini ridicate, ridicat, sÄƒrbÄƒtoare, ura
ğŸ‘ deschise, mÃ¢nÄƒ, palme
ğŸ¤² palme ridicate Ã®mpreunÄƒ, rugÄƒciune
ğŸ¤ acord, Ã®ntÃ¢lnire, Ã®nÈ›elegere, mÃ¢nÄƒ, noroc, strÃ¢ngere de mÃ¢nÄƒ
ğŸ™ mÃ¢ini, mÃ¢ini unite, mulÈ›umiri, rugÄƒciune, te rog
âœ mÃ¢nÄƒ, mÃ¢nÄƒ scriind, scris
ğŸ’… lac de unghii, manichiurÄƒ, ojÄƒ, ojÄƒ pe unghii, unghie
ğŸ¤³ aparat de fotografiat, selfie, telefon
ğŸ’ª amuzant, biceps flexat, corp, forÈ›Äƒ, muÈ™chi
ğŸ¦¾ accesibilitate, braÈ› mecanic, protetic, protezÄƒ
ğŸ¦¿ accesibilitate, picior mecanic, protetic, protezÄƒ
ğŸ¦µ membru, picior, È™ut
ğŸ¦¶ cÄƒlcat, laba piciorului, È™ut
ğŸ‘‚ corp, ureche
ğŸ¦» accesibilitate, deficienÈ›e auditive, hipoacuzie, ureche cu protezÄƒ auditivÄƒ
ğŸ‘ƒ corp, nas
ğŸ§  creier, inteligent
ğŸ«€ anatomic, cardiologie, inimÄƒ, organ, puls
ğŸ« expirare, inhalare, inspirare, organ, plÄƒmÃ¢ni, respirare, respiraÈ›ie
ğŸ¦· dentist, dinte, stomatolog
ğŸ¦´ os, schelet
ğŸ‘€ doi, faÈ›Äƒ, ochi
ğŸ‘ corp, un ochi
ğŸ‘… corp, limbÄƒ
ğŸ‘„ buze, gurÄƒ
ğŸ‘¶ bebe, bebeluÈ™, copilaÈ™, tÃ¢nÄƒr
ğŸ§’ copil, neutru, tÃ¢nÄƒr
ğŸ‘¦ bÄƒiat, copil, tÃ¢nÄƒr
ğŸ‘§ copil, fatÄƒ, FecioarÄƒ, tÃ¢nÄƒrÄƒ, zodiac
ğŸ§‘ adult, neutru, persoanÄƒ
ğŸ‘± blond, om, pÄƒr, persoanÄƒ blondÄƒ, persoanÄƒ cu pÄƒr blond
ğŸ‘¨ adult, bÄƒrbat
ğŸ§” barbÄƒ, bÄƒrbat, bÄƒrbat cu barbÄƒ, persoanÄƒ
ğŸ§”â€â™‚ barbÄƒ, bÄƒrbat, bÄƒrbat: barbÄƒ
ğŸ‘±â€â™‚ bÄƒrbat, bÄƒrbat cu pÄƒr blond, blond, pÄƒr
ğŸ‘© adultÄƒ, femeie
ğŸ§”â€â™€ barbÄƒ, femeie, femeie: barbÄƒ
ğŸ‘±â€â™€ blondÄƒ, femeie, femeie cu pÄƒr blond, pÄƒr
ğŸ§“ adult, bÄƒtrÃ¢n, neutru, persoanÄƒ Ã®n vÃ¢rstÄƒ, vÃ¢rstnic
ğŸ‘´ adult, bÄƒrbat, bÄƒtrÃ¢n
ğŸ‘µ adultÄƒ, bÄƒtrÃ¢nÄƒ, femeie
ğŸ™ gest, Ã®ntristare, persoanÄƒ Ã®ntristatÄƒ, supÄƒrare
ğŸ™â€â™‚ bÄƒrbat Ã®ntristat, gest, Ã®ntristare, supÄƒrare
ğŸ™â€â™€ femeie Ã®ntristatÄƒ, gest, Ã®ntristare, supÄƒrare
ğŸ™ expresie facialÄƒ, Ã®mbufnare, persoanÄƒ bosumflatÄƒ
ğŸ™â€â™‚ bÄƒrbat, bÄƒrbat bosumflat, bosumflare, gest, Ã®mbufnare
ğŸ™â€â™€ bosumflare, femeie, femeie bosumflatÄƒ, gest, Ã®mbufnare
ğŸ™… gest, interzis, mÃ¢ini, nu, persoanÄƒ fÄƒcÃ¢nd un gest de negaÈ›ie
ğŸ™…â€â™‚ bÄƒrbat, bÄƒrbat fÄƒcÃ¢nd un gest de negaÈ›ie, gest, interzis, mÃ¢ini, nu
ğŸ™…â€â™€ femeie, femeie fÄƒcÃ¢nd un gest de negaÈ›ie, gest, interzis, mÃ¢ini, nu
ğŸ™† acord, gest, ok, persoanÄƒ fÄƒcÃ¢nd un gest de OK
ğŸ™†â€â™‚ bÄƒrbat fÄƒcÃ¢nd un gest de OK, gest, mÃ¢ini, ok
ğŸ™†â€â™€ femeie fÄƒcÃ¢nd un gest de OK, gest, mÃ¢ini, ok
ğŸ’ ajutor, asistenÈ›Äƒ, informaÈ›ii, persoanÄƒ care explicÄƒ
ğŸ’â€â™‚ asistenÈ›Äƒ, bÄƒrbat, bÄƒrbat care explicÄƒ, informaÈ›ii
ğŸ’â€â™€ asistenÈ›Äƒ, femeie, femeie care explicÄƒ, informaÈ›ii
ğŸ™‹ gest, mÃ¢nÄƒ, persoanÄƒ care ridicÄƒ mÃ¢na, ridicat, veselie
ğŸ™‹â€â™‚ bÄƒrbat, bÄƒrbat care ridicÄƒ mÃ¢na, gest, mÃ¢nÄƒ ridicatÄƒ
ğŸ™‹â€â™€ femeie, femeie care ridicÄƒ mÃ¢na, gest, mÃ¢nÄƒ ridicatÄƒ
ğŸ§ accesibilitate, auz, persoanÄƒ surdÄƒ, surditate, surzenie, ureche
ğŸ§â€â™‚ bÄƒrbat, surd
ğŸ§â€â™€ femeie, surdÄƒ
ğŸ™‡ Ã®nclinare, persoanÄƒ care se Ã®nclinÄƒ, respect, scuzÄƒ
ğŸ™‡â€â™‚ bÄƒrbat, bÄƒrbat care se Ã®nclinÄƒ, favoare, gest, iertare, Ã®nclinare, scuzÄƒ
ğŸ™‡â€â™€ favoare, femeie, femeie care se Ã®nclinÄƒ, gest, iertare, Ã®nclinare, scuzÄƒ
ğŸ¤¦ exasperare, faÈ›Äƒ, incredibil, palmÄƒ, persoanÄƒ care Ã®È™i acoperÄƒ faÈ›a cu o palmÄƒ
ğŸ¤¦â€â™‚ bÄƒrbat, bÄƒrbat care Ã®È™i acoperÄƒ faÈ›a cu o palmÄƒ, exasperare, incredibil, palmÄƒ peste faÈ›Äƒ
ğŸ¤¦â€â™€ exasperare, femeie, femeie care Ã®È™i acoperÄƒ faÈ›a cu o palmÄƒ, incredibil, palmÄƒ peste faÈ›Äƒ
ğŸ¤· ignoranÈ›Äƒ, indiferenÈ›Äƒ, Ã®ndoialÄƒ, persoanÄƒ care ridicÄƒ din umeri, ridicare din umeri
ğŸ¤·â€â™‚ bÄƒrbat, bÄƒrbat care ridicÄƒ din umeri, ignoranÈ›Äƒ, indiferenÈ›Äƒ, Ã®ndoialÄƒ, ridicare din umeri
ğŸ¤·â€â™€ femeie, femeie care ridicÄƒ din umeri, ignoranÈ›Äƒ, indiferenÈ›Äƒ, Ã®ndoialÄƒ, ridicare din umeri
ğŸ§‘â€âš• asistentÄƒ, doctor, medic, persoanÄƒ lucrÄƒtoare Ã®n domeniul sÄƒnÄƒtÄƒÈ›ii, sorÄƒ medicalÄƒ, terapeut
ğŸ‘¨â€âš• bÄƒrbat, doctor, infirmier, lucrÄƒtor Ã®n domeniul sÄƒnÄƒtÄƒÈ›ii, servicii medicale, terapeut
ğŸ‘©â€âš• asistentÄƒ, doctoriÈ›Äƒ, femeie, infirmierÄƒ, lucrÄƒtoare Ã®n domeniul sÄƒnÄƒtÄƒÈ›ii, servicii medicale, sorÄƒ medicalÄƒ, terapeutÄƒ
ğŸ§‘â€ğŸ“ absolvent, absolventÄƒ, student, student sau studentÄƒ, studentÄƒ
ğŸ‘¨â€ğŸ“ absolvent, student
ğŸ‘©â€ğŸ“ absolventÄƒ, studentÄƒ
ğŸ§‘â€ğŸ« instructor, Ã®nvÄƒÈ›Äƒtor, profesor, profesor sau profesoarÄƒ
ğŸ‘¨â€ğŸ« instructor, Ã®nvÄƒÈ›Äƒtor, profesor
ğŸ‘©â€ğŸ« instructoare, Ã®nvÄƒÈ›Äƒtoare, profesoarÄƒ
ğŸ§‘â€âš– balanÈ›Äƒ, judecÄƒtor, judecÄƒtor sau judecÄƒtoare
ğŸ‘¨â€âš– balanÈ›Äƒ, judecÄƒtor, justiÈ›ie
ğŸ‘©â€âš– balanÈ›Äƒ, judecÄƒtoare, justiÈ›ie
ğŸ§‘â€ğŸŒ¾ crescÄƒtor de vite, fermier, fermier sau fermierÄƒ, grÄƒdinar
ğŸ‘¨â€ğŸŒ¾ agricultor, fermier, grÄƒdinar, È›Äƒran
ğŸ‘©â€ğŸŒ¾ agricultoare, femeie grÄƒdinar, fermierÄƒ, È›ÄƒrancÄƒ
ğŸ§‘â€ğŸ³ bucÄƒtar, bucÄƒtar sau bucÄƒtÄƒreasÄƒ, chef
ğŸ‘¨â€ğŸ³ bucÄƒtar, bucÄƒtÄƒrie
ğŸ‘©â€ğŸ³ bucÄƒtÄƒreasÄƒ, bucÄƒtÄƒrie
ğŸ§‘â€ğŸ”§ electrician, instalator, mecanic, meseriaÈ™
ğŸ‘¨â€ğŸ”§ bÄƒrbat, electrician, instalator, mecanic, meÈ™ter
ğŸ‘©â€ğŸ”§ electricianÄƒ, femeie, instalatoare, mecanic, meÈ™ter
ğŸ§‘â€ğŸ­ colectiv, fabricÄƒ, industrial, muncitor, muncitor sau muncitoare Ã®n fabricÄƒ
ğŸ‘¨â€ğŸ­ asamblare, fabricÄƒ, industrial, muncitor, muncitor Ã®n fabricÄƒ, uzinÄƒ
ğŸ‘©â€ğŸ­ asamblare, fabricÄƒ, industrial, muncitoare, muncitoare Ã®n fabricÄƒ, uzinÄƒ
ğŸ§‘â€ğŸ’¼ arhitect, director, funcÈ›ionar sau funcÈ›ionarÄƒ, guler alb, manager
ğŸ‘¨â€ğŸ’¼ administraÈ›ie, arhitect, birou, business, funcÈ›ionar, manager
ğŸ‘©â€ğŸ’¼ administraÈ›ie, arhitectÄƒ, birou, business, femeie manager, funcÈ›ionarÄƒ
ğŸ§‘â€ğŸ”¬ biolog, chimist, fizician, inginer, om de È™tiinÈ›Äƒ
ğŸ‘¨â€ğŸ”¬ bÄƒrbat, biolog, chimist, fizician, inginer, om de È™tiinÈ›Äƒ, om de È™tiinÈ›Äƒ bÄƒrbat
ğŸ‘©â€ğŸ”¬ biologÄƒ, chimistÄƒ, femeie, fizicianÄƒ, inginer, om de È™tiinÈ›Äƒ, om de È™tiinÈ›Äƒ femeie
ğŸ§‘â€ğŸ’» dezvoltator, inventator, programator, software, specialist sau specialistÄƒ IT, tehnic, tehnolog
ğŸ‘¨â€ğŸ’» dezvoltator, informatician, programator, software, specialist IT
ğŸ‘©â€ğŸ’» dezvoltatoare, informaticianÄƒ, programatoare, software, specialistÄƒ IT
ğŸ§‘â€ğŸ¤ actor, cÃ¢ntÄƒreÈ›, cÃ¢ntÄƒreÈ› sau cÃ¢ntÄƒreaÈ›Äƒ, comediant, rock, solist, vedetÄƒ
ğŸ‘¨â€ğŸ¤ actor, cÃ¢ntÄƒreÈ›, comediant, rock, star, vedetÄƒ
ğŸ‘©â€ğŸ¤ actriÈ›Äƒ, cÃ¢ntÄƒreaÈ›Äƒ, comediantÄƒ, rock, star, vedetÄƒ
ğŸ§‘â€ğŸ¨ artist, artist sau artistÄƒ, paletÄƒ
ğŸ‘¨â€ğŸ¨ artist, paletÄƒ, pictor
ğŸ‘©â€ğŸ¨ artistÄƒ, paletÄƒ, pictoriÈ›Äƒ
ğŸ§‘â€âœˆ avion, pilot
ğŸ‘¨â€âœˆ avion, bÄƒrbat, pilot
ğŸ‘©â€âœˆ avion, femeie, pilot
ğŸ§‘â€ğŸš€ astronaut, astronaut sau astronautÄƒ, rachetÄƒ
ğŸ‘¨â€ğŸš€ astronaut, cosmonaut, rachetÄƒ, spaÈ›iu
ğŸ‘©â€ğŸš€ astronautÄƒ, cosmonautÄƒ, rachetÄƒ, spaÈ›iu
ğŸ§‘â€ğŸš’ maÈ™inÄƒ de pompieri, pompier
ğŸ‘¨â€ğŸš’ bÄƒrbat, maÈ™inÄƒ de pompieri, pompier
ğŸ‘©â€ğŸš’ femeie, maÈ™inÄƒ de pompieri, pompier
ğŸ‘® ofiÈ›er, poliÈ›ie, poliÈ›ist, poliÈ›ist sau poliÈ›istÄƒ
ğŸ‘®â€â™‚ ofiÈ›er, poliÈ›ie, poliÈ›ist, poliÈ›ist bÄƒrbat
ğŸ‘®â€â™€ poliÈ›ie, poliÈ›istÄƒ
ğŸ•µ agent secret, detectiv, spion
ğŸ•µâ€â™‚ agent secret, detectiv, detectiv bÄƒrbat, spion
ğŸ•µâ€â™€ agentÄƒ secretÄƒ, detectiv femeie, detectivÄƒ, femeie, spioanÄƒ
ğŸ’‚ gardÄƒ, gardian, pazÄƒ, protecÈ›ie
ğŸ’‚â€â™‚ bÄƒrbat, gardÄƒ, gardian, pazÄƒ, protecÈ›ie
ğŸ’‚â€â™€ femeie, gardÄƒ, gardian, pazÄƒ, protecÈ›ie
ğŸ¥· ascuns, invizibil, luptÄƒtor, ninja
ğŸ‘· cascÄƒ de protecÈ›ie, construcÈ›ii, constructor, muncÄƒ
ğŸ‘·â€â™‚ construcÈ›ii, muncitor, muncitor Ã®n construcÈ›ii
ğŸ‘·â€â™€ construcÈ›ii, muncitoare, muncitoare Ã®n construcÈ›ii
ğŸ¤´ principe, prinÈ›
ğŸ‘¸ basm, fantezie, poveste, prinÈ›esÄƒ
ğŸ‘³ persoanÄƒ cu turban, turban
ğŸ‘³â€â™‚ bÄƒrbat, bÄƒrbat cu turban, turban
ğŸ‘³â€â™€ femeie, femeie cu turban, turban
ğŸ‘² bÄƒrbat, bÄƒrbat cu bonetÄƒ chinezeascÄƒ, bonetÄƒ, gua pi mao
ğŸ§• broboadÄƒ, femeie cu nÄƒframÄƒ, hijab, nÄƒframÄƒ, tichel
ğŸ¤µ mire, persoanÄƒ, persoanÄƒ Ã®n smoching, smoching
ğŸ¤µâ€â™‚ bÄƒrbat, bÄƒrbat Ã®n smoching, smoching
ğŸ¤µâ€â™€ femeie, femeie Ã®n smoching, smoching
ğŸ‘° mireasÄƒ, nuntÄƒ, persoanÄƒ, persoanÄƒ cu voal, voal
ğŸ‘°â€â™‚ bÄƒrbat, bÄƒrbat cu voal, voal
ğŸ‘°â€â™€ femeie, femeie cu voal, voal
ğŸ¤° femeie, femeie Ã®nsÄƒrcinatÄƒ, gravidÄƒ
ğŸ¤± alÄƒptare, alÄƒptare la sÃ¢n, bebeluÈ™, piept, sÃ¢n
ğŸ‘©â€ğŸ¼ alÄƒptare, bebeluÈ™, femeie, femeie hrÄƒnind un bebeluÈ™, hrÄƒnire, Ã®ngrijire
ğŸ‘¨â€ğŸ¼ bÄƒrbat, bÄƒrbat hrÄƒnind un bebeluÈ™, bebeluÈ™, hrÄƒnire, Ã®ngrijire
ğŸ§‘â€ğŸ¼ alÄƒptare, bebeluÈ™, hrÄƒnire, Ã®ngrijire, persoanÄƒ, persoanÄƒ hrÄƒnind un bebeluÈ™
ğŸ‘¼ basm, bebeluÈ™, bebeluÈ™ Ã®ngeraÈ™, fantezie, faÈ›Äƒ, Ã®nger
ğŸ… CrÄƒciun, moÈ™, MoÈ™ CrÄƒciun, sÄƒrbÄƒtoare
ğŸ¤¶ CrÄƒciun, doamna, Doamna CrÄƒciun, sÄƒrbÄƒtoare
ğŸ§‘â€ğŸ„ CrÄƒciun
ğŸ¦¸ bun, eroinÄƒ, erou, supererou, superputere, superputeri
ğŸ¦¸â€â™‚ bÄƒrbat, bun, erou, supererou bÄƒrbat, superputere
ğŸ¦¸â€â™€ bunÄƒ, eroinÄƒ, erou, femeie, supererou femeie, superputere
ğŸ¦¹ criminal, malefic, super-ticÄƒlos, superputere, ticÄƒlos
ğŸ¦¹â€â™‚ bÄƒrbat, criminal, malefic, super-ticÄƒlos bÄƒrbat, superputere, ticÄƒlos
ğŸ¦¹â€â™€ criminalÄƒ, femeie, maleficÄƒ, super-ticÄƒlos femeie, superputere, ticÄƒloasÄƒ
ğŸ§™ mag, magician, vraci, vrÄƒjitor
ğŸ§™â€â™‚ bÄƒrbat mag, magician, vraci, vrÄƒjitor
ğŸ§™â€â™€ femeie mag, magicianÄƒ, vrÄƒjitoare
ğŸ§š Oberon, Puck, Titania, zÃ¢nÄƒ
ğŸ§šâ€â™‚ bÄƒrbat zÃ¢nÄƒ, Oberon, Puck
ğŸ§šâ€â™€ femeie zÃ¢nÄƒ, Titania
ğŸ§› Dracula, strigoi, vampir
ğŸ§›â€â™‚ bÄƒrbat vampir, Dracula, strigoi
ğŸ§›â€â™€ femeie vampir, strigoaie
ğŸ§œ persoanÄƒ sirenÄƒ, sirenÄƒ, sirene
ğŸ§œâ€â™‚ bÄƒrbat sirenÄƒ, Triton
ğŸ§œâ€â™€ sirenÄƒ
ğŸ§ elf, magie
ğŸ§â€â™‚ bÄƒrbat elf, magie
ğŸ§â€â™€ elfÄƒ, femeie elf, magie
ğŸ§ djinn, duh
ğŸ§â€â™‚ bÄƒrbat duh, djinn
ğŸ§â€â™€ djinn, femeie duh
ğŸ§Ÿ morÈ›i vii, strigoi, zombi
ğŸ§Ÿâ€â™‚ bÄƒrbat zombi, morÈ›i vii, strigoi
ğŸ§Ÿâ€â™€ femeie zombi, morÈ›i vii, strigoi
ğŸ’† faÈ›Äƒ, masaj, persoanÄƒ care primeÈ™te un masaj, persoanÄƒ care primeÈ™te un masaj facial, salon
ğŸ’†â€â™‚ bÄƒrbat, bÄƒrbat care primeÈ™te un masaj facial, faÈ›Äƒ, masaj facial
ğŸ’†â€â™€ faÈ›Äƒ, femeie, femeie care primeÈ™te un masaj facial, masaj facial
ğŸ’‡ coafat, coafor, frizerie, frumuseÈ›e, persoanÄƒ care se tunde, salon, tuns, tunsoare
ğŸ’‡â€â™‚ bÄƒrbat, bÄƒrbat care se tunde, frizerie, tunsoare
ğŸ’‡â€â™€ coafor, femeie, femeie care se tunde, tunsoare
ğŸš¶ deplasare, drumeÈ›ie, merge, mers, persoanÄƒ care merge, pieton, plimbare
ğŸš¶â€â™‚ bÄƒrbat, bÄƒrbat care merge, mers, plimbare
ğŸš¶â€â™€ femeie, femeie care merge, mers, plimbare
ğŸ§ a sta Ã®n picioare, Ã®n picioare, persoanÄƒ Ã®n picioare, ridicat
ğŸ§â€â™‚ bÄƒrbat, bÄƒrbat Ã®n picioare, Ã®n picioare, ridicat
ğŸ§â€â™€ femeie, femeie Ã®n picioare, Ã®n picioare, ridicatÄƒ
ğŸ§ a Ã®ngenunchea, genunchi, Ã®ngenunchere, persoanÄƒ Ã®n genunchi
ğŸ§â€â™‚ bÄƒrbat, bÄƒrbat Ã®n genunchi, Ã®n genunchi, Ã®ngenuncheat, Ã®ngenunchind
ğŸ§â€â™€ femeie, femeie Ã®n genunchi, Ã®n genunchi, Ã®ngenuncheatÄƒ, Ã®ngenunchind
ğŸ§‘â€ğŸ¦¯ accesibilitate, nevÄƒzÄƒtor, orb, persoanÄƒ cu baston pentru nevÄƒzÄƒtori
ğŸ‘¨â€ğŸ¦¯ accesibilitate, bÄƒrbat, bÄƒrbat cu baston pentru nevÄƒzÄƒtori, nevÄƒzÄƒtor, orb
ğŸ‘©â€ğŸ¦¯ accesibilitate, femeie, femeie cu baston pentru nevÄƒzÄƒtori, nevÄƒzÄƒtoare, oarbÄƒ
ğŸ§‘â€ğŸ¦¼ accesibilitate, persoanÄƒ Ã®n scaun cu rotile motorizat, scaun cu rotile
ğŸ‘¨â€ğŸ¦¼ accesibilitate, bÄƒrbat, bÄƒrbat Ã®n scaun cu rotile motorizat, scaun cu rotile
ğŸ‘©â€ğŸ¦¼ accesibilitate, femeie, femeie Ã®n scaun cu rotile motorizat, scaun cu rotile
ğŸ§‘â€ğŸ¦½ accesibilitate, persoanÄƒ Ã®n scaun cu rotile manual, scaun cu rotile
ğŸ‘¨â€ğŸ¦½ accesibilitate, bÄƒrbat, bÄƒrbat Ã®n scaun cu rotile manual, scaun cu rotile
ğŸ‘©â€ğŸ¦½ accesibilitate, femeie, femeie Ã®n scaun cu rotile manual, scaun cu rotile
ğŸƒ alergare, fugÄƒ, maraton, persoanÄƒ care aleargÄƒ
ğŸƒâ€â™‚ alergare, bÄƒrbat, bÄƒrbat care aleargÄƒ, fugÄƒ, maraton
ğŸƒâ€â™€ alergare, femeie, femeie care aleargÄƒ, fugÄƒ, maraton
ğŸ’ƒ dans, dansatoare, femeie
ğŸ•º bÄƒrbat, dans, dansator
ğŸ•´ afaceri, bÄƒrbat, bÄƒrbat la costum, levitÃ¢nd, costum, plutire
ğŸ‘¯ dans, distracÈ›ie, persoane care poartÄƒ urechi de iepuraÈ™, petrecere, urechi de iepuraÈ™
ğŸ‘¯â€â™‚ bÄƒrbaÈ›i, bÄƒrbaÈ›i care poartÄƒ urechi de iepuraÈ™, dans, distracÈ›ie, petrecere, urechi de iepuraÈ™
ğŸ‘¯â€â™€ dans, distracÈ›ie, femei, femei care poartÄƒ urechi de iepuraÈ™, petrecere, urechi de iepuraÈ™
ğŸ§– baie de aburi, persoanÄƒ Ã®n saunÄƒ, saunÄƒ
ğŸ§–â€â™‚ baie de aburi, bÄƒrbat Ã®n saunÄƒ, saunÄƒ
ğŸ§–â€â™€ baie de aburi, femeie Ã®n saunÄƒ, saunÄƒ
ğŸ§— cÄƒÈ›Äƒrare, persoanÄƒ care se caÈ›ÄƒrÄƒ
ğŸ§—â€â™‚ bÄƒrbat care se caÈ›ÄƒrÄƒ, cÄƒÈ›Äƒrare, cÄƒÈ›ÄƒrÄƒtoare
ğŸ§—â€â™€ cÄƒÈ›Äƒrare, cÄƒÈ›ÄƒrÄƒtor, femeie care se caÈ›ÄƒrÄƒ
ğŸ¤º persoanÄƒ care practicÄƒ scrima, sabie, scrimÄƒ, scrimer, scrimerÄƒ
ğŸ‡ cal, concurs, cursÄƒ, curse de cai, jocheu
â›· persoanÄƒ care schiazÄƒ, schi, schior, zÄƒpadÄƒ
ğŸ‚ persoanÄƒ care practicÄƒ snow-board, placÄƒ, practicant de snow-board, zÄƒpadÄƒ
ğŸŒ golf, minge, persoanÄƒ care joacÄƒ golf
ğŸŒâ€â™‚ bÄƒrbat, bÄƒrbat care joacÄƒ golf, golf
ğŸŒâ€â™€ femeie, femeie care joacÄƒ golf, golf
ğŸ„ persoanÄƒ care practicÄƒ surfing, surfing
ğŸ„â€â™‚ bÄƒrbat, bÄƒrbat care practicÄƒ surfing, surfing
ğŸ„â€â™€ femeie, femeie care practicÄƒ surfing, surfing
ğŸš£ barcÄƒ, persoanÄƒ care vÃ¢sleÈ™te Ã®n barcÄƒ, vÃ¢sle
ğŸš£â€â™‚ bÄƒrbat, bÄƒrbat care vÃ¢sleÈ™te Ã®n barcÄƒ, barcÄƒ, vÃ¢sle
ğŸš£â€â™€ barcÄƒ, femeie, femeie care vÃ¢sleÈ™te Ã®n barcÄƒ, vÃ¢sle
ğŸŠ Ã®not, nataÈ›ie, persoanÄƒ care Ã®noatÄƒ
ğŸŠâ€â™‚ bÄƒrbat, bÄƒrbat care Ã®noatÄƒ, Ã®not, nataÈ›ie
ğŸŠâ€â™€ femeie, femeie care Ã®noatÄƒ, Ã®not, nataÈ›ie
â›¹ minge, om, persoanÄƒ care bate mingea
â›¹â€â™‚ bÄƒrbat, bÄƒrbat care bate mingea, minge
â›¹â€â™€ femeie, femeie care bate mingea, minge
ğŸ‹ greutÄƒÈ›i, halterofil, persoanÄƒ care ridicÄƒ greutÄƒÈ›i
ğŸ‹â€â™‚ bÄƒrbat, bÄƒrbat care ridicÄƒ greutÄƒÈ›i, bÄƒrbat care ridicÄƒ haltere, greutÄƒÈ›i, haltere, halterofil
ğŸ‹â€â™€ femeie, femeie care ridicÄƒ greutÄƒÈ›i, femeie care ridicÄƒ haltere, greutÄƒÈ›i, haltere, halterofilÄƒ
ğŸš´ bibicletÄƒ, ciclism, ciclist, persoanÄƒ pe bicicletÄƒ
ğŸš´â€â™‚ bÄƒrbat, bÄƒrbat pe bicicletÄƒ, bicicletÄƒ, biciclist, ciclism, ciclist
ğŸš´â€â™€ bicicletÄƒ, biciclistÄƒ, ciclism, ciclistÄƒ, femeie, femeie pe bicicletÄƒ
ğŸšµ bicicletÄƒ, biciclist, ciclism, ciclist, montan, persoanÄƒ pe bicicletÄƒ montanÄƒ
ğŸšµâ€â™‚ bÄƒrbat, bÄƒrbat pe bicicletÄƒ montanÄƒ, bicicletÄƒ, biciclist, ciclist, montan
ğŸšµâ€â™€ bicicletÄƒ, biciclistÄƒ, ciclistÄƒ, femeie, femeie pe bicicletÄƒ montanÄƒ, montan
ğŸ¤¸ face roata, gimnasticÄƒ, om, persoanÄƒ care face roata, sport
ğŸ¤¸â€â™‚ bÄƒrbat, bÄƒrbat care face roata, face roata, gimnasticÄƒ, sport
ğŸ¤¸â€â™€ face roata, femeie, femeie care face roata, gimnasticÄƒ, sport
ğŸ¤¼ luptÄƒ, luptÄƒtor, om, persoane care practicÄƒ wrestling, sport
ğŸ¤¼â€â™‚ bÄƒrbat care practicÄƒ wrestling, bÄƒrbaÈ›i, lupte, sport, wrestling
ğŸ¤¼â€â™€ femei, femeie care practicÄƒ wrestling, lupte, sport, wrestling
ğŸ¤½ apÄƒ, om, persoanÄƒ care joacÄƒ polo pe apÄƒ, polo, sport
ğŸ¤½â€â™‚ bÄƒrbat, bÄƒrbat care joacÄƒ polo pe apÄƒ, polo pe apÄƒ, sport
ğŸ¤½â€â™€ femeie, femeie care joacÄƒ polo pe apÄƒ, polo pe apÄƒ, sport
ğŸ¤¾ handbal, minge, om, persoanÄƒ care joacÄƒ handbal, sport
ğŸ¤¾â€â™‚ bÄƒrbat, bÄƒrbat care joacÄƒ handbal, handbal, handbalist, sport
ğŸ¤¾â€â™€ femeie, femeie care joacÄƒ handbal, handbal, handbalistÄƒ, sport
ğŸ¤¹ abilitate, echilibru, jongla, jongler, jonglerie, multitasking, persoanÄƒ care jongleazÄƒ
ğŸ¤¹â€â™‚ bÄƒrbat, bÄƒrbat care jonglezÄƒ, jongla, jonglerie, multitasking
ğŸ¤¹â€â™€ femeie, femeie care jongleazÄƒ, jongla, jonglerie, multitasking
ğŸ§˜ mediaÈ›ie, persoanÄƒ Ã®n poziÈ›ia lotus, yoga
ğŸ§˜â€â™‚ bÄƒrbat Ã®n poziÈ›ia lotus, mediaÈ›ie, yoga
ğŸ§˜â€â™€ femeie Ã®n poziÈ›ia lotus, mediaÈ›ie, yoga
ğŸ›€ cadÄƒ, om, persoanÄƒ care face baie
ğŸ›Œ hotel, om, pat, persoanÄƒ Ã®n pat, somn
ğŸ§‘â€ğŸ¤â€ğŸ§‘ cuplu, mÃ¢nÄƒ, persoanÄƒ, persoane È›inÃ¢ndu-se de mÃ¢nÄƒ, È›inÃ¢ndu-se de mÃ¢nÄƒ, È›ine
ğŸ‘­ cuplu, femei, femei È›inÃ¢ndu-se de mÃ¢nÄƒ, mÃ¢nÄƒ, È›inÃ¢ndu-se de mÃ¢nÄƒ, È›ine
ğŸ‘« bÄƒrbat, bÄƒrbat È™i femeie È›inÃ¢ndu-se de mÃ¢nÄƒ, cuplu, femeie, mÃ¢nÄƒ, È›inÃ¢ndu-se de mÃ¢nÄƒ, È›ine
ğŸ‘¬ bÄƒrbat, bÄƒrbaÈ›i, bÄƒrbaÈ›i È›inÃ¢ndu-se de mÃ¢nÄƒ, cuplu, doi bÄƒrbaÈ›i È›inÃ¢ndu-se de mÃ¢nÄƒ, Gemeni, zodiac
ğŸ’ cuplu, iubire, sÄƒrut
ğŸ’‘ cuplu, cuplu cu inimÄƒ, dragoste, iubire
ğŸ‘ª familie
ğŸ—£ cap, faÈ›Äƒ, profil, siluetÄƒ, vorbi, vorbire, vorbitor
ğŸ‘¤ bust, siluetÄƒ
ğŸ‘¥ bust, siluetÄƒ, siluete busturi
ğŸ«‚ adio, Ã®mbrÄƒÈ›iÈ™are, la revedere, mulÈ›umesc, persoane Ã®mbrÄƒÈ›iÈ™ate, salut
ğŸ‘£ talpÄƒ, urmÄƒ, urme de paÈ™i
ğŸ¦° pÄƒr roÈ™cat, roÈ™cat, roÈ™catÄƒ
ğŸ¦± afro, bucle, cÃ¢rlionÈ›i, creÈ›, pÄƒr creÈ›
ğŸ¦³ alb, bÄƒtrÃ¢n, grizonat, pÄƒr
ğŸ¦² chelie, chimioterapie, fÄƒrÄƒ pÄƒr, ras
ğŸµ faÈ›Äƒ, faÈ›Äƒ de maimuÈ›Äƒ, maimuÈ›Äƒ
ğŸ’ maimuÈ›Äƒ
ğŸ¦ animal sÄƒlbatic, gorilÄƒ
ğŸ¦§ primat, primate, urangutan
ğŸ¶ animal de companie, animal domestic, cÃ¢ine, faÈ›Äƒ, faÈ›Äƒ de cÃ¢ine
ğŸ• animal de companie, animal domestic, cÃ¢ine
ğŸ¦® accesibilitate, cÃ¢ine ghid, ghid, nevÄƒzÄƒtor, orb
ğŸ•â€ğŸ¦º accesibilitate, asistenÈ›Äƒ, cÃ¢ine, cÃ¢ine de asistenÈ›Äƒ, servicii
ğŸ© cÃ¢ine, pudel, rasÄƒ
ğŸº faÈ›Äƒ, lup
ğŸ¦Š faÈ›Äƒ, vulpe
ğŸ¦ curios, raton, È™mecher, ursuleÈ› spÄƒlÄƒtor
ğŸ± animal de companie, animal domestic, faÈ›Äƒ, faÈ›Äƒ de pisicÄƒ, pisicÄƒ
ğŸˆ animal de companie, animal domestic, pisicÄƒ
ğŸˆâ€â¬› ghinion, neagrÄƒ, pisicÄƒ
ğŸ¦ faÈ›Äƒ, leu, zodiac
ğŸ¯ faÈ›Äƒ, faÈ›Äƒ de tigru, tigru
ğŸ… animal sÄƒlbatic, felinÄƒ, tigru
ğŸ† animal sÄƒlbatic, felinÄƒ, leopard
ğŸ´ animal domestic, cal, faÈ›Äƒ, faÈ›Äƒ de cal
ğŸ cal, cal de curse, echitaÈ›ie
ğŸ¦„ faÈ›Äƒ, unicorn
ğŸ¦“ animal sÄƒlbatic, dungi, zebrÄƒ
ğŸ¦Œ animal sÄƒlbatic, cerb
ğŸ¦¬ bizon, bour, bufal, cireadÄƒ, zimbru
ğŸ® animal domestic, cap de vacÄƒ, faÈ›Äƒ, vacÄƒ
ğŸ‚ animal domestic, bou, taur, zodiac
ğŸƒ animal domestic, bivol
ğŸ„ animal domestic, vacÄƒ
ğŸ· animal domestic, cap de porc, faÈ›Äƒ, porc
ğŸ– animal domestic, porc, scroafÄƒ
ğŸ— animal sÄƒlbatic, mistreÈ›, porc
ğŸ½ faÈ›Äƒ, nas, porc, rÃ¢t
ğŸ animal domestic, berbec, zodiac
ğŸ‘ animal domestic, mioarÄƒ, oaie
ğŸ animal domestic, caprÄƒ, Capricorn, zodiac
ğŸª cocoaÈ™Äƒ, deÈ™ert, dromader
ğŸ« cÄƒmilÄƒ, cocoaÈ™e, deÈ™ert
ğŸ¦™ alpaca, lamÄƒ, lÃ¢nÄƒ
ğŸ¦’ girafÄƒ, pete
ğŸ˜ animal sÄƒlbatic, elefant
ğŸ¦£ colÈ›i, dispariÈ›ie, extincÈ›ie, lÃ¢nos, mamut, mare
ğŸ¦ animal sÄƒlbatic, rinocer
ğŸ¦› hipo, hipopotam
ğŸ­ faÈ›Äƒ, faÈ›Äƒ de È™oarece, È™oarece
ğŸ rozÄƒtor, È™oarece, È™oricel
ğŸ€ È™obolan
ğŸ¹ animal de companie, faÈ›Äƒ, hamster
ğŸ° animal de companie, faÈ›Äƒ, faÈ›Äƒ de iepure, iepuraÈ™, iepure
ğŸ‡ animal de companie, iepuraÈ™, iepure, rozÄƒtor
ğŸ¿ rozÄƒtor, veveriÈ›Äƒ
ğŸ¦« baraj, castor
ğŸ¦” arici, È›epos
ğŸ¦‡ liliac, vampir
ğŸ» faÈ›Äƒ, urs
ğŸ»â€â„ alb, arctic, urs, urs polar
ğŸ¨ koala, ursuleÈ›
ğŸ¼ faÈ›Äƒ, panda
ğŸ¦¥ leneÈ™, lent, trÃ¢ndav
ğŸ¦¦ alunecos, jucÄƒuÈ™, vidrÄƒ
ğŸ¦¨ mirositor, puÈ›i, sconcs
ğŸ¦˜ Australia, cangur, marsupial, salt, È›opÄƒit
ğŸ¦¡ bursuc, viezure
ğŸ¾ labe, picioare, urme, urme de lÄƒbuÈ›e
ğŸ¦ƒ curcan, pasÄƒre
ğŸ” gÄƒinÄƒ, pasÄƒre
ğŸ“ cocoÈ™, pasÄƒre
ğŸ£ eclozare, ou, pui, pui Ã®n gÄƒoace, puiÈ™or
ğŸ¤ pasÄƒre, pui, pui de gÄƒinÄƒ
ğŸ¥ pasÄƒre, pui, pui de gÄƒinÄƒ din faÈ›Äƒ
ğŸ¦ pasÄƒre
ğŸ§ frig, gheaÈ›Äƒ, pasÄƒre, pinguin
ğŸ•Š pace, pasÄƒre, porumbel, porumbiÈ›Äƒ, zbor
ğŸ¦… pasÄƒre, vultur
ğŸ¦† pasÄƒre, raÈ›Äƒ
ğŸ¦¢ lebÄƒdÄƒ, pasÄƒre, rÄƒÈ›uÈ™ca cea urÃ¢tÄƒ
ğŸ¦‰ bufniÈ›Äƒ, de noapte, Ã®nÈ›elept, pasÄƒre
ğŸ¦¤ dispariÈ›ie, dodo, extincÈ›ie, mare, Mauritius
ğŸª¶ panÄƒ, pasÄƒre, penaj, uÈ™or, zbor
ğŸ¦© flamboaiant, flamingo, tropical
ğŸ¦š mÃ¢ndrie, orgoliu, ostentaÈ›ie, pasÄƒre, pÄƒun
ğŸ¦œ papagal mare, pasÄƒre, pirat, vorbit
ğŸ¸ broascÄƒ, faÈ›Äƒ, faÈ›Äƒ de broascÄƒ
ğŸŠ crocodil, reptilÄƒ
ğŸ¢ broascÄƒ È›estoasÄƒ, carapace, È›estoasÄƒ
ğŸ¦ reptilÄƒ, È™opÃ¢rlÄƒ, tÃ¢rÃ¢toare
ğŸ ofiucus, reptilÄƒ, È™arpe, zodiac
ğŸ² balaur, basm, fantastic, faÈ›Äƒ, faÈ›Äƒ de dragon, poveste
ğŸ‰ balaur, dragon, poveste
ğŸ¦• brahiozaur, brontozaur, diplodocus, sauropod
ğŸ¦– T-Rex, Tyrannosaurus Rex
ğŸ³ apÄƒ, balenÄƒ, balenÄƒ Ã®mproÈ™cÃ¢nd apÄƒ, jet
ğŸ‹ balenÄƒ, mamifer acvatic, uriaÈ™
ğŸ¬ delfin, inteligent, mamifer acvatic
ğŸ¦­ focÄƒ, leu de mare
ğŸŸ peÈ™te, peÈ™ti, zodiac
ğŸ  exotic, peÈ™te tropical, peÈ™ti, tropical
ğŸ¡ peÈ™te, peÈ™te balon, peÈ™te È›epos
ğŸ¦ˆ peÈ™te, rechin
ğŸ™ caracatiÈ›Äƒ, tentacule
ğŸš cochilie, cochilie spiralatÄƒ, spiralÄƒ
ğŸŒ melc
ğŸ¦‹ fluture, frumos, insectÄƒ
ğŸ› gÃ¢ndac, insectÄƒ
ğŸœ colonie, furnicÄƒ, hÄƒrnicie, insectÄƒ
ğŸ albinÄƒ, aripi, insectÄƒ, miere
ğŸª² cÄƒrÄƒbuÈ™, gÃ¢ndac, insectÄƒ
ğŸ buburuzÄƒ, buline, insectÄƒ, roÈ™u
ğŸ¦— greier, lÄƒcustÄƒ
ğŸª³ gÃ¢ndac de bucÄƒtÄƒrie, insectÄƒ, parazit
ğŸ•· arahnidÄƒ, insectÄƒ, pÄƒianjen, pÃ¢nzÄƒ
ğŸ•¸ capcanÄƒ, pÄƒianjen, pÃ¢nzÄƒ, pÃ¢nzÄƒ de pÄƒianjen
ğŸ¦‚ insectÄƒ, scorpion, venin, zodiac
ğŸ¦Ÿ boalÄƒ, febrÄƒ, insectÄƒ, Ã®nÈ›epÄƒturÄƒ, malarie, È›Ã¢nÈ›ar
ğŸª° boalÄƒ, dÄƒunÄƒtor, descompunere, muscÄƒ, putrezire
ğŸª± anelid, parazit, rÃ¢mÄƒ, vierme
ğŸ¦  amibÄƒ, bacterie, microb, virus
ğŸ’ buchet de flori, cadou, flori
ğŸŒ¸ cireÈ™, floare, floare de cireÈ™, parfum, pom
ğŸ’® floare, floare albÄƒ, puritate
ğŸµ plantÄƒ, rozetÄƒ
ğŸŒ¹ floare, trandafir
ğŸ¥€ floare, floare ofilitÄƒ, ofilire
ğŸŒº floare, hibiscus
ğŸŒ» floare, floarea soarelui, galben, plantÄƒ, soare
ğŸŒ¼ boboc, eforescenÈ›Äƒ, floare, Ã®nflorire
ğŸŒ· floare, lalea, plantÄƒ, primÄƒvarÄƒ
ğŸŒ± plantÄƒ, rÄƒsad, tÃ¢nÄƒrÄƒ
ğŸª´ casÄƒ, creÈ™te, cultiva, ghiveci, plantÄƒ, plantÄƒ Ã®n ghiveci
ğŸŒ² arbore conifer, brad, conifer, copac
ğŸŒ³ arbore foios, copac, frunze cÄƒzÄƒtoare
ğŸŒ´ copac, palmier
ğŸŒµ cactus, plantÄƒ
ğŸŒ¾ cerealÄƒ, snop, snop de orez, spic
ğŸŒ¿ plantÄƒ, plantÄƒ aromaticÄƒ
â˜˜ plantÄƒ, trifoi
ğŸ€ frunze, patru, trifoi, trifoi cu patru foi
ğŸ arÈ›ar, frunzÄƒ, frunzÄƒ de arÈ›ar, frunzÄƒ Ã®n cÄƒdere
ğŸ‚ cÄƒdere, frunzÄƒ, frunzÄƒ Ã®n cÄƒdere
ğŸƒ frunzÄƒ, frunzÄƒ plutind Ã®n aer, plutire, vÃ¢nt
ğŸ‡ boabe, fruct, struguri, viÈ›Äƒ de vie
ğŸˆ fruct, pepene, pepene galben
ğŸ‰ fruct, pepene, pepene verde
ğŸŠ citrice, fruct, mandarinÄƒ
ğŸ‹ citrice, fruct, lÄƒmÃ¢ie
ğŸŒ bananÄƒ, fruct
ğŸ ananas, fruct
ğŸ¥­ fruct, mango, tropical
ğŸ fruct, mÄƒr, roÈ™u
ğŸ fruct, mÄƒr, verde
ğŸ fruct, parÄƒ
ğŸ‘ fruct, piersicÄƒ
ğŸ’ cireaÈ™Äƒ, cireÈ™e, fruct, roÈ™u
ğŸ“ bacÄƒ, cÄƒpÈ™unÄƒ, fruct
ğŸ« afinÄƒ, afine, albastru, fructe de pÄƒdure
ğŸ¥ fructe, kiwi, mÃ¢ncare
ğŸ… fruct, legumÄƒ, roÈ™ie, tomatÄƒ
ğŸ«’ mÃ¢ncare, mÄƒslinÄƒ
ğŸ¥¥ cocotier, nucÄƒ de cocos, palmier
ğŸ¥‘ avocado, fruct, mÃ¢ncare
ğŸ† legumÄƒ, vÃ¢nÄƒtÄƒ
ğŸ¥” cartof, cartofi, legume, mÃ¢ncare
ğŸ¥• legume, mÃ¢ncare, morcov
ğŸŒ½ cerealÄƒ, porumb, È™tiulete, È™tiulete de porumb
ğŸŒ¶ ardei, iute, legumÄƒ
ğŸ«‘ ardei, ardei capia, ardei gras, ardei iute, gogoÈ™ar, legumÄƒ
ğŸ¥’ castravete, legume, mÃ¢ncare, murÄƒturÄƒ
ğŸ¥¬ lÄƒptucÄƒ, salatÄƒ, varzÄƒ, varzÄƒ chinezeascÄƒ, varzÄƒ kale, verdeÈ›uri
ğŸ¥¦ broccoli, conopidÄƒ
ğŸ§„ aromÄƒ, condiment, usturoi
ğŸ§… aromÄƒ, ceapÄƒ, condiment
ğŸ„ ciupercÄƒ, ciupercÄƒ otrÄƒvitoare
ğŸ¥œ alune, arahide, legumÄƒ, mÃ¢ncare
ğŸŒ° castanÄƒ, plantÄƒ
ğŸ aliment, franzelÄƒ, pÃ¢ine
ğŸ¥ corn, croasant, croissant, mÃ¢ncare, pÃ¢ine
ğŸ¥– baghetÄƒ, baghetÄƒ de pÃ¢ine, franÈ›uzeascÄƒ, mÃ¢ncare, pÃ¢ine
ğŸ«“ lipie, pitÄƒ
ğŸ¥¨ covrig, covrigei, covrigel, covrigi
ğŸ¥¯ bagel, covrig moale, patiserie
ğŸ¥ clÄƒtitÄƒ, clÄƒtite, crepe, mÃ¢ncare
ğŸ§‡ fier de cÄƒlcat, gofrÄƒ, nehotÄƒrÃ¢t
ğŸ§€ brÃ¢nzÄƒ, bucatÄƒ de brÃ¢nzÄƒ, caÈ™caval
ğŸ– carne, os, os cu carne
ğŸ— ciocÄƒnel, pasÄƒre, pulpÄƒ, pulpÄƒ de pasÄƒre
ğŸ¥© antricot, bucatÄƒ de carne, cotlet, fripturÄƒ
ğŸ¥“ bacon, carne, jambon, mÃ¢ncare, È™uncÄƒ
ğŸ” burger, carne, fast food, hamburger
ğŸŸ cartofi, cartofi prÄƒjiÈ›i, fast food
ğŸ• fast food, felie, pizza
ğŸŒ­ cÃ¢rnat, fast food, hot dog, muÈ™tar
ğŸ¥ª fast food, sandvici, sandviÈ™
ğŸŒ® fast food, lipie, mexican, taco
ğŸŒ¯ burrito, lipie, mexican, sandvici rulat, sandviÈ™ rulat
ğŸ«” colÈ›unaÈ™, mÃ¢ncare mexicanÄƒ, tamale
ğŸ¥™ falafel, giros, kebab, lipie, lipie umplutÄƒ, mÃ¢ncare, È™aorma
ğŸ§† chifteluÈ›Äƒ, falafel, nÄƒut
ğŸ¥š mÃ¢ncare, ou
ğŸ³ gÄƒtit, tigaie
ğŸ¥˜ cratiÈ›Äƒ, cratiÈ›Äƒ cu mÃ¢ncare, mÃ¢ncare, paella, tigaie, tigaie cu mÃ¢ncare
ğŸ² oalÄƒ, oalÄƒ cu mÃ¢ncare, tocanÄƒ
ğŸ«• brÃ¢nzÄƒ, ciocolatÄƒ, fondue, mÃ¢ncare elveÈ›ianÄƒ, topitÄƒ, vas de gÄƒtit
ğŸ¥£ castron cu lingurÄƒ, cereale, mic dejun, terci
ğŸ¥— mÃ¢ncare, salatÄƒ, verde
ğŸ¿ floricele, floricele de porumb, pop-corn, popcorn, porumb
ğŸ§ˆ lactate, unt
ğŸ§‚ condiment, sare, solniÈ›Äƒ
ğŸ¥« conservÄƒ, mÃ¢ncare la conservÄƒ
ğŸ± bento, japonia, mÃ¢ncare, mÃ¢ncare japonezÄƒ la pachet, pachet
ğŸ˜ biscuit, biscuit de orez, orez
ğŸ™ chifteluÈ›e, chifteluÈ›e de orez, Japonia, orez, periÈ™oare
ğŸš orez, orez gÄƒtit, preparare
ğŸ› condiment, curry, orez, orez cu curry
ğŸœ castron, castron aburind, fierbinte, tÄƒiÈ›ei
ğŸ paste, spaghete
ğŸ  cartof, copt, dulce
ğŸ¢ bÄƒÈ›, frigÄƒruie japonezÄƒ, fructe de mare, oden
ğŸ£ sushi
ğŸ¤ crevete, crevete prÄƒjit, prÄƒjire, tempura
ğŸ¥ paste, peÈ™te, ruladÄƒ, ruladÄƒ japonezÄƒ cu peÈ™te
ğŸ¥® festival, prÄƒjiturÄƒ chinezeascÄƒ, prÄƒjitura lunii, toamnÄƒ
ğŸ¡ bÄƒÈ›, desert, dulce, gÄƒluÈ™te japoneze pe bÄƒÈ›, Japonia
ğŸ¥Ÿ empanada, gÄƒluÈ™te chinezeÈ™ti, jiaozi, pierogi, potsticker
ğŸ¥  prÄƒjiturele cu rÄƒvaÈ™, profeÈ›ie
ğŸ¥¡ mÃ¢ncare chinezeascÄƒ la pachet, mÃ¢ncare la pachet
ğŸ¦€ rac, zodiac
ğŸ¦ cleÈ™ti, fructe de mare, homar
ğŸ¦ crevete, fructe de mare, mÃ¢ncare, mic
ğŸ¦‘ calamar, calmar, mÃ¢ncare, moluscÄƒ
ğŸ¦ª perlÄƒ, scufundare, stridie
ğŸ¦ cornet, desert, Ã®ngheÈ›atÄƒ, Ã®ngheÈ›atÄƒ cremÄƒ
ğŸ§ desert, desert din fulgi de gheaÈ›Äƒ, dulce, gheaÈ›Äƒ, Ã®ngheÈ›atÄƒ
ğŸ¨ cremÄƒ, desert, dulce, Ã®ngheÈ›atÄƒ
ğŸ© desert, dulce, glazurÄƒ, gogoaÈ™Äƒ, gogoaÈ™Äƒ americanÄƒ
ğŸª desert, dulce, fursec
ğŸ‚ aluat, aniversare, desert, dulce, sÄƒrbÄƒtoare, tort, tort aniversar
ğŸ° aluat, desert, dulce, felie, tartÄƒ
ğŸ§ brioÈ™Äƒ, dulce, patiserie
ğŸ¥§ aluat, plÄƒcintÄƒ, umpluturÄƒ
ğŸ« baton, baton de ciocolatÄƒ, ciocolatÄƒ, desert, dulce
ğŸ¬ bomboanÄƒ, desert, dulce
ğŸ­ acadea, bÄƒÈ›, bomboanÄƒ, desert, dulce
ğŸ® budincÄƒ, desert, dulce, È™arlotÄƒ
ğŸ¯ borcan, borcan cu miere, dulce, miere
ğŸ¼ bebeluÈ™, biberon, lapte, sticlÄƒ, suzetÄƒ
ğŸ¥› bÄƒuturÄƒ, lapte, pahar, pahar cu lapte
â˜• bÄƒuturÄƒ, cafea, ceai, ceaÈ™cÄƒ, fierbinte
ğŸ«– bÄƒuturÄƒ, ceai, ceainic
ğŸµ bÄƒuturÄƒ, ceai, ceaÈ™cÄƒ, ceaÈ™cÄƒ fÄƒrÄƒ mÃ¢ner
ğŸ¶ bar, bÄƒuturÄƒ, ceaÈ™cÄƒ, sake, sticlÄƒ
ğŸ¾ bar, bÄƒuturÄƒ, dop, sÄƒrbÄƒtoare, sticlÄƒ, sticlÄƒ cÄƒreia Ã®i sare dopul
ğŸ· bar, bÄƒuturÄƒ, pahar, pahar de vin, vin
ğŸ¸ bar, bÄƒuturÄƒ, cocktail, pahar, pahar de cocktail
ğŸ¹ bar, bÄƒuturÄƒ, bÄƒuturÄƒ tropicalÄƒ, exotic, tropical
ğŸº bar, bÄƒuturÄƒ, bere, halbÄƒ, halbÄƒ de bere
ğŸ» bar, bÄƒuturÄƒ, bere, ciocnit, halbÄƒ, halbe, halbe de bere ciocnite
ğŸ¥‚ bÄƒuturÄƒ, ciocnit, ciocnit de pahare, pahar, pahare ciocnite, sÄƒrbÄƒtorire
ğŸ¥ƒ lichior, pahar, pahar de whisky, shot, whisky
ğŸ¥¤ pahar cu pai, sifon, suc
ğŸ§‹ ceai, ceai cu perle, lapte, perle
ğŸ§ƒ cutie de bÄƒuturÄƒ, cutie de suc
ğŸ§‰ bÄƒuturÄƒ, mate
ğŸ§Š aisberg, cub de gheaÈ›Äƒ, gheaÈ›Äƒ, rece
ğŸ¥¢ beÈ›iÈ™oare de mÃ¢ncat, beÈ›iÈ™oare japoneze
ğŸ½ cuÈ›it, farfurie, furculiÈ›Äƒ È™i cuÈ›it cu farfurie, gÄƒtit, tacÃ¢muri
ğŸ´ cuÈ›it, furculiÈ›Äƒ, furculiÈ›Äƒ È™i cuÈ›it, gÄƒtit
ğŸ¥„ lingurÄƒ, tacÃ¢muri
ğŸ”ª armÄƒ, cuÈ›it, cuÈ›it de bucÄƒtÄƒrie, gÄƒtit, instrument
ğŸº amforÄƒ, bÄƒut, gÄƒtit, ulcior, VÄƒrsÄƒtor, zodiac
ğŸŒ Africa, Europa, Europa È™i Africa pe glob, glob, lume, PÄƒmÃ¢nt
ğŸŒ Americi, Americile pe glob, glob, lume, PÄƒmÃ¢nt
ğŸŒ Asia, Asia È™i Australia pe glob, Australia, glob, lume
ğŸŒ glob, glob cu meridiane, lume, meridiane, PÄƒmÃ¢nt
ğŸ—º hartÄƒ, harta lumii, lume
ğŸ—¾ hartÄƒ, harta Japoniei, Japonia
ğŸ§­ busolÄƒ, magnetic, navigaÈ›ie, orientare
ğŸ” frig, munte, vÃ¢rf, vÃ¢rf de munte Ã®nzÄƒpezit, zÄƒpadÄƒ
â›° masiv, munte, stÃ¢ncÄƒ
ğŸŒ‹ erupÈ›ie, lavÄƒ, munte, vulcan
ğŸ—» Fuji, munte, muntele Fuji
ğŸ• camping, cort
ğŸ– plajÄƒ, umbrelÄƒ, umbrelÄƒ pe plajÄƒ
ğŸœ deÈ™ert, nisip
ğŸ insulÄƒ, insulÄƒ pustie, pustiu
ğŸ parc, parc naÈ›ional
ğŸŸ public, sport, stadion
ğŸ› clÄƒdire, clÄƒdire clasicÄƒ, clasic, stil
ğŸ— clÄƒdire, clÄƒdire Ã®n construcÈ›ie, construcÈ›ie
ğŸ§± argilÄƒ, cÄƒrÄƒmidÄƒ, cÄƒrÄƒmizi, mortar, zid
ğŸª¨ bolovan, greu, piatrÄƒ, rocÄƒ, solid, stÃ¢ncÄƒ
ğŸªµ buÈ™tean, cherestea, lemn, masÄƒ lemnoasÄƒ
ğŸ›– adÄƒpost, casÄƒ, colibÄƒ, iurtÄƒ
ğŸ˜ case, construcÈ›ie
ğŸš abandonatÄƒ, casÄƒ, casÄƒ pÄƒrÄƒsitÄƒ
ğŸ  casÄƒ, locuinÈ›Äƒ
ğŸ¡ casÄƒ, casÄƒ cu grÄƒdinÄƒ, grÄƒdinÄƒ, locuinÈ›Äƒ, verdeaÈ›Äƒ
ğŸ¢ birouri, clÄƒdire, clÄƒdire de birouri
ğŸ£ Japonia, oficiu poÈ™tal japonez, poÈ™tÄƒ
ğŸ¤ Europa, oficiu poÈ™tal, poÈ™tÄƒ
ğŸ¥ doctor, medicinÄƒ, sÄƒnÄƒtate, spital
ğŸ¦ bancÄƒ, clÄƒdire
ğŸ¨ cazare, clÄƒdire, hotel
ğŸ© cazare, clÄƒdire, hotel de dragoste, iubire
ğŸª magazin, mic magazin de cartier, mixt, non-stop
ğŸ« clÄƒdire, Ã®nvÄƒÈ›ÄƒmÃ¢nt, È™coalÄƒ
ğŸ¬ magazin, mare, raioane, universal
ğŸ­ clÄƒdire, fabricÄƒ, producÈ›ie
ğŸ¯ castel, castel japonez, clÄƒdire, Japonia
ğŸ° castel, Europa
ğŸ’’ capelÄƒ, inimÄƒ, nuntÄƒ
ğŸ—¼ Tokio, turn, turnul Tokio
ğŸ—½ libertate, Statuia LibertÄƒÈ›ii, statuie
â›ª bisericÄƒ, clÄƒdire, creÈ™tin, creÈ™tinism, cruce, rugÄƒciune
ğŸ•Œ cult, islam, moschee, musulman, religie
ğŸ›• hindus, templu
ğŸ• cult, evreiesc, religie, sinagogÄƒ, templu
â›© altar, cult, religie, sanctuar, shinto, templu
ğŸ•‹ cult, islam, kaaba, lÄƒcaÈ™ de cult islamic kaaba, religie
â›² apÄƒ, fÃ¢ntÃ¢nÄƒ, fÃ¢ntÃ¢nÄƒ artezianÄƒ
â›º camping, cort
ğŸŒ ceaÈ›Äƒ, Ã®nceÈ›oÈ™at, vreme
ğŸŒƒ noapte, noapte Ã®nstelatÄƒ, stele
ğŸ™ oraÈ™, orizont citadin, peisaj urban, zgÃ¢rie-nori
ğŸŒ„ dimineaÈ›Äƒ, munÈ›i, rÄƒsÄƒrit, rÄƒsÄƒrit dupÄƒ munÈ›i, soare
ğŸŒ… dimineaÈ›Äƒ, rÄƒsÄƒrit, soare
ğŸŒ† apus, oraÈ™, peisaj urban la apus, searÄƒ, soare, zgÃ¢rie-nori
ğŸŒ‡ amurg, apus, crepuscul, soare
ğŸŒ‰ luminÄƒ, noapte, pod, pod luminat noaptea
â™¨ aburi, apÄƒ, cÄƒldurÄƒ, izvoare termale, izvor
ğŸ  cÄƒluÈ›, cÄƒluÈ› de carusel, carusel
ğŸ¡ bÃ¢lci, carnaval, distracÈ›ie, parc de distracÈ›ie, roata mare
ğŸ¢ adrenalinÄƒ, montagne russe, parc de distracÈ›ie
ğŸ’ˆ bÄƒrbier, indicator, semn de frizerie, tuns
ğŸª circ, cort, cort de circ
ğŸš‚ aburi, cale feratÄƒ, locomotivÄƒ, motor, transport, tren
ğŸšƒ electric, È™inÄƒ, tramvai, transport, troleibuz, vagon, vagon feroviar
ğŸš„ cale feratÄƒ, tren, tren de mare vitezÄƒ, vitezÄƒ
ğŸš… aerodinamic, cale feratÄƒ, tren, tren de mare vitezÄƒ cu vÃ¢rf aerodinamic, vitezÄƒ
ğŸš† cale feratÄƒ, È™ine, tren
ğŸš‡ metrou, tren, tunel
ğŸšˆ cale feratÄƒ, È™ine, tren uÈ™or
ğŸš‰ cale feratÄƒ, garÄƒ, haltÄƒ, staÈ›ie, tren
ğŸšŠ tramvai, troleibuz
ğŸš monorai, monoÈ™inÄƒ
ğŸš cale feratÄƒ, cale feratÄƒ montanÄƒ, munte
ğŸš‹ tramvai, troleibuz, vagon, vagon de tramvai
ğŸšŒ autobuz, vehicul
ğŸš autobuz, autobuz care se apropie, sosire
ğŸš autobuz, tramvai, troleibuz, troleu
ğŸš autobuz, microbuz
ğŸš‘ ambulanÈ›Äƒ, asistenÈ›Äƒ, medicalÄƒ, vehicul
ğŸš’ incendiu, maÈ™inÄƒ de pompieri, salvare, vehicul
ğŸš“ autovehicul, maÈ™inÄƒ de poliÈ›ie, patrula, poliÈ›ie
ğŸš” autovehicul, maÈ™inÄƒ de poliÈ›ie care se apropie, poliÈ›ie
ğŸš• autovehicul, taxi, taximetrie
ğŸš– apropiere, autovehicul, taxi care se apropie, taximetrie
ğŸš— automobil, maÈ™inÄƒ
ğŸš˜ automobil care se apropie, maÈ™inÄƒ, sosire
ğŸš™ cÄƒlÄƒtorii, jeep, SUV, vacanÈ›Äƒ, vehicul, vehicul recreaÈ›ional
ğŸ›» camion, camionetÄƒ, maÈ™inÄƒ papuc
ğŸšš camion, camion de marfÄƒ, livrare, marfÄƒ
ğŸš› articulat, camion
ğŸšœ tractor, vehicul
ğŸ curse, maÈ™inÄƒ, maÈ™inÄƒ de curse
ğŸ curse, motocicletÄƒ
ğŸ›µ motor, motoscuter, scuter
ğŸ¦½ accesibilitate, scaun cu rotile manual
ğŸ¦¼ accesibilitate, scaun cu rotile motorizat
ğŸ›º autoricÈ™Äƒ, tuk tuk
ğŸš² bicicletÄƒ, ciclism
ğŸ›´ scuter, trotinetÄƒ
ğŸ›¹ placÄƒ, skateboard
ğŸ›¼ patinÄƒ, patinÄƒ cu rotile, rotile
ğŸš autobuz, oprire, staÈ›ie de autobuz
ğŸ›£ autostradÄƒ, autovehicule, drum
ğŸ›¤ cale feratÄƒ, È™inÄƒ, È™ine, tren
ğŸ›¢ butoi, butoi de combustibil, tablÄƒ
â›½ alimentare, benzinÄƒ, benzinÄƒrie, combustibil, diesel, pompÄƒ, pompÄƒ de combustibil
ğŸš¨ girofar, girofar de poliÈ›ie, luminÄƒ, poliÈ›ie, semnal luminos
ğŸš¥ semafor, semafor orizontal, semnal, trafic
ğŸš¦ semafor, semafor vertical, semnal, trafic
ğŸ›‘ indicator, octogon, semn, semnul stop, stop
ğŸš§ barierÄƒ, construcÈ›ie, indicator, È™antier
âš“ ancorÄƒ, ancorare, instrument, navÄƒ, vas
â›µ barcÄƒ, barcÄƒ cu pÃ¢nze, iaht, navigaÈ›ie, pÃ¢nze
ğŸ›¶ barcÄƒ, canoe
ğŸš¤ barcÄƒ, barcÄƒ de vitezÄƒ, motor, È™alupÄƒ, vitezÄƒ
ğŸ›³ croazierÄƒ, navÄƒ, pasageri, vas de pasageri
â›´ feribot, navÄƒ, pasageri, transport
ğŸ›¥ barcÄƒ, barcÄƒ cu motor, motonavÄƒ, motor, È™alupÄƒ
ğŸš¢ maritim, navÄƒ, navigaÈ›ie, pasageri, vapor, vas
âœˆ aeronavÄƒ, avion, zbor
ğŸ›© aeronavÄƒ micÄƒ, avion, uÈ™or
ğŸ›« aeronavÄƒ, avion, check-in, plecare, plecÄƒri
ğŸ›¬ aeronavÄƒ, aterizare, avion, sosire, sosiri
ğŸª‚ deltaplanorism, parasailing, paraÈ™utÄƒ, paraÈ™utism
ğŸ’º loc Ã®n mijloc de transport, scaun, transport
ğŸš elice, elicopter, vehicul, zbor
ğŸšŸ cabluri, cale feratÄƒ, cale feratÄƒ suspendatÄƒ
ğŸš  cablu, gondolÄƒ, munte, telecabinÄƒ montanÄƒ, transport
ğŸš¡ cablu, gondolÄƒ, tramvai aerian, transport
ğŸ›° cosmos, satelit, spaÈ›iu
ğŸš€ cosmos, rachetÄƒ, spaÈ›iu
ğŸ›¸ farfurie zburÄƒtoare, OZN
ğŸ› clopoÈ›el, hotel, recepÈ›ie, sonerie, sonerie de recepÈ›ie
ğŸ§³ bagaj, cÄƒlÄƒtorie, Ã®mpachetare, valizÄƒ, voiaj
âŒ› clepsidrÄƒ, clepsidrÄƒ cu nisipul scurs, nisip, temporizator, timp
â³ clepsidrÄƒ, clepsidrÄƒ cu nisip care se scurge, curgere, nisip, temporizator, timp
âŒš ceas, ceas de mÃ¢nÄƒ
â° alarmÄƒ, ceas, ceas deÈ™teptÄƒtor
â± ceas, cronometru
â² ceas, temporizator
ğŸ•° ceas, ceas pentru etajerÄƒ
ğŸ•› 00:00, 12:00, ceas, doisprezece fix, ora douÄƒsprezece, ora douÄƒsprezece fix
ğŸ•§ 12:30, ceas, doisprezece treizeci, ora douÄƒsprezece È™i jumÄƒtate
ğŸ• 1:00, 13:00, ceas, ora unu, ora unu fix, unu, unu fix
ğŸ•œ 1:30, 13:30, ceas, ora unu È™i jumÄƒtate, unu treizeci
ğŸ•‘ 14:00, 2:00, ceas, douÄƒ, douÄƒ fix, ora douÄƒ, ora douÄƒ fix
ğŸ• 14:30, 2:30, ceas, douÄƒ, douÄƒ treizeci, ora douÄƒ È™i jumÄƒtate
ğŸ•’ 15:00, 3:00, ceas, ora trei, ora trei fix, trei, trei fix
ğŸ• 15:30, 3:30, ceas, ora trei È™i jumÄƒtate, trei treizeci
ğŸ•“ 16:00, 4:00, ceas, ora patru, ora patru fix, patru, patru fix
ğŸ•Ÿ 16:30, 4:30, ceas, ora patru È™i jumÄƒtate, patru treizeci
ğŸ•” 17:00, 5:00, ceas, cinci, cinci fix, ora cinci, ora cinci fix
ğŸ•  17:30, 5:30, ceas, cinci treizeci, ora cinci È™i jumÄƒtate
ğŸ•• 18:00, 6:00, ceas, ora È™ase, ora È™ase fix, È™ase, È™ase fix
ğŸ•¡ 18:30, 6:30, ceas, ora È™ase È™i jumÄƒtate, È™ase treizeci
ğŸ•– 19:00, 7:00, ceas, ora È™apte, ora È™apte fix, È™apte, È™apte fix
ğŸ•¢ 19:30, 7:30, ceas, ora È™apte È™i jumÄƒtate, È™apte treizeci
ğŸ•— 20:00, 8:00, ceas, opt, opt fix, ora opt, ora opt fix
ğŸ•£ 20:30, 8:30, ceas, opt treizeci, ora opt È™i jumÄƒtate
ğŸ•˜ 21:00, 9:00, ceas, nouÄƒ, nouÄƒ fix, ora nouÄƒ, ora nouÄƒ fix
ğŸ•¤ 21:30, 9:30, ceas, nouÄƒ treizeci, ora nouÄƒ È™i jumÄƒtate
ğŸ•™ 10:00, 22:00, ceas, ora zece, ora zece fix, zece, zece fix
ğŸ•¥ 10:30, 22:30, ceas, ora zece È™i jumÄƒtate, zece treizeci
ğŸ•š 11:00, 23:00, ceas, ora unsprezece, ora unsprezece fix, unsprezece, unsprezece fix
ğŸ•¦ 11:30, 23:30, ceas, ora unsprezece È™i jumÄƒtate, unsprezece treizeci
ğŸŒ‘ Ã®ntuneric, lunÄƒ, lunÄƒ nouÄƒ
ğŸŒ’ concavÄƒ, creÈ™tere, lunÄƒ, lunÄƒ concavÄƒ Ã®n creÈ™tere, semilunÄƒ
ğŸŒ“ lunÄƒ, lunÄƒ Ã®n primul pÄƒtrar, pÄƒtrar, unu
ğŸŒ” convexÄƒ, creÈ™tere, lunÄƒ, lunÄƒ convexÄƒ Ã®n creÈ™tere, semilunÄƒ
ğŸŒ• luminÄƒ, lunÄƒ, lunÄƒ plinÄƒ, rotund
ğŸŒ– convexÄƒ, descreÈ™tere, lunÄƒ, lunÄƒ convexÄƒ Ã®n descreÈ™tere, semilunÄƒ
ğŸŒ— lunÄƒ, lunÄƒ Ã®n ultimul pÄƒtrar, pÄƒtrar, patru
ğŸŒ˜ concavÄƒ, descreÈ™tere, lunÄƒ, lunÄƒ concavÄƒ Ã®n descreÈ™tere, semilunÄƒ
ğŸŒ™ creÈ™tere, lunÄƒ, semilunÄƒ
ğŸŒš faÈ›Äƒ, Ã®ntuneric, lunÄƒ, lunÄƒ nouÄƒ cu faÈ›Äƒ, rotundÄƒ
ğŸŒ› faÈ›Äƒ, lunÄƒ, lunÄƒ cu faÈ›Äƒ Ã®n primul pÄƒtrar, pÄƒtrar, unu
ğŸŒœ faÈ›Äƒ, lunÄƒ, lunÄƒ Ã®n ultimul pÄƒtrar cu faÈ›Äƒ, pÄƒtrar, patru
ğŸŒ¡ temperaturÄƒ, termometru, vreme
â˜€ Ã®nsorit, luminÄƒ, raze, soare, strÄƒlucitor
ğŸŒ faÈ›Äƒ, lunÄƒ plinÄƒ, lunÄƒ plinÄƒ cu faÈ›Äƒ
ğŸŒ faÈ›Äƒ, raze, soare, soare cu faÈ›Äƒ
ğŸª planetÄƒ cu inele, saturn, saturnian
â­ stea
ğŸŒŸ stea, stea strÄƒlucitoare, strÄƒlucire
ğŸŒ  cÄƒdere, cometÄƒ, meteor, stea, stea cÄƒzÄƒtoare
ğŸŒŒ Calea Lactee, constelaÈ›ie, stele
â˜ Ã®nnorat, meteo, nor, vreme
â›… nor, soare, soare Ã®n nori, vreme
â›ˆ fulger, nor, nor cu fulger È™i ploaie, ploaie, tunet, vreme
ğŸŒ¤ nor, soare, soare dupÄƒ un nor mic, vreme
ğŸŒ¥ nor, soare, soare dupÄƒ un nor mare, vreme
ğŸŒ¦ nor, ploaie, soare, soare dupÄƒ nor cu ploaie
ğŸŒ§ nor, nor cu ploaie, ploaie, vreme
ğŸŒ¨ fulgi, ninsoare, nor, nor de ninsoare
ğŸŒ© fulger, nor, nor cu fulger
ğŸŒª nor, tornadÄƒ, vÃ¢rtej
ğŸŒ« ceaÈ›Äƒ, nor, vreme
ğŸŒ¬ faÈ›Äƒ, faÈ›Äƒ suflÃ¢nd vÃ¢nt, suflare, vÃ¢nt
ğŸŒ€ ciclon, taifun, uragan, vÃ¢rtej
ğŸŒˆ cer, culori, curcubeu
ğŸŒ‚ accesoriu, ploaie, umbrelÄƒ, umbrelÄƒ Ã®nchisÄƒ
â˜‚ accesoriu, ploaie, umbrelÄƒ
â˜” picÄƒturi, ploaie, umbrelÄƒ, umbrelÄƒ cu picÄƒturi de ploaie
â›± ploaie, soare, umbrelÄƒ, umbrelÄƒ pe sol
âš¡ electricitate, fulger, Ã®naltÄƒ tensiune, pericol, voltaj
â„ frig, fulg de nea, zÄƒpadÄƒ
â˜ƒ frig, om, om de zÄƒpadÄƒ, zÄƒpadÄƒ
â›„ frig, om, om de zÄƒpadÄƒ fÄƒrÄƒ zÄƒpadÄƒ, zÄƒpadÄƒ
â˜„ cometÄƒ, spaÈ›iu
ğŸ”¥ cÄƒldurÄƒ, flacÄƒrÄƒ, flamÄƒ, foc, luminÄƒ
ğŸ’§ bandÄƒ desenatÄƒ, lichid, picÄƒturÄƒ, transpiraÈ›ie
ğŸŒŠ mare, ocean, val
ğŸƒ dovleac cu felinar, Halloween, jack-o-lantern, lumÃ¢nare, sÄƒrbÄƒtoare
ğŸ„ brad, brad de CrÄƒciun, CrÄƒciun, sÄƒrbÄƒtoare
ğŸ† artificii, sÄƒrbÄƒtoare
ğŸ‡ artificii, foc bengal, sÄƒrbÄƒtoare, scÃ¢ntei
ğŸ§¨ artificii, dinamitÄƒ, explozibil, petardÄƒ
âœ¨ *, luminiÈ›e, stea, steluÈ›Äƒ, steluÈ›e
ğŸˆ balon, sÄƒrbÄƒtoare
ğŸ‰ con, confeti, petrecere, tun cu confetti
ğŸŠ confeti, minge cu confetti, petrecere, sÄƒrbÄƒtoare
ğŸ‹ copac, copac tanabata, Japonia, sÄƒrbÄƒtoare
ğŸ decor, decoraÈ›iune japonezÄƒ de pin, pin, sÄƒrbÄƒtoare
ğŸ festival, Japonia, pÄƒpuÈ™Äƒ, pÄƒpuÈ™i japoneze, sÄƒrbÄƒtoare
ğŸ crap, crap decorativ Ã®n vÃ¢nt, sÄƒrbÄƒtoare, vÃ¢nt
ğŸ clopoÈ›ei de vÃ¢nt, clopoÈ›el, vÃ¢nt
ğŸ‘ ceremonia lunii, ceremonie, lunÄƒ, sÄƒrbÄƒtoare
ğŸ§§ bani, cadou, noroc, plic roÈ™u
ğŸ€ festiv, fundÄƒ, panglicÄƒ, sÄƒrbÄƒtoare
ğŸ cadou, cadou Ã®mpachetat, cutie, fundÄƒ
ğŸ— comemorare, panglicÄƒ, panglicÄƒ â€in memoriamâ€, susÈ›inere
ğŸŸ acces, bilet, bilete de intrare, intrare
ğŸ« bilet, intrare
ğŸ– medalie, militarÄƒ, onoare
ğŸ† cupÄƒ, premiu, trofeu
ğŸ… medalie, medalie sportivÄƒ, performanÈ›Äƒ, sport
ğŸ¥‡ aur, medalie, medalie locul I, primul
ğŸ¥ˆ al doilea, argint, medalie, medalie locul II
ğŸ¥‰ al treilea, bronz, medalie, medalie locul III
âš½ fotbal, minge, minge de fotbal, sport
âš¾ baseball, minge, sport
ğŸ¥ mÄƒnuÈ™Äƒ, minge, softball, subraÈ›
ğŸ€ baschet, coÈ™, minge, sport
ğŸ mÃ¢nÄƒ, minge, sport, volei
ğŸˆ american, balon oval, fotbal, minge
ğŸ‰ balon oval, minge, rugby, sport
ğŸ¾ minge, rachetÄƒ, sport, tenis
ğŸ¥ disc zburÄƒtor, frisbee
ğŸ³ bilÄƒ, bowling, joc, popice
ğŸ bÃ¢tÄƒ, crichet, minge, sport
ğŸ‘ cÃ¢mp, crosÄƒ, gazon, hochei, hochei de cÃ¢mp, minge
ğŸ’ crosÄƒ, gheaÈ›Äƒ, hochei pe gheaÈ›Äƒ, puc, sport
ğŸ¥ crosÄƒ, lacrosse, minge, poartÄƒ
ğŸ“ minge, paletÄƒ, ping pong, sport, tenis de masÄƒ
ğŸ¸ badminton, fluturaÈ™, rachetÄƒ, sport
ğŸ¥Š box, mÄƒnuÈ™Äƒ de box, mÄƒnuÈ™i, sport
ğŸ¥‹ arte marÈ›iale, costum, costum arte marÈ›iale, judo, karate, taekwondo
ğŸ¥… gol, plasÄƒ, plasa porÈ›ii, poartÄƒ
â›³ gaurÄƒ, golf, steag, steag Ã®n gaurÄƒ la golf
â›¸ gheaÈ›Äƒ, patinÄƒ, patinÄƒ de gheaÈ›Äƒ
ğŸ£ pescuit, peÈ™te, undiÈ›Äƒ
ğŸ¤¿ mascÄƒ de scufundÄƒri, scuba, scufundare cu tub de respirat, scufundÄƒri, snorkeling
ğŸ½ atletism, sport, tricou, tricou de alegare
ğŸ¿ pÃ¢rtie, schiuri, zÄƒpadÄƒ
ğŸ›· pÃ¢rtie, sanie, sÄƒniuÈ™, zÄƒpadÄƒ
ğŸ¥Œ joc, piatrÄƒ, piatrÄƒ de curling
ğŸ¯ centru, darts, fix la È›intÄƒ, reuÈ™itÄƒ, È›intÄƒ
ğŸª€ fluctua, jucÄƒrie, yo-yo
ğŸª plana, pluti, zbura, zmeu
ğŸ± bilÄƒ, biliard, gaurÄƒ, joc, opt
ğŸ”® basm, cristal, fantezie, glob, glob de cristal, noroc
ğŸª„ baghetÄƒ magicÄƒ, magie, vrajÄƒ, vrÄƒjitoare, vrÄƒjitor, vrÄƒjitorie
ğŸ§¿ amuletÄƒ, amuletÄƒ nazar, ochiul magic, ochiul rÄƒului, talisman
ğŸ® controller, joc, video
ğŸ•¹ joc, joystick, manetÄƒ, video
ğŸ° joc, jocuri mecanice, manetÄƒ, noroc
ğŸ² joc, noroc, zar
ğŸ§© indiciu, joc de puzzle, mozaic, piesÄƒ, piesÄƒ de puzzle, puzzle
ğŸ§¸ jucÄƒrie, pluÈ™, ursuleÈ›, ursuleÈ› de pluÈ™
ğŸª… petrecere, piÃ±ata, sÄƒrbÄƒtorire
ğŸª† lemn, matrioÈ™ka, pÄƒpuÈ™Äƒ, ruseascÄƒ, Rusia
â™  cÄƒrÈ›i, inimÄƒ neagrÄƒ, joc, picÄƒ
â™¥ cÄƒrÈ›i, cupÄƒ, inimÄƒ roÈ™ie, joc
â™¦ caro, cÄƒrÈ›i, joc, romb
â™£ cÄƒrÈ›i, joc, treflÄƒ
â™Ÿ consumabil, de sacrificiu, pion de È™ah, È™ah
ğŸƒ cÄƒrÈ›i, joc, joker, pÄƒcÄƒlici
ğŸ€„ dragon roÈ™u la mahjong, joc, mahjong, roÈ™u
ğŸ´ carte, cÄƒrÈ›i de joc cu flori, floare, Japonia, joc
ğŸ­ artÄƒ, arte interpretative, mÄƒÈ™ti, spectacol, teatru
ğŸ–¼ artÄƒ, Ã®nrÄƒmat, muzeu, picturÄƒ, ramÄƒ, tablou
ğŸ¨ artÄƒ, artist, muzeu, paletÄƒ, paletÄƒ de pictor, picturÄƒ
ğŸ§µ ac, aÈ›Äƒ, croitorie, cusut, mosor
ğŸª¡ ac, ac de cusut, broderie, croitorie, cusut
ğŸ§¶ croÈ™eta, fir textil, ghem, tricota
ğŸª¢ frÃ¢nghie, Ã®ncurcÄƒturÄƒ, lega, nod, sfoarÄƒ
ğŸ‘“ ochelari, ochi, vedere
ğŸ•¶ ochelari, ochelari de soare, protecÈ›ie, soare
ğŸ¥½ Ã®not, ochelari de protecÈ›ie, protecÈ›ia vederii, sudurÄƒ
ğŸ¥¼ doctor, experiment, halat de laborator, om de È™tiinÈ›Äƒ
ğŸ¦º siguranÈ›Äƒ, urgenÈ›Äƒ, vestÄƒ, vestÄƒ de siguranÈ›Äƒ
ğŸ‘” cravatÄƒ, Ã®mbrÄƒcÄƒminte
ğŸ‘• Ã®mbrÄƒcÄƒminte, tricou
ğŸ‘– blugi, Ã®mbrÄƒcÄƒminte, jeans, pantalon
ğŸ§£ eÈ™arfÄƒ, gÃ¢t
ğŸ§¤ mÃ¢nÄƒ, mÄƒnuÈ™i
ğŸ§¥ hainÄƒ, jachetÄƒ, palton, pardesiu
ğŸ§¦ ciorapi, È™osete
ğŸ‘— Ã®mbrÄƒcÄƒminte, rochie
ğŸ‘˜ chimono, Ã®mbrÄƒcÄƒminte, kimono
ğŸ¥» Ã®mbrÄƒcÄƒminte, rochie, sari
ğŸ©± costum de baie, costum de Ã®not Ã®ntreg
ğŸ©² chilot, costum de baie, lenjerie, slip
ğŸ©³ boxeri, costum de baie, lenjerie, È™ort
ğŸ‘™ bikini, costum de baie, feminin, Ã®not
ğŸ‘š femeie, feminin, haine, haine de damÄƒ
ğŸ‘› accesoriu, feminin, poÈ™etÄƒ
ğŸ‘œ accesoriu, feminin, geantÄƒ de mÃ¢nÄƒ, poÈ™etÄƒ
ğŸ‘ accesoriu, geantÄƒ, gentuÈ›Äƒ
ğŸ› cumpÄƒrÄƒturi, sacoÈ™e de cumpÄƒrÄƒturi, transport
ğŸ’ ghiozdan, rechizite, rucsac, È™coalÄƒ
ğŸ©´ papuci de plajÄƒ, sandale, sandale de plajÄƒ, È™lap
ğŸ‘ bÄƒrbat, Ã®ncÄƒlÈ›Äƒminte, masculin, pantof bÄƒrbÄƒtesc
ğŸ‘Ÿ alergare, atletism, Ã®ncÄƒlÈ›Äƒminte, pantof sport, sport
ğŸ¥¾ bocanc, camping, drumeÈ›ie, gheatÄƒ
ğŸ¥¿ balerin, mocasin, pantof fÄƒrÄƒ toc
ğŸ‘  femeie, feminin, Ã®ncÄƒlÈ›Äƒminte, pantof cu toc, toc Ã®nalt
ğŸ‘¡ femeie, feminin, Ã®ncÄƒlÈ›Äƒminte, pantof, sanda de damÄƒ
ğŸ©° balet, dans, pantofi de balet
ğŸ‘¢ cizmÄƒ de damÄƒ, femeie, feminin, Ã®ncÄƒlÈ›Äƒminte, pantof
ğŸ‘‘ coroanÄƒ, Ã®ncoronat, putere, regalitate, rege, reginÄƒ
ğŸ‘’ femeie, feminin, Ã®mbrÄƒcÄƒminte, pÄƒlÄƒrie, pÄƒlÄƒrie de damÄƒ
ğŸ© Ã®mbrÄƒcÄƒminte, joben, pÄƒlÄƒrie
ğŸ“ absolvire, festiv, pÄƒlÄƒrie, sÄƒrbÄƒtorire, tichie de absolvent
ğŸ§¢ È™apcÄƒ, È™apcÄƒ cu cozoroc, È™apcÄƒ de baseball
ğŸª– armatÄƒ, cascÄƒ, cascÄƒ militarÄƒ, luptÄƒtor, militar, soldat
â›‘ ajutor, alb, cascÄƒ, cascÄƒ de pompier salvator, cruce, roÈ™u
ğŸ“¿ mÄƒrgele, mÄƒtÄƒnii, meditaÈ›ie, religie, rugÄƒciune
ğŸ’„ cosmetice, machiaj, ruj, ruj de buze
ğŸ’ diamant, inel, logodnÄƒ
ğŸ’ bijuterie, diamant, nestematÄƒ, piatrÄƒ preÈ›ioasÄƒ
ğŸ”‡ difuzor fÄƒrÄƒ sunet, fÄƒrÄƒ sunet, liniÈ™te, sonor tÄƒiat
ğŸ”ˆ sunet Ã®ncet, sunet slab, volum scÄƒzut al difuzorului
ğŸ”‰ sunet mediu, volum mediu al difuzorului
ğŸ”Š gÄƒlÄƒgie, sunet puternic, volum ridicat al difuzorului
ğŸ“¢ difuzare, mesaj public, portavoce
ğŸ“£ difuzare, megafon, sunet
ğŸ“¯ corn, corn poÈ™tal, poÈ™tÄƒ
ğŸ”” clopoÈ›el, sonerie
ğŸ”• clopoÈ›el, clopoÈ›el tÄƒiat, interzis, liniÈ™te, silenÈ›ios
ğŸ¼ cheia sol, muzicÄƒ, partiturÄƒ, portativ
ğŸµ muzicÄƒ, notÄƒ, notÄƒ muzicalÄƒ
ğŸ¶ muzicÄƒ, note, note muzicale
ğŸ™ microfon, microfon de studio, muzicÄƒ, studio
ğŸš glisor, glisor de nivel, muzicÄƒ, nivel
ğŸ› butoane, butoane de control, muzicÄƒ, reglaj, reglare
ğŸ¤ karaoke, microfon, muzicÄƒ
ğŸ§ cascÄƒ audio, cascÄƒ extraauricularÄƒ, cascÄƒ intraauricularÄƒ
ğŸ“» radio, video
ğŸ· instrument, muzicÄƒ, saxofon
ğŸª— acordeon, armonicÄƒ, burduf, concertinÄƒ
ğŸ¸ chitarÄƒ, instrument, muzicÄƒ
ğŸ¹ clape, claviaturÄƒ muzicalÄƒ, instrument, muzicÄƒ, pian
ğŸº instrument, muzicÄƒ, trompetÄƒ
ğŸ» instrument, muzicÄƒ, vioarÄƒ
ğŸª• banjo, coarde, muzicÄƒ
ğŸ¥ beÈ›e de tobÄƒ, muzicÄƒ, tobÄƒ
ğŸª˜ bÄƒtaie, conga, ritm, tobÄƒ, tobÄƒ Ã®naltÄƒ
ğŸ“± celular, mobil, telefon
ğŸ“² celular, mobil, recepÈ›ie, sÄƒgeatÄƒ, telefon, telefon mobil cu sÄƒgeatÄƒ
â˜ fix, telefon
ğŸ“ receptor, receptor de telefon, telefon
ğŸ“Ÿ comunicare, dispozitiv, pager
ğŸ“  comunicare, dispozitiv, echipament fax, fax
ğŸ”‹ baterie, energie
ğŸ”Œ electric, electricitate, fiÈ™Äƒ electricÄƒ, prizÄƒ, È™techer
ğŸ’» computer laptop, computer personal, laptop, notebook, PC, portabil
ğŸ–¥ birou, computer, computer de birou, computer desktop
ğŸ–¨ computer, imprimantÄƒ, imprimare, tipÄƒrire
âŒ¨ computer, tastaturÄƒ, taste
ğŸ–± computer, maus, periferic
ğŸ–² computer, periferic, trackball
ğŸ’½ computer, disc, disc de computer, minidisc, unitate opticÄƒ
ğŸ’¾ computer, dischetÄƒ, floppy, stocare
ğŸ’¿ cd, computer, disc, unitate opticÄƒ
ğŸ“€ blu-ray, computer, disc, dvd, optic
ğŸ§® abac, calcul, calcule, numÄƒrÄƒtoare
ğŸ¥ aparat de filmat, cinema, film, filmare
ğŸ cadre, cinema, film, peliculÄƒ, peliculÄƒ de film
ğŸ“½ cinema, film, proiector, proiector de film, video
ğŸ¬ clachetÄƒ, film, filmare
ğŸ“º televizor, tv, video
ğŸ“· aparat de fotografiat, camerÄƒ foto, fotografie, video
ğŸ“¸ aparat de fotografiat, bliÈ›, camerÄƒ foto cu bliÈ›, fotografie, video
ğŸ“¹ camerÄƒ, filmare, video
ğŸ“¼ casetÄƒ, VHS, video
ğŸ” cÄƒutare, instrument, lupÄƒ, lupÄƒ Ã®nclinatÄƒ spre stÃ¢nga, mÄƒrire
ğŸ” cÄƒutare, instrument, lupÄƒ, lupÄƒ Ã®nclinatÄƒ spre dreapta, mÄƒrire
ğŸ•¯ flacÄƒrÄƒ, lumÃ¢nare, luminÄƒ
ğŸ’¡ bandÄƒ desenatÄƒ, bec, electricitate, idee, luminÄƒ
ğŸ”¦ baterie, electric, instrument, lanternÄƒ, luminÄƒ
ğŸ® felinar, felinar din hÃ¢rtie roÈ™ie, hÃ¢rtie, Japonia, luminÄƒ, roÈ™u
ğŸª” diya, lampÄƒ, ulei
ğŸ“” caiet, caiet cu copertÄƒ decorativÄƒ, carnet, copertÄƒ, decoraÈ›iune
ğŸ“• carte, carte Ã®nchisÄƒ, Ã®nchis
ğŸ“– carte, carte deschisÄƒ, deschis
ğŸ“— carte, verde
ğŸ“˜ albastrÄƒ, carte
ğŸ“™ carte, carte portocalie, portocaliu
ğŸ“š carte, cÄƒrÈ›i
ğŸ““ carnet
ğŸ“’ carnet, registru
ğŸ“ƒ document, paginÄƒ, paginÄƒ rulatÄƒ, rulare
ğŸ“œ hÃ¢rtie, pergament, rulou, sul
ğŸ“„ document, paginÄƒ, paginÄƒ cu faÈ›a Ã®n sus
ğŸ“° hÃ¢rtie, publicaÈ›ie, È™tiri, ziar
ğŸ— hÃ¢rtie, publicaÈ›ie, rulat, È™tiri, ziar rulat
ğŸ“‘ marcatoare de pagini, marcator, semn, semn de carte
ğŸ”– marcator, semn, semn de carte
ğŸ· etichetÄƒ
ğŸ’° bani, dolar, pungÄƒ cu bani, sac cu bani
ğŸª™ argint, aur, bani, comoarÄƒ, metal, monedÄƒ
ğŸ’´ bancnotÄƒ, bani, monedÄƒ, valutÄƒ, yen
ğŸ’µ bancnotÄƒ, bani, dolar, monedÄƒ, valutÄƒ
ğŸ’¶ bancnotÄƒ, bani, euro, monedÄƒ, valutÄƒ
ğŸ’· bancnotÄƒ, bancnotÄƒ lirÄƒ sterlinÄƒ, bani, lirÄƒ sterlinÄƒ, monedÄƒ, valutÄƒ
ğŸ’¸ aripi, bancnotÄƒ, bani, bani Ã®naripaÈ›i, zbor
ğŸ’³ bani, card, card de credit, credit, platÄƒ
ğŸ§¾ chitanÈ›Äƒ, contabilitate, evidenÈ›e, recipisÄƒ
ğŸ’¹ creÈ™tere, grafic, grafic ascendent cu yen, valutÄƒ, yen
âœ‰ e-mail, plic, scrisoare
ğŸ“§ corespondenÈ›Äƒ, e-mail, mesaj, scrisoare
ğŸ“¨ e-mail, mesaj, plic, primit, recepÈ›ionat, sosire
ğŸ“© e-mail, expediat, mesaj, plecare, plic, plic cu sÄƒgeatÄƒ, trimis
ğŸ“¤ corespondenÈ›Äƒ, cutie poÈ™talÄƒ, expediere, scrisoare, tÄƒviÈ›Äƒ de ieÈ™ire, trimitere
ğŸ“¥ corespondenÈ›Äƒ, cutie poÈ™talÄƒ, primire, recepÈ›ionare, scrisoare, tÄƒviÈ›Äƒ de intrare
ğŸ“¦ colet, cutie, pachet
ğŸ“« corespondenÈ›Äƒ, cutie, cutie poÈ™talÄƒ Ã®nchisÄƒ cu steagul sus, Ã®nchis, poÈ™tÄƒ
ğŸ“ª corespondenÈ›Äƒ, cutie poÈ™talÄƒ, cutie poÈ™talÄƒ Ã®nchisÄƒ cu steagul jos, Ã®nchis
ğŸ“¬ corespondenÈ›Äƒ, cutie poÈ™talÄƒ, cutie poÈ™talÄƒ deschisÄƒ cu steagul sus, deschis
ğŸ“­ corespondenÈ›Äƒ, cutie poÈ™talÄƒ, cutie poÈ™talÄƒ deschisÄƒ cu steagul jos, deschis
ğŸ“® corespondenÈ›Äƒ, cutie poÈ™talÄƒ, poÈ™tÄƒ
ğŸ—³ cutie, urnÄƒ de votare cu vot, vot
âœ creion
âœ’ peniÈ›Äƒ, peniÈ›Äƒ neagrÄƒ, stilou
ğŸ–‹ cernealÄƒ, rezervor, stilou
ğŸ–Š minÄƒ, pastÄƒ, pix
ğŸ–Œ pensulÄƒ, picturÄƒ
ğŸ– creion colorat
ğŸ“ creion, informaÈ›ii, memo, notÄƒ, notiÈ›Äƒ
ğŸ’¼ servietÄƒ
ğŸ“ dosar, dosar de arhivare, fiÈ™ier
ğŸ“‚ deschis, dosar, dosar de arhivare deschis, fiÈ™ier
ğŸ—‚ index, separatoare, separatoare de dosare
ğŸ“… calendar, datÄƒ, zi
ğŸ“† calendar, calendar cu file detaÈ™abile
ğŸ—’ blocnotes cu spiralÄƒ, carnet, spiralÄƒ
ğŸ—“ calendar, calendar cu spiralÄƒ, spiralÄƒ
ğŸ“‡ cÄƒrÈ›i de vizitÄƒ, fiÈ™ier rotativ, index, index de carduri, repertoriu, rolodex
ğŸ“ˆ creÈ™tere, diagramÄƒ, grafic ascendent, tendinÈ›Äƒ
ğŸ“‰ diagramÄƒ, grafic descendent, scÄƒdere, tendinÈ›Äƒ
ğŸ“Š coloane, diagramÄƒ, diagramÄƒ cu bare
ğŸ“‹ planÈ™etÄƒ
ğŸ“Œ ac, fixare, pionezÄƒ, piunezÄƒ
ğŸ“ ac cu gÄƒmÄƒlie, ac cu gÄƒmÄƒlie rotundÄƒ, bold, piunezÄƒ
ğŸ“ agrafÄƒ, agrafÄƒ de hÃ¢rtie, hÃ¢rtie
ğŸ–‡ agrafe, agrafe de hÃ¢rtie Ã®nlÄƒnÈ›uite, Ã®nlÄƒnÈ›uire, unire
ğŸ“ linie, margine dreaptÄƒ, mÄƒsurare, riglÄƒ
ğŸ“ echer, linie, mÄƒsurare, triunghi
âœ‚ croitorie, foarfece, instrument, tÄƒiere
ğŸ—ƒ cutie, cutie de Ã®ndosariere, Ã®ndosariere
ğŸ—„ birou, dulap, fiÈ™et
ğŸ—‘ coÈ™, coÈ™ de gunoi
ğŸ”’ blocat, Ã®nchis, lacÄƒt Ã®nchis
ğŸ”“ deblocat, deschis, lacÄƒt
ğŸ” confidenÈ›ialitate, lacÄƒt, lacÄƒt cu stilou, peniÈ›Äƒ, stilou
ğŸ” cheie, lacÄƒt, lacÄƒt Ã®nchis cu cheie, securizat, siguranÈ›Äƒ
ğŸ”‘ cheie, lacÄƒt, parolÄƒ
ğŸ— cheie, cheie veche, indiciu, vechime
ğŸ”¨ ciocan, instrument
ğŸª“ despica, lemn, reteza, secure, topor, toporiÈ™cÄƒ
â› instrument, minerit, pÄƒmÃ¢nt, tÃ¢rnÄƒcop
âš’ cheie, ciocan È™i daltÄƒ, instrument, tÃ¢rnÄƒcop
ğŸ›  cheie de piuliÈ›e, cheie fixÄƒ, ciocan, ciocan È™i cheie fixÄƒ, instrument
ğŸ—¡ armÄƒ, cuÈ›it, pumnal
âš” arme, Ã®ncruciÈ™are, sÄƒbii Ã®ncruciÈ™ate, spade
ğŸ”« armÄƒ, armÄƒ de foc, pistol, pistol cu apÄƒ, revolver
ğŸªƒ Australia, bumerang, repercusiune, revenire
ğŸ¹ arc, arc È™i sÄƒgeatÄƒ, arcaÈ™, armÄƒ, sÄƒgeatÄƒ, SÄƒgetÄƒtor, zodiac
ğŸ›¡ armÄƒ, scut
ğŸªš cherestea, fierÄƒstrÄƒu, fierÄƒstrÄƒu pentru tÄƒmplÄƒrie, instrument, sculÄƒ, tÃ¢mplar, unealtÄƒ
ğŸ”§ cheie de piuliÈ›e, cheie fixÄƒ, instrument
ğŸª› instrument, sculÄƒ, È™urub, È™urubelniÈ›Äƒ, unealtÄƒ
ğŸ”© instrument, piuliÈ›Äƒ, È™urub, È™urub È™i piuliÈ›Äƒ
âš™ instrument, roatÄƒ dinÈ›atÄƒ, roatÄƒ zimÈ›atÄƒ, rotiÈ›Äƒ dinÈ›atÄƒ, rotiÈ›Äƒ zimÈ›atÄƒ
ğŸ—œ comprimare, instrument, menghinÄƒ
âš– balanÈ›Äƒ, cÃ¢ntar, egalitate, instrument, justiÈ›ie, zodiac
ğŸ¦¯ accesibilitate, baston pentru nevÄƒzÄƒtori, nevÄƒzÄƒtor, orb
ğŸ”— conexiune, legÄƒturÄƒ, link, verigÄƒ, za
â›“ lanÈ›, lanÈ›uri, zale
ğŸª argument de vÃ¢nzare, capturÄƒ, cÃ¢rlig, escroc, momealÄƒ
ğŸ§° cutie, instrument, mecanic, trusÄƒ de scule, unealtÄƒ
ğŸ§² atracÈ›ie, magnet, magnetic, potcoavÄƒ
ğŸªœ scarÄƒ, treaptÄƒ, urca
âš— alambic, chimie, instrument
ğŸ§ª chimie, chimist, eprubetÄƒ, experiment, laborator
ğŸ§« bacterii, biolog, biologie, culturÄƒ, laborator, vas Petri
ğŸ§¬ ADN, biolog, evoluÈ›ie, genÄƒ, geneticÄƒ, viaÈ›Äƒ
ğŸ”¬ cercetare, instrument, microscop, È™tiinÈ›Äƒ
ğŸ”­ cercetare, instrument, È™tiinÈ›Äƒ, telescop
ğŸ“¡ antenÄƒ, comunicare, satelit
ğŸ’‰ ac, doctor, injecÈ›ie, seringÄƒ, siringÄƒ, tratament
ğŸ©¸ donare de sÃ¢nge, medicinÄƒ, menstruaÈ›ie, picÄƒturÄƒ de sÃ¢nge, ranÄƒ, sÃ¢nge
ğŸ’Š doctor, medicament, pastilÄƒ, pilulÄƒ, tratament
ğŸ©¹ bandaj adeziv, leucoplast
ğŸ©º doctor, inimÄƒ, medicinÄƒ, stetoscop
ğŸšª uÈ™Äƒ
ğŸ›— accesibilitate, ascensor, elevator, lift
ğŸª oglindÄƒ, oglindire, reflectare, reflexie
ğŸªŸ aer proaspÄƒt, deschidere, fereastrÄƒ, geam, ramÄƒ, transparent, vedere
ğŸ› cazare, hotel, pat, somn
ğŸ›‹ canapea, canapea È™i lampÄƒ, hotel, lampÄƒ, luminÄƒ
ğŸª‘ loc, scaun
ğŸš½ toaletÄƒ
ğŸª  desfundare, instalator, pompÄƒ de aspirare, pompÄƒ de desfundat, toaletÄƒ, ventuzÄƒ
ğŸš¿ apÄƒ, duÈ™
ğŸ› baie, cadÄƒ
ğŸª¤ ademeni, capcanÄƒ de È™oareci, cursÄƒ de È™oareci, momealÄƒ
ğŸª’ ascuÈ›it, bÄƒrbierit, brici, ras
ğŸ§´ cremÄƒ, flacon de loÈ›iune, loÈ›iune, protecÈ›ie solarÄƒ, È™ampon
ğŸ§· ac de siguranÈ›Äƒ, scutec
ğŸ§¹ curÄƒÈ›enie, mÄƒturÄƒ, mÄƒturat, vrÄƒjitoare
ğŸ§º agriculturÄƒ, coÈ™, picnic, rufe
ğŸ§» hÃ¢rtie de toaletÄƒ, hÃ¢rtie igienicÄƒ, sul de hÃ¢rtie
ğŸª£ cÄƒldare, gÄƒleatÄƒ, recipient, vas
ğŸ§¼ clÄƒbuc, curÄƒÈ›enie, Ã®mbÄƒiere, sÄƒpun
ğŸª¥ baie, curÄƒÈ›are, danturÄƒ, dentarÄƒ, dinte, igienÄƒ, periaj, periere, periuÈ›Äƒ de dinÈ›i
ğŸ§½ absorbant, burete, curÄƒÈ›enie, poros
ğŸ§¯ foc, Ã®nÄƒbuÈ™ire, stingÄƒtor de incendiu, stingere
ğŸ›’ cÄƒrucior, cÄƒrucior de cumpÄƒrÄƒturi, coÈ™, cumpÄƒrÄƒturi
ğŸš¬ fum, fumat, scrum, È›igarÄƒ
âš° coÈ™ciug, Ã®nmormÃ¢ntare, moarte
ğŸª¦ cimitir, groapÄƒ, loc de veci, mormÃ¢nt, piatrÄƒ funerarÄƒ
âš± cenuÈ™Äƒ, moarte, urnÄƒ, urnÄƒ funerarÄƒ
ğŸ—¿ insula paÈ™telui, statuie, statuie moai
ğŸª§ demonstraÈ›ie, picheta, placardÄƒ, protest, semn
ğŸ§ atm, automat bancar, bancomat, simbol pentru bancomat
ğŸš® coÈ™ de gunoi, gunoi, simbol pentru folosirea coÈ™ului de gunoi, simbol pentru folosiÈ›i coÈ™ul de gunoi
ğŸš° apÄƒ, hidratare, potabilÄƒ
â™¿ accesibilitate, simbol pentru cÄƒrucior cu rotile, simbol pentru scaun cu rotile
ğŸš¹ bÄƒrbaÈ›i, closet, toaletÄƒ, wc
ğŸšº closet, femei, toaletÄƒ, wc
ğŸš» baie, closet, toaletÄƒ, toaletÄƒ mixtÄƒ, wc
ğŸš¼ bebeluÈ™, scutece, simbol bebeluÈ™
ğŸš¾ bÄƒrbaÈ›i, closet, toaletÄƒ, wc
ğŸ›‚ control, control paÈ™apoarte, paÈ™aport
ğŸ›ƒ punct vamal, vamÄƒ
ğŸ›„ bagaje, recuperare
ğŸ›… bagaje, depozitare bagaje, dulap, valize
âš  avertisment, avertizare
ğŸš¸ copii, pietonal, trafic, traversare, trecere
â›” acces, acces interzis, interdicÈ›ie, nu, trafic
ğŸš« interdicÈ›ie, interzis, intrare, nu
ğŸš³ bicicletÄƒ, fÄƒrÄƒ biciclete, interdicÈ›ie, interzis, interzis accesul cu bicicleta
ğŸš­ fumat, fumatul interzis, interdicÈ›ie, nu
ğŸš¯ gunoi, interdicÈ›ie, nu, nu aruncaÈ›i gunoi pe jos
ğŸš± apÄƒ, nepotabilÄƒ
ğŸš· interdicÈ›ie, interzis, interzis accesul pietonilor, nu, pietoni
ğŸ“µ interdicÈ›ie, interzis, mobil, nu, telefoanele mobile sunt interzise, telefon
ğŸ” 18, interdicÈ›ie, interzis, interzis sub 18 ani, minori, nu, restricÈ›ie vÃ¢rstÄƒ
â˜¢ radioactiv, radioactivitate, simbol
â˜£ biologic, pericol, risc, simbol
â¬† cardinal, direcÈ›ie, nord, sÄƒgeatÄƒ, sÄƒgeatÄƒ orientatÄƒ Ã®n sus
â†— direcÈ›ie, intercardinal, nord-est, sÄƒgeatÄƒ, sÄƒgeatÄƒ orientatÄƒ Ã®n dreapta-sus
â¡ cardinal, direcÈ›ie, est, sÄƒgeatÄƒ, sÄƒgeatÄƒ orientatÄƒ Ã®n dreapta
â†˜ direcÈ›ie, intercardinal, sÄƒgeatÄƒ, sÄƒgeatÄƒ orientatÄƒ Ã®n dreapta-jos, sud-est
â¬‡ cardinal, direcÈ›ie, jos, sÄƒgeatÄƒ, sÄƒgeatÄƒ orientatÄƒ Ã®n jos, sud
â†™ direcÈ›ie, intercardinal, sÄƒgeatÄƒ, sÄƒgeatÄƒ orientatÄƒ Ã®n stÃ¢nga jos, sud-vest
â¬… cardinal, direcÈ›ie, sÄƒgeatÄƒ, sÄƒgeatÄƒ orientatÄƒ Ã®n stÃ¢nga, vest
â†– direcÈ›ie, intercardinal, nord-vest, sÄƒgeatÄƒ, sÄƒgeatÄƒ orientatÄƒ Ã®n stÃ¢nga-sus
â†• sÄƒgeatÄƒ, sÄƒgeatÄƒ sus-jos
â†” sÄƒgeatÄƒ, sÄƒgeatÄƒ dreapta-stÃ¢nga
â†® sÄƒgeatÄƒ bidirecÈ›ionalÄƒ cu barÄƒ oblicÄƒ
â†© sÄƒgeatÄƒ, sÄƒgeatÄƒ dreapta curbatÄƒ spre stÃ¢nga
â†ª sÄƒgeatÄƒ, sÄƒgeatÄƒ stÃ¢nga curbatÄƒ spre dreapta
â¤´ sÄƒgeatÄƒ, sÄƒgeatÄƒ dreapta curbatÄƒ Ã®n sus
â¤µ jos, sÄƒgeatÄƒ, sÄƒgeatÄƒ dreapta curbatÄƒ Ã®n jos
ğŸ”ƒ reÃ®ncÄƒrcare, sÄƒgeÈ›i, sÄƒgeÈ›i verticale Ã®n sens orar, sensul acelor de ceasornic
ğŸ”„ antiorar, buton cu sÄƒgeÈ›i Ã®n sens antiorar, invers, sens invers acelor de ceasornic
ğŸ”™ Ã®napoi, sÄƒgeatÄƒ, sÄƒgeatÄƒ cu textul BACK
ğŸ”š final, sÄƒgeatÄƒ, sÄƒgeatÄƒ cu textul END
ğŸ”› marcaj, sÄƒgeatÄƒ, sÄƒgeatÄƒ cu textul ON!
ğŸ”œ curÃ¢nd, sÄƒgeatÄƒ, sÄƒgeatÄƒ cu textul SOON
ğŸ” sÄƒgeatÄƒ, sÄƒgeatÄƒ cu textul TOP, sus
ğŸ› cult, lÄƒcaÈ™, lÄƒcaÈ™ de cult, religie
âš› ateu, atom, simbol de atom, simbol pentru atom
ğŸ•‰ hindusÄƒ, religie, simbol hindus om
âœ¡ David, evreu, iudaism, stea, steaua lui David
â˜¸ budism, dharma, religie, roatÄƒ, roata dharma, roata dharmei
â˜¯ religie, taoism, yang, yin
âœ creÈ™tinism, cruce, cruce latinÄƒ, religie
â˜¦ creÈ™tinism, cruce, cruce ortodoxÄƒ, ortodoxie, religie
â˜ª islamism, musulman, musulmanÄƒ, religie, stea È™i semilunÄƒ
â˜® pace, semnul pÄƒcii
ğŸ• menorah, religie, sfeÈ™nic
ğŸ”¯ noroc, stea, stea cu È™ase colÈ›uri È™i punct Ã®n centru
â™ˆ berbec, zodia Berbec, zodiac, zodie
â™‰ taur, zodia Taur, zodiac, zodie
â™Š gemeni, zodia Gemeni, zodiac, zodie
â™‹ rac, zodia Rac, zodiac, zodie
â™Œ leu, zodia Leu, zodiac, zodie
â™ fecioarÄƒ, zodia FecioarÄƒ, zodiac, zodie
â™ balanÈ›Äƒ, justiÈ›ie, zodia BalanÈ›Äƒ, zodiac, zodie
â™ scorpion, zodia Scorpion, zodiac, zodie
â™ arcaÈ™, sÄƒgetÄƒtor, zodia SÄƒgetÄƒtor, zodiac, zodie
â™‘ capricorn, zodia Capricorn, zodiac, zodie
â™’ vÄƒrsÄƒtor, zodia VÄƒrsÄƒtor, zodiac, zodie
â™“ peÈ™ti, zodia PeÈ™ti, zodiac, zodie
â› ofiucus, È™arpe, zodia Ofiucus, zodiac, zodie
ğŸ”€ amestecare, buton de redare aleatorie, Ã®ncruciÈ™are, sÄƒgeÈ›i
ğŸ” buton de repetare, repetare, sÄƒgeÈ›i, sens orar
ğŸ”‚ buton de repetare unicÄƒ, o datÄƒ, repetare, sens orar, unic
â–¶ buton de redare, dreapta, redare, sÄƒgeatÄƒ, triunghi
â© buton de derulare rapidÄƒ Ã®nainte, dublu, Ã®nainte, repede Ã®nainte, sÄƒgeatÄƒ
â­ buton pentru melodia urmÄƒtoare, melodia urmÄƒtoare, sÄƒgeatÄƒ, scena urmÄƒtoare, triunghi
â¯ buton de redare sau suspendare, dreapta, sÄƒgeatÄƒ, triunghi
â—€ buton de inversare, inversare, sÄƒgeatÄƒ, stÃ¢nga, triunghi
âª buton de derulare rapidÄƒ Ã®napoi, dublu, Ã®napoi, sÄƒgeatÄƒ, triunghi
â® buton pentru melodia anterioarÄƒ, Ã®napoi, melodia anterioarÄƒ, sÄƒgeatÄƒ, scena anterioarÄƒ, triunghi
ğŸ”¼ buton pentru sus, sÄƒgeatÄƒ, sus, triunghi
â« buton pentru repede sus, dublu, repede, sÄƒgeatÄƒ, sus, triunghi
ğŸ”½ buton pentru jos, jos, sÄƒgeatÄƒ, triunghi
â¬ buton pentru repede jos, dublu, jos, repede, sÄƒgeatÄƒ, triunghi
â¸ buton de suspendare, douÄƒ bare, Ã®ntrerupere, pauzÄƒ, vertical
â¹ buton de oprire, pÄƒtrat, stop
âº buton, buton de Ã®nregistrare, cerc
â buton, buton de ejectare, ejectare
ğŸ¦ camerÄƒ, cinema, film, filmare, peliculÄƒ
ğŸ”… buton de scÄƒdere a luminozitÄƒÈ›ii, luminozitate, scÄƒdere
ğŸ”† buton de creÈ™tere a luminozitÄƒÈ›ii, creÈ™tere, luminozitate
ğŸ“¶ bare, bare de semnal, reÈ›ea, semnal, telefon mobil
ğŸ“³ celular, mobil, modul vibrare, telefon, vibrare, vibraÈ›ie
ğŸ“´ dezactivare, Ã®nchidere telefoane mobile, mobil, telefon
â™€ femeie, feminin, semn feminin
â™‚ bÄƒrbat, masculin, semn masculin
âš§ simbol transgender, transgender
âœ– anulare, Ã®nmulÈ›ire, semn, x
â• +, adunare, matematicÄƒ, plus, semn
â– -, â€“, matematicÄƒ, minus, scÄƒdere, semn minus
â— Ã·, Ã®mpÄƒrÈ›ire, matematicÄƒ, semn
â™¾ etern, infinit, nelimitat, universal
â€¼ !, exclamaÈ›ie, punctuaÈ›ie, semn, semn dublu de exclamare
â‰ !, !?, ?, exclamaÈ›ie, Ã®ntrebare, punctuaÈ›ie, semn de exclamare È™i Ã®ntrebare
â“ Ã®ntrebare, punctuaÈ›ie, semn, semnul Ã®ntrebÄƒrii, semnul Ã®ntrebÄƒrii roÈ™u
â” contur, Ã®ntrebare, punctuaÈ›ie, semn, semnul Ã®ntrebÄƒrii alb
â• contur, exclamaÈ›ie, punctuaÈ›ie, semn, semnul exclamÄƒrii alb
â— !, exclamaÈ›ie, mirare, punctuaÈ›ie, semn, semnul exclamÄƒrii
ã€° liniuÈ›Äƒ, liniuÈ›Äƒ ondulatÄƒ, ondulat
ğŸ’± bani, schimb, schimb valutar, valutÄƒ
ğŸ’² bani, dolar, semnul dolar Ã®ngroÈ™at
âš• Esculap, medicamente, personal, simbol medical
â™» reciclare, simbolul pentru reciclare
âšœ crin, fleur de lis, floare de crin stilizatÄƒ, FranÈ›a, regalitate
ğŸ”± corabie, emblemÄƒ trident, furcÄƒ, instrument, maritim
ğŸ“› ecuson, ecuson cu nume, legitimaÈ›ie, nume
ğŸ”° Ã®ncepÄƒtor, japonez, Japonia, simbol japonez pentru Ã®ncepÄƒtor
â­• cerc, cerc roÈ™u gol, mare, o, roÈ™u
âœ… âœ“, bifÄƒ, buton, buton de bifÄƒ
â˜‘ bifÄƒ, casetÄƒ, casetÄƒ de votare bifatÄƒ, vot
âœ” bifÄƒ, bifÄƒ Ã®ngroÈ™atÄƒ
âŒ Ã—, anulare, Ã®nchidere, Ã®nmulÈ›ire, semnul x, x
â Ã—, buton, pÄƒtrat, x
â° buclÄƒ, buclÄƒ ondulatÄƒ, cÃ¢rlionÈ›, onduleu
â¿ buclÄƒ, buclÄƒ dublÄƒ, buclÄƒ ondulatÄƒ dublÄƒ, dublu, onduleu
ã€½ alternare cÃ¢ntÄƒreÈ›, cÃ¢ntÄƒreÈ›, marcaj, schimbare, semn
âœ³ asterisc, asterisc cu opt colÈ›uri
âœ´ stea, stea cu opt colÈ›uri
â‡ *, luminÄƒ, strÄƒlucire
Â© c, copyright, drepturi de autor
Â® Ã®nregistrat, marcÄƒ Ã®nregistratÄƒ, r
â„¢ comercialÄƒ, marcÄƒ
ğŸ”  ABCD, introducere, latine, litere, majuscule
ğŸ”¡ abcd, introducere, latine, litere, minuscule
ğŸ”¢ 123, cifre, introducere, numere
ğŸ”£ ã€’â™ª&amp;%, introducere, simboluri
ğŸ”¤ abc, alfabet, introducere, latine, litere
ğŸ…° a, buton A (grupÄƒ sanguinÄƒ), grupÄƒ sanguinÄƒ
ğŸ† ab, buton AB (grupÄƒ sanguinÄƒ), grupÄƒ sanguinÄƒ
ğŸ…± b, buton B (grupÄƒ sanguinÄƒ), grupÄƒ sanguinÄƒ
ğŸ†‘ buton CL, cl
ğŸ†’ buton cu textul COOL, cool
ğŸ†“ buton cu textul FREE, gratis
â„¹ i, informaÈ›ii
ğŸ†” buton ID, id, identitate
â“‚ cerc, litera M Ã®ntr-un cerc, m
ğŸ†• buton cu textul NEW, nou
ğŸ†– buton NG, ng
ğŸ…¾ 0, buton 0 (grupÄƒ sanguinÄƒ), grupÄƒ sanguinÄƒ
ğŸ†— buton cu textul OK, OK
ğŸ…¿ buton P, parcare
ğŸ†˜ ajutor, buton S.O.S., S.O.S.
ğŸ†™ buton, buton cu textul UP!, exclamare, sus
ğŸ†š buton cu textul VS, versus, vs.
ğŸˆ â€aiciâ€, buton cu semnificaÈ›ia â€aiciâ€ Ã®n japonezÄƒ, japozezÄƒ, katakana
ğŸˆ‚ â€taxÄƒ pentru serviciuâ€, buton cu semnificaÈ›ia â€taxÄƒ pentru serviciuâ€ Ã®n japonezÄƒ, japozezÄƒ, katakana
ğŸˆ· â€valoare lunarÄƒâ€, buton cu semnificaÈ›ia â€valoare lunarÄƒâ€ Ã®n japonezÄƒ, ideogramÄƒ, japonezÄƒ
ğŸˆ¶ â€contra costâ€, buton cu semnificaÈ›ia â€contra costâ€ Ã®n japonezÄƒ, buton cu semnificaÈ›ia â€contra costâ€ japonezÄƒ, ideogramÄƒ, japonezÄƒ
ğŸˆ¯ â€rezervatâ€, buton cu semnificaÈ›ia â€rezervatâ€ Ã®n japonezÄƒ, ideogramÄƒ, japonezÄƒ
ğŸ‰ â€ocazieâ€, buton cu semnificaÈ›ia â€ocazieâ€ Ã®n japonezÄƒ, ideogramÄƒ, japonezÄƒ
ğŸˆ¹ â€reducereâ€, buton cu semnificaÈ›ia â€reducereâ€ Ã®n japonezÄƒ, ideogramÄƒ, japonezÄƒ
ğŸˆš â€gratisâ€, buton cu semnificaÈ›ia â€gratisâ€ Ã®n japonezÄƒ, ideogramÄƒ, japonezÄƒ
ğŸˆ² â€interzisâ€, buton cu semnificaÈ›ia â€interzisâ€ Ã®n japonezÄƒ, ideogramÄƒ, japonezÄƒ
ğŸ‰‘ â€acceptabilâ€, buton cu semnificaÈ›ia â€acceptabilâ€ Ã®n japonezÄƒ, ideogramÄƒ, japonezÄƒ
ğŸˆ¸ â€aplicareâ€, buton cu semnificaÈ›ia â€aplicareâ€ Ã®n japonezÄƒ, ideogramÄƒ, japonezÄƒ
ğŸˆ´ â€notÄƒ de trecereâ€, buton cu semnificaÈ›ia â€notÄƒ de trecereâ€ Ã®n japonezÄƒ, ideogramÄƒ, japonezÄƒ
ğŸˆ³ â€locuri libereâ€, buton cu semnificaÈ›ia â€locuri libereâ€ Ã®n japonezÄƒ, ideogramÄƒ, japonezÄƒ
ãŠ— â€felicitÄƒriâ€, buton cu semnificaÈ›ia â€felicitÄƒriâ€ Ã®n japonezÄƒ, ideogramÄƒ, japonezÄƒ
ãŠ™ â€secretâ€, buton cu semnificaÈ›ia â€secretâ€ Ã®n japonezÄƒ, ideogramÄƒ, japonezÄƒ
ğŸˆº â€deschis pentru afaceriâ€, buton cu semnificaÈ›ia â€deschis pentru afaceriâ€ Ã®n japonezÄƒ, ideogramÄƒ, japonezÄƒ
ğŸˆµ â€fÄƒrÄƒ locuri libereâ€, buton cu semnificaÈ›ia â€fÄƒrÄƒ locuri libereâ€ Ã®n japonezÄƒ, ideogramÄƒ, japonezÄƒ
ğŸ”´ cerc, geometric, roÈ™u
ğŸŸ  cerc, portocaliu
ğŸŸ¡ cerc, galben
ğŸŸ¢ cerc, verde
ğŸ”µ albastru, cerc, geometric
ğŸŸ£ cerc, violet
ğŸŸ¤ cerc, maro
âš« cerc, geometric, negru
âšª alb, cerc, geometric
ğŸŸ¥ pÄƒtrat, roÈ™u
ğŸŸ§ pÄƒtrat, portocaliu
ğŸŸ¨ galben, pÄƒtrat
ğŸŸ© pÄƒtrat, verde
ğŸŸ¦ albastru, pÄƒtrat
ğŸŸª pÄƒtrat, violet
ğŸŸ« maro, pÄƒtrat
â¬› geometric, negru, pÄƒtrat, pÄƒtrat negru mare
â¬œ alb, geometric, pÄƒtrat, pÄƒtrat alb mare
â—¼ geometric, negru, pÄƒtrat, pÄƒtrat negru mediu
â—» alb, geometric, pÄƒtrat, pÄƒtrat alb mediu
â—¾ geometric, negru, pÄƒtrat, pÄƒtrat negru mediu spre mic
â—½ alb, geometric, pÄƒtrat, pÄƒtrat alb mediu spre mic
â–ª geometric, negru, pÄƒtrat, pÄƒtrat negru mic
â–« alb, geometric, pÄƒtrat, pÄƒtrat alb mic
ğŸ”¶ geometric, portocaliu, romb, romb portocaliu mare
ğŸ”· albastru, geometric, romb, romb albastru mare
ğŸ”¸ geometric, portocaliu, romb, romb portocaliu mic
ğŸ”¹ albastru, geometric, romb, romb albastru mic
ğŸ”º geometric, roÈ™u, triunghi, triunghi roÈ™u cu vÃ¢rful Ã®n sus
ğŸ”» geometric, jos, roÈ™u, triunghi, triunghi roÈ™u cu vÃ¢rful Ã®n jos
ğŸ’  bandÄƒ desenatÄƒ, geometric, interior, romb, romb cu punct Ã®n centru
ğŸ”˜ buton, geometric, radio
ğŸ”³ buton pÄƒtrat alb, contur, geometric, pÄƒtrat
ğŸ”² buton pÄƒtrat negru, geometric, negru, pÄƒtrat
ğŸ curse, steag, steag cu pÄƒtrÄƒÈ›ele, steag Ã®n carouri
ğŸš© roÈ™u, steag, steag triunghiular, triunghi
ğŸŒ Ã®ncruciÈ™are, Japonia, sÄƒrbÄƒtorire, steaguri Ã®ncruciÈ™ate
ğŸ´ fluturÃ¢nd, steag negru
ğŸ³ fluturÃ¢nd, steag alb
ğŸ³â€ğŸŒˆ curcubeu, steag curcubeu
ğŸ³â€âš§ alb, albastru deschis, roz, steag, transgender
ğŸ´â€â˜  comoarÄƒ, piraÈ›i, pradÄƒ, steag cu cap de mort, steagul piraÈ›ilor
Â¢ cent
$ bani, dolar, peso, USD
Â£ EGP, GBP, lirÄƒ, monedÄƒ
Â¥ CNY, JPY, monedÄƒ, yen, yuan
â‚¥ mil, mill
â‚© KPW, KRW, won
â‚¬ EUR, euro, monedÄƒ
â‚± peso
â‚¹ monedÄƒ, rupie, rupie indianÄƒ
â‚½ monedÄƒ, rublÄƒ
â‚¿ bitcoin, BTC
Â¹ exponent, unu
Â² doi, exponent, la pÄƒtrat
Â³ exponent, la cub, trei
Âµ mÄƒsurÄƒ, semnul micro
