{ oklepaj, zaviti oklepaj, zaviti uklepaj
ğŸ» svetel ten koÅ¾e, ten, vrsti 1 in 2
ğŸ¼ srednje svetel ten koÅ¾e, ten, vrsta 3
ğŸ½ srednji ten koÅ¾e, ten, vrsta 4
ğŸ¾ srednje temen ten koÅ¾e, ten, vrsta 5
ğŸ¿ temen ten koÅ¾e, ten, vrsta 6
â€¾ nadÄrtano
_ Ärta, Ärtica, podÄrtaj, podÄrtati, spodnja Ärta
- Ärtica, minus, vezaj, znak minus
â€ Ärtica, vezaj
â€“ kratek, pomiÅ¡ljaj
â€” dolg, dolgi pomiÅ¡ljaj, pomiÅ¡ljaj
â€• Ärta, linija, pomiÅ¡ljaj, vodoravna Ärta
ãƒ» katakana, katakanska srednja pika, loÄilo, pike, srednja pika
, vejica
ØŒ arabska, vejica
ã€ ideografska, vejica
; podpiÄje
Ø› arabsko, podpiÄje
: dvopiÄje
! klicaj, vzklik
Â¡ klicaj, narobe obrnjen, obrnjen, vzklik
? vpraÅ¡aj, vpraÅ¡anje
Â¿ obrnjen, vpraÅ¡aj, vpraÅ¡anje
ØŸ arabski, vpraÅ¡aj, vpraÅ¡anje
â€½ klicajvpraÅ¡aj
. konÄno loÄilo, pika, pikica
â€¦ elipsa, izpust, tri pike
ã€‚ ideografska, pika
Â· loÄilo, pika, srednja
' enojni narekovaj, narekovaj, opuÅ¡Äaj, strojepisni opuÅ¡Äaj
â€˜ dvojni srednji narekovaj, enojni narekovaj, levi opuÅ¡Äaj, narekovaj, opuÅ¡Äaj
â€™ desni opuÅ¡Äaj, dvojni srednji narekovaj, enojni narekovaj, narekovaj, opuÅ¡Äaj
â€š narekovaj, nizki desni opuÅ¡Äaj, nizki narekovaj, opuÅ¡Äaj
â€œ dvojni narekovaj, dvojni srednji narekovaj, levi narekovaj, narekovaj, navedek
â€ desni narekovaj, dvojni narekovaj, dvojni srednji narekovaj, narekovaj, navedek
â€ dvojni narekovaj, dvojni srednji narekovaj, narekovaj, navedek, nizki desni narekovaj, nizki narekovaj
Â« kotni, levi, levi francoski narekovaj, narekovaji, navednica, Å¡karnice, znak
Â» desni, desni francoski narekovaj, kotni, narekovaji, navednica, Å¡karnice, znak
) oglati oklepaj, oklepaj, oklepaji, okrogli oklepaj, zaklepaj
[ oglati oklepaj, oglati uklepaj, oklepaj
] oglati oklepaj, oglati zaklepaj, oklepaj
} oklepaj, zaviti oklepaj, zaviti zaklepaj
ã€ˆ koniÄasti oklepaj, kotni oklepaj, kotni uklepaj, oklepaj
ã€‰ koniÄasti oklepaj, kotni oklepaj, kotni zaklepaj, oklepaj
ã€Š dvojni kotni oklepaj, dvojni kotni uklepaj, oklepaj
ã€‹ dvojni kotni oklepaj, dvojni kotni zaklepaj, oklepaj
ã€Œ oklepaj, vogalni oklepaj, vogalni uklepaj
ã€ oklepaj, vogalni oklepaj, vogalni zaklepaj
ã€ oklepaj, votli vogalni oklepaj, votli vogalni uklepaj
ã€ oklepaj, votli vogalni oklepaj, votli vogalni zaklepaj
ã€ leÄasti oklepaj, oklepaj, polni leÄasti uklepaj
ã€‘ leÄasti oklepaj, oklepaj, polni leÄasti zaklepaj
ã€” oklepaj, rombasti oklepaj, rombasti uklepaj
ã€• oklepaj, rombasti oklepaj, rombasti zaklepaj
ã€– oklepaj, votli leÄasti oklepaj, votli leÄasti uklepaj
ã€— oklepaj, votli leÄasti oklepaj, votli leÄasti zaklepaj
Â§ Älen, del, razdelek, znak za razdelek
Â¶ alineja, odstavek, znak za odstavek
@ afna, ajka, obkroÅ¾ena Ärka a, polÅ¾ek, znak @, znak at, znak pri, znak za afno
* asterisk, nadomestni znak, zvezdica
/ desna poÅ¡evnica, poÅ¡evna Ärta, poÅ¡evnica, poÅ¡evnica v desno, solidus
\ leva poÅ¡evnica, levo nagnjena poÅ¡evnica, obratni solidus, poÅ¡evnica v levo
& in, znak &amp;, znak et
# grabljice, kljuÄnik, lojtra, znak #, znak za Å¡tevilko
% odstotek, procent
â€° na tisoÄ, odtisoÄek, promile
â€  bodalo, kriÅ¾ec, znak za bodalo, znamenje
â€¡ bodalo, dvojno, kriÅ¾ec, znak za dvojno bodalo, znamenje
â€¢ pika, vrstiÄna oznaka
â€§ delilna pika, pika, pomiÅ¡ljaj, vezaj
â€² znak za kotne minute in Äevlje
â€³ znak za kotne sekunde in inÄe
â€´ znak za linijo
â€¸ spodnja streÅ¡ica
â€» referenÄna oznaka
â‚ asterizem
` krativec, naglas, naglasno znamenje
Â´ naglas, naglasno znamenje, ostrivec
^ cirkumfleks, kazalec, kljukica, krmilka, naglas, streÅ¡ica, znak xor, znamenje za dodano
Â¨ diereza, preglas
Â° koliÄina, stopinja, ura
â„— avtorske pravice, avtorske pravice za zvoÄni posnetek, posnetek, zvoÄni
â† levo, puÅ¡Äica, puÅ¡Äica, obrnjena v levo
â†š preÄrtana puÅ¡Äica levo
â†’ desno, puÅ¡Äica, puÅ¡Äica, obrnjena v desno
â†› preÄrtana puÅ¡Äica desno
â†‘ navzgor, puÅ¡Äica, puÅ¡Äica, obrnjena navzgor
â†“ navzdol, puÅ¡Äica, puÅ¡Äica, obrnjena navzdol
â†œ vijugasta puÅ¡Äica levo
â† vijugasta puÅ¡Äica desno
â† puÅ¡Äica z dvojno glavo levo
â†Ÿ puÅ¡Äica z dvojno glavo navzgor
â†  puÅ¡Äica z dvojno glavo desno
â†¡ puÅ¡Äica z dvojno glavo navzdol
â†¢ puÅ¡Äica z repom levo
â†£ puÅ¡Äica z repom desno
â†¤ puÅ¡Äica od Ärte levo
â†¥ puÅ¡Äica od Ärte navzgor
â†¦ puÅ¡Äica od Ärte desno
â†§ puÅ¡Äica od Ärte navzdol
â†¨ puÅ¡Äica gor-dol z osnovno Ärto
â†« zankasta puÅ¡Äica levo
â†¬ zankasta puÅ¡Äica desno
â†­ vijugasta puÅ¡Äica levo-desno
â†¯ cikcakasta puÅ¡Äica navzdol
â†° puÅ¡Äica navzgor levo
â†± puÅ¡Äica navzgor desno
â†² puÅ¡Äica navzdol levo
â†³ puÅ¡Äica navzdol desno
â†´ kotna puÅ¡Äica desno navzdol
â†µ kotna puÅ¡Äica levo navzdol
â†¶ zgornja polkroÅ¾na puÅ¡Äica v nasprotni smeri urinega kazalca
â†· zgornja polkroÅ¾na puÅ¡Äica v smeri urinega kazalca
â†¸ puÅ¡Äica severozahod z dolgo Ärtico zgoraj
â†¹ puÅ¡Äica levo s Ärtico nad puÅ¡Äico desno s Ärtico
â†º odprta kroÅ¾na puÅ¡Äica v nasprotni smeri urinega kazalca
â†» odprta kroÅ¾na puÅ¡Äica v smeri urinega kazalca
â†¼ harpuna levo z ostjo navzgor
â†½ harpuna levo z ostjo navzdol
â†¾ harpuna navzgor z desno ostjo
â†¿ harpuna navzgor z levo ostjo
â‡€ harpuna desno z ostjo navzgor
â‡ harpuna desno z ostjo navzdol
â‡‚ harpuna navzdol z desno ostjo
â‡ƒ harpuna navzdol z levo ostjo
â‡… navzdol, navzgor, puÅ¡Äica, puÅ¡Äici, obrnjeni navzgor in navzdol, PuÅ¡Äici, obrnjeni navzgor in navzdol
â‡† desno, levo, puÅ¡Äica, puÅ¡Äica v levo nad puÅ¡Äico v desno, puÅ¡Äica, obrnjena v levo, nad puÅ¡Äico, obrnjeno v desno
âˆ† razlika, trikotnik
âˆ‡ nabla, trikotnik
âˆˆ Älanstvo, element, je element mnoÅ¾ice, mnoÅ¾ica, vsebuje
+ plus, seÅ¡tevanje, znak za plus
Â± znak plus/minus
Ã· deli, deljenje, znak za deljenje
Ã— krat, mnoÅ¾enje, mnoÅ¾i, znak za mnoÅ¾enje
< manjÅ¡e od, oznaka, zaÄetna oznaka
= enaÄaj, znak za enakost
â‰  neenak, neenakost, ni enako
> oznaka, veÄje od, zakljuÄna oznaka
Â¬ ne, negacija
| cev, Ärta, navpiÄna Ärta, navpiÄnica, paliÄica, pokonÄna Ärta, pokonÄnica
~ tilda, vijuga
âˆ’ minus, odÅ¡tevanje, znak za minus
â» minus, nadpis, nadpisani minus
âˆš iracionalno Å¡tevilo, koren, korenski, kvadratni
âˆ neskonÄno, znak za neskonÄno
âˆ© mnoÅ¾ica, presek
âˆª mnoÅ¾ica, unija, zbirka
â‰ˆ pribliÅ¾ek, pribliÅ¾no, pribliÅ¾no enako
â‰¡ enako, je enako, toÄno
â‰¤ enako, enakovredno, manjÅ¡e, manjÅ¡e ali enako, neenakovrednost
â‰¥ enako, enakovredno, neenakovrednost, veÄje, veÄje ali enako
âŠ‚ je podmnoÅ¾ica mnoÅ¾ice, mnoÅ¾ica, podmnoÅ¾ica
â–² navzgor, poln, poln navzgor obrnjen trikotnik, puÅ¡Äica, trikotnik
â–¼ navzdol, poln, poln navzdol obrnjen trikotnik, puÅ¡Äica, trikotnik
â—Š romb, rombast lik
â—‹ krog, obroÄ, votel krog
â— krog, poln krog
â—¯ krog, obroÄ, velik votel krog
â™ª glasba, nota, osma, osminka
â™­ glasba, niÅ¾aj, nota, zniÅ¾ani ton
â™¯ glasba, nota, viÅ¡aj, zviÅ¡ani ton
ğŸ˜€ obraz, reÅ¾anje, reÅ¾eÄi obraz
ğŸ˜ƒ nasmeh, obraz, odprto, smejoÄi obraz z odprtimi usti, usta
ğŸ˜„ nasmeh, obraz, oÄi, odprto, smejoÄi obraz z odprtimi usti in smejoÄimi oÄmi, usta
ğŸ˜ nasmeh, obraz, oÄi, reÅ¾anje, reÅ¾eÄi obraz s smejoÄimi oÄmi
ğŸ˜† nasmeh, obraz, odprto, smejoÄi obraz z odprtimi usti in trdno zaprtimi oÄmi, usta, zadovoljno
ğŸ˜… mrzlo, nasmeh, obraz, odprto, pot, smejoÄi obraz z odprtimi usti in mrzlim potom
ğŸ¤£ krohotanje, smeh, tla, valjanje po tleh
ğŸ˜‚ obraz, obraz s solzami veselja, smeh, solze, veselje
ğŸ™‚ nasmeh, obraz, rahlo smejoÄi obraz
ğŸ™ƒ na glavo obrnjen obraz, narobe obrnjeno, obraz
ğŸ˜‰ obraz, obraz s pomeÅ¾ikom, pomeÅ¾ik
ğŸ˜Š nasmeh, obraz, oÄi, smejoÄi obraz s smejoÄimi oÄmi, zardevanje
ğŸ˜‡ angel, avra, fantazija, nasmeh, nedolÅ¾no, obraz, pravljica, smejoÄi obraz s svetniÅ¡kim sijem
ğŸ¥° ljubezen, oboÅ¾evanje, smejoÄi obraz s srÄki, zaljubljenost
ğŸ˜ ljubezen, nasmeh, obraz, oÄi, smejoÄi obraz z oÄmi v obliki srÄka, srce
ğŸ¤© obraz z oÄmi v obliki zvezdic
ğŸ˜˜ obraz, obraz, ki poÅ¡lje ljubÄka, poljub, srce
ğŸ˜— obraz, obraz, ki poljublja, poljub
â˜º nasmeh, obraz, obris, smejoÄi obraz, sproÅ¡Äeno
ğŸ˜š obraz, obraz z zaprtimi oÄmi, ki poljublja, oÄi, poljub, zaprto
ğŸ˜™ nasmeh, obraz, obraz s smejoÄimi oÄmi, ki poljublja, oÄi, poljub
ğŸ¥² ganjenost, hvaleÅ¾nost, nasmeh, olajÅ¡anje, ponos, smejoÄi obraz s solzo, solza
ğŸ˜‹ nasmeh, njam, obraz, obraz, ki z uÅ¾itkom pomalica okusno hrano, okuÅ¡anje, slastno
ğŸ˜› jezik, obraz, obraz z moleÄim jezikom
ğŸ˜œ jezik, meÅ¾ik, obraz, obraz z moleÄim jezikom in pomeÅ¾ikom, oÄi, Å¡ala
ğŸ¤ª majhen, nor obraz, oko, velik
ğŸ˜ grozno, jezik, obraz, obraz z moleÄim jezikom in trdno zaprtimi oÄmi, oÄi, okus
ğŸ¤‘ denar, obraz, obraz z denarjem namesto ust, usta
ğŸ¤— objem, objemanje, obraz, obraz, ki objema
ğŸ¤­ obraz z roko Äez usta
ğŸ¤« obraz s prstom Äez usta
ğŸ¤” obraz, razmiÅ¡ljanje, razmiÅ¡ljujoÄi obraz
ğŸ¤ obraz, obraz z usti v obliki zadrge, usta, zadrga, zapeÄateno, zaprto
ğŸ¤¨ obraz z dvignjenimi obrvmi
ğŸ˜ mrtvo hladno, nevtralni obraz, nevtralno, obraz
ğŸ˜‘ brezizrazni obraz, brezizrazno, neprizadeto, obraz, prazno
ğŸ˜¶ molÄeÄe, obraz, obraz brez ust, tiho, usta
ğŸ˜¶â€ğŸŒ« glava v oblakih, obraz v megli, obraz v oblakih, odsoten
ğŸ˜ obraz, obraz s privoÅ¡Äljivim nasmeÅ¡kom, privoÅ¡Äljiv nasmeÅ¡ek
ğŸ˜’ nenaklonjeno, nezadovoljno, obraz, obraz s hladnim nasmeÅ¡kom
ğŸ™„ obraz, obraz z zavijajoÄimi oÄmi, oÄi, zavijanje
ğŸ˜¬ grimasa, obraz, spaÄen obraz
ğŸ˜®â€ğŸ’¨ godrnjanje, izdih, obraz, ki izdihne, olajÅ¡anje, Å¡epet, sopih, Å¾viÅ¾ganje
ğŸ¤¥ laÅ¾, laÅ¾nivec, laÅ¾nivi obraz, ostrÅ¾ek
ğŸ˜Œ obraz, olajÅ¡an obraz, olajÅ¡ano
ğŸ˜” brezvoljen obraz, brezvoljno, obraz, pobito
ğŸ˜ª obraz, spanje, zaspan obraz
ğŸ¤¤ obraz, obraz, ki se slini, slinjenje
ğŸ˜´ obraz, spanje, speÄi obraz, zzz
ğŸ˜· bolno, maska, obraz, obraz z medicinsko masko, prehlad, zdravilo, zdravnik
ğŸ¤’ bolno, obraz, obraz s termometrom, slabotno, termometer
ğŸ¤• obraz, obraz, obvezan s povojem, poÅ¡kodba, poÅ¡kodovano, povoj
ğŸ¤¢ bruhanje, obraz, ki se poÄuti slabo, slabost
ğŸ¤® obraz, ki bruha
ğŸ¤§ kihanje, na zdravje, obraz, ki kiha
ğŸ¥µ poten, rdeÄ obraz, vroÄ obraz, vroÄe, vroÄina, vroÄinska kap
ğŸ¥¶ ledene sveÄe, mrzel, mrzel obraz, ozebline, plav obraz, premraÅ¾en
ğŸ¥´ okajen obraz, omotiÄen, razliÄni oÄesi, v roÅ¾icah, valovita usta, vinjen
ğŸ˜µ obraz, omotiÄen obraz, omotiÄno
ğŸ˜µâ€ğŸ’« hipnoza, obraz s spiralnimi oÄmi, omotica, spirala, teÅ¾ave, vau
ğŸ¤¯ eksplozija v glavi
ğŸ¤  kavboj, klobuk, obraz s kavbojskim klobukom
ğŸ¥³ hupa, klobuÄek, praznovanje, praznujoÄi obraz, zabava
ğŸ¥¸ inkognito, maska, nos, obraz, oÄala, preobleka
ğŸ˜ frajersko, nasmeh, obraz, oÄala, oÄi, smejoÄi obraz s sonÄnimi oÄali, sonce, sonÄna oÄala, svetlo, vreme
ğŸ¤“ frik, obraz, piflar, piflarski obraz, znalec
ğŸ§ obraz z monoklom
ğŸ˜• obraz, zmeden obraz, zmedeno
ğŸ˜Ÿ obraz, zaskrbljen obraz, zaskrbljeno
ğŸ™ mrÅ¡Äenje, nekoliko namrÅ¡Äen obraz, obraz
â˜¹ mrÅ¡Äenje, namrÅ¡Äen obraz, obraz
ğŸ˜® obraz, obraz z odprtimi usti, odprto, soÄutje, usta
ğŸ˜¯ obraz, osupljen obraz, osuplo, preseneÄeno, tiho
ğŸ˜² frapirano, obraz, popolnoma, preseneÄeno, zaÄuden obraz, zaÄudeno
ğŸ˜³ obraz, zardeli obraz, zardelo, zmedeno
ğŸ¥º kuÅ¾kove oÄi, milost, moledovanje, proseÄ obraz
ğŸ˜¦ namrÅ¡Äen obraz z odprtimi usti, namrÅ¡Äenost, obraz, odprto, usta
ğŸ˜§ obraz, trpeÄ obraz, trpeÄe
ğŸ˜¨ bojazljiv obraz, obraz, preplaÅ¡eno, prestraÅ¡eno, strah
ğŸ˜° hladno, modro, naglo, obraz, obraz z odprtimi usti in mrzlim potom, odprto, pot, usta
ğŸ˜¥ fiju, obraz, olajÅ¡ano, razoÄaran, a olajÅ¡an obraz, razoÄarano
ğŸ˜¢ jokajoÄi obraz, jokanje, obraz, solza, Å¾alostno
ğŸ˜­ cmerajoÄi obraz, ihtenje, jokanje, obraz, solze, Å¾alostno
ğŸ˜± krik, munch, obraz, obraz, ki kriÄi od strahu, preplaÅ¡eno, prestraÅ¡eno, strah
ğŸ˜– obraz, zbegan obraz, zbegano
ğŸ˜£ obraz, vztrajanje, vztrajen obraz
ğŸ˜ obraz, razoÄaran obraz, razoÄarano
ğŸ˜“ mrzlo, obraz, obraz z mrzlim potom, pot
ğŸ˜© izÄrpan obraz, izÄrpano, obraz, utrujeno
ğŸ˜« obraz, utrujen obraz, utrujeno
ğŸ¥± dolgÄas, utrujen, zehajoÄ obraz, zehanje
ğŸ˜¤ obraz, obraz s paro skozi nos, zmaga, zmagoslavje
ğŸ˜¡ besno, gnev, jezno, kujanje, obraz, obraz, ki kuha mulo, rdeÄe
ğŸ˜  besno, jezen obraz, jezno, obraz
ğŸ¤¬ obraz, ki kolne
ğŸ˜ˆ fantazija, nasmeh, obraz, pravljica, rogovi, smejoÄi obraz z rogovi
ğŸ‘¿ demon, fantazija, hudiÄ, obraz, pravljica, vragec
ğŸ’€ mrtvaÅ¡ka glava, obraz, poÅ¡ast, pravljica, smrt, telo
â˜  lobanja, mrtvaÅ¡ka glava s prekriÅ¾anima kostema, obraz, poÅ¡ast, prekriÅ¾ane kosti, smrt, telo
ğŸ’© drekec, iztrebki, kakec, kup kakca, obraz, poÅ¡ast, strip
ğŸ¤¡ klovn, klovnesa, klovnovski obraz
ğŸ‘¹ bitje, fantazija, japonsko, obraz, poÅ¡ast, poÅ¡astni velikan, pravljica
ğŸ‘º bitje, fantazija, japonsko, obraz, poÅ¡ast, pravljica, Å¡kratelj
ğŸ‘» bitje, duh, fantazija, obraz, poÅ¡ast, pravljica
ğŸ‘½ bitje, fantazija, nezemljan, nlp, obraz, vesolje, vesoljec
ğŸ‘¾ bitje, fantazija, nezemljan, nlp, obraz, pravljica, vesolje, vesoljec, vesoljska poÅ¡ast
ğŸ¤– obraz, poÅ¡ast, robot
ğŸ˜º maÄka, nasmeh, obraz, odprta, reÅ¾eÄa se maÄka, smeh, usta
ğŸ˜¸ maÄka, nasmeh, obraz, oko, reÅ¾anje, reÅ¾eÄa se maÄka s smejoÄimi oÄmi
ğŸ˜¹ maÄji obraz s solzami sreÄe, maÄka, maÄka s solzami sreÄe, obraz, solze, veselje
ğŸ˜» ljubezen, maÄka, nasmeh, obraz, oÄi, smejoÄa se maÄka z oÄmi v obliki srÄka, smejoÄi maÄji obraz z oÄmi v obliki srÄka, srce
ğŸ˜¼ ironiÄno, maÄji obraz s prifrknjenim nasmeÅ¡kom, maÄka, maÄka s prifrknjenim nasmeÅ¡kom, nasmeh, obraz, porogljivo
ğŸ˜½ maÄji obraz z zaprtimi oÄmi, ki poljublja, maÄka, maÄka poljublja z zaprtimi oÄmi, obraz, oÄi, poljub
ğŸ™€ maÄka, naveliÄano, obraz, odprta usta, preseneÄena maÄka, preseneÄeno
ğŸ˜¿ jokajoÄa maÄka, jokajoÄi maÄji obraz, jokanje, maÄka, obraz, solza, Å¾alostno
ğŸ˜¾ kujanje, maÄji obraz, ki kuha mulo, maÄka, maÄka kuha mulo, obraz
ğŸ™ˆ gesta, ne, obraz, opica, opica, ki ne vidi niÄesar, prepovedano, videti, zlobno
ğŸ™‰ gesta, ne, obraz, opica, opica, ki ne sliÅ¡i niÄesar, prepovedano, sliÅ¡ati, zlobno
ğŸ™Š gesta, govoriti, ne, obraz, opica, opica, ki niÄesar ne govori, prepovedano, zlobno
ğŸ’‹ odtis, poljub, romanca, sled Å¡minke po poljubu, srce, ustnice
ğŸ’Œ ljubezen, ljubezensko pismo, pismo, poÅ¡ta, romanca, srce
ğŸ’˜ kupid, puÅ¡Äica, romanca, srce, srce s puÅ¡Äico
ğŸ’ pentlja, srce, srce s pentljo, valentin
ğŸ’– lesketajoÄe srce, lesketati se, srce, vznemirjeno
ğŸ’— rastoÄe, srce, srÄni utrip, vznemirjeno, Å¾ivÄno
ğŸ’“ bitje, srce, srÄni utrip, utripajoÄe srce, utripanje
ğŸ’ srce, vrteÄi se srci, vrtenje
ğŸ’• dve srci, ljubezen, srce
ğŸ’Ÿ okrasje s srcem, srce
â£ klicaj, klicaj v obliki srca, loÄilo, srce, znak
ğŸ’” poÄeno, srce, strto srce, zlomiti
â¤â€ğŸ”¥ goreÄe srce, ljubezen, ogenj, poÅ¾elenje, srce, sveto srce
â¤â€ğŸ©¹ bolj zdravo, izboljÅ¡anje, okrevanje, ozdravljeno, zakrpano, zakrpano srce, zdravo
â¤ rdeÄe srce, srce
ğŸ§¡ oranÅ¾no srce
ğŸ’› rumeno, srce
ğŸ’š srce, zeleno
ğŸ’™ modro, srce
ğŸ’œ srce, vijoliÄno
ğŸ¤ rjavo, srce
ğŸ–¤ Ärno, hudobno, podlo, srce, zlobno
ğŸ¤ belo, srce
ğŸ’¯ 100, sto, sto toÄk
ğŸ’¢ divje, jezno, simbol jeze, strip
ğŸ’¥ bum, eksplozija, strip, trk
ğŸ’« omotica, omotiÄno, planeti, strip, zvezda
ğŸ’¦ pljuskanje, pot, potne kapljice, strip
ğŸ’¨ strip, Å¡vigati, Å¡vigniti, tek
ğŸ•³ luknja
ğŸ’£ bomba, strip
ğŸ’¬ balon, dialog, govor, oblaÄek, oblaÄek z govorom, strip
ğŸ‘â€ğŸ—¨ dialog, oblaÄek z govorom, oko, oko v oblaÄku z govorom, priÄa
ğŸ—¨ dialog, govor, levi oblaÄek z govorom
ğŸ—¯ balon, desni oblaÄek z jeznim govorom, divje, jezno, oblaÄek
ğŸ’­ balon, misel, oblaÄek, oblaÄek z mislimi, strip
ğŸ’¤ spanec, spanje, strip, zzz
ğŸ‘‹ dlan, mahajoÄa dlan, mahanje, mahati, telo
ğŸ¤š dlan, dvignjena, dvignjena hrbtna stran dlani, hrbtna stran
ğŸ– dlan, dvignjena dlan z razprtimi prsti, prst, razprto, telo
âœ‹ dlan, dvignjena dlan, telo
ğŸ–– dlan, prst, spock, telo, vulkan, vulkanski pozdrav
ğŸ‘Œ dlan, roka, ki kaÅ¾e V REDU, telo, v redu
ğŸ¤Œ izpraÅ¡evanje, kretnja z roko, prsti, prsti, stisnjeni skupaj, sarkastiÄno, stisnjen
ğŸ¤ majhna koliÄina, malo, roka s Å¡Äepcem
âœŒ dlan, dlan s prstoma, ki kaÅ¾eta znak za zmago, telo, v, zmaga
ğŸ¤ prekriÅ¾ani prsti, prsti, roka, sreÄa
ğŸ¤Ÿ roka, RTM, znak za ljubim te
ğŸ¤˜ dlan, prst, rock za vedno, rogovi, telo, znak za rogove
ğŸ¤™ pokliÄi, pokliÄi me, roka
ğŸ‘ˆ dlan, hrbtna stran, hrbtna stran dlani s kazalcem, ki kaÅ¾e levo, kazalec, kazati, prst, telo
ğŸ‘‰ dlan, hrbtna stran, hrbtna stran dlani s kazalcem, ki kaÅ¾e desno, kazalec, kazati, prst, telo
ğŸ‘† dlan, gor, hrbtna stran, hrbtna stran dlani s kazalcem, ki kaÅ¾e gor, kazalec, kazati, prst, telo
ğŸ–• dlan, kazati, prst, sredinec, telo
ğŸ‘‡ dlan, dol, hrbtna stran, hrbtna stran dlani s kazalcem, ki kaÅ¾e dol, kazalec, kazati, prst, telo
â˜ dlan, gor, kazalec, kazalec, ki kaÅ¾e gor, kazati, prst, telo
ğŸ‘ +1, dlan, gor, palec, telo
ğŸ‘ -1, dlan, dol, palec, telo
âœŠ dlan, dvignjena pest, pest, pokrÄeno, telo, udarec
ğŸ‘Š bliÅ¾ajoÄa se pest, dlan, pest, pokrÄeno, telo, udarec
ğŸ¤› levo, pest, pest, obrnjena levo
ğŸ¤œ desno, pest, pest, obrnjena desno
ğŸ‘ dlan, ploskajoÄi dlani, ploskati, telo
ğŸ™Œ dvignjeno, gesta, hura, oseba, ki dvigne roke, roka, slavje, telo
ğŸ‘ dlan, odprti dlani, odprto, telo
ğŸ¤² dvignjeni odprti dlani, molitev
ğŸ¤ roka, rokovanje, sporazum, sreÄanje
ğŸ™ gesta, hvala, moliti, predklon, prosim, prositi, roka, sklenjeno, staknjeni dlani, telo
âœ dlan, pisati, piÅ¡oÄa dlan, telo
ğŸ’… kozmetika, lak, lak za nohte, manikira, nega, noht, telo
ğŸ¤³ fotoaparat, kamera, mobilni telefon, selfi
ğŸ’ª biceps, miÅ¡ica, napenjati, napeti bicepsi, strip, telo
ğŸ¦¾ invalid, mehanska roka, proteza, umetni ud
ğŸ¦¿ invalid, mehanska noga, proteza, umetni ud
ğŸ¦µ brca, noga, okonÄina
ğŸ¦¶ brca, stopalo, topot
ğŸ‘‚ telo, uho
ğŸ¦» nagluÅ¡ni, okvara sluha, uho s sluÅ¡nim aparatom
ğŸ‘ƒ nos, telo
ğŸ§  inteligenca, moÅ¾gani
ğŸ«€ ÄloveÅ¡ko, kardiologija, organ, srce, srÄni utrip, utrip
ğŸ« dih, dihanje, izdih, organ, pljuÄa, vdih
ğŸ¦· zob, zobozdravnik
ğŸ¦´ kost, okostje
ğŸ‘€ obraz, oÄi, telo
ğŸ‘ oko, telo
ğŸ‘… jezik, telo
ğŸ‘„ telo, usta, ustnice
ğŸ‘¶ dojenÄek
ğŸ§’ otrok
ğŸ‘¦ deÄek, fant
ğŸ‘§ dekle, devica, zodiak
ğŸ§‘ odrasla oseba
ğŸ‘± lasje, oseba: svetli lasje, svetli lasje, svetlolasa oseba
ğŸ‘¨ fant, moÅ¡ki
ğŸ§” brada, moÅ¡ki, moÅ¡ki: brada, oseba, oseba: brada
ğŸ§”â€â™‚ brada, moÅ¡ki, moÅ¡ki: brada
ğŸ‘±â€â™‚ blondinec, fant, lasje, moÅ¡ki, moÅ¡ki: blondinec
ğŸ‘© dekle, Å¾enska
ğŸ§”â€â™€ brada, Å¾enska, Å¾enska: brada
ğŸ‘±â€â™€ blondinka, dekle, lasje, Å¾enska, Å¾enska: blondinka
ğŸ§“ spolno nevtralen, starejÅ¡i, starejÅ¡i odrasli
ğŸ‘´ moÅ¡ki, starec, staro
ğŸ‘µ starka, staro, Å¾enska
ğŸ™ gesta, mrÅ¡Äenje, oseba, ki se mrÅ¡Äi
ğŸ™â€â™‚ fant, moÅ¡ki, moÅ¡ki z namrÅ¡Äenim obrazom, mrÅ¡Äiti se, neodobravanje, obraz, obrazna mimika
ğŸ™â€â™€ dekle, mrÅ¡Äiti se, neodobravanje, obraz, obrazna mimika, Å¾enska, Å¾enska z namrÅ¡Äenim obrazom
ğŸ™ gesta, kujanje, oseba, ki kuha mulo
ğŸ™â€â™‚ fant, kujanje, moÅ¡ki, moÅ¡ki, ki kuha mulo, obrazna mimika
ğŸ™â€â™€ dekle, kujanje, obrazna mimika, Å¾enska, Å¾enska, ki kuha mulo
ğŸ™… gesta, ne, ni dovoljeno, oseba, ki kaÅ¾e NE, prepovedano, roka
ğŸ™…â€â™‚ fant, kretnja, moÅ¡ki, moÅ¡ki, ki s kretnjo izraÅ¾a prepoved, ne, neodobravanje, ni dovoljeno, ni v redu, prepovedano, roka
ğŸ™…â€â™€ dekle, kretnja, ne, neodobravanje, ni dovoljeno, ni v redu, prepovedano, roka, Å¾enska, Å¾enska, ki s kretnjo izraÅ¾a prepoved
ğŸ™† gesta, oseba, ki kaÅ¾e V REDU, roka, v redu
ğŸ™†â€â™‚ fant, kretnja, moÅ¡ki, moÅ¡ki, ki s kretnjo izraÅ¾a odobravanje, ok, roka, v redu
ğŸ™†â€â™€ dekle, kretnja, ok, roka, v redu, Å¾enska, Å¾enska, ki s kretnjo izraÅ¾a odobravanje
ğŸ’ informacije, oseba, ki dela na informacijah, pomoÄ, roka, zgovorno, Å¾ivahno
ğŸ’â€â™‚ informacije, moÅ¡ki, pomoÄ, usluÅ¾benec na informacijah, zgovoren
ğŸ’â€â™€ informacije, pomoÄ, usluÅ¾benka na informacijah, Å¾enska, zgovorna
ğŸ™‹ dvignjeno, gesta, roka, vesela oseba, ki dvigne roko, veselo
ğŸ™‹â€â™‚ dvigovanje roke, fant, kretnje, moÅ¡ki, moÅ¡ki, ki dviguje roko
ğŸ™‹â€â™€ dekle, dvigovanje roke, kretnje, Å¾enska, Å¾enska, ki dviguje roko
ğŸ§ gluh, gluha oseba, invalid, sluh, uho
ğŸ§â€â™‚ gluh, moÅ¡ki
ğŸ§â€â™€ gluha, Å¾enska
ğŸ™‡ gesta, opraviÄilo, oprosti, oseba, ki se prikloni, priklon
ğŸ™‡â€â™‚ fant, gesta, moÅ¡ki, moÅ¡ki, ki se globoko priklanja, opraviÄilo, oprosti, priklanjanje, priklon, usluga
ğŸ™‡â€â™€ dekle, gesta, opraviÄilo, oprosti, priklanjanje, priklon, usluga, Å¾enska, Å¾enska, ki se globoko priklanja
ğŸ¤¦ dvom, nejevera, oseba z dlanjo na obrazu, skepsa, skomigniti
ğŸ¤¦â€â™‚ dvom, facepalm, fant, moÅ¡ki, moÅ¡ki, ki obraz prekriva z dlanjo, obup, ogorÄenje, prekriti obraz z dlanjo
ğŸ¤¦â€â™€ dekle, dvom, facepalm, obup, ogorÄenje, prekriti obraz z dlanjo, Å¾enska, Å¾enska, ki obraz prekriva z dlanjo
ğŸ¤· brezbriÅ¾nost, oseba, ki skomiga, skomigniti
ğŸ¤·â€â™‚ dvom, fant, moÅ¡ki, moÅ¡ki, ki skomiga z rameni, nevednost, nezanimanje, skomigniti
ğŸ¤·â€â™€ dekle, dvom, nevednost, nezanimanje, skomigniti, Å¾enska, Å¾enska, ki skomiga z rameni
ğŸ§‘â€âš• delavec v zdravstvu, medicinska sestra, terapevt, zdravnik, zdravstvo
ğŸ‘¨â€âš• fant, medicinski tehnik, moÅ¡ki, terapevt, zdravnik, zdravstveni delavec, zdravstvo
ğŸ‘©â€âš• dekle, medicinska sestra, terapevtka, zdravnica, zdravstvena delavka, zdravstvo, Å¾enska
ğŸ§‘â€ğŸ“ diplomant, diplomantka, Å¡tudent
ğŸ‘¨â€ğŸ“ diplomant, fant, maturant, moÅ¡ki, Å¡tudent
ğŸ‘©â€ğŸ“ dekle, diplomantka, maturantka, Å¡tudentka, Å¾enska
ğŸ§‘â€ğŸ« inÅ¡truktor, profesor, uÄitelj
ğŸ‘¨â€ğŸ« fant, inÅ¡truktor, moÅ¡ki, profesor, uÄitelj
ğŸ‘©â€ğŸ« dekle, inÅ¡truktorica, profesorica, uÄiteljica, Å¾enska
ğŸ§‘â€âš– sodnik, tehtnica, varuh zakona
ğŸ‘¨â€âš– fant, moÅ¡ki, pravica, pravosodje, sodnik, tehtnica
ğŸ‘©â€âš– dekle, pravica, sodnica, tehtnica, Å¾enska
ğŸ§‘â€ğŸŒ¾ kmet, vrtnar, Å¾ivinorejec
ğŸ‘¨â€ğŸŒ¾ fant, kavboj, kmet, kmetovalec, moÅ¡ki, vrtnar, Å¾ivinorejec
ğŸ‘©â€ğŸŒ¾ dekle, kmetica, kmetovalka, vrtnarka, Å¾enska, Å¾ivinorejka
ğŸ§‘â€ğŸ³ kuhar, kuharski mojster
ğŸ‘¨â€ğŸ³ chef, fant, kuhar, moÅ¡ki, Å¡ef kuhinje
ğŸ‘©â€ğŸ³ chef, dekle, kuharica, Å¡efinja kuhinje, Å¾enska
ğŸ§‘â€ğŸ”§ elektriÄar, mehanik, serviser, trgovec, vodovodar
ğŸ‘¨â€ğŸ”§ avtomehanik, elektriÄar, fant, mehaniÄna delavnica, mehanik, moÅ¡ki, orodje, prodajalec, vodovodar
ğŸ‘©â€ğŸ”§ avtomehaniÄarka, dekle, elektriÄarka, mehaniÄarka, mehaniÄna delavnica, orodje, prodajalka, vodovodarka, Å¾enska
ğŸ§‘â€ğŸ­ delavec, industrijski, tekoÄi trak, tovarna, tovarniÅ¡ki delavec
ğŸ‘¨â€ğŸ­ delavec, delavec v tovarni, fant, industrijski, moÅ¡ki, proizvodnja, tekoÄi trak, tovarna, tovarnar
ğŸ‘©â€ğŸ­ dekle, delavka, delavka v tovarni, industrijski, proizvodnja, tekoÄi trak, tovarna, tovarnarka, Å¾enska
ğŸ§‘â€ğŸ’¼ arhitekt, delavec v pisarni, direktor, pisarniÅ¡ki delavec, podjetje
ğŸ‘¨â€ğŸ’¼ arhitekt, direktor, fant, moÅ¡ki, pisarna, pisarniÅ¡ki, pisarniÅ¡ki delavec, podjetje, tajnik
ğŸ‘©â€ğŸ’¼ arhitektka, dekle, direktorica, pisarna, pisarniÅ¡ka delavka, pisarniÅ¡ki, podjetje, tajnica, Å¾enska
ğŸ§‘â€ğŸ”¬ biolog, fizik, inÅ¾enir, kemik, matematik, raziskovalec, znanstvenik
ğŸ‘¨â€ğŸ”¬ biolog, fant, fizik, inÅ¾enir, kemik, matematik, moÅ¡ki, znanstvenik
ğŸ‘©â€ğŸ”¬ biologinja, dekle, fizika, inÅ¾enirka, kemija, matematika, Å¾enska, znanstvenica
ğŸ§‘â€ğŸ’» izumitelj, programer, programska oprema, raÄunalnik, razvijalec, strokovnjak za tehnologijo, tehnolog, tehnologija
ğŸ‘¨â€ğŸ’» fant, izumitelj, moÅ¡ki, programer, programska oprema, raÄunalnik, razvijalec, tehnolog, tehnologija
ğŸ‘©â€ğŸ’» dekle, izumiteljica, programerka, programska oprema, raÄunalnik, razvijalka, tehnologija, tehnologinja, Å¾enska
ğŸ§‘â€ğŸ¤ igralec, izvajalec, komik, pevec, roker, zabavljaÄ, zvezdnik
ğŸ‘¨â€ğŸ¤ fant, igralec, komik, moÅ¡ki, pevec, roker, zabavljaÄ, zvezdnik
ğŸ‘©â€ğŸ¤ dekle, igralka, pevka, rokerica, zabavljaÄica, Å¾enska, zvezdnica
ğŸ§‘â€ğŸ¨ paleta, slikar, umetnik
ğŸ‘¨â€ğŸ¨ fant, moÅ¡ki, paleta, slikar, umetnik, umetnost
ğŸ‘©â€ğŸ¨ dekle, paleta, slikarka, umetnica, umetnost, Å¾enska
ğŸ§‘â€âœˆ letalo, pilot, pilot letala
ğŸ‘¨â€âœˆ fant, letalo, moÅ¡ki, pilot, stevard
ğŸ‘©â€âœˆ dekle, letalo, pilotka, stevardesa, Å¾enska
ğŸ§‘â€ğŸš€ astronavt, kozmonavt, raketa
ğŸ‘¨â€ğŸš€ astronavt, fant, moÅ¡ki, raketa, vesolje
ğŸ‘©â€ğŸš€ astronavtka, dekle, raketa, vesolje, Å¾enska
ğŸ§‘â€ğŸš’ gasilec, gasilni avto, poklicni gasilec
ğŸ‘¨â€ğŸš’ fant, gasilec, gasilni avto, moÅ¡ki, ogenj
ğŸ‘©â€ğŸš’ dekle, gasilka, gasilni avto, ogenj, Å¾enska
ğŸ‘® policaj, policija
ğŸ‘®â€â™‚ fant, moÅ¡ki, policaj, policija, policist
ğŸ‘®â€â™€ dekle, policajka, policija, policistka, Å¾enska
ğŸ•µ detektiv, preiskovalec, vohljaÄ, vohun
ğŸ•µâ€â™‚ detektiv, dokaz, fant, moÅ¡ki, vohun
ğŸ•µâ€â™€ detektivka, dokaz, vohunka, Å¾enska
ğŸ’‚ straÅ¾ar, straÅ¾ar, Äuvaj
ğŸ’‚â€â™‚ fant, moÅ¡ki, paznik, varnostnik
ğŸ’‚â€â™€ dekle, paznica, varnostnica, Å¾enska
ğŸ¥· bojevnik, nindÅ¾a, prikrivanje, skrivanje
ğŸ‘· Äepica, delavec, gradbenik, gradnja
ğŸ‘·â€â™‚ delavec, fant, gradbeni delavec, gradbinec, gradbiÅ¡Äe, moÅ¡ki
ğŸ‘·â€â™€ dekle, delavka, gradbena delavka, gradbinka, gradbiÅ¡Äe, Å¾enska
ğŸ¤´ princ
ğŸ‘¸ fantazija, pravljica, princesa
ğŸ‘³ moÅ¡ki, oseba s turbanom, turban
ğŸ‘³â€â™‚ fant, moÅ¡ki, moÅ¡ki s turbanom, turban
ğŸ‘³â€â™€ dekle, turban, Å¾enska, Å¾enska s turbanom
ğŸ‘² Äepica, kitajska Äepica, moÅ¡ki, moÅ¡ki s kitajsko Äepico
ğŸ§• hidÅ¾ab, mantilja, naglavna ruta, Å¾enska z naglavno ruto
ğŸ¤µ oseba, oseba v smokingu, smoking, Å¾enin
ğŸ¤µâ€â™‚ moÅ¡ki, moÅ¡ki v smokingu, smoking
ğŸ¤µâ€â™€ smoking, Å¾enska, Å¾enska v smokingu
ğŸ‘° nevesta, oseba, oseba s pajÄolanom, pajÄolan, poroka
ğŸ‘°â€â™‚ moÅ¡ki, moÅ¡ki s pajÄolanom, pajÄolan
ğŸ‘°â€â™€ pajÄolan, Å¾enska, Å¾enska s pajÄolanom
ğŸ¤° noseÄnica, Å¾enska
ğŸ¤± dojenÄek, dojenje, prsi
ğŸ‘©â€ğŸ¼ dojenÄek, dojenje, hranjenje, Å¾enska, Å¾enska, ki doji dojenÄka
ğŸ‘¨â€ğŸ¼ dojenÄek, dojenje, hranjenje, moÅ¡ki, moÅ¡ki, ki hrani dojenÄka
ğŸ§‘â€ğŸ¼ dojenÄek, dojenje, hranjenje, oseba, oseba, ki hrani dojeÄnka, oseba, ki hrani dojenÄka
ğŸ‘¼ angel, angelÄek, dojenÄek, fantazija, obraz, pravljica
ğŸ… boÅ¾iÄ, boÅ¾iÄek, BoÅ¾iÄek, fantazija, oÄe, pravljica, slavje
ğŸ¤¶ BoÅ¾iÄ, gospa, gospa BoÅ¾iÄek
ğŸ§‘â€ğŸ„ boÅ¾iÄek, boÅ¾iÄ, mx boÅ¾iÄek
ğŸ¦¸ dober, junak, junakinja, super moÄ, superjunak/superjunakinja
ğŸ¦¸â€â™‚ dober, junak, moÅ¡ki, super moÄ, superjunak
ğŸ¦¸â€â™€ dober, junak, junakinja, super moÄ, superjunakinja
ğŸ¦¹ kriminalec, negativec, super moÄ, super negativec, zloben
ğŸ¦¹â€â™‚ kriminalec, moÅ¡ki, moÅ¡ki super negativec, negativec, super moÄ, zloben
ğŸ¦¹â€â™€ kriminalka, negativka, super moÄ, super negativka, Å¾enska, zlobna
ğŸ§™ Äarovnica, Äarovnik, oseba, ki Äara
ğŸ§™â€â™‚ Äarodej, Äarovnik, mag
ğŸ§™â€â™€ Äarodejka, Äarovnica
ğŸ§š vilinsko bitje
ğŸ§šâ€â™‚ vilinec
ğŸ§šâ€â™€ vila
ğŸ§› Drakula, nesmrtnost, vampir, vampirji
ğŸ§›â€â™‚ Drakula, moÅ¡ki vampir, nesmrtnost, vampir
ğŸ§›â€â™€ nesmrtnost, vampirka
ğŸ§œ morska deklica, morska oseba, morska Å¾enska, morski moÅ¾
ğŸ§œâ€â™‚ morski moÅ¾, Triton
ğŸ§œâ€â™€ morska deklica
ğŸ§ Äarovnija, Å¡krati, vilin
ğŸ§â€â™‚ Äarovnija, Å¡krat, vilin
ğŸ§â€â™€ Å¡kratovka, vilinka
ğŸ§ duh iz steklenice
ğŸ§â€â™‚ moÅ¡ki duh iz steklenice
ğŸ§â€â™€ Å¾enski duh iz steklenice
ğŸ§Ÿ nemrtev, Å¾ivi mrtvec, zombi
ğŸ§Ÿâ€â™‚ nemrtev, Å¾ivi mrtvec, zombi moÅ¡ki
ğŸ§Ÿâ€â™€ nemrtev, Å¾ivi mrtvec, zombi Å¾enska
ğŸ’† masaÅ¾a, masaÅ¾a obraza, salon
ğŸ’†â€â™‚ fant, masaÅ¾a, moÅ¡ki, moÅ¡ki na masaÅ¾i obraza, obraz
ğŸ’†â€â™€ dekle, masaÅ¾a, obraz, Å¾enska, Å¾enska na masaÅ¾i obraza
ğŸ’‡ brivec, frizura, lepota, salon, striÅ¾enje
ğŸ’‡â€â™‚ fant, frizerski salon, frizura, moÅ¡ki, moÅ¡ki pri frizerju, priÄeska, striÅ¾enje
ğŸ’‡â€â™€ dekle, frizerski salon, frizura, priÄeska, striÅ¾enje, Å¾enska, Å¾enska pri frizerju
ğŸš¶ hoja, peÅ¡ec, pohod, sprehod
ğŸš¶â€â™‚ fant, hoja, moÅ¡ki, moÅ¡ki, ki hodi, peÅ¡ec, sprehod
ğŸš¶â€â™€ dekle, hoja, peÅ¡ka, sprehod, Å¾enska, Å¾enska, ki hodi
ğŸ§ pokonci, stati, stojeÄa oseba
ğŸ§â€â™‚ moÅ¡ki, stojeÄ moÅ¡ki, stoji
ğŸ§â€â™€ stojeÄa Å¾enska, stoji, Å¾enska
ğŸ§ kleÄanje, kleÄeÄa oseba
ğŸ§â€â™‚ kleÄanje, kleÄeÄ moÅ¡ki, moÅ¡ki
ğŸ§â€â™€ kleÄanje, kleÄeÄa Å¾enska, Å¾enska
ğŸ§‘â€ğŸ¦¯ invalid, oseba s palico za slepe, slep
ğŸ‘¨â€ğŸ¦¯ invalid, moÅ¡ki, moÅ¡ki s palico za slepe, slep
ğŸ‘©â€ğŸ¦¯ invalid, slepa, Å¾enska, Å¾enska s palico za slepe
ğŸ§‘â€ğŸ¦¼ invalid, oseba na motoriziranem invalidskem voziÄku, voziÄek
ğŸ‘¨â€ğŸ¦¼ invalid, moÅ¡ki, moÅ¡ki na motoriziranem invalidskem voziÄku, voziÄek
ğŸ‘©â€ğŸ¦¼ invalid, voziÄek, Å¾enska, Å¾enska na motoriziranem invalidskem voziÄku
ğŸ§‘â€ğŸ¦½ invalid, oseba na roÄnem invalidskem voziÄku, voziÄek
ğŸ‘¨â€ğŸ¦½ invalid, moÅ¡ki, moÅ¡ki na roÄnem invalidskem voziÄku, voziÄek
ğŸ‘©â€ğŸ¦½ invalid, voziÄek, Å¾enska, Å¾enska na roÄnem invalidskem voziÄku
ğŸƒ maraton, tek, tekaÄ
ğŸƒâ€â™‚ fant, maraton, moÅ¡ki, moÅ¡ki, ki teÄe, Å¡print, tek, tekaÄ, tekma
ğŸƒâ€â™€ dekle, maraton, Å¡print, tek, tekaÄica, tekma, Å¾enska, Å¾enska, ki teÄe
ğŸ’ƒ ples, plesalka, Å¾enska, Å¾enska, ki pleÅ¡e
ğŸ•º moÅ¡ki, ples, plesalec
ğŸ•´ moÅ¡ki, moÅ¡ki v poslovni obleki, ki lebdi, obleka, posli
ğŸ‘¯ dekle, plesalka, uho, zabava, zajÄica, Å¾enska, Å¾ur, Å¾urerski Å¾enski
ğŸ‘¯â€â™‚ fantje, moÅ¡ka zabava, moÅ¡ki, plesalec, zabava, Å¾ur
ğŸ‘¯â€â™€ dekle, plesalec, zabava, Å¾enska, Å¾ur
ğŸ§– oseba v parni savni, parna savna, savna
ğŸ§–â€â™‚ moÅ¡ki v parni savni, parna savna, savna
ğŸ§–â€â™€ parna savna, savna, Å¾enska v parni savni
ğŸ§— oseba, ki pleza, plezalec
ğŸ§—â€â™‚ moÅ¡ki, ki pleza, plezalec
ğŸ§—â€â™€ plezalec, plezalka, Å¾enska, ki pleza
ğŸ¤º meÄ, sabljaÄ, sabljanje, Å¡port
ğŸ‡ dirkalni konj, dirkanje, dÅ¾okej, konj, konjske dirke
â›· smuÄar, smuÄati, sneg
ğŸ‚ deskar na snegu, smuÄati, sneg, sneÅ¾na deska
ğŸŒ golf, igralec golfa, Å¾ogica
ğŸŒâ€â™‚ fant, golf, golfist, moÅ¡ki
ğŸŒâ€â™€ dekle, golf, golfistka, Å¾enska
ğŸ„ deskanje, oseba deska
ğŸ„â€â™‚ deskanje, deskar, fant, moÅ¡ki, surfanje
ğŸ„â€â™€ dekle, deskanje, deskarka, surfanje, Å¾enska
ğŸš£ Äoln, oseba v Äolnu na vesla, vozilo
ğŸš£â€â™‚ Äoln na vesla, fant, moÅ¡ki, veslaÄ, veslanje
ğŸš£â€â™€ Äoln na vesla, dekle, veslaÄica, veslanje, Å¾enska
ğŸŠ oseba plava, plavati
ğŸŠâ€â™‚ fant, moÅ¡ki, plavalec, plavanje
ğŸŠâ€â™€ dekle, plavalka, plavanje, Å¾enska
â›¹ oseba z Å¾ogo, Å¾oga
â›¹â€â™‚ fant, moÅ¡ki, moÅ¡ki z Å¾ogo, Å¾oga
â›¹â€â™€ dekle, Å¾enska, Å¾enska z Å¾ogo, Å¾oga
ğŸ‹ dvigalec, oseba dviga uteÅ¾i, uteÅ¾
ğŸ‹â€â™‚ dvigovalec uteÅ¾i, fant, moÅ¡ki
ğŸ‹â€â™€ dekle, dvigovalka uteÅ¾i, Å¾enska
ğŸš´ kolesar, kolesarjenje, kolo, oseba na kolesu
ğŸš´â€â™‚ fant, kolesar, kolesarjenje, kolo, moÅ¡ki
ğŸš´â€â™€ dekle, kolesarjenje, kolesarka, kolo, Å¾enska
ğŸšµ gora, gorski kolesar, kolesar, kolo
ğŸšµâ€â™‚ fant, gora, gorsko, kolesar, kolo, moÅ¡ki, moÅ¡ko gorsko kolesarjenje
ğŸšµâ€â™€ dekle, gora, gorsko, kolesarka, kolo, Å¾enska, Å¾ensko gorsko kolesarjenje
ğŸ¤¸ gimnastika, kolo, oseba izvaja kolo, Å¡port
ğŸ¤¸â€â™‚ fant, gimnastika, kolo, moÅ¡ki, moÅ¡ki, ki dela premet vstran, oseba, premet vstran, Å¡port
ğŸ¤¸â€â™€ dekle, gimnastika, kolo, oseba, premet vstran, Å¡port, Å¾enska, Å¾enska, ki dela premet vstran
ğŸ¤¼ rokoborba, Å¡port
ğŸ¤¼â€â™‚ fant, moÅ¡ka rokoborba, moÅ¡ki, oseba, rokoborba, Å¡port
ğŸ¤¼â€â™€ dekleta, oseba, rokoborba, Å¡port, Å¾enska
ğŸ¤½ bazen, Å¡port, vaterpolo, Å¾oga
ğŸ¤½â€â™‚ fant, moÅ¡ki, Å¡port, vaterpolo
ğŸ¤½â€â™€ dekle, Å¡port, vaterpolo, Å¾enska, Å¾enski vaterpolo
ğŸ¤¾ rokomet, Å¡port, Å¾oga
ğŸ¤¾â€â™‚ fant, moÅ¡ki, rokomet, rokometaÅ¡, Å¡port
ğŸ¤¾â€â™€ dekle, rokomet, rokometaÅ¡ica, Å¡port, Å¾enske
ğŸ¤¹ ravnoteÅ¾je, spretnost, veÄopravilnost, Å¾ongliranje
ğŸ¤¹â€â™‚ fant, moÅ¡ki, spretnost, veÄopravilnost, Å¾ongler, Å¾ongliranje
ğŸ¤¹â€â™€ dekle, spretnost, veÄopravilnost, Å¾enska, Å¾onglerka, Å¾ongliranje
ğŸ§˜ joga, meditacija, oseba v lotusovem poloÅ¾aju
ğŸ§˜â€â™‚ joga, meditacija, moÅ¡ki v lotusovem poloÅ¾aju
ğŸ§˜â€â™€ joga, meditacija, Å¾enska v lotusovem poloÅ¾aju
ğŸ›€ kad, kopel, oseba, ki se kopa
ğŸ›Œ hotel, oseba v postelji, spanje
ğŸ§‘â€ğŸ¤â€ğŸ§‘ drÅ¾ati, oseba, osebi se drÅ¾ita za roke, par, roka
ğŸ‘­ drÅ¾ati, par, roka, Å¾enska, Å¾enski se drÅ¾ita za roke
ğŸ‘« drÅ¾ati, moÅ¡ki, moÅ¡ki in Å¾enska se drÅ¾ita za roke, par, roka, Å¾enska
ğŸ‘¬ dvojÄka, moÅ¡ka se drÅ¾ita za roke, moÅ¡ki, par, zodiak
ğŸ’ par, poljub, romanca
ğŸ’‘ ljubezen, par, par s srÄkom, romanca, srce
ğŸ‘ª druÅ¾ina, mati, oÄe, otrok
ğŸ—£ glava, govoreÄa glava, govoriti, govorjenje, obraz, silhueta
ğŸ‘¤ doprsje, silhueta, silhueta doprsja
ğŸ‘¥ doprsje, silhueta, silhueti doprsja
ğŸ«‚ hvala, nasvidenje, objem, osebi, ki se objemata, Å¾ivijo
ğŸ‘£ oblaÄila, odtis, stopinja, stopinje, telo
ğŸ¦° rdeÄelasec, rdeÄi lasje, redeÄelas
ğŸ¦± afro, koder, kodrast, kodrasti lasje
ğŸ¦³ bel, lasje, siv, sivi lasje, star
ğŸ¦² brez las, kamoterapija, obrit, pleÅ¡ast
ğŸµ obraz, opica, opiÄji obraz
ğŸ’ opica
ğŸ¦ gorila, Å¾ival
ğŸ¦§ opica, orangutan
ğŸ¶ domaÄi ljubljenÄek, obraz, pasji obraz, pes
ğŸ• domaÄi ljubljenÄek, pes
ğŸ¦® pes vodnik, slepi, vodnik
ğŸ•â€ğŸ¦º policijski, pomoÄ, reÅ¡evalni, sluÅ¾beni pes, vojaÅ¡ki
ğŸ© pes, pudelj
ğŸº obraz, volk
ğŸ¦Š lisica, obraz
ğŸ¦ radoveden, rakun, zvijaÄen
ğŸ± domaÄi ljubljenÄek, maÄji obraz, maÄka, obraz
ğŸˆ domaÄi ljubljenÄek, maÄka
ğŸˆâ€â¬› Ärna, maÄka, smola
ğŸ¦ lev, obraz, zodiak
ğŸ¯ obraz, tiger, tigrov obraz
ğŸ… tiger
ğŸ† leopard
ğŸ´ konj, konjev obraz, obraz
ğŸ dirkanje, konj, konjske dirke
ğŸ¦„ obraz, samorog
ğŸ¦“ zebra
ğŸ¦Œ jelen, Å¾ival
ğŸ¦¬ bivol, bizon, Äreda, zober
ğŸ® krava, kravji obraz, obraz
ğŸ‚ bik, vol, zodiak
ğŸƒ bivol, voda, vodni bivol
ğŸ„ krava
ğŸ· obraz, praÅ¡iÄ, praÅ¡iÄji obraz
ğŸ– praÅ¡iÄ, svinja
ğŸ— divja svinja, divji, praÅ¡iÄ
ğŸ½ obraz, praÅ¡iÄ, praÅ¡iÄji rilec, rilec
ğŸ ovca, oven, zodiak
ğŸ‘ ovca, ovÄka
ğŸ koza, kozorog, zodiak
ğŸª dromedar, grba, kamela
ğŸ« dvogrba kamela, dvogrbo, grba, kamela
ğŸ¦™ alpaka, gvanako, lama, vikunja, volna
ğŸ¦’ Å¾irafa
ğŸ˜ slon
ğŸ¦£ izumrtje, mamut, okel, velik, volnatost
ğŸ¦ nosorog, Å¾ival
ğŸ¦› hipo, povodni konj
ğŸ­ miÅ¡, miÅ¡ji obraz, obraz
ğŸ miÅ¡, miÅ¡ka
ğŸ€ podgana
ğŸ¹ domaÄi ljubljenÄek, hrÄek, obraz
ğŸ° domaÄi ljubljenÄek, obraz, zajÄek, zajÄji obraz, zajec
ğŸ‡ domaÄi ljubljenÄek, zajÄek, zajec
ğŸ¿ progasta veverica, veverica
ğŸ¦« bober, jez
ğŸ¦” jeÅ¾
ğŸ¦‡ netopir, Å¾ival
ğŸ» medved, obraz
ğŸ»â€â„ beli, medved, polarni, severni medved
ğŸ¨ koala, medved
ğŸ¼ obraz, panda
ğŸ¦¥ len, lenivec, poÄasen, zaspan
ğŸ¦¦ igriva, lovi ribe, vidra
ğŸ¦¨ skunk, smrdi
ğŸ¦˜ Avstralija, kenguru, mlad kenguru, skok, vreÄar
ğŸ¦¡ jazbec, medarski jazbec, nadloga
ğŸ¾ odtis, odtisi tac, Å¡apa, tace
ğŸ¦ƒ puran
ğŸ” kokoÅ¡, kokoÅ¡ka, kura
ğŸ“ petelin
ğŸ£ mladiÄ, piÅ¡ÄanÄek, piÅ¡Äe, ki se izvali, valjenje
ğŸ¤ mladiÄ, piÅ¡ÄanÄek, valjenje
ğŸ¥ mladiÄ, piÅ¡ÄanÄek, piÅ¡ÄanÄek, gleda naprej
ğŸ¦ ptiÄ, ptica, ptiÄek
ğŸ§ pingvin
ğŸ•Š golobica, leteti, mir, ptiÄ
ğŸ¦… orel, ptica
ğŸ¦† ptica, raca
ğŸ¦¢ grdi raÄek, labod, mlad labod, ptica
ğŸ¦‰ pamet, ptica, sova
ğŸ¦¤ dodo, izumrtje, Mavricij, velik
ğŸª¶ lahek, letenje, perje, pero, ptica
ğŸ¦© flamingo, nastopaÅ¡ki, tropski, vpadljiv
ğŸ¦š bahava, pav, pavica, ponosna, ptica
ğŸ¦œ govor, papagaj, pirat, ptiÄ
ğŸ¸ obraz, Å¾aba
ğŸŠ krokodil
ğŸ¢ Å¾elva
ğŸ¦ kuÅ¡Äar, plazilec
ğŸ kaÄa, kaÄenosec, prinaÅ¡alec, zodiak
ğŸ² obraz, pravljica, zmaj, zmajski obraz
ğŸ‰ pravljica, zmaj
ğŸ¦• brahiozaver, brontozaver, diplodok, zavropod
ğŸ¦– tiranozaver
ğŸ³ brizganje, kit, kit, ki brizga vodo, obraz
ğŸ‹ kit
ğŸ¬ delfin, fliper
ğŸ¦­ morski lev, tjulenj
ğŸŸ riba, ribi, zodiak
ğŸ  riba, tropska riba, tropsko
ğŸ¡ riba, riba napihovalka, tropsko
ğŸ¦ˆ morski pes, riba
ğŸ™ hobotnica
ğŸš Å¡koljka, spiralna Å¡koljka, spiralno
ğŸŒ polÅ¾
ğŸ¦‹ insekt, lep, metulj
ğŸ› Å¾uÅ¾elka
ğŸœ mravlja, Å¾uÅ¾elka
ğŸ Äebela, Å¾uÅ¾elka
ğŸª² hroÅ¡Ä, insekt, Å¾uÅ¾elka
ğŸ hroÅ¡Ä, pikapolonica, Å¾uÅ¾elka
ğŸ¦— muren
ğŸª³ Å¡Äurek, Å¾uÅ¾elka
ğŸ•· pajek, Å¾uÅ¾elka
ğŸ•¸ mreÅ¾a, pajek, pajkova mreÅ¾a
ğŸ¦‚ Å¡korpijon, zodiak
ğŸ¦Ÿ bolezen, insekt, komar, malarija, mrzlica, virus
ğŸª° bolezen, domaÄa muha, gnitje, liÄinka, muha, muha cece, obad
ğŸª± Ärv, deÅ¾evnik, kolobarnik, zajedavec
ğŸ¦  ameba, bakterija, mikrob, virus
ğŸ’ rastlina, romanca, roÅ¾a, Å¡opek
ğŸŒ¸ ÄeÅ¡nja, ÄeÅ¡njev cvet, cvet, rastlina, roÅ¾a
ğŸ’® bela cvetlica, roÅ¾a
ğŸµ rastlina, rozeta
ğŸŒ¹ rastlina, roÅ¾a, vrtnica
ğŸ¥€ ovenela, roÅ¾a
ğŸŒº hibiskus, rastlina, roÅ¾a
ğŸŒ» rastlina, roÅ¾a, sonce, sonÄnica
ğŸŒ¼ cvet, rastlina, roÅ¾a
ğŸŒ· rastlina, roÅ¾a, tulipan
ğŸŒ± mlado, rastlina, sadika
ğŸª´ dolgÄas, gojenje, hiÅ¡a, lonÄnica, neuporabno, rasti, rastlina
ğŸŒ² drevo, rastlina, zimzeleno drevo
ğŸŒ³ drevo, listnato, odpadanje, rastlina
ğŸŒ´ drevo, palma, rastlina
ğŸŒµ kaktus, rastlina
ğŸŒ¾ klas, rastlina, riÅ¾, snop riÅ¾a
ğŸŒ¿ list, rastlina, zeliÅ¡Äe
â˜˜ deteljica, rastlina
ğŸ€ 4, detelja, list, rastlina, Å¡tiri, Å¡tiriperesna deteljica
ğŸ javor, javorov list, list, padanje, rastlina
ğŸ‚ list, padanje, padlo listje, rastlina
ğŸƒ list, listje, ki se vrtinÄi v vetru, pihati, rastlina, veter, vrtinÄiti se
ğŸ‡ grozd, grozdje, rastlina, sadje
ğŸˆ melona, rastlina, sadje
ğŸ‰ lubenica, rastlina, sadje
ğŸŠ mandarina, pomaranÄa, rastlina, sadje
ğŸ‹ agrum, limona, rastlina, sadje
ğŸŒ banana, rastlina, sadje
ğŸ ananas, rastlina, sadje
ğŸ¥­ mango, sadeÅ¾, tropski
ğŸ jabolko, rastlina, rdeÄe, sadje
ğŸ jabolko, rastlina, sadje, zeleno
ğŸ hruÅ¡ka, rastlina, sadje
ğŸ‘ breskev, rastlina, sadje
ğŸ’ ÄeÅ¡nja, ÄeÅ¡nje, rastlina, sadje
ğŸ“ jagoda, rastina, sadje
ğŸ« borovnica, borovnice, Ärnica, jagoda, modra
ğŸ¥ hrana, kivi, sadje
ğŸ… paradiÅ¾nik, rastlina, zelenjava
ğŸ«’ hrana, oliva
ğŸ¥¥ kokos
ğŸ¥‘ avokado, hrana, sadje
ğŸ† jajÄevec, rastlina, zelenjava
ğŸ¥” hrana, krompir, zelenjava
ğŸ¥• hrana, korenje, zelenjava
ğŸŒ½ klas, koruza, koruzni storÅ¾, rastlina
ğŸŒ¶ feferon, paprika, pekoÄe
ğŸ«‘ babura, capsicum, paprika, zelenjava
ğŸ¥’ hrana, kumara, zelenjava
ğŸ¥¬ kitajsko zelje, listnato zelena, listni ohrovt, solata, zelje
ğŸ¥¦ brokoli
ğŸ§„ aromatiÄno, Äesen, diÅ¡avnica, zaÄimba
ğŸ§… aromatiÄno, Äebula, solzenje
ğŸ„ goba, rastlina
ğŸ¥œ araÅ¡id, araÅ¡idi, hrana, oreÅ¡ki, zelenjava
ğŸŒ° kostanj, rastlina
ğŸ kruh, Å¡truca
ğŸ¥ francoski, hrana, pecivo, rogljiÄ
ğŸ¥– bageta, francoska, hrana, kruh
ğŸ«“ arepa, indijski kruh, lavaÅ¡, naan, pita
ğŸ¥¨ presta
ğŸ¥¯ bagel, namaz, pekarna
ğŸ¥ hrana, palaÄinke
ğŸ§‡ oblat, pecivo, vafelj
ğŸ§€ kos sira, sir
ğŸ– kost, meso, meso s kostjo
ğŸ— bedro, kost, perutnina, piÅ¡ÄanÄje bedro, piÅ¡Äanec
ğŸ¥© kos mesa
ğŸ¥“ hrana, meso, slanina
ğŸ” hamburger
ğŸŸ krompirÄek, ocvrt krompirÄek, pomfrit
ğŸ• pica, rezina, sir
ğŸŒ­ hot dog, hrenovka
ğŸ¥ª sendviÄ
ğŸŒ® mehiÅ¡ki prigrizek, taco
ğŸŒ¯ burito, mehiÅ¡ki prigrizek
ğŸ«” mehiÅ¡ka, tamale, zavitek
ğŸ¥™ falafel, gyros, hrana, kebab, nadev
ğŸ§† ÄiÄerika, falafel, kroglica
ğŸ¥š hrana, jajca, jajce
ğŸ³ cvrtje, jajce, kuhanje, ponev
ğŸ¥˜ hrana, kozica, kozica s hrano, paella, ponev
ğŸ² obara, skodelica, skodelica hrane
ğŸ«• Äokolada, fondi, lonÄek, sir, stopljena, Å¡vicarski
ğŸ¥£ skodelica z Å¾lico
ğŸ¥— hrana, solata, zelena
ğŸ¿ kokice, pokovka
ğŸ§ˆ maslo, mleÄni izdelek, mleÄno
ğŸ§‚ sol, solnica, zaÄimba
ğŸ¥« konzervirana hrana
ğŸ± bento, japonsko, malica, posoda, posoda za malico bento
ğŸ˜ kreker, riÅ¾, riÅ¾ev kreker
ğŸ™ japonsko, kroglica, riÅ¾, riÅ¾eva kroglica
ğŸš kuhan riÅ¾, kuhano, riÅ¾
ğŸ› kari, riÅ¾, riÅ¾ s karijem
ğŸœ ramen, rezanci, skleda, skleda rezancev, vrelo
ğŸ Å¡pageti, testenine
ğŸ  krompir, peÄeni sladki krompir, peÄeno, sladko
ğŸ¢ kebab, morska hrana, oden, paliÄica, Å¡pila
ğŸ£ suÅ¡i
ğŸ¤ kozica, ocvrt rakec, ocvrto, rakec, tempura
ğŸ¥ kolaÄ, pecivo, riba, ribji kolaÄ s spiralo, spirala
ğŸ¥® festival, jesen, lunina torta, yuebing
ğŸ¡ dango, japonsko, paliÄica, posladek, sladko, Å¡pila
ğŸ¥Ÿ cmok
ğŸ¥  piÅ¡kotek sreÄe
ğŸ¥¡ embalaÅ¾a za hrano, kartonska embalaÅ¾a za hrano
ğŸ¦€ rak, rakovica, zodiak
ğŸ¦ jastog, kleÅ¡Äe, kremna juha, morska hrana
ğŸ¦ hrana, kozica, morski rakec, rak, Å¡kamp
ğŸ¦‘ hrana, ligenj, mehkuÅ¾ec
ğŸ¦ª biser, ostriga, potapljanje, Å¡koljka
ğŸ¦ krema, led, mehko, posladek, rahel sladoled, sladko, sladoled
ğŸ§ led, nastrgan led, nastrgano, posladek, sladko
ğŸ¨ krema, led, posladek, sladko, sladoled
ğŸ© krof, posladek, sladko
ğŸª piÅ¡kot, posladek, sladko
ğŸ‚ pecivo, posladek, rojstni dan, rojstnodnevna torta, sladko, slavje, torta
ğŸ° krhek kolaÄ, pecivo, posladek, rezina, sladko, torta
ğŸ§ kolaÄek, pekarna, posladek
ğŸ¥§ pita
ğŸ« Äokolada, posladek, sladko, tablica, tablica Äokolade
ğŸ¬ bonbon, posladek, sladko
ğŸ­ lizika, posladek, sladkarija, sladko
ğŸ® posladek, puding, sladko, vanilijev puding
ğŸ¯ kozarec za med, lonÄek, med, sladko, vrÄ medu
ğŸ¼ dojenÄek, mleko, piti, steklenica, stekleniÄka
ğŸ¥› kozarec, kozarec mleka, mleko, pijaÄa
â˜• Äaj, kava, napitek, piti, vrelo, vroÄ napitek, vroÄe
ğŸ«– Äaj, Äajnik, pijaÄa, vrÄ
ğŸµ Äaj, Äajna skodelica brez roÄaja, napitek, piti, skodelica, skodelica Äaja
ğŸ¶ bar, napitek, pijaÄa, sake, skodelica, steklenica
ğŸ¾ bar, odleteti, odpiranje penine, pijaÄa, steklenica, zamaÅ¡ek
ğŸ· bar, napitek, pijaÄa, steklenica, vino, vinski kozarec
ğŸ¸ bar, koktajl, kozarec, kozarec za koktajl, pijaÄa
ğŸ¹ bar, pijaÄa, tropska pijaÄa, tropsko
ğŸº bar, pijaÄa, pivo, vrÄek, vrÄek za pivo
ğŸ» bar, nazdravljanje z vrÄkoma za pivo, pijaÄa, pivo, trkanje, vrÄek
ğŸ¥‚ nazdravljanje, pijaÄa, praznovanje, trkanje
ğŸ¥ƒ kozarec, kozarec Å¾gane pijaÄe, merica, viski, Å¾gane pijaÄe
ğŸ¥¤ kozarec s slamico
ğŸ§‹ biser, Äaj, Äaj s kroglicami, mleko, pena
ğŸ§ƒ tetrapak s pijaÄo, tetrapak s sokom
ğŸ§‰ mate Äaj, napitek, pijaÄa
ğŸ§Š hladno, ledena kocka, ledeno, ohladitev
ğŸ¥¢ jedilne paliÄice
ğŸ½ kroÅ¾nik, kuhanje, noÅ¾, vilice, vilice, noÅ¾ in kroÅ¾nik
ğŸ´ kuhanje, noÅ¾, vilice, vilice in noÅ¾
ğŸ¥„ pribor, Å¾lica
ğŸ”ª hocho, kuhanje, kuhinjski noÅ¾, noÅ¾, orodje, oroÅ¾je
ğŸº amfora, kuhanje, orodje, oroÅ¾je, pijaÄa, vodnar, vrÄ, zodiak
ğŸŒ Afrika, Evropa, globus, globus z Evropo in Afriko, svet, zemlja
ğŸŒ Ameriki, globus, globus s Severno in JuÅ¾no Ameriko, svet, zemlja
ğŸŒ Avstralija, Azija, globus, globus z Azijo in Avstralijo, svet, zemlja
ğŸŒ globus, globus s poldnevniki, poldnevniki, svet, zemlja
ğŸ—º svet, zemljevid, zemljevid sveta
ğŸ—¾ Japonska, zemljevid, zemljevid Japonske
ğŸ§­ kompas, magnet, navigacija, orientacija
ğŸ” gora, hladno, sneg, zasneÅ¾ena gora
â›° gora
ğŸŒ‹ gora, izbruh, vreme, vulkan
ğŸ—» Fuji, gora
ğŸ• kampiranje, Å¡otor
ğŸ– plaÅ¾a, plaÅ¾a s senÄnikom, senÄnik
ğŸœ puÅ¡Äava
ğŸ otok, puÅ¡Äava, samotni otok
ğŸ nacionalni park, park
ğŸŸ stadion
ğŸ› klasiÄna zgradba, klasiÄno, zgradba
ğŸ— gradbiÅ¡Äe, gradnja, zgradba
ğŸ§± glina, malta, opeka, opeke, zid
ğŸª¨ kamen, peÄina, skala, teÅ¾ek, trd
ğŸªµ bruna, debla, klada, les
ğŸ›– hiÅ¡a, jurta, koÄa, okrogla hiÅ¡a
ğŸ˜ hiÅ¡a, hiÅ¡e, zgradba
ğŸš hiÅ¡a, zapuÅ¡Äena hiÅ¡a, zapuÅ¡Äeno, zgradba
ğŸ  dom, hiÅ¡a, zgradba
ğŸ¡ dom, hiÅ¡a, hiÅ¡a z vrtom, vrt, zgradba
ğŸ¢ poslovna stavba, zgradba
ğŸ£ japonska poÅ¡ta, japonsko, poÅ¡ta, zgradba
ğŸ¤ evropsko, poÅ¡ta, zgradba
ğŸ¥ bolniÅ¡nica, zdravilo, zdravnik, zgradba
ğŸ¦ banka, zgradba
ğŸ¨ hotel, zgradba
ğŸ© hotel, ljubezen, ljubezenski hotel, zgradba
ğŸª hotel, komfort, trgovina, trgovina z meÅ¡anim blagom
ğŸ« Å¡ola, zgradba
ğŸ¬ blago, trgovina, veleblagovnica, zgradba
ğŸ­ tovarna, zgradba
ğŸ¯ grad, japonski grad, japonsko, zgradba
ğŸ° evropsko, grad, zgradba
ğŸ’’ kapela, poroÄna kapela, romanca
ğŸ—¼ stolp, tokijski stolp, Tokio
ğŸ—½ kip, kip svobode, svoboda
â›ª cerkev, kriÅ¾, krÅ¡Äansko, vera, zgradba
ğŸ•Œ islam, moÅ¡eja, muslimansko, vera
ğŸ›• hindu, hindujski tempelj, tempelj
ğŸ• jud, judovsko, sinagoga, tempelj, vera
â›© Å¡into, Å¡intoistiÄno svetiÅ¡Äe, svetiÅ¡Äe, vera
ğŸ•‹ islam, kaaba, muslimansko, vera
â›² fontana, vodnjak
â›º Å¡otor, taborjenje
ğŸŒ megla, megleno, vreme
ğŸŒƒ noÄ, vreme, zvezda, zvezdnata noÄ
ğŸ™ mestna pokrajina, mesto, zgradba
ğŸŒ„ gora, jutro, sonce, sonÄni vzhod, sonÄni vzhod v gorah, vreme
ğŸŒ… jutro, sonce, sonÄni vzhod, vreme
ğŸŒ† mestna pokrajina v mraku, mesto, mrak, pokrajina, sonce, sonÄni zahod, veÄer, vreme, zgradba
ğŸŒ‡ mrak, sonce, sonÄni zahod, vreme, zgradba
ğŸŒ‰ most, most ponoÄi, noÄ, vreme
â™¨ izvir, termalni vrelec, vrelec, vrelo, vroÄe
ğŸ  konj, konj na vrtiljaku, vrtiljak
ğŸ¡ lunapark, panoramsko kolo
ğŸ¢ lunapark, vlak smrti, vlakec smrti
ğŸ’ˆ brivec, brivski izvesek, izvesek, striÅ¾enje
ğŸª cirkus, cirkuÅ¡ki Å¡otor, Å¡otor
ğŸš‚ lokomotiva, para, stroj, vlak, vozilo, Å¾eleznica
ğŸšƒ avtomobil, elektriÄno, tramvaj, trolejbus, vlak, vozilo, Å¾eleznica, Å¾elezniÅ¡ki vagon
ğŸš„ hitri vlak, hitrost, shinkansen, vlak, vozilo, Å¾eleznica
ğŸš… hitri vlak s koniÄastim nosom, hitrost, koniÄast nos, shinkansen, vlak, vozilo, Å¾eleznica
ğŸš† vlak, vozilo, Å¾eleznica
ğŸš‡ podzemna Å¾eleznica, podzemni vlak, vozilo
ğŸšˆ ozkotirna Å¾eleznica, vozilo, Å¾eleznica
ğŸš‰ postaja, vlak, vozilo, Å¾eleznica
ğŸšŠ tramvaj, trolejbus, vozilo
ğŸš enotirna Å¾eleznica, vozilo
ğŸš avto, gora, gorska Å¾eleznica, vozilo, Å¾eleznica
ğŸš‹ tramvaj, trolejbus, vagon, vagon tramvaja, vozilo
ğŸšŒ avtobus, vozilo
ğŸš avtobus, prihajajoÄe, prihajajoÄi avtobus, vozilo
ğŸš avtobus, tramvaj, trolejbus, vozilo
ğŸš avtobus, minibus, vozilo
ğŸš‘ reÅ¡evalno vozilo, vozilo
ğŸš’ avto, gasilsko, poÅ¾ar, vozilo
ğŸš“ avto, patruljno, policija, policijsko vozilo, vozilo
ğŸš” avto, policija, prihajajoÄe, prihajajoÄe policijsko vozilo, vozilo
ğŸš• taksi, vozilo
ğŸš– prihajajoÄe, prihajajoÄi taksi, taksi, vozilo
ğŸš— avto, avtomobil, vozilo
ğŸš˜ avto, avtomobil, prihajajoÄe, prihajajoÄi avtomobil, vozilo
ğŸš™ cestni terenec, prostoÄasno, vozilo
ğŸ›» pick-up, pickup, poltovornjak
ğŸšš dostavno, poltovornjak, vozilo
ğŸš› kamion, polpriklopnik, tovornjak, tovornjak s prikolico, vozilo
ğŸšœ traktor, vozilo
ğŸ avto, dirkalnik, dirkanje
ğŸ dirkanje, motor
ğŸ›µ motor, skuter
ğŸ¦½ invalid, roÄni invalidski voziÄek
ğŸ¦¼ invalid, motoriziran invalidski voziÄek
ğŸ›º rikÅ¡a z motorjem, tuk tuk
ğŸš² kolo, vozilo
ğŸ›´ poganjanje, skiro
ğŸ›¹ deska, rolka
ğŸ›¼ kotalka, kotalke, roler
ğŸš avtobus, avtobusna postaja, avtobusno postajaliÅ¡Äe, postajaliÅ¡Äe
ğŸ›£ avtocesta, cesta
ğŸ›¤ vlak, Å¾eleznica, Å¾elezniÅ¡ka proga
ğŸ›¢ nafta, naftni sod, sod
â›½ bencin, Ärpalka, Ärpalka za gorivo, gorivo, servis
ğŸš¨ avto, luÄ, policija, policijska luÄ, rotacijska luÄ, vozilo, vrteÄe
ğŸš¥ luÄ, promet, semafor, vodoravni semafor
ğŸš¦ luÄ, navpiÄni semafor, promet, semafor
ğŸ›‘ osemkotnik, stop, znak
ğŸš§ prepreka, zaprto zaradi gradnje
âš“ ladja, orodje, sidro
â›µ Äoln, jadrnica, jahta, letoviÅ¡Äe, morje, vozilo
ğŸ›¶ Äoln, kanu
ğŸš¤ Äoln, gliser, vozilo
ğŸ›³ ladja, potnik, potniÅ¡ka ladja, vozilo
â›´ ladja, trajekt
ğŸ›¥ ladja, motorni Äoln, vozilo
ğŸš¢ ladja, vozilo
âœˆ letalo, vozilo
ğŸ›© letalo, manjÅ¡e letalo, vozilo
ğŸ›« letalo, odhod, odhod letala, odhodi, prijava, vozilo
ğŸ›¬ letalo, prihod, prihod letala, prihodi, pristanek, vozilo
ğŸª‚ jadralni zmaj, jadralno padalo, padalo, parasailing, skok s padalom
ğŸ’º sedeÅ¾, stol
ğŸš helikopter, vozilo
ğŸšŸ viseÄa Å¾eleznica, viseÄe, vozilo, Å¾eleznica
ğŸš  gondola, gora, jeklena vrv, nihalka, vozilo
ğŸš¡ gondola, jeklena vrv, tramvaj, vagon, vozilo, Å¾iÄnica, zraÄno
ğŸ›° satelit, vesolje, vozilo
ğŸš€ raketa, vesolje, vozilo
ğŸ›¸ leteÄi kroÅ¾nik
ğŸ› hotel, hotelski zvonec, portir, zvonec
ğŸ§³ pakiranje, potovanje, prtljaga
âŒ› Äasovnik, peÅ¡Äena ura, pesek
â³ Äasovnik, peÅ¡Äena ura, peÅ¡Äena ura, ki teÄe, pesek
âŒš roÄna ura, ura
â° alarm, budilka, ura
â± Å¡toparica, ura
â² Äasovnik, ura
ğŸ•° ura, ura za na okvir kamina
ğŸ•› 00, 12, dvanajst, poldne, ura
ğŸ•§ 12, 12.30, 30, dvanajst, ena, pol, pol enih, ura
ğŸ• 00, 1, 1.00, ena, ura, ura je ena
ğŸ•œ 1, 1.30, 30, dve, ena, pol, pol dveh, ura
ğŸ•‘ 00, 2, 2.00, dve, ura, ura je dve
ğŸ• 2, 2.30, 30, dve, pol, pol treh, tri, ura
ğŸ•’ 00, 3, 3.00, tri, ura, ura je tri
ğŸ• 3, 3.30, 30, pol, pol Å¡tirih, Å¡tiri, tri, ura
ğŸ•“ 00, 4, 4.00, Å¡tiri, ura, ura je Å¡tiri
ğŸ•Ÿ 30, 4, 4.30, pet, pol, pol petih, Å¡tiri, ura
ğŸ•” 00, 5, 5.00, pet, ura, ura je pet
ğŸ•  30, 5, 5.30, pet, pol, pol Å¡estih, Å¡est, ura
ğŸ•• 00, 6, 6.00, Å¡est, ura, ura je Å¡est
ğŸ•¡ 30, 6, 6.30, pol, pol sedmih, sedem, Å¡est, ura
ğŸ•– 00, 7, 7.00, sedem, ura, ura je sedem
ğŸ•¢ 30, 7, 7.30, osem, pol, pol osmih, sedem, ura
ğŸ•— 00, 8, 8.00, osem, ura, ura je osem
ğŸ•£ 30, 8, 8.30, devet, osem, pol, pol devetih, ura
ğŸ•˜ 00, 9, 9.00, devet, ura, ura je devet
ğŸ•¤ 30, 9, 9.30, deset, devet, pol, pol desetih, ura
ğŸ•™ 00, 10, 10.00, deset, ura, ura je deset
ğŸ•¥ 10, 10.30, 30, deset, enajst, pol, pol enajstih, ura
ğŸ•š 00, 11, 11.00, enajst, ura, ura je enajst
ğŸ•¦ 11, 11.30, 30, dvanajst, enajst, pol, pol dvanajstih, ura
ğŸŒ‘ luna, mlada luna, tema, vesolje, vreme
ğŸŒ’ krajec, luna, prvi, vesolje, vreme
ğŸŒ“ Äetrt, luna, poloviÄno osvetljena luna v prvem krajcu, vesolje, vreme
ğŸŒ” luna, poloviÄno, prvi, veÄ kot poloviÄno osvetljen prvi krajec, vesolje, vreme
ğŸŒ• luna, polna luna, polno, vesolje, vreme
ğŸŒ– luna, poloviÄno, veÄ kot poloviÄno osvetljen zadnji krajec, vesolje, vreme, zadnji
ğŸŒ— Äetrt, luna, poloviÄno osvetljena luna v zadnjem krajcu, vesolje, vreme
ğŸŒ˜ krajec, luna, vesolje, vreme, zadnji
ğŸŒ™ krajec, luna, lunin srp, vesolje, vreme
ğŸŒš luna, mlada luna z obrazom, obraz, vesolje, vreme
ğŸŒ› Äetrt, luna, obraz, poloviÄno osvetljena luna v prvem krajcu z obrazom, vesolje, vreme
ğŸŒœ Äetrt, luna, obraz, poloviÄno osvetljena luna v zadnjem krajcu z obrazom, vesolje, vreme
ğŸŒ¡ termometer, vreme
â˜€ sonce, sonÄno, svetlo, vesolje, vreme, Å¾arki
ğŸŒ luna, obraz, polna luna z obrazom, polno, svetlo, vesolje, vreme
ğŸŒ obraz, sonce, sonce z obrazom, svetlo, vesolje, vreme
ğŸª planet z obroÄem, saturn, saturnov obroÄ
â­ bela srednja zvezda, zvezda
ğŸŒŸ bleÅ¡ÄeÄe, lesketanje, sijanje, Å¾ar, Å¾areÄa zvezda, zvezda
ğŸŒ  padanje, repatica, utrinek, vesolje, zvezda
ğŸŒŒ rimska cesta, vesolje, vreme
â˜ oblak, vreme
â›… oblak, sonce, sonce za oblakom, vreme
â›ˆ deÅ¾, oblak, oblak s strelo in deÅ¾jem, strela, vreme
ğŸŒ¤ oblak, sonce, sonce za oblaÄkom, vreme
ğŸŒ¥ oblak, sonce, sonce za velikim oblakom, vreme
ğŸŒ¦ deÅ¾, oblak, sonce, sonce za oblakom z deÅ¾jem, vreme
ğŸŒ§ deÅ¾, oblak, oblak z deÅ¾jem, vreme
ğŸŒ¨ mrzlo, oblak, oblak s snegom, sneg, vreme
ğŸŒ© oblak, oblak s strelo, strela, vreme
ğŸŒª oblak, tornado, vreme, vrtinec
ğŸŒ« megla, oblak, vreme
ğŸŒ¬ oblak, obraz, obraz, ki piha veter, pihati, veter, vreme
ğŸŒ€ ciklon, tajfun, tornado, vreme, vrtoglavica
ğŸŒˆ deÅ¾, mavrica, vreme
ğŸŒ‚ deÅ¾, deÅ¾nik, oblaÄila, vreme, zaprt deÅ¾nik
â˜‚ deÅ¾, deÅ¾nik, oblaÄila, vreme
â˜” deÅ¾, deÅ¾nik, deÅ¾nik z deÅ¾nimi kapljami, kaplja, oblaÄila, vreme
â›± deÅ¾, deÅ¾nik, deÅ¾nik na tleh, sonce, vreme
âš¡ elektriÄno, elektrika, napetost, nevarnost, strela, sunek, visoka napetost
â„ mrzlo, sneg, sneÅ¾inka, vreme
â˜ƒ mrzlo, sneg, sneÅ¾ak, vreme
â›„ mrzlo, sneg, sneÅ¾ak, sneÅ¾ak brez snega, vreme
â˜„ komet, vesolje
ğŸ”¥ ogenj, orodje, plamen
ğŸ’§ kaplja, kapljica, mrzlo, pot, strip, vreme
ğŸŒŠ morje, val, voda, vodni val, vreme
ğŸƒ buÄa, izrezljana buÄa, laterna, noÄ Äarovnic, slavje
ğŸ„ boÅ¾iÄ, dreveÅ¡Äek, jelka, slavje
ğŸ† ognjemet, slavje
ğŸ‡ iskrenje, ognjemet, sibirska luÄka, slavje
ğŸ§¨ dinamit, eksploziv, ognjemet, petarda
âœ¨ *, iskrenje, iskrice, zvezda
ğŸˆ balon, slavje
ğŸ‰ pokalica, pokalica za zabave, slavje, zabava
ğŸŠ konfeti, krogla, slavje
ğŸ‹ drevo, drevo za tanabato, japonsko, pasica, slavje
ğŸ bambus, bor, japonsko, okrasitev bora, rastlina, slavje
ğŸ festival, japonski lutki, japonsko, lutka, slavje
ğŸ barvno, riba, slavje, trak, zastavni trak z ribama
ğŸ slavje, veter, vetrni zvonÄki, zvonÄek, zvonec
ğŸ‘ luna, lunino slavje, obred, slavje
ğŸ§§ darilo, denar, hÃ³ngbÄo, lai see, rdeÄa ovojnica, sreÄa
ğŸ€ pentlja, slavje
ğŸ dar, darilo, Å¡katla, slavje, zavito
ğŸ— pentlja, simbol, simbolna pentlja, slavje
ğŸŸ vstopnica, vstopnice, vstopnina
ğŸ« vstopnica, vstopnina
ğŸ– odlikovanje, slavje, vojaÅ¡ko
ğŸ† nagrada, trofeja
ğŸ… medalja, Å¡portna medalja
ğŸ¥‡ medalja, prvo mesto, zlata medalja, zlato
ğŸ¥ˆ drugo mesto, medalja, srebrna medalja, srebro
ğŸ¥‰ bron, bronasta medalja, medalja, tretje mesto
âš½ nogomet, nogometna Å¾oga, Å¾oga
âš¾ Å¾oga, Å¾ogica za baseball
ğŸ¥ pod roko, rokavica, Å¾oga, Å¾oga za softball
ğŸ€ koÅ¡, koÅ¡arkarska Å¾oga, obroÄ, Å¾oga
ğŸ igra, Å¾oga, Å¾oga za odbojko
ğŸˆ ameriÅ¡ko, nogomet, Å¾oga, Å¾oga za ameriÅ¡ki nogomet
ğŸ‰ nogomet, ragbi, Å¾oga, Å¾oga za ragbi
ğŸ¾ lopar, tenis, Å¾oga
ğŸ¥ frizbi, najboljÅ¡i
ğŸ³ igra, kegljanje, krogla
ğŸ igra, kij, kriket, Å¾ogica
ğŸ‘ hokej, hokej na travi, igra, palica, polje, Å¾ogica
ğŸ’ hokej, hokejska palica in ploÅ¡Äek, igra, led, palica, ploÅ¡Äek
ğŸ¥ gol, lacrosse, palica, Å¾oga
ğŸ“ igra, kij, lopar, namizni tenis, Å¾ogica
ğŸ¸ badminton, igra, lopar, perjanica, Å¾ogica
ğŸ¥Š boks, boksarska rokavica, rokavica, Å¡port
ğŸ¥‹ borilne veÅ¡Äine, judo, karate, kimono za borilne Å¡porte, Å¡port, taekwondo, uniforma
ğŸ¥… gol, mreÅ¾a, Å¡port
â›³ golf, luknja, zastavica v luknji
â›¸ drsalka, drsati, led
ğŸ£ palica, riba, ribiÅ¡ka palica
ğŸ¤¿ na dah, potapljanje, potapljaÅ¡ka maska, snorkljanje
ğŸ½ lenta, majica, tek, tekaÅ¡ka majica
ğŸ¿ smuÄati, smuÄke, sneg
ğŸ›· sanke
ğŸ¥Œ curling
ğŸ¯ igra, pikado, srediÅ¡Äe, zadetek, zadetek v polno
ğŸª€ igraÄa, jojo, nihanje, proÄ sem
ğŸª jadrati, leteti, zmaj (igraÄa)
ğŸ± 8, biljard, igra, krogla, osmica
ğŸ”® fantazija, kristalna, krogla, orodje, pravljica, prerokba
ğŸª„ Äarobna palica, Äarovnica, Äarovnija, Äarovnik
ğŸ§¿ amulet, amulet zlobno oko, koralda, nazar, talisman, zlobno oko
ğŸ® igra, krmilnik, videoigra
ğŸ•¹ igra, igralna palica, videoigra
ğŸ° avtomat, igra, igralni avtomat
ğŸ² igra, igralna kocka, kocka
ğŸ§© delÄek, delÄek sestavljanke, namig, prileganje, sestavljanka
ğŸ§¸ igraÄa, lutka, medvedek, pliÅ¡asta, polnjena
ğŸª… pinjata, praznovanje, zabava
ğŸª† babuÅ¡ka, gnezdenje, lutka, rusija
â™  barva, igra, karta, pik
â™¥ barva, igra, karta, srca, srce
â™¦ barva, kari igra, karo, karta
â™£ barva, igra, karta, kriÅ¾, kriÅ¾i
â™Ÿ kmet pri Å¡ahu, pogreÅ¡ljiv, Å¡ah, tepÄek
ğŸƒ igra, igranje, joker, karta
ğŸ€„ igra, mahjong, rdeÄe, rdeÄi zmaj v mahjongu
ğŸ´ igra, igranje, japonsko, karta, roÅ¾a, roÅ¾ne igralne karte
ğŸ­ gledaliÅ¡Äe, maska, nastopanje, scenske umetnosti, umetnost
ğŸ–¼ muzej, okvir, risba, slika, umetnost, uokvirjena slika
ğŸ¨ muzej, paleta, slika, slikarska paleta, umetnost
ğŸ§µ navitek, nit, Å¡ivanje, Å¡ivanka, sukanec
ğŸª¡ igla, krojenje, Å¡ivanje, Å¡ivanka, Å¡ivi, spoji, vezenje
ğŸ§¶ klobÄiÄ, kvaÄkanje, pletenje, preja
ğŸª¢ sukanec, vozel, vrv, vrvica, zanka
ğŸ‘“ oblaÄila, oÄala, oÄi
ğŸ•¶ oÄala, oÄi, sonÄna oÄala, temno
ğŸ¥½ plavanje, varjenje, zaÅ¡Äita oÄi, zaÅ¡Äitna oÄala
ğŸ¥¼ eksperiment, laboratorijska halja, zdravnik, znanstvenik
ğŸ¦º jopiÄ, reÅ¡evalni, v sili, varnostni jopiÄ
ğŸ‘” kravata, oblaÄila
ğŸ‘• kratka majica, majica, oblaÄila, srajca
ğŸ‘– hlaÄe, kavbojke, oblaÄila
ğŸ§£ Å¡al
ğŸ§¤ rokavice
ğŸ§¥ plaÅ¡Ä
ğŸ§¦ nogavice
ğŸ‘— oblaÄila, Å¾enska obleka
ğŸ‘˜ kimono, oblaÄila
ğŸ¥» oblaÄilo, obleka, ogrinjalo, sari
ğŸ©± enodelne kopalke, kopalna obleka, Å¾enske kopalke
ğŸ©² enodelno, kopalke, kopalno oblaÄilo, spodnje hlaÄe, spodnje perilo
ğŸ©³ kopalke, kopalne hlaÄe, kratke hlaÄe, spodnje perilo
ğŸ‘™ bikini, oblaÄila, plavati
ğŸ‘š oblaÄila, Å¾enska
ğŸ‘› drobiÅ¾nica, kovanec, oblaÄila
ğŸ‘œ oblaÄila, roÄna torbica, torbica
ğŸ‘ oblaÄila, torbica, veÄerna torbica
ğŸ› hotel, nakupovalni vreÄki, nakupovanje, torbica
ğŸ’ nahrbtnik, Å¡ola, Å¡olski nahrbtnik, torba
ğŸ©´ japonke, obuvalo za plaÅ¾o, sandali, sandali za plaÅ¾o, zÅri
ğŸ‘ Äevelj, moÅ¡ki, oblaÄila
ğŸ‘Ÿ Äevelj, oblaÄila, Å¡portno, superga, tekaÅ¡ki Äevelj
ğŸ¥¾ Äevelj, kampiranje, planinarjenje, pohodniÅ¡ki Äevelj, pohodniÅ¡tvo
ğŸ¥¿ balerinke, balernike, brez pete, natakniti
ğŸ‘  Äevelj, Äevelj z visoko peto, oblaÄila, peta, Å¾enska
ğŸ‘¡ Äevelj, oblaÄila, sandal, Å¾enska, Å¾enski sandali
ğŸ©° balet, baletni Äeveljci, ples
ğŸ‘¢ Äevelj, oblaÄila, Å¡korenj, Å¾enska, Å¾enski Å¡korenj
ğŸ‘‘ kralj, kraljica, krona, oblaÄila
ğŸ‘’ klobuk, oblaÄila, Å¾enska, Å¾enski klobuk
ğŸ© cilinder, klobuk, oblaÄila
ğŸ“ kapa, klobuk, matura, maturantska kapa, oblaÄila, slavje
ğŸ§¢ kapa s Å¡Äitom
ğŸª– armada, bojevnik, Äelada, vojak, vojaÅ¡ka Äelada, vojska
â›‘ Äelada, Äelada z belim kriÅ¾em, Äepica, kriÅ¾, obraz, pomoÄ
ğŸ“¿ koralde, molitev, oblaÄila, ogrlica, roÅ¾ni venec, vera
ğŸ’„ kozmetika, liÄila, Å¡minka
ğŸ’ diamant, prstan, romanca
ğŸ’ diamant, dragi kamen, dragulj, romanca
ğŸ”‡ brez zvoka, glasnost, tiho, ugasnjen zvoÄnik, zvoÄnik
ğŸ”ˆ glasnost, zvoÄnik pri nizki glasnosti
ğŸ”‰ glasnost, nizko, val, zvoÄnik, zvoÄnik pri zmerni glasnosti
ğŸ”Š glasno, zvoÄnik na glas
ğŸ“¢ glasnost, javna objava, javni zvoÄnik
ğŸ“£ megafon, skandiranje
ğŸ“¯ poÅ¡tni rog, poÅ¡tno, rog
ğŸ”” zvonec
ğŸ”• brez zvoka, molÄeÄe, ne, ni dovoljeno, preÄrtan zvonec, prepovedano, tiho, zvonec
ğŸ¼ glasba, partitura
ğŸµ glasba, glasbena nota, nota
ğŸ¶ glasba, glasbene note, nota, note
ğŸ™ glasba, mikrofon, studijski mikrofon, studio
ğŸš drsnik, drsnik za raven, glasba, raven
ğŸ› glasba, gumbi, kontrolni gumbi, kontrolnik
ğŸ¤ karaoke, mikrofon
ğŸ§ sluÅ¡alka, uÅ¡esna sluÅ¡alka
ğŸ“» glasba, radio
ğŸ· glasba, instrument, saksofon
ğŸª— harmonika, kromatiÄna harmonika, meh
ğŸ¸ glasba, glasbilo, kitara
ğŸ¹ glasba, glasbilo, klaviatura, klavir
ğŸº glasba, glasbilo, trobenta
ğŸ» glasba, glasbilo, violina
ğŸª• bendÅ¾o, brenkalo, glasba, glasbilo, strune
ğŸ¥ boben, glasba, tolkalo
ğŸª˜ boben, kongo, ritem, visok boben
ğŸ“± mobilni telefon, mobilnik, mobilno, telefon
ğŸ“² klic, mobilni telefon s puÅ¡Äico, mobilnik, mobilno, puÅ¡Äica, sprejeti, telefon
â˜ telefon
ğŸ“ sprejemnik, telefon, telefonska sluÅ¡alka
ğŸ“Ÿ pozivnik
ğŸ“  faks, telefaks
ğŸ”‹ baterija
ğŸ”Œ elektriÄni vtikaÄ, elektriÄno, elektrika, vtikaÄ
ğŸ’» osebno, prenosnik, raÄunalnik, sistem, windows
ğŸ–¥ namizni raÄunalnik, namizno, raÄunalnik
ğŸ–¨ raÄunalnik, tiskalnik
âŒ¨ raÄunalnik, tipkovnica
ğŸ–± raÄunalnik, raÄunalniÅ¡ka miÅ¡ka
ğŸ–² raÄunalnik, sledilna kroglica
ğŸ’½ disk, minidisk, optiÄno, raÄunalnik
ğŸ’¾ disk, disketa, raÄunalnik
ğŸ’¿ blu-ray, cd, disk, dvd, optiÄni disk, optiÄno, raÄunalnik
ğŸ“€ blu-ray, cd, disk, dvd, optiÄno, raÄunalnik
ğŸ§® abak, izraÄun
ğŸ¥ film, filmska kamera, kamera, kino
ğŸ film, filmski trak, kino, sliÄice
ğŸ“½ film, filmski projektor, kino, projektor, video
ğŸ¬ film, klapa
ğŸ“º televizija, tv, video
ğŸ“· fotoaparat, video
ğŸ“¸ bliskavica, fotoaparat, fotoaparat z bliskavico, video
ğŸ“¹ video, videokamera
ğŸ“¼ kaseta, vhs, video, videokaseta
ğŸ” iskanje, orodje, poveÄevalno, poveÄevalno steklo, usmerjeno v levo, steklo
ğŸ” iskanje, orodje, poveÄevalno, poveÄevalno steklo, usmerjeno v desno, steklo
ğŸ•¯ luÄ, sveÄa
ğŸ’¡ elektriÄno, luÄ, strip, zamisel, Å¾arnica
ğŸ”¦ elektriÄno, luÄ, orodje, svetilka
ğŸ® bar, japonsko, lampijon, luÄ, rdeÄe, rdeÄi lampijon
ğŸª” dyja, luÄka, olje, oljna luÄka, svetilka
ğŸ“” knjiga, okraÅ¡eno, platnica, zvezek, zvezek z okrasno platnico
ğŸ“• knjiga, zaprta knjiga, zaprto
ğŸ“– knjiga, odprta knjiga, odprto
ğŸ“— knjiga, zelena knjiga, zeleno
ğŸ“˜ knjiga, modra knjiga, modro
ğŸ“™ knjiga, oranÅ¾na knjiga, oranÅ¾no
ğŸ“š knjiga, knjige
ğŸ““ zvezek
ğŸ“’ zvezek, zvezek s spiralno vezavo
ğŸ“ƒ dokument, nagrbanÄiti se, stran, zvita stran
ğŸ“œ papir, zvitek
ğŸ“„ dokument, list s prikazano popisano stranjo, stran
ğŸ“° Äasopis, novice
ğŸ— Äasopis, novice, zvit Äasopis, zvito
ğŸ“‘ marker, oznaka, zavihki, zaznamek, zaznamki na straneh
ğŸ”– oznaka, zaznamek
ğŸ· etiketa, nalepka, oznaka
ğŸ’° denar, dolar, vreÄa, vreÄa denarja
ğŸª™ denar, kovanec, kovina, srebro, zaklad, zlato
ğŸ’´ apoen, banka, bankovec, bankovec za jen, denar, jen, valuta
ğŸ’µ apoen, banka, bankovec, denar, dolar, dolarski bankovec, valuta
ğŸ’¶ apoen, banka, bankovec, denar, evro, evrski bankovec, valuta
ğŸ’· apoen, banka, bankovec, bankovec za funt, denar, funt, valuta
ğŸ’¸ apoen, banka, bankovec, denar, denar s krili, dolar, krila, leteti, valuta
ğŸ’³ banka, denar, kartica, kreditna kartica, kreditno
ğŸ§¾ dokaz, dokazilo, knjigovodstvo, raÄun, raÄunovodstvo
ğŸ’¹ banka, denar, graf, grafikon, grafikon rasti za jen, jen, navzgor, rast, rasti, trend, trg, valuta
âœ‰ e-poÅ¡ta, ovojnica
ğŸ“§ e-poÅ¡ta, elektronska poÅ¡ta, pismo, poÅ¡ta
ğŸ“¨ dohodna ovojnica, dohodno, e-poÅ¡ta, elektronska poÅ¡ta, pismo, poÅ¡ta, prejeti
ğŸ“© e-poÅ¡ta, elektronska poÅ¡ta, kuverta, navzdol, odhodno, ovojnica s puÅ¡Äico, pismo, poslano, poÅ¡ta, puÅ¡Äica
ğŸ“¤ nabiralnik, odhodna poÅ¡ta, pismo, pladenj, pladenj za odhodno poÅ¡to, poslano, poÅ¡ta
ğŸ“¥ dohodna poÅ¡ta, nabiralnik, pismo, pladenj, pladenj za dohodno poÅ¡to, poÅ¡ta, prejeti
ğŸ“¦ nabiralnik, paket
ğŸ“« poÅ¡ta, poÅ¡tni nabiralnik, zaprt poÅ¡tni nabiralnik z dvignjeno zastavico, zaprto
ğŸ“ª poÅ¡ta, poÅ¡tni nabiralnik, spuÅ¡Äeno, zaprt poÅ¡tni nabiralnik s spuÅ¡Äeno zastavico, zaprto
ğŸ“¬ odprt poÅ¡tni nabiralnik z dvignjeno zastavico, odprto, poÅ¡ta, poÅ¡tni nabiralnik
ğŸ“­ odprt poÅ¡tni nabiralnik s spuÅ¡Äeno zastavico, odprto, poÅ¡ta, poÅ¡tni nabiralnik, spuÅ¡Äeno
ğŸ“® poÅ¡ta, poÅ¡tni nabiralnik
ğŸ—³ glasovnica, Å¡katla, Å¡katla za glasovanje z glasovnico
âœ pisalo, svinÄnik
âœ’ Ärna konica peresa, konica, pero
ğŸ–‹ nalivnik, pero
ğŸ–Š kemiÄni svinÄnik, nalivnik, nalivno pero
ğŸ–Œ barvanje, ÄopiÄ
ğŸ– barvica, voÅ¡Äenka
ğŸ“ svinÄnik, zapisek
ğŸ’¼ aktovka, kovÄek
ğŸ“ mapa, mapa za spise, spis
ğŸ“‚ mapa, odprta mapa za spise, odprto, spis
ğŸ—‚ kartica, kartoteka, kartoteke z vmesnimi listi, vmesni listi
ğŸ“… datum, koledar
ğŸ“† koledar, koledar z odstranljivimi listi
ğŸ—’ beleÅ¾ka, beleÅ¾nica, spirala, spiralna beleÅ¾nica
ğŸ—“ beleÅ¾ka, koledar, spirala, spiralni koledar
ğŸ“‡ kartica, kartoteka, organizator vizitk
ğŸ“ˆ graf, grafikon, grafikon rasti, navzgor, rast, trend
ğŸ“‰ graf, grafikon, grafikon padca, navzdol, trend
ğŸ“Š Ärtni grafikon, Ärtno, graf, grafikon
ğŸ“‹ podloÅ¾na mapa
ğŸ“Œ risalni Å¾ebljiÄek
ğŸ“ okrogli risalni Å¾ebljiÄek, risalni Å¾ebljiÄek
ğŸ“ sponka za papir
ğŸ–‡ povezani sponki, povezano, sponka
ğŸ“ merilo, ravnilo
ğŸ“ merilo, nastaviti, trikotnik, trikotno ravnilo
âœ‚ orodje, Å¡karje
ğŸ—ƒ dokumenti, Å¡katla, Å¡katla z dokumenti, spis
ğŸ—„ predalnik, predalnik za dokumente, spis
ğŸ—‘ koÅ¡ za smeti
ğŸ”’ kljuÄavnica, zaklenjena kljuÄavnica
ğŸ”“ kljuÄavnica, odkleniti, odklenjena kljuÄavnica, odprto
ğŸ” Ärnilo, kljuÄavnica, kljuÄavnica s peresom, konica, pero, zasebnost
ğŸ” kljuÄ, kljuÄavnica, varno, zaprta kljuÄavnica s kljuÄem, zaprto
ğŸ”‘ geslo, kljuÄ, kljuÄavnica
ğŸ— kljuÄ, kljuÄavnica, namig, star kljuÄ, staro
ğŸ”¨ kladivo, orodje
ğŸª“ cepljenje, drva, les, sekanje, sekira
â› kramp, orodje, rudarjenje
âš’ kladivo, kladivo in kramp, kramp, orodje
ğŸ›  kladivo, kladivo in kljuÄ, kljuÄ, orodje
ğŸ—¡ bodalo, noÅ¾, oroÅ¾je
âš” meÄi, oroÅ¾je, prekriÅ¾ana meÄa, prekriÅ¾ano
ğŸ”« orodje, oroÅ¾je, piÅ¡tola, revolver, vodna piÅ¡tola
ğŸªƒ avstralija, bumerang, udarec nazaj, vraÄanje
ğŸ¹ lok, lok in puÅ¡Äica, lokostrelec, orodje, oroÅ¾je, puÅ¡Äica, strelec, zodiak
ğŸ›¡ oroÅ¾je, Å¡Äit
ğŸªš lisiÄja Å¾aga, mizar, orodje, Å¾aga, Å¾agati
ğŸ”§ kljuÄ za matice, orodje
ğŸª› izvijaÄ, orodje, vijak
ğŸ”© matica, matica in vijak, orodje, vijak
âš™ orodje, zobnik
ğŸ—œ orodje, primeÅ¾, stiskanje
âš– orodje, praviÄnost, ravnovesje, tehtnica, teÅ¾a, zodiak
ğŸ¦¯ invalid, palica za slepe, slepota
ğŸ”— Älen
â›“ veriga, verige
ğŸª kavelj, kljuka, krivuljnik, prednost, zanka, zaponka
ğŸ§° mehanik, orodje, zaboj, zaboj za orodje
ğŸ§² magnet, magnetno, podkev, privlaÄnost
ğŸªœ klin, lestev, plezanje, preÄka
âš— destilator, kemija, orodje
ğŸ§ª eksperiment, epruveta, kemija, kemik, laboratorij, znanost
ğŸ§« bakterije, biolog, biologija, kultura, laboratorij, petrijevka
ğŸ§¬ biolog, dnk, evolucija, gen, genetika, Å¾ivljenje
ğŸ”¬ mikroskop, orodje
ğŸ”­ orodje, teleskop
ğŸ“¡ antena, kroÅ¾nik, satelitska antena, satelitsko
ğŸ’‰ bolno, igla, injekcija, medicina, orodje, zdravnik
ğŸ©¸ kaplja krvi, krvodajalstvo, medicina, menstruacija, zdravstvo
ğŸ’Š bolno, tableta, zdravilo, zdravnik
ğŸ©¹ hanzaplast, rana, samolepilni obliÅ¾
ğŸ©º medicina, pljuÄa, prsni koÅ¡, srce, stetoskop, zdravnik
ğŸšª vrata
ğŸ›— dostopnost, dvigalo, elevator, lift
ğŸª odsev, ogledalo, zrcalo
ğŸªŸ odprtina, okno, okvir, pogled, prosojno, sveÅ¾ zrak
ğŸ› hotel, postelja, spanje
ğŸ›‹ hotel, kavÄ, kavÄ in svetilka, svetilka
ğŸª‘ sedeti, sedeÅ¾, stol
ğŸš½ straniÅ¡Äe, straniÅ¡Äna Å¡koljka
ğŸª  odmaÅ¡evalnik, sesalna skodela, sesanje, straniÅ¡Äe, vodoinÅ¡talater
ğŸš¿ tuÅ¡, voda
ğŸ› banja, kad
ğŸª¤ miÅ¡olovka, past za miÅ¡i, vaba
ğŸª’ britev, britje, britvica, ostro
ğŸ§´ krema za sonÄenje, losjon, Å¡ampon, stekleniÄka losjona, vlaÅ¾ilna krema
ğŸ§· plenica, punk rock, varnostna zaponka
ğŸ§¹ Äarovnica, ÄiÅ¡Äenje, metla, pometanje
ğŸ§º kmetovanje, koÅ¡ara, perilo, piknik
ğŸ§» papirnate brisaÄe, toaletni papir, zvitek papirja
ğŸª£ Äeber, Å¡kaf, sod, vedro
ğŸ§¼ ÄiÅ¡Äenje, kopanje, kos, milo, pena, posodica za milo
ğŸª¥ Äisto, higiena, kopalnica, Å¡Äetka, zobje, zobna
ğŸ§½ ÄiÅ¡Äenje, porozno, spuÅ¾va, vpojno
ğŸ§¯ gaÅ¡enje, gasilni aparat, ogenj, pogasiti
ğŸ›’ koÅ¡arica, nakupovalni voziÄek, nakupovanje, voziÄek
ğŸš¬ cigara, cigareta, kajenje
âš° krsta, smrt
ğŸª¦ grob, grobovi, nagrobnik, pokopaliÅ¡Äe, spomenik
âš± pogreb, smrt, Å¾ara
ğŸ—¿ kip, moai, obraz
ğŸª§ demonstracija, kol, plakat, protest, znak
ğŸ§ avtomat, bankomat, denar, znak za bankomat
ğŸš® koÅ¡, smeti, znak za smeti v koÅ¡u
ğŸš° piti, pitna voda, pitno, voda
â™¿ dostop, invalidski voziÄek
ğŸš¹ moÅ¡ki, straniÅ¡Äe, straniÅ¡Äe za moÅ¡ke, wc
ğŸšº straniÅ¡Äe, straniÅ¡Äe za Å¾enske, wc, Å¾enska
ğŸš» javno straniÅ¡Äe, wc
ğŸš¼ dojenÄek, previjanje, simbol dojenÄka
ğŸš¾ straniÅ¡Äe, voda, wc
ğŸ›‚ nadzor, potni list, pregled dokumentov
ğŸ›ƒ carina, carinik
ğŸ›„ prevzem, prevzem prtljage, prtljaga
ğŸ›… kovÄki, omarica, prtljaga, prtljaga v garderobi
âš  opozorilo
ğŸš¸ otroci preÄkajo cesto, otrok, peÅ¡ec, prehod, promet
â›” ne, ni dovoljeno, ni prehoda, prepovedano, promet, vstop
ğŸš« ne, prepovedano, vstop
ğŸš³ kolo, ne, ni dovoljeno, prepovedano, prepovedano za kolesa, vozilo
ğŸš­ kajenje, ne, ni dovoljeno, prepovedano
ğŸš¯ ne, ni dovoljeno, odlagati, prepovedano, prepovedano odlaganje smeti, smeti
ğŸš± ne, ni dovoljeno, piti, pitno, prepovedati, voda, voda ni pitna
ğŸš· ne, ni dovoljeno, peÅ¡ec, prepovedano, prepovedano za peÅ¡ce
ğŸ“µ mobilni telefoni prepovedani, mobilnik, mobilno, ne, ni dovoljeno, prepovedano, telefon
ğŸ” 18, mladoletno, ne, ni dovoljeno, omejitev starosti, osemnajst, prepovedano, prepovedano za mlajÅ¡e od 18 let
â˜¢ radioaktivno
â˜£ bioloÅ¡ka nevarnost, bioloÅ¡ki poskusi, bionevarnost, tvegano, znak
â¬† glavno, puÅ¡Äica, puÅ¡Äica gor, sever, smer
â†— puÅ¡Äica, puÅ¡Äica desno gor, severovzhod, smer, stransko
â¡ glavno, puÅ¡Äica, puÅ¡Äica desno, smer, vzhod
â†˜ jugovzhod, puÅ¡Äica, puÅ¡Äica desno dol, smer, stransko
â¬‡ glavno, jug, navzdol, puÅ¡Äica, puÅ¡Äica dol, smer
â†™ jugozahod, puÅ¡Äica, puÅ¡Äica levo dol, smer, stransko
â¬… glavno, puÅ¡Äica, puÅ¡Äica levo, smer, zahod
â†– puÅ¡Äica, puÅ¡Äica levo gor, severozahodno, smer, stransko
â†• puÅ¡Äica, puÅ¡Äica gor dol
â†” puÅ¡Äica, puÅ¡Äica levo desno
â†® preÄrtana puÅ¡Äica levo-desno
â†© puÅ¡Äica, puÅ¡Äica desno, ki se ukrivlja v levo
â†ª puÅ¡Äica, puÅ¡Äica levo, ki se ukrivlja v desno
â¤´ puÅ¡Äica, puÅ¡Äica desno, ki se ukrivlja gor
â¤µ navzdol, puÅ¡Äica, puÅ¡Äica desno, ki se ukrivlja dol
ğŸ”ƒ navpiÄni puÅ¡Äici, ki se ukrivljata v smeri urinega kazalca, navpiÄni puÅ¡Äici, ki se ukrivljata v smeri urnega kazalca, puÅ¡Äica, smer urinega kazalca, vnoviÄno nalaganje
ğŸ”„ gumb s puÅ¡Äicama, ki se ukrivljata v obratni smeri urinega kazalca, gumb s puÅ¡Äicama, ki se ukrivljata v obratni smeri urnega kazalca, nasprotna smer urinega kazalca, nazaj, puÅ¡Äica
ğŸ”™ nazaj, puÅ¡Äica
ğŸ”š konec, puÅ¡Äica
ğŸ”› puÅ¡Äica, puÅ¡Äica NAPREJ!, vklop, znak
ğŸ”œ kmalu, puÅ¡Äica
ğŸ” navzgor, puÅ¡Äica, puÅ¡Äica na vrh, zgoraj
ğŸ› boÅ¾ji hram, ÄaÅ¡Äenje, vera
âš› ateist, atom, simbol za atom
ğŸ•‰ hinduistiÄno, om, vera
âœ¡ david, davidova zvezda, jud, judovsko, vera, zvezda
â˜¸ budistiÄno, darma, kolo, kolo darme, vera
â˜¯ jang, jin, tao, taoistiÄno, vera
âœ kriÅ¾, krÅ¡Äanski kriÅ¾, krÅ¡Äansko, vera
â˜¦ kriÅ¾, krÅ¡Äansko, pravoslavni kriÅ¾, vera
â˜ª islam, muslimansko, vera, zvezda in polmesec
â˜® mir, simbol za mir
ğŸ• menora, namizni sveÄnik, sveÄnik, vera
ğŸ”¯ Å¡estkraka zvezda s piko, sreÄa, zvezda
â™ˆ astroloÅ¡ki znak ovna, oven, zodiak
â™‰ bik, vol, zodiak
â™Š dvojÄka, zodiak
â™‹ rak, zodiak
â™Œ lev, zodiak, zodiak: lev
â™ deva, devica, zodiak
â™ praviÄnost, ravnovesje, tehnica, tehtnica, zodiak
â™ astroloÅ¡ki znak Å¡korpijona, Å¡korpijon, zodiak
â™ strelec, zodiak
â™‘ koza, kozorog, zodiak
â™’ nosec, voda, vodnar, zodiak
â™“ riba, ribi, zodiak
â› kaÄa, kaÄenosec, nosec, zodiak
ğŸ”€ gumb za nakljuÄno predvajanje, prekriÅ¾ano, puÅ¡Äica
ğŸ” gumb za vnoviÄno predvajanje, ponavljanje, puÅ¡Äica, smer urnega kazalca
ğŸ”‚ enkratno, gumb za vnoviÄno posamezno predvajanje, puÅ¡Äica, smer urnega kazalca
â–¶ desno, gumb za predvajanje, predvajanje, puÅ¡Äica, trikotnik
â© dvojno, gumb za hitro previjanje naprej, hitro, naprej, puÅ¡Äica
â­ gumb za naslednjo skladbo, naslednja skladba, naslednji prizor, puÅ¡Äica, trikotnik
â¯ desno, gumb za predvajanje ali zaustavitev, predvajanje, puÅ¡Äica, trikotnik, zaustavitev
â—€ gumb za predvajanje nazaj, levo, nazaj, puÅ¡Äica, trikotnik
âª dvojno, gumb za hitro previjanje nazaj, previjanje nazaj, puÅ¡Äica
â® gumb za zadnjo skladbo, prejÅ¡nja skladba, prejÅ¡nji prizor, puÅ¡Äica, trikotnik
ğŸ”¼ gumb, gumb za gor, puÅ¡Äica, rdeÄe
â« dvojno, gumb za hitro gor, puÅ¡Äica
ğŸ”½ gumb, gumb za dol, navzdol, puÅ¡Äica, rdeÄe
â¬ dvojno, gumb za hitro dol, navzdol, puÅ¡Äica
â¸ dvojno, gumb za zaustavitev, navpiÄno, stolpec, zaustavitev
â¹ gumb za ustavitev, kvadrat, ustavitev
âº gumb za snemanje, krog, snemanje
â gumb za izvrÅ¾enje, izvrÅ¾enje
ğŸ¦ film, kamera, kino
ğŸ”… gumb za zatemnitev, nizko, svetlost, zatemnitev
ğŸ”† gumb za svetlost, svetlo, svetlost
ğŸ“¶ antena, mobilnik, mobilno, signal, stolpec, telefon
ğŸ“³ mobilnik, mobilno, naÄin, naÄin vibriranja, telefon, vibriranje
ğŸ“´ izklopljeno, mobilni telefon izklopljen, mobilnik, mobilno, telefon
â™€ dekle, Å¾enska, znak za Å¾enski spol
â™‚ fant, moÅ¡ki, znak za moÅ¡ki spol
âš§ simbol za transseksualnost, transseksualnost
âœ– Ã—, mnoÅ¾enje, mnoÅ¾i, mnoÅ¾iti, prekliÄi, x, znak, znak za mnoÅ¾enje
â• +, matematika, plus, znak
â– -, âˆ’, matematika, minus, znak
â— Ã·, deli, deljenje, matematika, znak, znak za deljenje
â™¾ neomejeno, neskonÄnost, univerzalno, veÄno
â€¼ !, !!, dva klicaja, dvojni klicaj, klicaj, loÄilo, znak
â‰ !, !?, ?, klicaj, klicaj in vpraÅ¡aj, klicaj-vpraÅ¡aj, loÄilo, vpraÅ¡aj, znak
â“ ?, loÄilo, rdeÄ vpraÅ¡aj, vpraÅ¡aj, znak
â” ?, bel vpraÅ¡aj, loÄilo, obrobljeno, oznaka, vpraÅ¡aj, vpraÅ¡anje
â• !, bel klicaj, klicaj, obrobljeno, znak
â— !, klicaj, loÄilo, rdeÄ klicaj, znak
ã€° loÄilo, pomiÅ¡ljaj, valovit pomiÅ¡ljaj, valovito
ğŸ’± banka, denar, menjava, menjava valut, valuta
ğŸ’² denar, dolar, valuta, znak za dolar
âš• eskulapova palica, medicina, osebje, simbol zdravstva, zdravnik, zdravstvo
â™» reciklirati, simbol za recikliranje
âšœ lilija
ğŸ”± ladja, orodje, sidro, trizob, trizobo znamenje, znamenje
ğŸ“› ime, znaÄka, znaÄka za ime
ğŸ”° cik-cak, japonski simbol za zaÄetnika, japonsko, list, orodje, puÅ¡Äica, rumeno, zaÄetnik, zeleno
â­• krog, o, rdeÄ, velik, velik prazen krog
âœ… âœ“, gumb, gumb s kljukico, kljukica, potrditev
â˜‘ âœ“, kljukica, polje, potrditveno polje s kjukico, potrditveno polje s kljukico
âœ” âœ“, kljukica, znak
âŒ Ã—, kriÅ¾ec, mnoÅ¾enje, mnoÅ¾iti, oznaka, preklic, x
â Ã—, gumb s kriÅ¾cem, kvadrat, oznaka, x
â° pentlja, spirala, zanka, zavita pentlja
â¿ dvojna zavita pentlja, dvojno, pentlja, spirala, zanka
ã€½ part, znak, znak za part
âœ³ *, zvezdica, zvezdica z osmimi Å¡picami
âœ´ *, osemkraka zvezda, zvezda
â‡ *, iskra
Â© avtorske pravice, c
Â® r, registrirano
â„¢ blagovna znamka, TM, znak
ğŸ”  Ärke, latinica, velike Ärke, vnos, vnos velikih Ärk latinice
ğŸ”¡ abcd, Ärke, latinica, male Ärke, vnos, vnos malih Ärk latinice
ğŸ”¢ 1234, Å¡tevilke, vnos, vnos Å¡tevilk
ğŸ”£ vnos, vnos simbolov
ğŸ”¤ abc, abeceda, Ärke, latinica, vnos, vnos Ärk latinice
ğŸ…° a, gumb s Ärko a (krvna skupina), kri
ğŸ† ab, gumb AB (krvna skupina), kri
ğŸ…± b, gumb s Ärko b (krvna skupina), kri
ğŸ†‘ cl, gumb CL
ğŸ†’ frajersko, gumb COOL
ğŸ†“ gumb FREE, prosto
â„¹ i, informacije, vir informacij
ğŸ†” gumb ID, id, identiteta
â“‚ Ärka m v krogu, krog, m
ğŸ†• gumb NEW, novo
ğŸ†– gumb NG, ng
ğŸ…¾ gumb s Ärko O (krvna skupina), kri, o
ğŸ†— gumb OK, v redu
ğŸ…¿ gumb s Ärko p, parkiranje
ğŸ†˜ gumb SOS, na pomoÄ, sos
ğŸ†™ gumb z besedo up in klicajem, navzgor, znak
ğŸ†š gumb VS, proti
ğŸˆ gumb za Â»tukajÂ« v japonÅ¡Äini, japonsko, katakana, pisava, tukaj
ğŸˆ‚ japonski znak za &quot;napitnino&quot; v kvadratu, japonsko, katakana, napitnina, pisava, postreÅ¾nina
ğŸˆ· ideogram, japonski znak za &quot;meseÄni znesek&quot;, japonski znak za &quot;meseÄni znesek&quot; v kvadratu, japonsko, meseÄni znesek, pojmovni znak
ğŸˆ¶ gumb za Â»ni brezplaÄnoÂ« v japonÅ¡Äini, ideogram, japonsko, ni brezplaÄno, plaÄljivo, pojmovni znak
ğŸˆ¯ gumb za Â»rezerviranoÂ« v japonÅ¡Äini, ideogram, japonsko, pojmovni znak, rezervirano
ğŸ‰ gumb za Â»ugodnoÂ« v japonÅ¡Äini, ideogram, japonsko, pojmovni znak, ugoden nakup
ğŸˆ¹ gumb za Â»popustÂ« v japonÅ¡Äini, ideogram, japonsko, pojmovni znak, popust
ğŸˆš brezplaÄno, gumb za Â»brezplaÄnoÂ« v japonÅ¡Äini, ideogram, japonsko, pojmovni znak
ğŸˆ² gumb za Â»prepovedanoÂ« v japonÅ¡Äini, ideogram, japonsko, pojmovni znak, prepovedano
ğŸ‰‘ gumb za Â»sprejemljivoÂ« v japonÅ¡Äini, ideogram, japonsko, pojmovni znak, sprejemljivo
ğŸˆ¸ gumb za Â»aplikacijaÂ« v japonÅ¡Äini, ideogram, japonsko, pojmovni znak, uporaba
ğŸˆ´ ideogram, japonsko, pojmovni znak, pojmovni znak za skupaj v kvadratu, zadostna ocena, zadostni uspeh
ğŸˆ³ gumb za Â»prostoÂ« v japonÅ¡Äini, ideogram, japonsko, pojmovni znak, prazno, prosto
ãŠ— Äestitka, Äestitke, ideogram, japonsko, pojmovni znak za Äestitanje v krogu
ãŠ™ ideogram, japonsko, pojmovni znak za skrivnost v krogu, skrivnost
ğŸˆº gumb za Â»odprtoÂ« v japonÅ¡Äini, ideogram, japonsko, odprto za poslovanje, pojmovni znak
ğŸˆµ gumb za Â»ni prostoÂ« v japonÅ¡Äini, ideogram, japonsko, ni prosto, pojmovni znak, zasedeno
ğŸ”´ geometriÄno, krog, rdeÄ krog, rdeÄe
ğŸŸ  krog, oranÅ¾en
ğŸŸ¡ krog, rumen
ğŸŸ¢ krog, zelen
ğŸ”µ geometriÄno, krog, moder krog, modro
ğŸŸ£ krog, Å¡krlaten
ğŸŸ¤ krog, rjav
âš« Ärn krog, geometriÄno, krog
âšª bel krog, geometriÄno, krog
ğŸŸ¥ kvadrat, rdeÄ
ğŸŸ§ kvadrat, oranÅ¾en
ğŸŸ¨ kvadrat, rumen
ğŸŸ© kvadrat, zelen
ğŸŸ¦ kvadrat, moder
ğŸŸª kvadrat, Å¡krlaten
ğŸŸ« kvadrat, rjav
â¬› geometriÄno, kvadrat, velik Ärn kvadrat
â¬œ geometriÄno, kvadrat, velik bel kvadrat
â—¼ geometriÄno, kvadrat, srednji Ärn kvadrat
â—» geometriÄno, kvadrat, srednji bel kvadrat
â—¾ geometriÄno, kvadrat, srednje majhen Ärn kvadrat
â—½ geometriÄno, kvadrat, srednje mali beli kvadrat
â–ª geometriÄno, kvadrat, majhen Ärn kvadrat
â–« geometriÄno, kvadrat, majhen bel kvadrat
ğŸ”¶ geometriÄno, karo, oranÅ¾no, velik oranÅ¾en karo
ğŸ”· geometriÄno, karo, modro, velik moder karo
ğŸ”¸ geometriÄno, karo, majhen oranÅ¾en karo, oranÅ¾no
ğŸ”¹ geometriÄno, karo, majhen moder karo, modro
ğŸ”º geometriÄno, rdeÄ trikotnik gor, rdeÄe
ğŸ”» geometriÄno, navzdol, rdeÄ trikotnik dol, rdeÄe
ğŸ’  geometriÄno, karo, karo s piko, strip, znotraj
ğŸ”˜ geometriÄno, gumb, izbirni
ğŸ”³ geometriÄno, gumb, gumb z belim kvadratom, kvadrat, obrobljeno
ğŸ”² geometriÄno, gumb, gumb s Ärnim kvadratom, kvadrat
ğŸ dirkanje, kockasta zastava, kockasto, zastava
ğŸš© trikotna zastava, zastavica
ğŸŒ japonsko, kriÅ¾, prekriÅ¾ani zastavi, prekriÅ¾ano, slavje
ğŸ´ Ärna zastava, plapolanje
ğŸ³ plapolajoÄa bela zastava, plapolanje
ğŸ³â€ğŸŒˆ mavrica, mavriÄna zastava, zastava
ğŸ³â€âš§ bela, roÅ¾nata, svetlo modra, transspolna zastava, transspolnost, zastava
ğŸ´â€â˜  gusarska zastava, pirat, piratska zastava, plenjenje, zaklad
Â¢ cent
$ denar, dolar, peso, USD
Â£ EGP, funt, GBP, valuta
Â¥ CNY, jen, JPY, juan, valuta
â‚¥ tisoÄinka, tisoÄinka dolarja
â‚© KPW, KRW, won
â‚¬ EUR, evro, valuta
â‚± peso
â‚¹ indijska rupija, rupija, valuta
â‚½ rubelj, valuta
â‚¿ bitcoin, BTC
Â¹ enka, nadpis, nadpisana enka
Â² dvojka, kvadrat, nadpis, nadpisana dvojka
Â³ kub, nadpis, nadpisana trojka, trojka
Âµ mera, znak za mikro
