{ ุจุฑุณ, ุจุฑฺฉูน, ุฎูุฏ ุจุฑุณ, ุฎูุฏ ุจุฑฺฉูน, ฺฉฺพู ุฎูุฏ ุจุฑฺฉูน, ฺฏู ููฺฏ
๐ป ุงุณฺฉู, ุงููุฌ, ุชุจุฏู ฺฉุงุฑ, ูนูู, ุฌูุฏ ฺฉ ูฺฉ ุฑูฺฏุช
๐ผ ุงุณฺฉู, ุงููุฌ, ุชุจุฏู ฺฉุงุฑ, ูนูู, ุฌูุฏ ฺฉ ุฏุฑูุงู -ูฺฉ ุฑูฺฏุช
๐ฝ ุงุณฺฉู, ุงููุฌ, ุชุจุฏู ฺฉุงุฑ, ูนูู, ุฌูุฏ ฺฉ ุฏุฑูุงู ุฑูฺฏุช
๐พ ุงุณฺฉู, ุงููุฌ, ุชุจุฏู ฺฉุงุฑ, ูนูู, ุฌูุฏ ฺฉ ุฏุฑูุงู ุณุง ุฑูฺฏุช
๐ฟ ุงุณฺฉู, ุงููุฌ, ุชุจุฏู ฺฉุงุฑ, ูนูู, ุฌูุฏ ฺฉ ุณุง ุฑูฺฏุช
โพ ุงููุฑ ูุงุฆู
_ ุงูฺุฑฺุด, ุงูฺุฑูุงุฆู, ฺุด, ุฒุฑฺบ ฺุด, ุฒุฑฺบ ูุงุฆู, ูุงุฆู
- ฺุด, ูุงุฆูุณ, ุงุฆูู
โ ฺุด, ุงุฆูู
โ ุงู, ฺุด
โ ุงู, ฺุด
โ ุงูู ุจุงุฑ, ุจุงุฑ, ฺุด, ูุงุฆู
ใป ุงููนุฑูพูฺฉูน, ฺุงูนุณ, ฺฉูนุงฺฉุงูุง, ฺฉูนุงฺฉุงูุง ูฺู ฺุงูน, ูฺฺุงูน
, ฺฉููุง
ุ ุนุฑุจ, ฺฉููุง
ใ ุงฺูฺฏุฑุงูฺฉ, ฺฉููุง
; ุณู ฺฉููู
ุ ุณู ฺฉููู, ุนุฑุจ, ุนุฑุจ ุณู ฺฉููู
: ฺฉููู
! ุงุณุชุนุฌุงุจ, ุงุณุชุนุฌุงุจ ูพูุงุฆููน, ุจูฺฏ, ุนูุงูุช ุงุณุชุนุฌุงุจ
ยก ุงุณุชุนุฌุงุจ, ุงุณุชุนุฌุงุจ ูพูุงุฆููน, ุงููนุง, ุงููน ุนูุงูุช ุงุณุชุนุฌุงุจ, ุจูฺฏ, ุนูุงูุช ุงุณุชุนุฌุงุจ
? ุณูุงู, ุณูุงู ูุดุงู
ยฟ ุงููนุง, ุงููนุง ุณูุงู ูุดุงู, ุณูุงู, ุณูุงู ูุดุงู
ุ ุณูุงู, ุณูุงู ูุดุงู, ุนุฑุจ, ุนุฑุจ ุณูุงู ูุดุงู
โฝ ุงููนุฑูุจูฺฏ
. ูพุฑฺ, ฺุงูน, ููู ุงุณูนุงูพ
โฆ ุงููพุณุฒ, ุญุฐู, ฺุงูนุณ
ใ ุงฺูฺฏุฑุงูฺฉ, ูพุฑฺ, ููู ุงุณูนุงูพ
ยท ุฏุฑูุงู ููุท, ุนูุงูุช ููู, ููุท, ูุณุท
' ุงูพูุณูนุฑูู, ูนุงุฆูพ ุฑุงุฆูนุฑ ุงูพูุณูนุฑูู, ุณูฺฏู ุนูุงูุช ุงูุชุจุงุณ, ุนูุงูุช ุงูุชุจุงุณ
โ ุงูพูุณูนุฑูู, ุจุงุงฺบ ุงูพูุณูนุฑูู, ุณูุงุฑูน ุนูุงูุช ุงูุชุจุงุณ, ุณูฺฏู ุนูุงูุช ุงูุชุจุงุณ, ุนูุงูุช ุงูุชุจุงุณ
โ ุงูพูุณูนุฑูู, ุฏุงุงฺบ ุงูพูุณูนุฑูู, ุณูุงุฑูน ุนูุงูุช ุงูุชุจุงุณ, ุณูฺฏู ุนูุงูุช ุงูุชุจุงุณ, ุนูุงูุช ุงูุชุจุงุณ
โ ุงูพูุณูนุฑูู, ุนูุงูุช ุงูุชุจุงุณ, ูฺูุง ุฏุงุงฺบ ุงูพูุณูนุฑูู, ูฺู ุนูุงูุช ุงูุชุจุงุณ
โ ุจุงุฆฺบ ุนูุงูุช ุงูุชุจุงุณ, ฺุจู ุนูุงูุช ุงูุชุจุงุณ, ุณูุงุฑูน ฺฉููนุดู, ุนูุงูุช ุงูุชุจุงุณ, ฺฉููนุดู
โ ุฏุงุฆฺบ ุจุงุฆฺบ ุนูุงูุช ุงูุชุจุงุณ, ฺุจู ุนูุงูุช ุงูุชุจุงุณ, ุณูุงุฑูน ฺฉููนุดู, ุนูุงูุช ุงูุชุจุงุณ, ฺฉููนุดู
โ ฺุจู ุนูุงูุช ุงูุชุจุงุณ, ุณูุงุฑูน ฺฉููนุดู, ุนูุงูุช ุงูุชุจุงุณ, ฺฉููนุดู, ูฺู ุฏุงุฆฺบ ุนูุงูุช ุงูุชุจุงุณ, ูฺู ฺฉููนุดู
ยซ ุงูุชุจุงุณ, ุจุงุฆฺบ, ุจุงุฆฺบ ฺฏูููน, ุจุฑฺฉูน, ุฒุงู, ุดูุฑุงู, ฺฉุฑูนุณ
ยป ุงูุชุจุงุณ, ุจุฑฺฉูนุณ, ุฏุงุฆฺบ, ุฏุงุฆฺบ ฺฏูููน, ุฒุงู, ุดูุฑุงู, ฺฉุฑูนุณ
) ุจุฑฺฉูน, ุจูุฏ ููุณู, ููุณู, ฺฏูู ุจุฑฺฉูน
[ ุจุฑฺฉูน, ฺฉุฑุงฺูน, ฺฉฺพู ูุฑุจุน ุจุฑฺฉูน, ูุฑุจุน ุจุฑฺฉูน
] ุจุฑฺฉูน, ุจูุฏ ูุฑุจุน ุจุฑฺฉูน, ฺฉุฑุงฺูน, ูุฑุจุน ุจุฑฺฉูน
} ุจุฑุณ, ุจุฑฺฉูน, ุจูุฏ ุฎูุฏ ุจุฑฺฉูน, ุฎูุฏ ุจุฑุณ, ุฎูุฏ ุจุฑฺฉูน, ฺฏู ููฺฏ
ใ ุจุฑฺฉูน, ูนููพู, ฺุงุฆููฺ ุจุฑฺฉูนุณ, ุฒุงู ุจุฑฺฉูน, ุดูุฑู, ฺฉฺพู ุฒุงู ุจุฑฺฉูน, ููฺฉู ุจุฑฺฉูน
ใ ุจุฑฺฉูน, ุจูุฏ ุฒุงู ุจุฑฺฉูน, ูนููพู, ฺุงุฆููฺ ุจุฑฺฉูนุณ, ุฒุงู ุจุฑฺฉูน, ุดูุฑู, ููฺฉู ุจุฑฺฉูน
ใ ุจุฑฺฉูน, ฺุจู ุฒุงู ุจุฑฺฉูน, ฺฉฺพู ฺุจู ุฒุงู ุจุฑฺฉูน
ใ ุจุฑฺฉูน, ุจูุฏ ฺุจู ุฒุงู ุจุฑฺฉูน, ฺุจู ุฒุงู ุจุฑฺฉูน
ใ ุจุฑฺฉูน, ฺฉุงุฑูุฑ ุจุฑฺฉูน, ฺฉฺพู ฺฉุงุฑูุฑ ุจุฑฺฉูน
ใ ุจุฑฺฉูน, ุจูุฏ ฺฉุงุฑูุฑ ุจุฑฺฉูน, ฺฉุงุฑูุฑ ุจุฑฺฉูน
ใ ุจุฑฺฉูน, ฺฉฺพู ฺฉฺพูฺฉฺพู ฺฉุงุฑูุฑ ุจุฑฺฉูน, ฺฉฺพูฺฉฺพู ฺฉุงุฑูุฑ ุจุฑฺฉูน
ใ ุจุฑฺฉูน, ุจูุฏ ฺฉฺพูฺฉฺพู ฺฉุงุฑูุฑ ุจุฑฺฉูน, ฺฉฺพูฺฉฺพู ฺฉุงุฑูุฑ ุจุฑฺฉูน
ใ ุจุฑฺฉูน, ฺฉฺพู ุณุง ููุฒ ุจุฑฺฉูน, ูููนฺฉููุฑ ุจุฑฺฉูน, ููุฒ ุจุฑฺฉูน
ใ ุจุฑฺฉูน, ุจูุฏ ุณุง ููุฒ ุจุฑฺฉูน, ูููนฺฉููุฑ ุจุฑฺฉูน, ููุฒ ุจุฑฺฉูน
ใ ุจุฑฺฉูน, ุดู ุจุฑฺฉูน, ฺฉฺฺพู ฺฉ ุฎูู ุฌุณ ุจุฑฺฉูน, ฺฉฺฺพู ฺฉ ุฎูู ุฌุณ ฺฉฺพู ุจุฑฺฉูน
ใ ุจุฑฺฉูน, ุดู ุจุฑฺฉูน, ฺฉฺฺพู ฺฉ ุฎูู ุฌุณ ุจุฑฺฉูน, ฺฉฺฺพู ฺฉ ุฎูู ุฌุณ ุจูุฏ ุจุฑฺฉูน
ใ ุจุฑฺฉูน, ฺฉฺพู ฺฉฺพูฺฉฺพู ููุฒ ุจุฑฺฉูน, ฺฉฺพูฺฉฺพู ูููนฺฉููุฑ ุจุฑฺฉูน, ฺฉฺพูฺฉฺพู ููุฒ ุจุฑฺฉูน
ใ ุจุฑฺฉูน, ุจูุฏ ฺฉฺพูฺฉฺพู ููุฒ ุจุฑฺฉูน, ฺฉฺพูฺฉฺพู ูููนฺฉููุฑ ุจุฑฺฉูน, ฺฉฺพูฺฉฺพู ููุฒ ุจุฑฺฉูน
ยง ูพุงุฑูน, ูพุฑุงฺฏุฑุงู, ุณูฺฉุฑู, ุณฺฉุดู
ยถ ุงููุง, ูพููฺฉุฑู, ูพุฑุงู, ูพุฑุงฺฏุฑุงู, ูพุฑุงฺฏุฑุงู ฺฉุง ูุดุงู
@ ุงุฑูุจุง, ุงูน ุนูุงูุช, ุงูน ูุดุงู, ุงุฑูุจุณ, ุงููพุฑุณูน, ุณูนุฑูฺู, ฺฉูุฑุดู ุงูน
* ุงุณูนุฑุณฺฉ, ุณุชุงุฑ, ูุงุฆูฺ ฺฉุงุฑฺ
/ ุงูุจูฺฉ, ุณูนุฑูฺฉ, ุณูุด, ุณููฺุณ, ูุฑฺฏูู, ูฺฉ
\ ุจฺฉ ุณูุด, ูุนฺฉูุณ ุณููฺุณ, ูฺฉ
& ุง ูน, ุงููพุฑุณูฺ, ุงูฺ
# ุงู ุจ, ูพุงุคูฺ, ููุจุฑ, ุด, ุด ูนฺฏ, ุด ุนูุงูุช
% ู ุตุฏ, ูุตุฏ
โฐ ู ุฒุงุฑ
โ ฺฺฏุฑ, ฺฺฏุฑ ฺฉุง ูุดุงู, ูุฎุฑูุท ูพุชฺพุฑ ฺฉุง ููุงุฑ, ูุดุงู ุชุญุฑู
โก ุฏุฑุง, ุฏุฑุง ฺฺฏุฑ ฺฉ ุนูุงูุช, ฺฺฏุฑ, ูุฎุฑูุท ูพุชฺพุฑ ฺฉุง ููุงุฑ, ูุดุงู ุชุญุฑู
โข ุจููน, ููุท
โง ุงุชูุตุงู ูพูุงุฆููน, ูพูุงุฆููน, ฺุด, ุงุฆูู
โฒ ูพุฑุงุฆู
โณ ูพุฑุงุฆู, ฺุจู ูพุฑุงุฆู
โด ูพุฑุงุฆู, ูนุฑูพู ูพุฑุงุฆู
โธ ฺฉุฑูน
โป ุญูุงู ฺฉุง ูุดุงู
โ ุนูุฏุงููุฌูู
` ุงฺฉุณููน, ูนูู, ฺฏุฑู
ยด ุงฺฉุณููน, ุงฺฉููน, ูนูู
^ ุงฺฉุณููน, ูพุงูุฑ, ูพูุงุฆููนุฑ, ฺูุฑ ุนูุงูุช, ุณุฑฺฉูููฺฉุณ, ุดูุฑู, ฺฉููนุฑู, ฺฉุฑูน, ููน, ูุฌ
ยจ ุงูุงู, ูนุฑูุง, ฺุงุฆุฑุณุฒ
ยฐ ูพุฑูู, ฺฺฏุฑ, ฺฏฺพููน
โ ุขูุงุฒ, ุขูุงุฒ ุฑฺฉุงุฑฺูฺฏ ฺฉ ฺฉุงูพ ุฑุงุฆูน, ุฑฺฉุงุฑฺูฺฏ, ฺฉุงูพ ุฑุงุฆูน
โ ุจุงุฆูฺบ, ุจุงุฆูฺบ ุทุฑู ุงุดุงุฑ ฺฉุฑู ูุงูุง ุชุฑ, ุชุฑ
โ ุจุงุฆฺบ ุทุฑู ุชุฑ ฺฉุง ุณูนุฑูฺฉ
โ ุชุฑ, ุฏุงุฆฺบ ุทุฑู ุงุดุงุฑ ฺฉุฑู ูุงูุง ุชุฑ, ุฏุงุงฺบ
โ ุฏุงุฆฺบ ุทุฑู ุชุฑ ฺฉุง ุณูนุฑูู
โ ุงููพุฑ, ุงููพุฑ ฺฉ ุทุฑู ุงุดุงุฑ ฺฉุฑู ูุงูุง ุชุฑ, ุชุฑ
โ ุชุฑ, ูฺ, ูฺ ฺฉ ุทุฑู ุงุดุงุฑ ฺฉุฑู ูุงูุง ุชุฑ
โ ุจุงุฆฺบ ุทุฑู ูุฑุงุชุง ุชุฑ
โ ุฏุงุฆฺบ ุทุฑู ูุฑุงุชุง ุชุฑ
โ ุจุงุฆูฺบ ุทุฑู ุฏู ุณุฑ ูุงูุง ุชุฑ
โ ุงููพุฑ ฺฉ ุทุฑู ุฏู ุณุฑ ูุงูุง ุชุฑ
โ ุฏุงุฆูฺบ ุทุฑู ุฏู ุณุฑ ูุงูุง ุชุฑ
โก ูฺ ฺฉ ุทุฑู ุฏู ุณุฑ ูุงูุง ุชุฑ
โข ุจุงุฆฺบ ุทุฑู ุชุฑ ฺฉุง ูพฺฺพูุง ุญุต
โฃ ุฏุงุฆฺบ ุทุฑู ุชุฑ ฺฉุง ูพฺฺพูุง ุญุต
โค ุจุงุฑ ุณ ุจุงุฆฺบ ุทุฑู ุชุฑ
โฅ ุจุงุฑ ุณ ุงููพุฑ ฺฉ ุทุฑู ุชุฑ
โฆ ุจุงุฑ ุณ ุฏุงุฆฺบ ุทุฑู ุชุฑ
โง ุจุงุฑ ุณ ูฺ ฺฉ ุทุฑู ุชุฑ
โจ ุจุณ ูุงูุง ุงููพุฑ ูฺ ฺฉ ุทุฑู ุงุดุงุฑ ฺฉุฑุชุง ุชุฑ
โซ ุฏุงุฆุฑ ูุงูุง ุจุงุฆฺบ ุทุฑู ุงุดุงุฑ ฺฉุฑุชุง ุชุฑ
โฌ ุฏุงุฆุฑ ูุงูุง ุฏุงุฆฺบ ุทุฑู ุงุดุงุฑ ฺฉุฑุชุง ุชุฑ
โญ ุจุงุฆฺบ ุฏุงุฆูฺบ ูุฑุงุชุง ุชุฑ
โฏ ูฺ ฺฉ ุทุฑู ุงุดุงุฑ ฺฉุฑุชุง ูนฺฺพุง ูฺฺพุง ุชุฑ
โฐ ุงููพุฑ ฺฉ ุทุฑู ุชุฑ ฺฉุง ุงุดุงุฑ ุจุงุฆฺบ ุทุฑู
โฑ ุงููพุฑ ฺฉ ุทุฑู ุชุฑ ฺฉุง ุงุดุงุฑ ุฏุงุฆฺบ ุทุฑู
โฒ ูฺ ฺฉ ุทุฑู ุชุฑ ฺฉุง ุงุดุงุฑ ุจุงุฆูฺบ ุทุฑู
โณ ูฺ ฺฉ ุทุฑู ุชุฑ ฺฉุง ุงุดุงุฑ ุฏุงุฆูฺบ ุทุฑู
โด ุฏุงุฆฺบ ุทุฑู ุณ ุชุฑ ฺฉุง ุงุดุงุฑ ูฺ ฺฉ ุทุฑู
โต ูฺ ฺฉ ุทุฑู ุณ ุชุฑ ฺฉุง ุงุดุงุฑ ุจุงุฆูฺบ ุทุฑู
โถ ููุณ ุดฺฉู ฺฉุง ุงููพุฑ ุณ ูู ุฏุงุฆุฑ ูุงูุง ุชุฑ
โท ฺฏฺพฺ ูุงุฑ ุงููพุฑ ุณ ูู ุฏุงุฆุฑ ูุงูุง ุชุฑ
โธ ููุจ ุจุงุฑ ุณ ุดูุงู ูุบุฑุจ ฺฉ ุทุฑู ุงุดุงุฑ ฺฉุฑุชุง ุชุฑ
โน ุฏุงุฆฺบ ุทุฑู ุงุดุงุฑ ฺฉุฑุชุง ุชุฑ ุจุงุฑ ุณ ุจุงุฆฺบ ุทุฑู ุงุดุงุฑ ฺฉุฑุชุง ุชุฑ ุจุงุฑ
โบ ููุณ ุดฺฉู ฺฉุง ฺฉฺพูุง ุฏุงุฆุฑ ูุงูุง ุชุฑ
โป ฺฏฺพฺ ูุงุฑ ฺฉฺพูุง ุฏุงุฆุฑ ูุงูุง ุชุฑ
โผ ุงููพุฑ ฺฉ ุทุฑู ุณ ุจุงุฆฺบ ุทุฑู ุงุดุงุฑ ฺฉุฑุชุง ุงุฑูพูู ุจุงุฑุจ
โฝ ูฺ ฺฉ ุทุฑู ุณ ุงููพุฑ ฺฉ ุทุฑู ุงุดุงุฑ ฺฉุฑุชุง ุงุฑูพูู ุจุงุฑุจ
โพ ุฏุงุฆฺบ ุทุฑู ุณ ุงููพุฑ ฺฉ ุทุฑู ุงุดุงุฑ ฺฉุฑุชุง ุงุฑูพูู ุจุงุฑุจ
โฟ ุจุงุฆฺบ ุทุฑู ุณ ุฏุงุฆฺบ ุทุฑู ุงุดุงุฑ ฺฉุฑุชุง ุงุฑูพูู ุจุงุฑุจ
โ ุงููพุฑ ฺฉ ุทุฑู ุณ ุฏุงุฆฺบ ุทุฑู ุงุดุงุฑ ฺฉุฑุชุง ุงุฑูพูู ุจุงุฑุจ
โ ูฺ ฺฉ ุทุฑู ุณ ุฏุงุฆฺบ ุทุฑู ุงุดุงุฑ ฺฉุฑุชุง ุงุฑูพูู ุจุงุฑุจ
โ ุฏุงุฆฺบ ุทุฑู ุณ ูฺ ฺฉ ุทุฑู ุงุดุงุฑ ฺฉุฑุชุง ุงุฑูพูู ุจุงุฑุจ
โ ุจุงุฆฺบ ุทุฑู ุณ ูฺ ฺฉ ุทุฑู ุงุดุงุฑ ฺฉุฑุชุง ุงุฑูพูู ุจุงุฑุจ
โ ุงููพุฑ, ุงููพุฑ ุงูุฑ ูฺ ฺฉ ุทุฑู ุงุดุงุฑ ฺฉุฑู ูุงูุง ุชุฑ, ุชุฑ, ูฺ
โ ุจุงุฆูฺบ, ุชุฑ, ุฏุงุฆูฺบ, ุฏุงุฆฺบ ุงูุฑ ุจุงุฆูฺบ ุทุฑู ุงุดุงุฑ ฺฉุฑู ูุงูุง ุชุฑ
โ ุงุถุงู, ูุซูุซ
โ ูุซูุซ, ูุงุจู
โ ุญุงูู, ุฑฺฉูุช, ุณูน, ุนูุตุฑ, ฺฉุง ุนูุตุฑ
+ ุฌูุน, ุฌูุน ฺฉ ุนูุงูุช, ุฌูฺฺบ
ยฑ ุฌูุน ููู
รท ุชูุณู, ุชูุณู ฺฉุฑูุง, ุนูุงูุช ุชุญุฑู, ุนูุงูุช ุชูุณู
ร ุถุฑุจ, ุถุฑุจ ุฏูุง, ุนูุงูุช ุถุฑุจ, ูุฑุชุจ
< ูนฺฏ, ุณ ฺฉู, ฺฉฺพูุง ูนฺฏ
= ุจุฑุงุจุฑ, ูุณุงู
โ ุนุฏู ูุณุงูุงุช, ุบุฑ ูุณุงูุงุช, ุบุฑ ูุณุงู
> ุจูุฏ ูนฺฏ, ูนฺฏ, ุณ ุจฺุง
ยฌ ูู, ูฺบ
| ุงุณูนุฑูฺฉ, ุงุณูนฺฉ, ุจุงุฑ, ูพุงุฆูพ, ูพุงุฆฺฉ, ุดูุฑ ุงุณูนุฑูฺฉ, ุนููุฏ ุจุงุฑ, ุนููุฏ ูุงุฆู, ูุงุฆู, ู ุจุงุฑ
~ ูนูฺุง
โ ููู, ููู ฺฉ ุนูุงูุช, ููุง
โป ุณูพุฑ ุงุณฺฉุฑูพูน, ุณูพุฑ ุงุณฺฉุฑูพูน ูุงุฆูุณ, ูุงุฆูุณ
โ ุฌุฐุฑุงููุฑุจุน, ุฌุฒุฑ, ุฑฺฺฉุณ, ุฑฺฺฉู, ูุฎุชู, ูุฑุจุน
โ ูุง ูุชูุง, ูุง ูุชูุง ุนูุงูุช
โฉ ุชูุงุทุน, ุณูน
โช ุณูน, ูุฌููุน, ููู
โ ุชุฎูู, ุชูุฑุจุงู, ุชูุฑุจุงู ูุณุงู
โก ุชุฑุง, ููุงุซู, ููุงุซู , ู ุจู
โค ุจุฑุงุจุฑ, ุณ ฺฉู, ุณ ฺฉู ุง ูุณุงู, ุนุฏู ูุณุงูุงุช, ูุณุงู
โฅ ุจุฑุงุจุฑ, ุณ ุจฺุง, ุณ ุจฺุง ุง ูุณุงู, ุนุฏู ูุณุงูุงุช, ูุณุงู
โ ุฐู ุณูน, ุณูน, ฺฉุง ุฐู ุณูน
โฒ ุงููพุฑ, ุงููพุฑ ฺฉ ุทุฑู ุงุดุงุฑ ฺฉุฑุชุง ูุง ุจฺพุฑุง ูุง ูุซูุซ, ุจฺพุฑุง ูุง, ุชุฑ, ูุซูุซ
โผ ุจฺพุฑุง ูุง, ุชุฑ, ูุซูุซ, ูฺ, ูฺ ฺฉ ุทุฑู ุงุดุงุฑ ฺฉุฑุชุง ูุง ุจฺพุฑุง ูุง ูุซูุซ
โ ฺุงุฆููฺ, ุฑููุจุณ, ุดฺฉู ูุนู
โ ุฎุงู ุณุฑฺฉู, ุฑูฺฏ, ุณุฑฺฉู
โ ุจฺพุฑุง ูุง ุณุฑฺฉู, ุณุฑฺฉู
โฏ ุจฺุง ุฎุงู ุณุฑฺฉู, ุฑูฺฏ, ุณุฑฺฉู
โช ุขูนฺพูุงฺบ, ููุณู, ูููน
โญ ุจููู, ููุณู, ูููน, ููุงุฑ
โฏ ุฌุฒ, ฺุงุฆุณุฒ, ุดุงุฑูพ, ููุณู, ูููน
๐ ฺุฑ, ฺฉฺพู ฺฉ ูุณุชุง ฺุฑ, ฺฉฺพูุง, ูู, ูุณ
๐ ุจฺ ุขูฺฉฺพูฺบ ูุงูุง ฺฉฺพู ูู ูุงูุง ูุณฺฉุฑุงุชุง ฺุฑ, ฺุฑ, ูุณฺฉุฑุงูน, ูู
๐ ุขูฺฉฺพ, ฺุฑ, ฺฉฺพู ูู ุงูุฑ ูุณฺฉุฑุงุช ุขูฺฉฺพูฺบ ูุงูุง ูุณฺฉุฑุงุชุง ฺุฑ, ูุณฺฉุฑุงูน, ูู
๐ ุขูฺฉฺพ, ฺุฑ, ฺฉฺพูุง, ูุณฺฉุฑุงุช ุขูฺฉฺพฺบ ู ูุณุชุง ฺุฑ, ูุณฺฉุฑุงูน, ูู, ูุณูุง
๐ ฺุฑ, ฺฉฺพู ูู ุงูุฑ ุณุฎุช ุณ ุจูุฏ ุขูฺฉฺพูฺบ ูุงูุง ูุณฺฉุฑุงุชุง ฺุฑ, ูุณฺฉุฑุงูน, ูุทูุฆู, ูู, ูุณ
๐ ูพุณู, ูนฺพูฺ, ฺุฑ, ฺฉฺพู ูู ุงูุฑ ูนฺพูฺ ูพุณู ูุงูุง ูุณฺฉุฑุงุชุง ฺุฑ, ูุณฺฉุฑุงูน
๐คฃ ฺุฑ, ูููน ูพููน, ูุณุช ูุณุช ูููน ูพููน ููุง, ูุณ
๐ ุขูุณู, ฺุฑ, ุฎูุด, ุฎูุด ฺฉ ุขูุณูุคฺบ ูุงูุง ฺุฑ, ูุณ
๐ ฺุฑ, ูุฏฺพู ูุณฺฉุฑุงูน ูุงูุง ฺุฑ, ูุณฺฉุฑุงูน
๐ ุงููนุข, ุงููนุง ฺุฑ, ฺุฑ
๐ ุขูฺฉฺพ ุฌฺพูพฺฉูุง, ุขูฺฉฺพ ูุงุฑุชุง ฺุฑ, ฺุฑ
๐ ุขูฺฉฺพ, ฺุฑ, ูุณฺฉุฑุงุช ุขูฺฉฺพูฺบ ูุงูุง ูุณฺฉุฑุงุชุง ฺุฑ, ูุณฺฉุฑุงูน
๐ ุงูุณุงูู, ฺุฑ, ูุฑุดุช, ูุณฺฉุฑุงูน, ูุนุตูู, ุงู ู ูุณฺฉุฑุงุชุง ฺุฑ
๐ฅฐ ูพุณูุฏ ฺฉุฑูุง, ูพุงุฑ ูฺบ, ุฏู, ุฏููฺบ ฺฉ ุณุงุชฺพ ูุณฺฉุฑุงุชุง ฺุฑ, ูุญุจุช
๐ ุขูฺฉฺพ, ูพุงุฑ, ฺุฑ, ุฏู, ุฏู ฺฉ ุดฺฉู ฺฉ ุขูฺฉฺพูฺบ ูุงูุง ูุณฺฉุฑุงุชุง ฺุฑ
๐คฉ ุขูฺฉฺพฺบ, ุชุงุฑ, ฺุฑ, ุณุชุงุฑ ุฒุฏ, ูุณฺฉุฑุงุชุง
๐ ุจูุณ, ุจูุณ ุงฺฺพุงูุชุง ฺุฑ, ฺุฑ, ุฏู
๐ ุจูุณ, ุจูุณ ูุชุง ฺุฑ, ฺุฑ
โบ ูพุฑ ุณฺฉูู, ฺุฑ, ูุณฺฉุฑุงุชุง ฺุฑ, ูุณฺฉุฑุงูน
๐ ุขูฺฉฺพ, ุจูุฏ, ุจูุฏ ุขูฺฉฺพูฺบ ฺฉ ุณุงุชฺพ ุจูุณ ูุชุง ฺุฑ, ุจูุณ, ฺุฑ
๐ ุขูฺฉฺพ, ุจูุณ, ฺุฑ, ูุณฺฉุฑุงุช ุขูฺฉฺพูฺบ ฺฉ ุณุงุชฺพ ุจูุณ ูุชุง ฺุฑ, ูุณฺฉุฑุงูน
๐ฅฒ ุขูุณู, ุขูุณู ฺฉ ุณุงุชฺพ ูุณฺฉุฑุงุชุง ฺุฑ, ุฌุฐุจุงุช, ูุงุฎุฑ, ูุณฺฉุฑุงุชุง ูุง, ูุทูุฆฺบ, ููููฺบ
๐ ฺุฑ, ูุฒุฏุงุฑ, ูุฒุฏุงุฑ ฺฉฺพุงู ฺฉุง ุฐุงุฆู ุฏู ูุงูุง ฺุฑ, ูุณฺฉุฑุงูน
๐ ฺุฑ, ุฒุจุงู, ุฒุจุงู ูฺฉุงู ฺุฑ
๐ ุขูฺฉฺพ, ฺุฑ, ุฒุจุงู, ุฒุจุงู ูฺฉุงู ุงูุฑ ุขูฺฉฺพ ูุงุฑุชุง ฺุฑ, ูุฒุงู
๐คช ุขูฺฉฺพ, ุจฺ, ูพุงฺฏู ูพู ูุงูุง ฺุฑ, ฺฺพููน
๐ ุขูฺฉฺพ, ฺุฑ, ุฎูููุงฺฉ, ุฒุจุงู, ุฒุจุงู ูฺฉุงู ุงูุฑ ุณุฎุช ุณ ุจูุฏ ุขูฺฉฺพูฺบ ูุงูุง ฺุฑ
๐ค ฺุฑ, ฺุงูุฑ, ฺุงูุฑ ฺฉ ุฒุจุงู ูุงูุง ฺุฑ, ูู
๐ค ฺุฑ, ฺฏู ููุชุง ฺุฑ, ฺฏู ูููุง
๐คญ ุงูู, ูู ูพุฑ ุงุชฺพ ุฑฺฉฺพุง ูุง ฺุฑ
๐คซ ฺูพ, ุฎุงููุด, ุฎุงููุด ุฑู ฺฉุง ุงุดุงุฑ ฺฉุฑู ูุงู ฺุฑ
๐ค ฺุฑ, ุณูฺุชุง ฺุฑ, ุณูฺูุง
๐ค ฺุฑ, ุณูุง ูุง, ูู, ูู ุณ ูุฆ ฺุฑ
๐คจ ุงูนฺพ ูุฆ ุจฺพูฺบ ูุงูุง ฺุฑ, ุจุฏ ุงุนุชูุงุฏ, ุดฺฉ
๐ ฺุฑ, ุบุฑ ุฌุงูุจุฏุงุฑ, ุบุฑ ุฌุงูุจุฏุงุฑ ฺุฑ
๐ ุงุธุงุฑ ุณ ุนุงุฑ ฺุฑ, ุจุบุฑ ุชุงุซุฑ, ฺุฑ
๐ถ ุจุบุฑ ูู ูุงูุง ฺุฑ, ฺุฑ, ุฎุงููุด, ูู
๐ถโ๐ซ ุจุงุฏููฺบ ูฺบ ฺุฑ
๐ ฺุฑ, ุทูุฒ, ุทูุฒ ูุณฺฉุฑุงูน ูุงูุง ฺุฑ
๐ ุงุฏุงุณ ฺุฑ, ฺุฑ, ูุง ุฎูุด
๐ ุขูฺฉฺพฺบ, ฺุฑ, ฺฏฺพููุช ุขูฺฉฺพูฺบ ูุงูุง ฺุฑ, ฺฏฺพูููุง
๐ฌ ฺุฑ, ูุถุญฺฉ ุฎุฒ ฺุฑ, ูุงฺฏูุงุฑุช
๐ฎโ๐จ ุณุงูุณ ฺฺพูฺู ูุงูุง ฺุฑ
๐คฅ ุฌฺพููน, ุฌฺพููน ุจููุชุง ฺุฑ, ฺุฑ
๐ ูพูุฑ ุณฺฉูู, ูพูุฑ ุณฺฉูู ฺุฑ, ฺุฑ
๐ ฺุฑ, ุณูฺ ูฺบ ฺูุจุง ฺุฑ, ุบูุฒุฏ
๐ช ฺุฑ, ุฎูุงุจุฏ ฺุฑ, ุบููุฏฺฏ
๐คค ฺุฑ, ุฑุงู ูนูพฺฉุงุชุง ฺุฑ, ุฑุงู ูนูพฺฉูุง
๐ด ฺุฑ, ุณูุชุง ูุง ฺุฑ, ุณููุง
๐ท ูนฺพูฺ, ฺุฑ, ฺุงฺฉูนุฑ, ุทุจ ูุงุณฺฉ ูุงูุง ฺุฑ, ูุงุณฺฉ
๐ค ุจูุงุฑ, ุชฺพุฑูุงููนุฑ, ุชฺพุฑูุงููนุฑ ู ฺุฑ, ฺุฑ
๐ค ูพูน, ฺุฑ, ุฒุฎู, ุณุฑ ูพุฑ ูพูน ุจุงูุฏฺพ ฺุฑ
๐คข ฺุฑ, ูุชู, ูุชู ฺฉ ฺฉูุช ูุงูุง ฺุฑ
๐คฎ ุจูุงุฑ, ู, ู ฺฉุฑุชุง ฺุฑ
๐คง ุจูุงุฑ, ฺฺพูฺฉ, ฺฺพูฺฉฺบ ูุงุฑุชุง ฺุฑ, ฺุฑ
๐ฅต ุจูุฎุงุฑ ุฒูุฏ, ูพุณู ุณ ุดุฑุงุจูุฑ, ุญุฑุงุฑุช ุฒุฏฺฏ, ุณุฑุฎ ฺุฑ, ฺฏุฑู
๐ฅถ ุจุฑู ฺฉ ูููฺบ, ุจุช ุฒุงุฏ ุณุฑุฏ, ูนฺพูฺุง, ุณุฑุฏ ฺุฑ, ุณุฑุฏ ุณ ูุงุคู, ููฺฏูฺบ ฺุฑ
๐ฅด ุงููุฌฺพู ฺฉุง ุดฺฉุงุฑ ุดุฑ, ูนฺฺพ ูฺฺพ ุขูฺฉฺพฺบ, ฺฺฉุฑุงุง ููุง, ูุฎูููุฑ, ูุฏูุด, ูุงููุงุฑ ูู
๐ต ฺฺฉุฑ, ฺฺฉุฑุงุชุง ฺุฑ, ฺุฑ
๐ตโ๐ซ ูุฑุบูู ุขูฺฉฺพูฺบ ูุงูุง ฺุฑ
๐คฏ ุญุฑุงู, ุณุฑ ูพฺพูนูุง
๐ค ฺุฑ, ฺฉุงุค ุจูุงุฆ, ฺฉุงุค ุจูุงุฆ ูน ฺฉ ุณุงุชฺพ ฺุฑ, ูน
๐ฅณ ุจุงุฌุง, ูพุงุฑูน, ูพุงุฑูน ุณ ูุทู ุงูุฏูุฒ ูุชุง ฺุฑ, ูนููพ, ุฌุดู
๐ฅธ ุจุฑููพ, ฺุดู, ฺุฑ, ุฎู, ูุงฺฉ
๐ ุขูฺฉฺพ, ฺุดู, ฺูฺฉูุง, ุฏฺพููพ, ุฏฺพููพ ฺฉุง ฺุดู ูฺฏุงุฆ ูุณฺฉุฑุงุชุง ฺุฑ, ุณูุฑุฌ, ูุณฺฉุฑุงูน
๐ค ุจููููุงู, ฺุฑ
๐ง ุงฺฉ ฺุดู ูพูุง ูุง ฺุฑ, ุจูุฏ ูุงฺฉ ูุงูุง ฺุฑ
๐ ุงูุฌฺพู ุฒุฏ ฺุฑ, ฺุฑ, ฺฉูููุฒ
๐ ูพุฑุดุงู, ฺุฑ
๐ ุชูุฑ, ฺุฑ, ูฺฉุง ุณุง ุชูุฑ ุฒุฏ ฺุฑ
โน ุชูุฑ, ุชูุฑ ุฒุฏ ฺุฑ, ฺุฑ
๐ฎ ฺุฑ, ฺฉฺพูุง ูุง, ฺฉฺพู ูู ูุงูุง ฺุฑ, ูู
๐ฏ ฺุฑ, ุญุฑุช, ุดุฏุฏ ุญุฑุช ุฒุฏ ฺุฑ
๐ฒ ุชฺฉูู, ฺุฑ, ุญุฑุช, ุญุฑุช ุฒุฏ ฺุฑ
๐ณ ฺุฑ, ุณุฑุฎ, ุดุฑููุฏฺฏ, ุดุฑููุฏฺฏ ุณ ุณุฑุฎ ฺุฑ
๐ฅบ ุงูุชุฌุง ฺฉุฑูุง, ุฑุญู, ุทููุงู ุขูฺฉฺพฺบ, ููุชุฌ ฺุฑ
๐ฆ ุชูุฑ, ฺุฑ, ฺฉฺพูุง ูุง, ูู, ูู ฺฉฺพูู ุชูุฑ ฺฺฺพุงุชุง ฺุฑ
๐ง ุชฺฉูู, ุชฺฉูู ุฒุฏ ฺุฑ, ฺุฑ
๐จ ฺุฑ, ุฎูู, ุฎููุฒุฏ ฺุฑ
๐ฐ ูพุณู, ูนฺพูฺุง, ฺฉฺพู ูู ุงูุฑ ูนฺพูฺ ูพุณู ูุงูุง ฺุฑ, ูู, ููุง
๐ฅ ูพุฑ ุณฺฉูู, ฺุฑ, ูุงูุณ, ูุงูุณ ูฺฉู ูพุฑ ุณฺฉูู ฺุฑ
๐ข ุขูุณู, ฺุฑ, ุฑูุชุง ูุง ฺุฑ, ุฑููุง
๐ญ ุขูุณู, ฺุฑ, ุฑููุง, ุฒุงุฑ ู ูุทุงุฑ ุฑูุชุง ฺุฑ
๐ฑ ฺุฑ, ฺุฎ, ุฎูู, ุฎูู ุณ ฺูุงุชุง ฺุฑ
๐ ุงูุชุงุฆ ฺฉูููุฒ, ุจ ุชุฑุชุจ ฺุฑ, ฺุฑ
๐ฃ ูพูุฑุนุฒู ฺุฑ, ูพูุฑุนุธู, ฺุฑ
๐ ฺุฑ, ูุงูุณ
๐ ูพุณู, ูนฺพูฺ, ูนฺพูฺ ูพุณู ูุงูุง ฺุฑ, ฺุฑ
๐ฉ ุงฺฉุชุงุง ูุง ฺุฑ, ุชฺพฺฉุงููน, ฺุฑ
๐ซ ุชฺพฺฉุง ูุง ฺุฑ, ุชฺพฺฉุงู, ฺุฑ
๐ฅฑ ุจูุฑุช ฺฉุง ุดฺฉุงุฑ, ุชฺพฺฉุง ูุงูุฏ, ุฌูุงุฆ, ุฌูุงุฆ ูุชุง ฺุฑ
๐ค ฺุฑ, ูุชุญ, ูุงฺฉ ุณ ุฏฺพูุงฺบ ูฺฉุงูุชุง ฺุฑ
๐ก ฺุฑ, ูุง ุฎูุด, ูุง ุดุงุฏ ฺุฑ
๐ ฺุฑ, ุบุต, ุบุต ูุงูุง ฺุฑ
๐คฌ ฺฏุงูุงฺบ ุฏูุง, ูู ูพุฑ ุนูุงูุงุช ูุงูุง ฺุฑ
๐ ฺุฑ, ุดุทุงู ูุณฺฉุฑุงูน, ุดุทุงู ูุณฺฉุฑุงูน ูุงูุง ฺุฑ
๐ฟ ฺุฑ, ุดุฑุงุฑุช, ุดุฑุฑ ุดุทุงู, ุดุทุงู
๐ ุงูุณุงูู, ุฌู, ฺุฑ, ฺฉฺพููพฺ, ููุช
โ ฺฉุฑุงุณ, ฺฉุฑุงุณ ุดุฏ ฺูฺบ ฺฉ ุณุงุชฺพ ฺฉฺพููพฺ, ฺฉฺพููพฺ, ููุช, ฺุงฺบ
๐ฉ ฺุฑ, ฺฺพุฑ, ฺฏูุฏฺฏ, ฺฏูุฏฺฏ ฺฉุง ฺฺพุฑ
๐คก ุฌูฺฉุฑ, ฺุฑ
๐น ุงูุณุงูู, ุฌุงูพุงู, ุฌู, ฺุฑ, ุดุทุงู ุฌู
๐บ ุงูุณุงูู, ุฌุงูพุงู, ุฌู, ฺุฑ, ููุจ ูุงฺฉ ุงูุฑ ูููฺฺพูฺบ ูุงูุง ุฏู
๐ป ุงูุณุงูู, ุจฺพูุช, ุฌู, ฺุฑ
๐ฝ ฺุฑ, ุฎูุง, ุฎูุงุฆ ูุฎููู, ูุฎููู
๐พ ฺุฑ, ุฎูุง, ุฎูุงุฆ ุฏู, ุฏู
๐ค ฺุฑ, ุฑูุจููน, ูููุณูนุฑ
๐บ ุจู, ฺุฑ, ฺฉฺพู ูู ฺฉ ุณุงุชฺพ ูุณฺฉุฑุงุช ุจู ฺฉุง ฺุฑ, ูุณฺฉุฑุงูน, ูู
๐ธ ุจู, ฺุฑ, ูุณฺฉุฑุงุช ุขูฺฉฺพูฺบ ูุงู ฺฉฺพู ฺฉ ูุณุช ุจู ฺฉุง ฺุฑ, ูุณฺฉุฑุงูน
๐น ุขูุณู, ุจู, ฺุฑ, ุฎูุด, ุฎูุด ฺฉ ุขูุณู ู ุจู ฺฉุง ฺุฑ
๐ป ุจู, ูพุงุฑ, ฺุฑ, ุฏู, ุฏู ฺฉ ุดฺฉู ูุงู ุขูฺฉฺพูฺบ ฺฉ ุณุงุชฺพ ูุณฺฉุฑุงุช ุจู ฺฉุง ฺุฑ
๐ผ ุจู, ุจู ฺฉุง ุทูุฒ ูุณฺฉุฑุงูน ูุงูุง ฺุฑ, ฺุฑ, ุทูุฒ, ูุณฺฉุฑุงูน
๐ฝ ุขูฺฉฺพ, ุจู, ุจูุฏ ุขูฺฉฺพูฺบ ฺฉ ุณุงุชฺพ ุจูุณ ูุชุง ุจู ฺฉุง ฺุฑ, ุจูุณ, ุจูุณ ุฏุช ุจู, ฺุฑ
๐ ุงู, ุจู, ุชฺพฺฉ ูุฆ, ุชฺพฺฉ ูุฆ ุจู, ฺุฑ, ุญุฑุงู
๐ฟ ุขูุณู, ุจู, ฺุฑ, ุฑูุช ูุฆ ุจู, ุฑููุง, ุบูฺฏู
๐พ ุจู, ฺุฑ, ูุง ุดุงุฏ, ูุงุดุงุฏ ุจู
๐ ุจูุฏุฑ, ฺุฑ, ุฏฺฉฺพู, ูฺบ, ุงุชฺพ ุณ ุขูฺฉฺพฺบ ฺฺพูพุงุฆ ุจูุฏุฑ
๐ ุจูุฏุฑ, ฺุฑ, ุณูู, ฺฉุงููฺบ ฺฉู ุงุชฺพ ุณ ฺฺพูพุงุฆ ุจูุฏุฑ, ูฺบ
๐ ุจูุฏุฑ, ุจููู, ฺุฑ, ูู ฺฉู ุงุชฺพูฺบ ุณ ุจูุฏ ฺฉ ุจูุฏุฑ, ูฺบ
๐ ุจูุณ, ุจูุณ ฺฉุง ูุดุงู, ูููน
๐ ูพุงุฑ, ุฎุท, ุฑููุงูุณ, ูุญุจุช ุจฺพุฑุง ุฎุท
๐ ุชุฑ, ุชุฑ ูพูุณุช ูุง ุฏู, ุฏู, ุฒุฎู
๐ ุฏู, ุฑุจู, ุฑุจู ุจุงูุฏฺพ ุฏู
๐ ูพุฑ ุฌูุด, ฺูฺฉุชุง ุฏู, ุฏู
๐ ุจฺฺพุชุง ูุง ุฏู, ูพุฑ ุฌูุด, ุฏู, ูุฑูุณ
๐ ุฏู, ุฏฺพฺฺฉุชุง ุฏู, ุฏฺพฺฺฉู
๐ ุฏู, ฺฏฺพููุช ุฏู, ฺฏฺพูููุง
๐ ูพุงุฑ, ุฏู, ุฏู ุฏู
๐ ุฏู, ุฏู ฺฉ ฺฺฉูุฑุดู, ฺฺฉูุฑุดู
โฃ ุฏู ุงุธุงุฑ, ุฑููุฒู ุงููุงู, ุนูุงูุช, ุนูุงูุชู ูุฏุงุฆ
๐ ูนููนุง ูุง, ูนููนุง ูุง ุฏู, ุฏู
โคโ๐ฅ ุฌูุช ุขฺฏ ูฺบ ุฏู
โคโ๐ฉน ุฏู ฺฉ ุงุตูุงุญ
โค ุฏู, ุณุฑุฎ
๐งก ูุงุฑูุฌ, ูุงุฑูุฌ ุฏู
๐ ูพูุง, ุฏู
๐ ุฏู, ุณุจุฒ
๐ ุฏู, ููุง
๐ ุงุฑุบูุงู, ุฏู
๐ค ุจฺพูุฑุง, ุฏู
๐ค ุจุฑุง, ุฏู, ุดุทุงู, ฺฉุงูุง
๐ค ุฏู, ุณูุฏ
๐ฏ ุงุณฺฉูุฑ, ูพูุฑ, ุณู, ุณู ูพูุงุฆููนุณ
๐ข ุนูุงูุช, ุบุต, ุบุต ฺฉ ุนูุงูุช
๐ฅ ุชุตุงุฏู, ูนฺฉุฑ
๐ซ ุณุฑ ฺฺฉุฑุงูุง, ุนูุงูุช
๐ฆ ูพุณู, ูพุณู ฺฉ ูุทุฑ, ูุทุฑ
๐จ ุชุฒ, ุชุฒ ุณ ุฏูฺูุง, ุฏูฺูุง
๐ณ ฺฺพุฏ, ุฎุงู ุฌฺฏ, ุณูุฑุงุฎ
๐ฃ ุขฺฏ, ุจู, ุจูุจุงุฑ
๐ฌ ุนูุงูุช, ุบุจุงุฑ, ฺฏูุชฺฏู
๐โ๐จ ุขูฺฉฺพ, ุฏฺพูฺฉ, ุฏฺพูฺฉ ุฑูฺฉู ฺฉ ูู, ูู
๐จ ุจุงุงฺบ, ุนูุงูุช, ุบุจุงุฑ, ฺฏูุชฺฏู ุบุจุงุฑ ุจุงุฆฺบ
๐ฏ ุฏุงุงฺบ, ุนูุงูุช, ุบุจุงุฑ, ุบุต ุบุจุงุฑ ุฏุงุฆฺบ
๐ญ ุณูฺ, ุนูุงูุช, ุบุจุงุฑ
๐ค ุฒุฒุฒุฒุฒุฒ, ููุธ ุนูุงูุช, ููุฏ
๐ ุฌุณู, ูุฑุงูุง, ุงุชฺพ
๐ค ูพุดุช, ฺฉฺพฺุง, ฺฉฺพฺ ุงุชฺพ ฺฉ ูพุดุช, ุงุชฺพ
๐ ุงูฺฏู, ูพฺพูุงูุง, ูพฺพู ูุฆ ุงูฺฏููฺบ ฺฉ ุณุงุชฺพ ุจููุฏ ุงุชฺพ, ุฌุณู, ุงุชฺพ
โ ุจููุฏ ุงุชฺพ, ุฌุณู, ุงุชฺพ
๐ ุงูุชุด ูุดุงฺบ, ุงูฺฏู, ุฌุณู, ุงุชฺพ, ูููฺฉู ุณูููน
๐ ุงูฺฉ, ุงูฺฉ ฺฉุง ูุดุงู ุจูุงุชุง ุงุชฺพ
๐ค ุงูฺฏูุงฺบ, ุจฺพูฺ ูุฆ ุงูฺฏูุงฺบ, ุชูุชุด, ุทูุฒ, ุงุชฺพ ฺฉุง ุงุดุงุฑ
๐ค ุชฺพูฺ ููุฏุงุฑ, ฺูนฺฉ ูุชุง ูุง ุงุชฺพ
โ ุฌุณู, ูุชุญ, ูุชุญ ฺฉุง ูุดุงู ุจูุงุชุง ุงุชฺพ, ูุดุงู, ุงุชฺพ
๐ค ุงูุฏ, ุงูฺฏู, ูุณูุช, ฺฉุฑุงุณ, ฺฉุฑุงุณ ุจูุงุช ุงูฺฏูุงฺบ
๐ค ุขูพ ุณ ูุญุจุช, ุขูพ ุณ ูุญุจุช ฺฉุง ุงุดุงุฑ, ุงุชฺพ
๐ค ุงูฺฏู, ุฌุณู, ุณูฺฏ, ุงุชฺพ, ุงุชฺพ ุณ ุณูฺฏูฺบ ฺฉุง ูุดุงู
๐ค ุงุดุงุฑ, ฺฉุงู, ฺฉุงู ฺฉุฑู ฺฉุง ุงุดุงุฑ, ุงุชฺพ
๐ ุงูฺฏู, ุจุงุฆฺบ, ุจุงุฆฺบ ุงุดุงุฑ ฺฉุฑุช ุจฺฉ ูฺ ุดุงุฏุช ฺฉ ุงูฺฏู, ุฌุณู, ุงุชฺพ
๐ ุงูฺฏู, ุฌุณู, ุฏุงุฆฺบ, ุฏุงุฆฺบ ุงุดุงุฑ ฺฉุฑุช ุจฺฉ ูฺ ุดุงุฏุช ฺฉ ุงูฺฏู, ุงุชฺพ
๐ ุงููพุฑ, ุงููพุฑ ุงุดุงุฑ ฺฉุฑุช ุจฺฉ ูฺ ุดุงุฏุช ฺฉ ุงูฺฏู, ุฌุณู, ุดุงุฏุช ฺฉ ุงูฺฏู, ุงุชฺพ
๐ ุฌุณู, ุฏุฑูุงู ุงูฺฏู, ุงุชฺพ
๐ ุฌุณู, ุดุงุฏุช ฺฉ ุงูฺฏู, ูฺ, ูฺ ุงุดุงุฑ ฺฉุฑุช ุจฺฉ ูฺ ุดุงุฏุช ฺฉ ุงูฺฏู, ุงุชฺพ
โ ุงูฺฏู, ุงููพุฑ, ุงููพุฑ ุงุดุงุฑ ฺฉุฑุช ุดุงุฏุช ฺฉ ุงูฺฏู, ุฌุณู, ุงุชฺพ
๐ +1, ุงูฺฏููนฺพุง, ุงููพุฑ, ุจุช ุงฺฺพ, ุณุจ ุงฺฺพุง ฺฉุง ูุดุงู ุจูุงุชุง ุงูฺฏููนฺพุง, ุงุชฺพ
๐ -1, ุงฺฺพุง ู ูู ฺฉุง ูุดุงู ุจูุงุชุง ุงูฺฏููนฺพุง, ุงูฺฏููนฺพุง, ุจุช ุจุฑ, ูฺ, ุงุชฺพ
โ ุจููุฏ ูููนฺพ, ุฌุณู, ููนฺพ, ุงุชฺพ
๐ ุขุชุง ูุง ููฺฉุง, ุฌุณู, ูฺฉุง, ุงุชฺพ
๐ค ุจุงุฆฺบ ุณูุช, ุจุงุฆฺบ ุณูุช ูฺบ ูฺฉุง, ูฺฉุง
๐ค ุฏุงุฆฺบ ุณูุช, ุฏุงุฆฺบ ุณูุช ูฺบ ูฺฉุง, ูฺฉุง
๐ ุชุงู, ุชุงูุงฺบ ุจุฌุงุช ุงุชฺพ, ุฌุณู, ุงุชฺพ
๐ ุฌุณู, ุฌุดู, ุงุชฺพ, ุงุชฺพ ุจููุฏ ฺฉ ูุฆ ุดุฎุต
๐ ุฌุณู, ฺฉฺพู ุงุชฺพ, ฺฉฺพูู, ุงุชฺพ
๐คฒ ุงฺฉ ุณุงุชฺพ ุชฺพูุงฺบ ุงูนฺพุงูุง, ููุงุฒ
๐ค ููุงูุง, ุงุชฺพ
๐ ุงุดุงุฑ, ุจูุฏฺพ ุงุชฺพ, ุฏุนุง, ุดฺฉุฑ
โ ุฌุณู, ูฺฉฺพุชุง ูุง ุงุชฺพ, ูฺฉฺพูุง, ุงุชฺพ
๐ ูพุงูุด, ุฌุณู, ุฎุงู, ูุงุฎู, ูู ูพุงูุด
๐คณ ุชุตูุฑ, ุณูู, ููู, ฺฉูุฑ
๐ช ุจุงุฒูุคฺบ ฺฉ ฺูู, ุฌุณู, ฺูู
๐ฆพ ุฏุณุชุฑุณ, ูุดู ุจุงุฒู, ูุตููุน
๐ฆฟ ุฏุณุชุฑุณ, ูุดู ูนุงูฺฏ, ูุตููุน
๐ฆต ูนุงูฺฏ, ูนฺพูฺฉุฑ, ุนุถู
๐ฆถ ูพุงุคฺบ, ูพุงุคฺบ ูุงุฑูุง, ูนฺพูฺฉุฑ
๐ ุฌุณู, ฺฉุงู
๐ฆป ุขู ุณูุงุนุช ฺฉ ุณุงุชฺพ ฺฉุงู, ุฏุณุชุฑุณ, ฺฉูุฒูุฑ ุณูุงุนุช
๐ ุฌุณู, ูุงฺฉ
๐ง ุฏูุงุบ, ุฐู
๐ซ ุฏู, ุฏู ฺฉุง ุนุถู, ุฏู ฺฉ ุฏฺพฺฺฉู, ุนุถู, ูุจุถ
๐ซ ูพฺพูพฺพฺ, ุชููุณ, ุณุงูุณ, ุณุงูุณ ุจุงุฑ ูฺฉุงููุง, ุณุงูุณ ููุง, ุนุถู
๐ฆท ุฏุงูุช, ูุนุงูุฌ ุฏูุฏุงู
๐ฆด ฺฺพุงูฺุง, ฺ
๐ ุขูฺฉฺพ, ุขูฺฉฺพฺบ, ฺุฑ
๐ ุขูฺฉฺพ, ุฌุณู
๐ ุฌุณู, ุฒุจุงู
๐ ุฌุณู, ูู
๐ถ ุงูุณุงู, ุจฺ, ุทูู
๐ง ุจฺ, ุตูู ุบุฑ ุฌุงูุจุฏุงุฑ, ููุฌูุงู
๐ฆ ุงูุณุงู, ูฺฺฉุง
๐ง ุงูุณุงู, ูฺฺฉ
๐ง ุจุงูุบ, ุดุฎุต, ุตูู ุบุฑ ุฌุงูุจุฏุงุฑ
๐ฑ ุจุงู, ุจูุฏ, ุณูุฑ, ุณูุฑ ุจุงููฺบ ูุงูุง ุดุฎุต
๐จ ุงูุณุงู, ูุฑุฏ
๐ง ุฏุงฺฺพ, ุฏุงฺฺพ ูุงูุง ุดุฎุต
๐งโโ ุฏุงฺฺพ, ูุฑุฏ, ูุฑุฏ: ุฏุงฺฺพ
๐ฑโโ ุจฺพูุฑ ุจุงู, ุณูุฑ ุจุงู, ุณูุฑ ุจุงููฺบ ูุงูุง ูุฑุฏ, ูุฑุฏ
๐ฉ ุงูุณุงู, ุนูุฑุช
๐งโโ ุฏุงฺฺพ, ุนูุฑุช, ุนูุฑุช: ุฏุงฺฺพ
๐ฑโโ ุจฺพูุฑ ุจุงู, ุณูุฑ ุจุงู, ุณูุฑ ุจุงููฺบ ูุงู ุนูุฑุช, ุนูุฑุช
๐ง ุจูฺฺพุง, ุจูฺฺพุง ุจุงูุบ, ุตูู ุบุฑ ุฌุงูุจุฏุงุฑ
๐ด ุงูุณุงู, ุจูฺฺพุง, ุจูฺฺพุง ุขุฏู, ูุฑุฏ
๐ต ุงูุณุงู, ุจูฺฺพ, ุนูุฑุช
๐ ุงุดุงุฑ, ุชูุฑ, ุชูุฑ ฺฺฺพุงุฆ ุดุฎุต
๐โโ ฺฏฺพูุฑุชุง ูุง ูุฑุฏ, ฺฏฺพูุฑูุง, ูุฑุฏ, ูุงุฑุงุถฺฏ ุธุงุฑ ฺฉุฑุชุง ูุง ูุฑุฏ
๐โโ ุนูุฑุช, ฺฏฺพูุฑุช ูุฆ ุนูุฑุช, ฺฏฺพูุฑูุง, ูุงุฑุงุถฺฏ ุธุงุฑ ฺฉุฑุช ูุฆ ุนูุฑุช
๐ ุงุดุงุฑ, ูุง ุดุงุฏ, ูุง ุดุงุฏ ุดุฎุต
๐โโ ุงุฏุงุณ ุธุงุฑ ฺฉุฑูุง, ูุฑุฏ, ููฺพ ุจุณูุฑูุง, ูู ุจุณูุฑุชุง ูุง ูุฑุฏ, ูููน ุฏุจุงูุง
๐โโ ุงุฏุงุณ ุธุงุฑ ฺฉุฑูุง, ุนูุฑุช, ููฺพ ุจุณูุฑูุง, ูู ุจุณูุฑุช ูุง ุนูุฑุช, ูููน ุฏุจุงูุง
๐ ููุน ฺฉุฑูุง, ูฺบ, ูฺบ ฺฉุง ุงุดุงุฑ, ุงุชฺพ
๐โโ ุงุดุงุฑ, ูนฺพฺฉ ูฺบ ูู ฺฉุง ุงุดุงุฑ ฺฉุฑุชุง ูุง ูุฑุฏ, ุฑูฺฉูุง, ูุฑุฏ, ููุน ฺฉุฑูุง
๐โโ ุงุดุงุฑ, ูนฺพฺฉ ูฺบ ูู ฺฉุง ุงุดุงุฑ ฺฉุฑุช ูุฆ ุนูุฑุช, ุฑูฺฉูุง, ุนูุฑุช, ููุน ฺฉุฑูุง
๐ ูนฺพฺฉ , ุงุชฺพ, ุงฺบ ฺฉุง ุงุดุงุฑ
๐โโ ุงุฌุงุฒุช ุฏูุง, ุงุดุงุฑ, ุงูฺฉ, ูนฺพฺฉ  ฺฉุง ุงุดุงุฑ ฺฉุฑุชุง ูุง ูุฑุฏ, ูุฑุฏ
๐โโ ุงุฌุงุฒุช ุฏูุง, ุงุดุงุฑ, ุงูฺฉ, ูนฺพฺฉ  ฺฉุง ุงุดุงุฑ ฺฉุฑุช ูุฆ ุนูุฑุช, ุนูุฑุช
๐ ูุฏุฏ, ูุนูููุงุช, ูุนูููุงุช ฺุณฺฉ ูุงูุง ุจูุฏ
๐โโ ุชุฌูุฑ, ุชุฌูุฒ ุฏุชุง ูุง ูุฑุฏ, ุฑุงุฆ, ูุฑุฏ, ูุนูููุงุช
๐โโ ุชุฌูุฑ, ุชุฌูุฒ ุฏุช ูุฆ ุนูุฑุช, ุฑุงุฆ, ุนูุฑุช, ูุนูููุงุช
๐ ุงูนฺพุงูุง, ุฎูุด, ุงุชฺพ, ุงุชฺพ ุจููุฏ ฺฉ ุฎูุด ุดุฎุต
๐โโ ุงุดุงุฑ, ูุฑุฏ, ุงุชฺพ ุงูนฺพุงุชุง ูุง ูุฑุฏ, ุงุชฺพ ุงูนฺพุงูุง
๐โโ ุงุดุงุฑ, ุนูุฑุช, ุงุชฺพ ุงูนฺพุงุช ูุฆ ุนูุฑุช, ุงุชฺพ ุงูนฺพุงูุง
๐ง ุจุฑ ูพู, ุฏุณุชุฑุณ, ุณูุงุนุช, ุณูุงุนุช ุณ ูุญุฑูู ุดุฎุต, ฺฉุงู
๐งโโ ุจุฑ, ุณูุงุนุช ุณ ูุญุฑูู ูุฑุฏ, ูุฑุฏ
๐งโโ ุจุฑ, ุนูุฑุช
๐ ุงุดุงุฑ, ุฌฺพฺฉูุง, ุฌฺพฺฉ ูุฆ ุดุฎุต, ูุนุงู
๐โโ ุงูุณูุณ, ุจุช ุฒุงุฏ ุฌฺพฺฉุง ูุง ูุฑุฏ, ูุฑุฏ, ูุนุงู, ูุนุฐุฑุช
๐โโ ุงูุณูุณ, ุจุช ุฒุงุฏ ุฌฺพฺฉ ูุฆ ุนูุฑุช, ุนูุฑุช, ูุนุงู, ูุนุฐุฑุช
๐คฆ ุจ ูู, ูพุดุงู, ูพุดุงู ูพุฑ ุงุชฺพ, ฺุฑ, ุบุต, ุงุชฺพ
๐คฆโโ ุจ ูู, ูพุดุงู, ุดุฑููุฏฺฏ, ุดุฑููุฏฺฏ ุธุงุฑ ฺฉุฑุชุง ูุง ูุฑุฏ, ูุฑุฏ
๐คฆโโ ุจ ูู, ูพุดุงู, ุดุฑููุฏฺฏ, ุดุฑููุฏฺฏ ุธุงุฑ ฺฉุฑุช ูุฆ ุนูุฑุช, ุนูุฑุช
๐คท ุจ ูพุฑูุง, ฺฉูุฏฺพ ุงฺฺฉุงูุง, ูุง ุนูู
๐คทโโ ุจ ูพุฑูุง, ุดฺฉ, ฺฉูุฏฺพ ุงฺฺฉุงุชุง ูุง ูุฑุฏ, ฺฉูุฏฺพ ุงฺฺฉุงูุง, ูุง ุนูู
๐คทโโ ุจ ูพุฑูุง, ุดฺฉ, ฺฉูุฏฺพ ุงฺฺฉุงุช ูุฆ ุนูุฑุช, ฺฉูุฏฺพ ุงฺฺฉุงูุง, ูุง ุนูู
๐งโโ ุชฺพุฑุงูพุณูน, ฺุงฺฉูนุฑ, ูุฑุณ, ูุชฺพ ฺฉุฆุฑ, ูุชฺพ ูุฑฺฉุฑ
๐จโโ ฺุงฺฉูนุฑ, ุตุญุช, ฺฉุงุฑฺฉู, ูุฑุฏ, ูุฑุฏ ูุชฺพ ูุฑฺฉุฑ
๐ฉโโ ฺุงฺฉูนุฑ, ุตุญุช, ุนูุฑุช, ุนูุฑุช ูุชฺพ ูุฑฺฉุฑ, ฺฉุงุฑฺฉู
๐งโ๐ ุทุงูุจ ุนูู, ุทุงูุจุนูู, ฺฏุฑุฌููน
๐จโ๐ ุงุณฺฉูู, ุทุงูุจ ุนูู, ฺฏุฑุฌูุฆุดู, ูุฑุฏ, ูุฑุฏ ุทุงูุจ ุนูู
๐ฉโ๐ ุงุณฺฉูู, ุทุงูุจ ุนูู, ุนูุฑุช, ุนูุฑุช ุทุงูุจ ุนูู, ฺฏุฑุฌูุฆุดู
๐งโ๐ซ ุงุณุชุงุฏ, ูพุฑููุณุฑ, ูุนูู
๐จโ๐ซ ุงุณุชุงุฏ, ุงุณฺฉูู, ูพุฑููุณุฑ, ูุฑุฏ ุงุณุชุงุฏ
๐ฉโ๐ซ ุงุณุชุงู, ุงุณฺฉูู, ูพุฑููุณุฑ
๐งโโ ูพูุงู, ุฌุฌ
๐จโโ ุงูุตุงู, ุนุฏุงูุช, ฺฉูุฑูน, ูุฑุฏ, ูุฑุฏ ุฌุฌ
๐ฉโโ ุงูุตุงู, ุนุฏุงูุช, ุนูุฑุช, ุนูุฑุช ุฌุฌ, ฺฉูุฑูน
๐งโ๐พ ฺฉุงุดุชฺฉุงุฑ, ฺฉุณุงู, ูุงู
๐จโ๐พ ุจุงุบุจุงู, ฺฉุงุดุช ฺฉุงุฑ, ฺฉุณุงู, ูุฑุฏ, ูุฑุฏ ฺฉุงุดุช ฺฉุงุฑ
๐ฉโ๐พ ุจุงุบุจุงู, ุนูุฑุช, ุนูุฑุช ฺฉุงุดุช ฺฉุงุฑ, ฺฉุงุดุช ฺฉุงุฑ, ฺฉุณุงู
๐งโ๐ณ ุจุงูุฑฺ, ุดู
๐จโ๐ณ ุจุงูุฑฺ, ุดู, ูุฑุฏ
๐ฉโ๐ณ ุจุงูุฑฺ, ุดู, ุนูุฑุช
๐งโ๐ง ุงูฺฉูนุฑุดู, ูพููุจุฑ, ฺฉุงุฑฺฏุฑ, ูฺฉูฺฉ
๐จโ๐ง ุงูฺฉูนุฑุดู, ฺฉุงุฑฺฏุฑ, ูุฑุฏ, ูฺฉูฺฉ
๐ฉโ๐ง ุงูฺฉูนุฑุดู, ุนูุฑุช ูฺฉูฺฉ, ฺฉุงุฑฺฏุฑ, ูุฑุฏ, ูฺฉูฺฉ
๐งโ๐ญ ุงุณูุจู, ุตูุนุช, ูฺฉูนุฑ, ูฺฉูนุฑ ูุฑฺฉุฑ, ฺฉุงุฑฺฉู
๐จโ๐ญ ูฺฉูนุฑ, ฺฉุงุฑฺฉู, ฺฉุงุฑฺฏุฑ, ูุฑุฏ
๐ฉโ๐ญ ุนูุฑุช, ูฺฉูนุฑ, ฺฉุงุฑฺฉู, ฺฉุงุฑฺฏุฑ
๐งโ๐ผ ุขูุณ ูุฑฺฉุฑ, ฺฉุงุฑูุจุงุฑ, ูุงุฑ ุชุนูุฑุงุช, ููุฌุฑ, ูุงุฆูน ฺฉุงูุฑ
๐จโ๐ผ ุฏูุชุฑ, ฺฉุงุฑฺฉู, ูุฑุฏ, ููุงุฒู
๐ฉโ๐ผ ุฏูุชุฑ, ุนูุฑุช, ฺฉุงุฑฺฉู, ููุงุฒู
๐งโ๐ฌ ุงูุฌูุฆุฑ, ุณุงุฆูุณุฏุงู, ฺฉูุณูน, ูุงุฑ ุญุงุชุงุช, ูุงุฑ ุทุจุนุงุช
๐จโ๐ฌ ุจุงููุฌุณูน, ุณุงุฆูุณุฏุงู, ฺฉูุณูน, ูุฑุฏ
๐ฉโ๐ฌ ุจุงููุฌุณูน, ุณุงุฆูุณุฏุงู, ุนูุฑุช, ฺฉูุณูน
๐งโ๐ป ุููุฌุฏ, ูนฺฉูุงููุฌุณูน, ฺูููพุฑ, ุณุงููน ูุฆุฑ, ฺฉูฺุฑ
๐จโ๐ป ฺฉููพููนุฑ, ฺฉูฺุฑ, ููพ ูนุงูพ, ูุฑุฏ, ูุฑุฏ ูนฺฉูููุงุฌุณูน
๐ฉโ๐ป ุนูุฑุช, ุนูุฑุช ูนฺฉูููุงุฌุณูน, ฺฉููพููนุฑ, ฺฉูฺุฑ, ููพ ูนุงูพ
๐งโ๐ค ุงุฏุงฺฉุงุฑ, ุชูุฑุญ ูุฑุงู ฺฉุฑู ูุงูุง, ุฑุงฺฉ, ุณูฺฏุฑ, ููฺฉุงุฑ, ฺฏููฺฉุงุฑ
๐จโ๐ค ุณูฺฏุฑ, ููฺฉุงุฑ, ฺฏููฺฉุงุฑ
๐ฉโ๐ค ุณูฺฏุฑ, ููฺฉุงุฑ, ฺฏููฺฉุงุฑ
๐งโ๐จ ุขุฑูนุณูน, ุฑูฺฏูฺบ ฺฉ ุชุฎุช
๐จโ๐จ ุขุฑูนุณูน, ุณูฺฏุฑ, ููฺฉุงุฑ
๐ฉโ๐จ ุขุฑูนุณูน, ุณูฺฏุฑ, ููฺฉุงุฑ
๐งโโ ูพุงุฆููน, ูพุงุฆููน, ุฌุงุฒ
๐จโโ ุขุณูุงู, ูพุงุฆููน, ูุฑุฏ, ูุงุฆ ุฌุงุฒ
๐ฉโโ ุขุณูุงู, ูพุงุฆููน, ุนูุฑุช, ูุงุฆ ุฌุงุฒ
๐งโ๐ ุฎูุง ุจุงุฒ, ุฎูุงุจุงุฒ, ุฑุงฺฉูน
๐จโ๐ ุฎูุง, ุฎูุงุจุงุฒ, ุฑุงฺฉูน, ูุฑุฏ
๐ฉโ๐ ุฎูุง, ุฎูุงุจุงุฒ, ุฑุงฺฉูน, ุนูุฑุช ุฎูุงุจุงุฒ, ูุฑุฏ
๐งโ๐ ูุงุฆุฑ ูนุฑฺฉ, ูุงุฆุฑ ูุงุฆูนุฑ
๐จโ๐ ุขฺฏ, ุขฺฏ ุจุฌฺพุงู ูุงูุง, ูุงุฆุฑ ูุงุฆูนุฑ, ูุฑุฏ, ูุฑุฏ ูุงุฆุฑ ูุงุฆูนุฑ
๐ฉโ๐ ุขฺฏ, ุขฺฏ ุจุฌฺพุงู ูุงู, ุนูุฑุช ูุงุฆุฑ ูุงุฆูนุฑ, ูุงุฆุฑ ูุงุฆูนุฑ, ูุฑุฏ
๐ฎ ุขูุณุฑ, ูพููุณ
๐ฎโโ ุขูุณุฑ, ูพููุณ, ูพููุณ ุงุณูนุดู, ูุฑุฏ
๐ฎโโ ุขูุณุฑ, ูพููุณ, ูพููุณ ุงุณูนุดู, ุนูุฑุช
๐ต ุฌุงุณูุณ, ุณุฑุงุบ ฺฉุง ูพุชุง ูฺฏุงู ูุงูุง
๐ตโโ ุฌุงุณูุณ, ุณุฑุงุบ ฺฉุง ูพุชุง ูฺฏุงู ูุงูุง, ูุฑุฏ
๐ตโโ ุฌุงุณูุณ ุนูุฑุช, ุณุฑุงุบ ฺฉุง ูพุชุง ูฺฏุงู ูุงู, ุนูุฑุช ุฌุงุณูุณ
๐ ุญูุงุธุช, ุณฺฉูุฑูน, ฺฏุงุฑฺ
๐โโ ุขุฏู, ฺฏุงุฑฺ, ูุฑุฏ ฺฏุงุฑฺ
๐โโ ุญูุงุธุช, ุณฺฉูุฑูน, ุนูุฑุช, ฺฏุงุฑฺ
๐ฅท ูพูุดุฏฺฏ, ุฎู, ูฺุงฺฉุง, ููุฌุง
๐ท ุจูุฏ ุขูฺฉฺพูฺบ ูุงูุง ูุณุชุฑ, ุชุนูุฑ, ูนููพ, ูุฒุฏูุฑ
๐ทโโ ุชุนูุฑ, ุนูุงุฑุช, ูุฑุฏ, ูุฒุฏูุฑ
๐ทโโ ุชุนูุฑ, ุนูุงุฑุช, ุนูุฑุช, ูุฒุฏูุฑ
๐คด ุดุฒุงุฏ
๐ธ ุงูุณุงูู, ุดุฒุงุฏ, ฺฉุงู
๐ณ ุขุฏู, ูพฺฏฺ, ูพฺฏฺ ูุงูุง ุดุฎุต
๐ณโโ ูพฺฏฺ, ูพฺฏฺ ูุงูุง ูุฑุฏ, ุณุฑุฏุงุฑ, ูุฑุฏ
๐ณโโ ูพฺฏฺ, ูพฺฏฺ ูุงู ุนูุฑุช, ุณุฑุฏุงุฑู, ุนูุฑุช
๐ฒ ุขุฏู, ูนููพ, ฺู ูนููพ ูุงูุง ุดุฎุต
๐ง ุญุฌุงุจ, ุณุฑ ูพุฑ ุงุณฺฉุงุฑู ูพู ุนูุฑุช, ุณุฑ ฺฉุง ุงุณฺฉุงุฑู
๐คต ุชูุฑุจ, ุฏูุง, ุณููน, ุณููนฺ ุจููนฺ ุดุฎุต
๐คตโโ ฺฉููน ูพููน ูพูุง ูุง, ฺฉููน ูพููน ูพูุง ูุง ูุฑุฏ, ูุฑุฏ
๐คตโโ ุนูุฑุช, ฺฉููน ูพููน ูพู ูุฆ, ฺฉููน ูพููน ูพู ูุฆ ุนูุฑุช
๐ฐ ุฏูู, ุดุงุฏ, ููุงุจ, ููุงุจ ูพูุด ุดุฎุต
๐ฐโโ ูพุฑุฏ ุฏุงุฑ ูุฑุฏ, ูุฑุฏ, ููุงุจ, ููุงุจ ูพูุด ูุฑุฏ
๐ฐโโ ุนูุฑุช, ููุงุจ, ููุงุจ ูพูุด ุนูุฑุช
๐คฐ ุญุงูู, ุนูุฑุช
๐คฑ ุจฺ, ูพุฑูุฑุด, ูพุณุชุงู, ุฏูุฏฺพ ูพูุงูุง
๐ฉโ๐ผ ุจฺ, ุจฺ ฺฉู ุฏูุฏฺพ ูพูุงุช ุนูุฑุช, ุฏุง ฺฏุฑ, ุฏูุฏฺพ ูพูุงูุง, ุนูุฑุช
๐จโ๐ผ ุจฺ, ุจฺ ฺฉู ุฏูุฏฺพ ูพูุงุชุง ูุฑุฏ, ุฏุง ฺฏุฑ, ุฏูุฏฺพ ูพูุงูุง, ูุฑุฏ
๐งโ๐ผ ุจฺุ ุฏูุฏฺพ ูพูุงูุงุ ุฏุง ฺฏุฑุ ุดุฎุต, ุจฺ ฺฉู ุฏูุฏฺพ ูพูุงุชุง ุดุฎุต
๐ผ ุงูุณุงูู, ุจฺ, ุจ ุจ ูุฑุดุช, ฺุฑ, ูุฑุดุช
๐ ุจุงูพ, ุฌุดู, ุณุงูุชุง, ุณุงูุชุง ฺฉูุงุฒ, ฺฉุฑุณูุณ
๐คถ ฺฉุฑุณูุณ, ูุฏุฑ
๐งโ๐ ฺฉูุงุคุฒุ ฺฉุฑุณูุณ, ูฺฉุณ ฺฉูุงุคุฒ
๐ฆธ ุงฺฺพุง, ุณูพุฑ ูพุงูุฑ, ุณูพุฑ ุฑู, ุฑู, ุฑูุฆู
๐ฆธโโ ุงฺฺพุง, ุณูพุฑ ูพุงูุฑ, ูุฑุฏ, ูุฑุฏ ุณูพุฑ ุฑู, ุฑู
๐ฆธโโ ุงฺฺพุง, ุฎุงุชูู ุณูพุฑ ุฑู, ุณูพุฑ ูพุงูุฑ, ุนูุฑุช, ุฑู, ุฑูุฆู
๐ฆน ุจุฑุงุฆ, ุณูพุฑ ูพุงูุฑ, ุณูพุฑ ููู, ูุฌุฑู, ููู
๐ฆนโโ ุจุฑุงุฆ, ุณูพุฑ ูพุงูุฑ, ูุฌุฑู, ูุฑุฏ, ูุฑุฏ ุณูพุฑ ููู, ููู
๐ฆนโโ ุจุฑุงุฆ, ุฎุงุชูู ุณูพุฑ ููู, ุณูพุฑ ูพุงูุฑ, ุนูุฑุช, ูุฌุฑู, ููู
๐ง ุฌุงุฏูฺฏุฑ, ุฌุงุฏูฺฏุฑู, ฺุงุฆู, ุณุงุญุฑ, ูุงุฑ ุฌุงุฏูฺฏุฑ
๐งโโ ุฌุงุฏูฺฏุฑ, ุฌุงุฏูฺฏุฑ ุขุฏู
๐งโโ ุฌุงุฏูฺฏุฑ ุนูุฑุช, ุฌุงุฏูฺฏุฑู, ฺฺู
๐ง ุงูุจุฑุงู, ูพุฑ, ูพฺฉ, ูนุงุฆูนูุง
๐งโโ ุงูุจุฑุงู, ูพฺฉ, ูุฑุฏ ูพุฑ
๐งโโ ูพุฑ ุนูุฑุช, ูนุงุฆูนูุง
๐ง ุฎูู ุฎูุงุฑ, ฺุฑฺฉูุง, ุฒูุฏ
๐งโโ ุฎูู ุฎูุงุฑ ุขุฏู, ฺุฑฺฉูุง, ุฒูุฏ
๐งโโ ุฎูู ุฎูุงุฑ ุนูุฑุช, ุฒูุฏ
๐ง ูพุงู ฺฉ ุฌุงูุฏุงุฑ, ุฌู ูพุฑ
๐งโโ ุฌู ูุงูุณ, ุณููุฏุฑ ุฏูุชุง
๐งโโ ุฌู ูพุฑ, ุณููุฏุฑ ุนูุฑุช
๐ง ูพุฑุช, ุฌุงุฏูุฆ
๐งโโ ูพุฑุช ุขุฏู, ุฌุงุฏูุฆ
๐งโโ ูพุฑุช ุนูุฑุช, ุฌุงุฏูุฆ
๐ง ุฌู
๐งโโ ุฌู, ูุฑุฏ ุฌู
๐งโโ ุฌู, ุนูุฑุช ุฌู
๐ง ฺูุชุง ูพฺพุฑุชุง ูุฑุฏ, ุฒูุฏ, ุฒูุฏ ูุฑุฏ
๐งโโ ฺูุชุง ูพฺพุฑุชุง ูุฑุฏ, ุฒูุฏ, ุฒูุฏ ูุฑุฏ ูุฑุฏ
๐งโโ ฺูุชุง ูพฺพุฑุชุง ูุฑุฏ, ุฒูุฏ, ุฒูุฏ ูุฑุฏ ุนูุฑุช
๐ ฺุฑ ฺฉุง ูุณุงุฌ, ูุณุงุฌ
๐โโ ฺุฑุง, ฺุฑ ฺฉ ูุงูุด ฺฉุฑุงุชุง ูุง ูุฑุฏ, ูุงูุด, ูุฑุฏ, ูุณุงุฌ
๐โโ ฺุฑุง, ฺุฑ ฺฉ ูุงูุด ฺฉุฑุงุช ูุฆ ุนูุฑุช, ุนูุฑุช, ูุงูุด, ูุณุงุฌ
๐ ุญุฌุงู, ุญุฌุงูุช
๐โโ ุจุงู ฺฉูนูุงุชุง ูุง ูุฑุฏ, ุจุงู ฺฉูนูุงูุง, ุญุฌุงู, ูุฑุฏ
๐โโ ุจุงู ฺฉูนูุงุช ูุฆ ุนูุฑุช, ุจุงู ฺฉูนูุงูุง, ุญุฌุงู, ุนูุฑุช
๐ถ ูพุฏู, ูพุฏู ฺูุชุง ุดุฎุต, ุดุฎุต
๐ถโโ ูพุฏู ฺูุชุง ูุง ูุฑุฏ, ูพุฏู ฺููุง, ูนููุง, ฺู ูุฏู ฺฉุฑูุง, ูุฑุฏ
๐ถโโ ูพุฏู ฺูุช ูุฆ ุนูุฑุช, ูพุฏู ฺููุง, ูนููุง, ฺู ูุฏู ฺฉุฑูุง, ุนูุฑุช
๐ง ฺฉฺพฺุง ูุง, ฺฉฺพฺุง ูุง ุดุฎุต, ฺฉฺพฺุง ููุง
๐งโโ ฺฉฺพฺุง ูุง, ฺฉฺพฺุง ูุง ูุฑุฏ, ูุฑุฏ
๐งโโ ุนูุฑุช, ฺฉฺพฺ ูุฆ, ฺฉฺพฺ ูุฆ ุนูุฑุช
๐ง ุฌฺพฺฉูุง, ฺฏฺพูนููฺบ ฺฉ ุจู ุจูนฺพุง ุดุฎุต, ฺฏฺพูนููฺบ ฺฉ ุจู ุจูนฺพูุง
๐งโโ ฺฏฺพูนููฺบ ฺฉ ุจู ุจูนฺพุง ูุฑุฏ, ฺฏฺพูนููฺบ ฺฉ ุจู ุจูนฺพูุง, ูุฑุฏ
๐งโโ ุนูุฑุช, ฺฏฺพูนููฺบ ฺฉ ุจู ุจูนฺพูุง, ฺฏฺพูนููฺบ ฺฉ ุจู ุจูนฺพ ุนูุฑุช
๐งโ๐ฆฏ ูนูนููู ูุงู ฺฺพฺ ฺฉ ุณุงุชฺพ ูุฑุฏ, ุฑุณุงุฆ, ูุงุจูุง
๐จโ๐ฆฏ ุฏุณุชุฑุณ, ูุฑุฏ, ูุงุจูุง, ูุงุจูุง ุงูุฑุงุฏ ูุงู ฺฺพฺ ฺฉ ุณุงุชฺพ ูุฑุฏ
๐ฉโ๐ฆฏ ุฏุณุชุฑุณ, ุนูุฑุช, ูุงุจูุง, ูุงุจูุง ุงูุฑุงุฏ ูุงู ฺฺพฺ ฺฉ ุณุงุชฺพ ุนูุฑุช
๐งโ๐ฆผ ุจุฑู ูู ฺุฆุฑ ูฺบ ุจูนฺพุง ูุฑุฏ, ุฑุณุงุฆ, ูู ฺุฆุฑ
๐จโ๐ฆผ ุจุฑู ูู ฺุฆุฑ ูฺบ ูุฑุฏ, ุฏุณุชุฑุณ, ูุฑุฏ, ูู ฺุฆุฑ
๐ฉโ๐ฆผ ุจุฑู ูู ฺุฆุฑ ูฺบ ุนูุฑุช, ุฏุณุชุฑุณ, ุนูุฑุช, ูู ฺุฆุฑ
๐งโ๐ฆฝ ุฏุณุช ูู ฺุฆุฑ ูฺบ ุจูนฺพุง ูุฑุฏ, ุฑุณุงุฆ, ูู ฺุฆุฑ
๐จโ๐ฆฝ ุฏุณุชุฑุณ, ุฏุณุช ูู ฺุฆุฑ ูฺบ ูุฑุฏ, ูุฑุฏ, ูู ฺุฆุฑ
๐ฉโ๐ฆฝ ุฏุณุชุฑุณ, ุฏุณุช ูู ฺุฆุฑ ูฺบ ุนูุฑุช, ุนูุฑุช, ูู ฺุฆุฑ
๐ ุฏูฺุชุง ูุง ุดุฎุต, ุฏูฺูุง, ุดุฎุต
๐โโ ุจฺพุงฺฏูุง, ุชุฒ ฺููุง, ุฏูฺุชุง ูุง ูุฑุฏ, ุฏูฺูุง, ูุฑุฏ
๐โโ ุจฺพุงฺฏูุง, ุชุฒ ฺููุง, ุฏูฺุช ูุฆ ุนูุฑุช, ุฏูฺูุง, ุนูุฑุช
๐ ฺุงูุณ, ฺุงูุณุฑ, ูฺฺฉ
๐บ ุขุฏู, ูุงฺ, ูุงฺุชุง ูุง ุดุฎุต
๐ด ุจุฒูุณ, ุจุฒูุณ ุณููน ูพู ูุง ูฺบ ูุนูู ุดุฎุต, ุณููน, ุดุฎุต, ูุนูู, ูุง
๐ฏ ูพุงุฑูน ฺฉุฑุช ุนูุฑุชฺบ, ฺุงูุณ, ุนูุฑุช, ูฺฺฉ
๐ฏโโ ูพุงุฑูน, ุชูุฑุญ, ฺุงูุณ, ฺุงูุณ ฺฉุฑุช ูุฆ ูุฑุฏ, ูุฑุฏ
๐ฏโโ ูพุงุฑูน, ุชูุฑุญ, ฺุงูุณ, ฺุงูุณ ฺฉุฑุช ูุฆ ุนูุฑุชฺบ, ุนูุฑุช
๐ง ุงฺฉ ุดุฎุต ุจฺพุงูพ ุณ ุจฺพุฑ ฺฉูุฑ ูฺบ, ุจฺพุงูพ ุณ ุจฺพุฑุง, ุบุณู ุฎุงู
๐งโโ ุงฺฉ ูุฑุฏ ุจฺพุงูพ ุณ ุจฺพุฑ ฺฉูุฑ ูฺบ, ุจฺพุงูพ ุณ ุจฺพุฑุง, ุบุณู ุฎุงู
๐งโโ ุงฺฉ ุฎุงุชูู ุจฺพุงูพ ุณ ุจฺพุฑ ฺฉูุฑ ูฺบ, ุจฺพุงูพ ุณ ุจฺพุฑุง, ุบุณู ุฎุงู
๐ง ฺฺฺพุชุง ูุง ุดุฎุต, ฺฺฺพู ูุงูุง
๐งโโ ฺฺฺพุชุง ูุง ุขุฏู, ฺฺฺพู ูุงูุง
๐งโโ ฺุฑฺพู ูุงู, ฺฺฺพุช ูุฆ ุนูุฑุช
๐คบ ุจูุฏ, ุชููุงุฑ, ุชููุงุฑ ุจุงุฒ, ฺฉฺพู
๐ ุฏูฺ, ฺฉฺพู, ฺฏฺพฺ ุฏูฺ, ฺฏฺพูฺุง
โท ุงุณฺฉุงุฆุฑ, ุงุณฺฉุงุฆ, ุจุฑู
๐ ุงุณฺฉ, ุจุฑู, ุณูู ุจูุฑฺ, ุณูู ุจูุฑฺุฑ
๐ ฺฉฺพูุงฺ, ฺฏุงูู, ฺฏุงูู ฺฉุง ฺฉฺพูุงฺ
๐โโ ฺฉฺพูุงฺ, ฺฉฺพููุง, ฺฏุงูู, ฺฏุงูู ฺฉฺพูุชุง ูุง ูุฑุฏ, ูุฑุฏ
๐โโ ุนูุฑุช, ฺฉฺพูุงฺ, ฺฉฺพููุง, ฺฏุงูู, ฺฏุงูู ฺฉฺพูุช ูุฆ ุนูุฑุช
๐ ูพุงู, ุชุฎุช, ุณุฑู, ุณุฑูุฑ
๐โโ ุขุฏู, ุณุฑููฺฏ, ุณุฑููฺฏ ฺฉุฑุชุง ูุง ูุฑุฏ
๐โโ ูพุงู, ุชุฎุช, ุณุฑููฺฏ ฺฉุฑุช ูุฆ ุนูุฑุช, ุนูุฑุช, ฺฉฺพููุง
๐ฃ ฺูพูุคฺบ ูุงู ฺฉุดุช, ุณูุงุฑ, ฺฉุดุช
๐ฃโโ ูพุงู, ุณูุงุฑ, ฺฉุดุช, ฺฉุดุช ฺูุงุชุง ูุง ูุฑุฏ, ูุฑุฏ
๐ฃโโ ูพุงู, ุณูุงุฑ, ุนูุฑุช, ฺฉุดุช, ฺฉุดุช ฺูุงุช ูุฆ ุนูุฑุช
๐ ูพุงู, ุชุฑุงฺฉ, ุชุฑุงฺฉ
๐โโ ูพุงู, ุชุฑุงฺฉ, ุชุฑุงฺฉ ฺฉุฑุชุง ูุง ูุฑุฏ, ูุฑุฏ
๐โโ ูพุงู, ุชุฑุงฺฉ, ุชุฑุงฺฉ ฺฉุฑุช ูุฆ ุนูุฑุช, ุนูุฑุช
โน ุจุงู, ุจุงู ุณ ฺฉฺพูุชุง ุดุฎุต, ุจูุฏ
โนโโ ุจุงู, ุจุงู ุณ ฺฉฺพูุชุง ูุง ูุฑุฏ, ฺฉฺพููุง, ูุฑุฏ, ูุฏุงู
โนโโ ุจุงู, ุจุงู ุณ ฺฉฺพูุช ูุฆ ุนูุฑุช, ุนูุฑุช, ฺฉฺพููุง, ูุฏุงู
๐ ุงูนฺพุงูุง, ูุฒู, ูุฒู ุงูนฺพุงุฆ ุดุฎุต
๐โโ ุงูนฺพุงูุง, ุฌู, ูุฑุฏ, ูุฒู, ูุฒู ุงูนฺพุงุชุง ูุง ูุฑุฏ
๐โโ ุงูนฺพุงูุง, ุฌู, ุนูุฑุช, ูุฒู, ูุฒู ุงูนฺพุงุช ูุฆ ุนูุฑุช
๐ด ุณุงุฆฺฉู, ุณูุงุฑ
๐ดโโ ฺูุงูุง, ุณุงุฆฺฉู, ุณุงุฆฺฉู ุณูุงุฑ ูุฑุฏ, ุณฺฺฉ, ูุฑุฏ
๐ดโโ ฺูุงูุง, ุณุงุฆฺฉู, ุณุงุฆฺฉู ุณูุงุฑ ุนูุฑุช, ุณฺฺฉ, ุนูุฑุช
๐ต ุจุงุฆฺฉ, ุณุงุฆฺฉู, ุณูุงุฑ, ูุงุคููนู
๐ตโโ ฺูุงูุง, ุณุงุฆฺฉู, ูุงุคููนู, ูุงุคููนู ุจุงุฆฺฉ ูพุฑ ุณูุงุฑ ูุฑุฏ, ูุฑุฏ
๐ตโโ ฺูุงูุง, ุณุงุฆฺฉู, ุนูุฑุช, ูุงุคููนู, ูุงุคููนู ุจุงุฆฺฉ ูพุฑ ุณูุงุฑ ุนูุฑุช
๐คธ ุจูุฏ, ุฌููุงุณูนฺฉุณ, ููุงุจุงุฒ, ููุงุจุงุฒ ูฺฏุงุชุง ุดุฎุต, ฺฉฺพู
๐คธโโ ุฌููุงุณูนฺฉุณ, ููุงุจุงุฒ, ููุงุจุงุฒ ฺฉฺพุงุชุง ูุง ูุฑุฏ, ฺฉฺพู, ูุฑุฏ
๐คธโโ ุฌููุงุณูนฺฉุณ, ุนูุฑุช, ููุงุจุงุฒ, ููุงุจุงุฒ ฺฉฺพุงุช ูุฆ ุนูุฑุช, ฺฉฺพู
๐คผ ุจูุฏ, ูพููุงู, ฺฉุดุช, ฺฉฺพู
๐คผโโ ูพููุงู, ฺฉุดุช, ฺฉฺพู, ูุฑุฏ, ูุฑุฏูฺบ ฺฉ ฺฉุดุช
๐คผโโ ูพููุงู, ุนูุฑุช, ุนูุฑุชูฺบ ฺฉ ฺฉุดุช, ฺฉุดุช, ฺฉฺพู
๐คฝ ุจูุฏ, ูพุงู, ูพููู, ฺฉฺพู, ูุงูนุฑ ูพููู
๐คฝโโ ูพุงู, ูพููู, ฺฉฺพู, ูุฑุฏ, ูุงูนุฑ ูพููู ฺฉฺพูุชุง ูุง ูุฑุฏ
๐คฝโโ ูพุงู, ูพููู, ุนูุฑุช, ฺฉฺพู, ูุงูนุฑ ูพููู ฺฉฺพูุช ูุฆ ุนูุฑุช
๐คพ ุจุงู, ุจูุฏ, ฺฉฺพู, ูฺ ุจุงู
๐คพโโ ฺฉฺพู, ูุฑุฏ, ูุฏุงู, ูฺ ุจุงู, ูฺ ุจุงู ฺฉฺพูุชุง ูุง ูุฑุฏ
๐คพโโ ุนูุฑุช, ฺฉฺพู, ูุฏุงู, ูฺ ุจุงู, ูฺ ุจุงู ฺฉฺพูุช ูุฆ ุนูุฑุช
๐คน ุชูุงุฒู, ุดุนุจุฏ ุจุงุฒ, ูุฏุงุฑ, ูุงุฑุช
๐คนโโ ุดุนุจุฏ ุจุงุฒ ูุฑุฏ, ุดุนุจุฏ ุจุงุฒ, ฺฉฺพู, ูุฏุงุฑ, ูุฑุฏ
๐คนโโ ุดุนุจุฏ ุจุงุฒ ุนูุฑุช, ุดุนุจุฏ ุจุงุฒ, ุนูุฑุช, ฺฉฺพู, ูุฏุงุฑ
๐ง ูพุงูุช ูุงุฑ ฺฉุฑ ุจูนฺพุง ุดุฎุต, ูุฑุงูุจ, ูฺฏุง
๐งโโ ูพุงูุช ูุงุฑ ฺฉุฑ ุจูนฺพุง ุขุฏู, ูุฑุงูุจ, ูฺฏุง
๐งโโ ูพุงูุช ูุงุฑ ฺฉุฑ ุจูนฺพ ุนูุฑุช, ูุฑุงูุจ, ูฺฏุง
๐ ุจุงุชฺพ ูนุจ, ูุงุชุง ูุง ุดุฎุต
๐ ุจุณุชุฑ ูฺบ ููนุง ุดุฎุต, ููุฏ, ููนู
๐งโ๐คโ๐ง ุชฺพุงููุง, ุฌูฺุง, ูุฑุฏ, ุงุชฺพ, ุงุชฺพ ูพฺฉฺ ูุฆ ููฺฏ, ุงุชฺพ ุชฺพุงู ููฺฏ
๐ญ ุชฺพุงููุง, ุฌูฺุง, ุนูุฑุชฺบ, ุงุชฺพ, ุงุชฺพ ุชฺพุงู ุฏู ุนูุฑุชฺบ
๐ซ ุชฺพุงููุง, ุฌูฺุง, ุงุชฺพ, ุงุชฺพ ุชฺพุงู ูุฑุฏ ุงูุฑ ุนูุฑุช
๐ฌ ุจุฑุฌ, ุจุฑุฌ ุฌูุฒุง, ุฌฺูุงฺบ, ุฌูฺุง, ูุฑุฏ, ุงุชฺพ ุชฺพุงููุง, ุงุชฺพ ุชฺพุงู ุฏู ูุฑุฏ
๐ ุจูุณ, ุฌูฺุง
๐ ุฌูฺุง, ุฏู, ุฏู ุงูุฑ ุฌูฺุง, ุฑููุงูุณ
๐ช ุจุงูพ, ุจฺ, ุฎุงูุฏุงู, ูุงฺบ
๐ฃ ุจููุชุง ุณุฑ, ุจูููุง, ฺุฑ, ุณุฑ
๐ค ุขุฏู ฺฉุง ุฎุงฺฉ, ุฎุงฺฉ
๐ฅ ุขุฏููฺบ ฺฉ ุฎุงฺฉ, ุฎุงฺฉ
๐ซ ุงููุฏุงุน, ุดฺฉุฑ, ฺฏู ููุช ููฺฏ, ฺฏู ูููุง, ูู
๐ฃ ุฌุณู, ูุฏู, ูุฏููฺบ ฺฉ ูุดุงูุงุช, ูุดุงู
๐ฆฐ ุงุฏุฑฺฉ, ุณุฑุฎ ุจุงู, ุณุฑุฎ ุณุฑ
๐ฆฑ ุงูุฑู, ฺฏฺพูฺฏฺพุฑุงู, ฺฏฺพูฺฏฺพุฑุงู ุจุงู, ฺฏุณู
๐ฆณ ุจุงู, ุจูฺฺพุง, ุฎุงฺฉุณุชุฑ, ุณูุฏ
๐ฆฒ ุดู ฺฉุง ูุง, ฺฉูุฆ ุจุงู ูฺบ, ฺฉูุงุฆ ุนูุงุฌ, ฺฏูุฌุง
๐ต ุจูุฏุฑ, ุจูุฏุฑ ฺฉุง ฺุฑ, ุฌุงููุฑ
๐ ุจูุฏุฑ, ุฌุงููุฑ
๐ฆ ุฌุงููุฑ, ฺฏูุฑูุง
๐ฆง ุงูุณุงู ููุง ุจูุฏุฑ, ฺฏูุฑูุง
๐ถ ุฌุงููุฑ, ฺุฑ, ฺฉุชุง, ฺฉุช ฺฉุง ฺุฑ
๐ ุฌุงููุฑ, ฺฉุชุง
๐ฆฎ ุฏุณุชุฑุณ, ุฑููุง, ุฑููุง ฺฉุชุง, ูุงุจูุง
๐โ๐ฆบ ุฎุฏูุช, ุฎุฏูุชฺฏุงุฑ ฺฉุชุง, ุฏุณุชุฑุณ, ฺฉุชุง, ูุนุงููุช
๐ฉ ูพูฺู, ุฌุงููุฑ
๐บ ุจฺพฺุง, ฺุฑ
๐ฆ ฺุฑ, ูููฺ
๐ฆ ุฑุงฺฉูู, ูุชุฌุณุณ, ูฺฉุงุฑ
๐ฑ ุจู, ุจู ฺฉุง ฺุฑ, ูพุงูุชู, ุฌุงููุฑ
๐ ุจู, ูพุงูุชู, ุฌุงููุฑ
๐โโฌ ุจูุฏ ุดูฺฏููู, ุจู, ฺฉุงู
๐ฆ ุจุจุฑ ุดุฑ, ุจุฑุฌ, ุจุฑุฌ ุงุณุฏ, ฺุฑ, ุดุฑ ฺฉุง ฺุฑ
๐ฏ ูนุงุฆฺฏุฑ, ูนุงุฆฺฏุฑ ฺฉุง ฺุฑ, ุฌุงููุฑ
๐ ูนุงุฆฺฏุฑ, ุฌุงููุฑ
๐ ุชูุฏูุง, ุฌุงููุฑ
๐ด ุฌุงููุฑ, ฺฏฺพูฺุง, ฺฏฺพูฺ ฺฉุง ฺุฑ
๐ ุฌุงููุฑ, ฺฏฺพูฺุง
๐ฆ ุฌุงููุฑ, ฺุฑ, ููฺฉุงุฑู, ููฺฉุงุฑู ฺฉุง ฺุฑ
๐ฆ ุฏฺพุงุฑ, ุฒุจุฑุง
๐ฆ ุฌุงููุฑ, ุฑู
๐ฆฌ ุงุฑูุง ุจฺพูุณุง, ุจฺพูุณ, ุฌูฺฏู ุจู, ุฑูฺ
๐ฎ ุฌุงููุฑ, ฺฏุงุฆ, ฺฏุงุฆ ฺฉุง ฺุฑ
๐ ุจู, ุฌุงููุฑ
๐ ุจฺพูุณ, ูพุงู ฺฉ ุจฺพูุณ, ุฌุงููุฑ
๐ ุฌุงููุฑ, ฺฏุงุฆ
๐ท ุฌุงููุฑ, ุณูุฑ, ุณูุฑ ฺฉุง ฺุฑ
๐ ุฌุงููุฑ, ุณูุฑ
๐ ุฌุงููุฑ, ุฌูฺฏู ุณูุฑ, ุณูุคุฑ
๐ฝ ฺุฑ, ุณูุฑ, ุณูุฑ ฺฉ ูุงฺฉ, ูุงฺฉ
๐ ุจฺพฺ, ุฌุงููุฑ, ูุฑ ุจฺพฺ
๐ ุฌุงููุฑ, ูุงุฏ ุจฺพฺ
๐ ุจุฑุฌ, ุจฺฉุฑ, ุฌุงููุฑ, ุฌุฏ
๐ช ุงูููน, ุฌุงููุฑ, ฺฉูุงู
๐ซ ุงูููน, ุฌุงููุฑ, ุฏู ฺฉูุงููฺบ ูุงูุง ุงูููน, ฺฉูุงู
๐ฆ ุงููพุงฺฉุง, ุงูู, ฺฏูุขูุงฺฉู, ูุงูุง, ูฺฉููุง
๐ฆ ุฏฺพุจ, ุฒุฑุงู
๐ ุฌุงููุฑ, ุงุชฺพ
๐ฆฃ ุจฺุง, ูุฑูุงูุง, ูุนุฏููุช, ููุชฺพ, ุงุชฺพ ฺฉุง ุฏุงูุช
๐ฆ ุฌุงููุฑ, ฺฏูฺุง
๐ฆ ุฏุฑุงุฆ ฺฏฺพูฺุง
๐ญ ุฌุงููุฑ, ฺุฑ, ฺูุง, ฺู ฺฉุง ฺุฑ
๐ ุฌุงููุฑ, ฺูุง, ุณูุฏ ฺูุง
๐ ุฌุงููุฑ, ฺูุง
๐น ูพุงูุชู, ฺุฑ, ูุณูนุฑ
๐ฐ ุฌุงููุฑ, ฺุฑ, ุฎุฑฺฏูุด, ุฎุฑฺฏูุด ฺฉุง ฺุฑ
๐ ุฌุงููุฑ, ุฎุฑฺฏูุด
๐ฟ ุฌุงููุฑ, ฺฏูุฑ
๐ฆซ ุงูุฏ ุจูุงุค, ุณฺฏ ุขุจ
๐ฆ ุฎุงุฑ ูพุดุช, ุฎุงุฑุฏุงุฑ
๐ฆ ุฌุงููุฑ, ฺูฺฏุงุฏฺ
๐ป ฺุฑ, ุฑฺฺพ, ุฑฺฺพ ฺฉุง ฺุฑ
๐ปโโ ุจุฑูุงู, ุฑฺฺพ, ุณูุฏ, ูุทุจ ุฑฺฺพ
๐จ ุฌุงููุฑ, ุฑฺฺพ, ฺฉูุขูุง
๐ผ ูพุงูฺุง, ูพุงูฺุง ฺฉุง ฺุฑ, ุฌุงููุฑ
๐ฆฅ ุณุณุช, ุณูุงุชฺพ, ฺฉุงู
๐ฆฆ ุงูุฏ ุจูุงุค, ฺูฺู, ูุง ฺฏุฑ
๐ฆจ ุจุฏุจูุฏุงุฑ, ุณฺฉูฺฉ
๐ฆ ุขุณูนุฑูุง, ฺฺพูุงูฺฏ, ฺฉูฺฏุฑู, ูุงุฑุณููพุฆู, ููฺพุง ฺฉูฺฏุฑู
๐ฆก ุงูุฑู ุจุฌู, ุจุฌู, ูพุฑุดุงู ฺฉุฑูุง
๐พ ูพูุฌูฺบ ฺฉ ูุดุงูุงุช, ูพูุฌ, ุฌุงููุฑ, ูุดุงู
๐ฆ ูนุฑฺฉ, ุฌุงููุฑ
๐ ุฌุงููุฑ, ฺฺฉู
๐ ุฌุงููุฑ, ูุฑุบ, ูุฑุบ
๐ฃ ุงูฺ ุณ ูฺฉูุชุง ฺูุฒ, ุจฺ, ุฌุงููุฑ, ฺูุฒ
๐ค ุจุจ, ูพุฑูุฏ, ฺูุฒ
๐ฅ ุจฺ, ุฌุงููุฑ, ฺูุฒ, ุณุงูู ุฏฺฉฺพุชุง ุจุจ ฺูุฒ
๐ฆ ุขุณูุงู, ูพุฑูุฏู, ูพุฑูุฏ, ฺฺุง
๐ง ูพูฺฏูุฆู
๐ ุงูู, ูพุฑูุฏ, ูุงุฎุช
๐ฆ ูพุฑูุฏ, ุนูุงุจ
๐ฆ ุจุทุฎ, ูพุฑูุฏ
๐ฆข ุจุฏุตูุฑุช ุจุท ุจฺ, ูพุฑูุฏ, ุฌูุงู ูุณ, ุฑุงุฌ ูุณ
๐ฆ ุงูู, ูพุฑูุฏ, ุนููููุฏ
๐ฆค ุจฺุง, ุฎุงุชู, ฺูฺู, ููุฑุดุณ
๐ชถ ูพุฑ, ูพุฑูุฏ, ูพุฑูุงุฒ, ูพูฺฉฺพ, ูฺฉุง
๐ฆฉ ุจฺพฺฺฉูุง, ุญุงุฑ, ูู ูนูฺฏู
๐ฆ ูพุฑูุฏ, ูุบุฑูุฑ, ููุฑ, ููุฑู, ููุงุฆุด
๐ฆ ูพุฑูุฏ, ุทูุทุง, ูุฒุงู, ฺฏูุชฺฏู
๐ธ ฺุฑ, ููฺฺฉ
๐ ุฌุงููุฑ, ูฺฏุฑูฺฺพ
๐ข ุฌุงููุฑ, ฺฉฺฺพูุง
๐ฆ ุฌุงููุฑ, ฺฺพูพฺฉู, ุฑูฺฏูุง
๐ ุฌุงููุฑ, ุณุงููพ
๐ฒ ุฌุงููุฑ, ฺุฑ, ฺุฑฺฏู, ฺุฑฺฏู ฺฉุง ฺุฑ
๐ ุฌุงููุฑ, ฺุฑฺฏู
๐ฆ ุฌุณู ุณุจุฒ ุฎูุฑ ฺุงุฆููุณุงุฑูฺบ ฺฉุง ุงฺฉ ุทุจู, ุณุงุฑูพุง
๐ฆ ูนุงุฆุฑุงููุณุฑุณ ุฑฺฉุณ, ูน ุฑฺฉุณ
๐ณ ูพุงู ฺฉุง ููุงุฑ ูฺฉุงูุช ูู, ุฌุงููุฑ, ูู
๐ ุฌุงููุฑ, ูู
๐ฌ ุฌุงููุฑ, ฺูููู
๐ฆญ ุจฺุง ุณู, ุณู
๐ ุฌุงููุฑ, ูฺฺพู
๐ ูนุฑุงูพฺฉู, ูฺฺพู
๐ก ุจูู ูฺฺพู, ูฺฺพู
๐ฆ ุดุงุฑฺฉ, ูฺฺพู
๐ ุขฺฉูนููพุณ, ุฌุงููุฑ
๐ ุฌุงููุฑ, ุดู, ูุฑุบูู ุฏุงุฑ ุดู
๐ ุฌุงููุฑ, ฺฏฺพููฺฏฺพุง
๐ฆ ุชุชู, ุฎูุจุตูุฑุช, ฺฉฺ
๐ ฺฉู ฺฉฺพุฌูุฑุง, ฺฉฺุง
๐ ฺูููน
๐ ุดุฏ, ุดุฏ ฺฉ ูฺฉฺพ, ูฺฉฺพ
๐ชฒ ุจฺพููุฑุง, ฺฉฺพูนูู, ฺฉฺุง
๐ ฺฉฺพูนูู, ฺฉฺุง
๐ฆ ูนฺุง, ฺฏุฑฺฏูน
๐ชณ ุชู ฺูนุง, ุญุดุฑุงุช, ฺฉฺุง, ูุงู ุจฺฏ
๐ท ฺฉฺุง, ูฺฉฺ
๐ธ ฺฉฺุง, ูฺฉฺ, ูฺฉฺ ฺฉุง ุฌุงูุง
๐ฆ ุจฺฺพู, ุฌุงููุฑ
๐ฆ ุจุฎุงุฑ, ุจูุงุฑ, ฺฉฺุง, ูฺฺพุฑ, ููุฑุง, ูุงุฆุฑุณ
๐ชฐ ุจูุงุฑ, ุญุดุฑุงุช, ุฎุฑุงุจ ููุง, ฺฉฺุง, ูฺฉฺพ
๐ชฑ ุฒูู ฺฉฺุง, ุทูู, ฺฉฺูุง, ฺฉฺุง
๐ฆ ุงูุจุง, ุจฺฉูนุฑุง, ุฌุฑุซูู, ูุงุฆุฑุณ
๐ ูพฺพูู, ูพูุฏ, ฺฏูุฏุณุช
๐ธ ุจูุงุณู, ูพฺพูู, ูพูุฏ, ฺุฑ
๐ฎ ูพฺพูู, ุณูุฏ ูพฺพูู
๐ต ูพฺพูู, ูพูุฏุง, ฺฏูุงุจ ฺฉุง ููุด
๐น ูพฺพูู, ูพูุฏุง, ฺฏูุงุจ
๐ฅ ูพฺพูู, ูุฑุฌฺพุงุง, ูุฑุฌฺพุงุง ูุง ูพฺพูู
๐บ ูพฺพูู, ูพูุฏุง, ฺฏู ุฎุทู
๐ป ูพฺพูู, ูพูุฏุง, ุณูุฑุฌ, ุณูุฑุฌ ูฺฉฺพ ฺฉุง ูพฺพูู
๐ผ ูพฺพูู, ูพูุฏุง, ุดฺฏูู
๐ท ูพฺพูู, ูพูุฏุง, ูุฑฺฏุณ ฺฉุง ูพฺพูู
๐ฑ ูพูุฏุง, ููฺพุง
๐ชด ุงฺฉุชุงูน, ุงฺฏูุง, ุจฺฉุงุฑ, ูพูุฏุง, ฺฏูู ูฺบ ูพูุฏุง, ฺฏฺพุฑ, ูุดููููุง
๐ฒ ูพูุฏุง, ุฏุฑุฎุช, ุณุฏุง ุจุงุฑ
๐ณ ูพุช ุฌฺพฺ, ูพุช ุฌฺพฺ ุฏุฑุฎุช, ูพูุฏุง, ุฏุฑุฎุช
๐ด ูพุงู, ูพุงู ฺฉุง ุฏุฑุฎุช, ูพูุฏุง, ุฏุฑุฎุช
๐ต ูพูุฏุง, ฺฉฺฉูนุณ
๐พ ูพูุฏุง, ฺุงูู, ฺุงูููฺบ ฺฉุง ฺฏูนฺพุง
๐ฟ ูพุชุง, ูพูุฏุง, ุฌฺ ุจููน
โ ูพูุฏุง, ุชู ูพุช ูพฺพูู
๐ ูพุชุง, ูพูุฏุง, ฺุงุฑ, ฺุงุฑ ูพุชูฺบ ูุงู ฺฏฺพุงุณ
๐ ูพูุฏุง, ฺฏุฑูุง, ููพู, ููพู ฺฉ ูพุช
๐ ูพุชุง, ูพูุฏุง, ฺฏุฑูุง, ฺฏุฑ ูุฆ ูพุช
๐ ูพุชุง, ูพูุฏุง, ูุง, ูุง ูฺบ ูพฺพฺูพฺพฺุงุช ูพุช
๐ ุงูฺฏูุฑ, ูพฺพู
๐ ูพฺพู, ุฎุฑุจูุฒ
๐ ูพฺพู, ุชุฑุจูุฒ
๐ ูพฺพู, ฺฺพููนุง ุณูฺฏุชุฑ, ุณูุชุฑ
๐ ูพฺพู, ูููฺบ
๐ ูพฺพู, ฺฉูุง
๐ ุงููุงุณ, ูพฺพู
๐ฅญ ุขู, ูพฺพู, ูนุฑููพฺฉู
๐ ูพฺพู, ุณุฑุฎ, ุณุจ
๐ ูพฺพู, ุณุจุฒ, ุณุจ
๐ ูพฺพู, ูุงุดูพุงุช
๐ ุขฺู, ูพฺพู
๐ ูพฺพู, ฺุฑุงฺบ
๐ ุงุณูนุงุจุฑ, ูพฺพู
๐ซ ุจูุจุฑ, ุจูู ุจุฑ, ุจูู ุจุฑุฒ, ุจุฑ, ููุง
๐ฅ ูพฺพู, ุฎูุฑุงฺฉ, ฺฉู, ฺฉู ูุฑููน
๐ ูพฺพู, ูนูุงูนุฑ
๐ซ ุฒุชูู, ุบุฐุง
๐ฅฅ ูพูุง ฺฉููุงฺุง, ฺฉฺพุฌูุฑ, ูุงุฑู
๐ฅ ุงูู ฺฉฺู, ูพฺพู, ุฎูุฑุงฺฉ
๐ ุจูฺฏู, ุณุจุฒ
๐ฅ ุขูู, ุฎูุฑุงฺฉ, ุณุจุฒ
๐ฅ ุฎูุฑุงฺฉ, ุณุจุฒ, ฺฏุงุฌุฑ
๐ฝ ูพูุฏุง, ฺฺพู
๐ถ ูพูุฏุง, ุชุฒ, ูุฑฺ
๐ซ ุณุจุฒ, ุดูู ูุฑฺ, ูุฑฺ
๐ฅ ุฎูุฑุงฺฉ, ุณุจุฒ, ุณูุงุฏ, ฺฉฺพุฑุง
๐ฅฌ ุจูุฏ ฺฏูุจฺพ, ฺู ุจูุฏ ฺฏูุจฺพ, ุณูุงุฏ ูพุช, ุฑ ูพุชูฺบ ูุงู ุณุจุฒ
๐ฅฆ ุฌูฺฏู ฺฏูุจฺพ, ุดุงุฎ ฺฏูุจฺพ
๐ง ุฐุงุฆู, ูุณู
๐ง ูพุงุฒ, ุฐุงุฆู
๐ ูพูุฏุง, ฺฉฺพูุจ
๐ฅ ุฎูุฑุงฺฉ, ุณุจุฒ, ูููฺฏ ูพฺพู
๐ฐ ูพูุฏุง, ุดุง ุจููุท, ุดุง ุจููุท ฺฉุง ูพฺพู
๐ ุจุฑฺ, ฺุจู ุฑููน, ุฑููน, ูุงู
๐ฅ ุฎูุฑุงฺฉ, ุฑููน, ูุฑูฺ, ูุงู ููุง, ูุงู ููุง ุฑููน
๐ฅ ุจุฑฺ, ุจฺฏูน, ุจฺฏูน ฺุจู ุฑููน, ุฎูุฑุงฺฉ, ฺุจู ุฑููน, ูุฑูฺ
๐ซ ุงุฑูพุง, ูพูนุง, ฺูพูน ุฑููน, ูุงูุด, ูุงู
๐ฅจ ฺฏุงููนฺพ ฺฉ ุดฺฉู ฺฉ ุจุณฺฉูน, ููฺ ูุฆ
๐ฅฏ ุจฺฉุฑ, ุจฺฏู, ุดูุฆุฑ
๐ฅ ูพู ฺฉฺฉ, ูพู ฺฉฺฉุณ, ุฎูุฑุงฺฉ
๐ง ูููุงุฏ, ูุชุฐุจุฐุจ, ููู
๐ง ูพูุฑ, ูพูุฑ ฺฉุง ูนฺฉฺุง, ูนฺฉฺุง
๐ ุงุณูฺฉ, ฺฏูุดุช, ฺ, ฺ ูพุฑ ฺฏูุดุช
๐ ุงุณูฺฉ, ูนุงูฺฏ, ฺฺฉู, ฺฺฉู ฺฉ ูนุงูฺฏ
๐ฅฉ ฺุงูพ, ุณููุฑ ฺฉุง ฺฏูุดุช, ฺฏูุดุช ฺฉุง ูนฺฉฺุง
๐ฅ ุฎูุฑุงฺฉ, ุณูุฑ, ุณูุฑ ฺฉุง ููฺฉู ฺฏูุดุช, ฺฏูุดุช, ููฺฉู
๐ ุงุณูฺฉ, ุจุฑฺฏุฑ, ู ุจุฑฺฏุฑ
๐ ุงุณูฺฉ, ูุฑุงุฆุฒ, ูุฑูฺ
๐ ุงุณูฺฉ, ูพุฒุง, ูพูุฑ, ูนฺฉฺุง
๐ญ ุงุณูฺฉ, ุจุฑฺ, ุงูน ฺุงฺฏ
๐ฅช ฺุจู ุฑููน, ุณูฺูฺ
๐ฎ ุงุณูฺฉ, ูพุฑุงูนฺพุง, ูุณุงู, ูุณุงู ุจฺพุฑุง ูพุฑุงูนฺพุง, ูฺฉุณฺฉู
๐ฏ ุงุณูฺฉ, ุจุฑูนู, ูุณุงู, ูฺฉุณฺฉู
๐ซ ูนูุงู, ููพูนุง ูุง, ูฺฉุณฺฉู
๐ฅ ุจฺพุฑ ูุฆ, ุจฺพุฑ ูุฆ ฺูพุงุช, ฺูพุงุช, ุฎูุฑุงฺฉ, ฺฉุจุงุจ
๐ง ฺูุง, ููุงูู, ฺฉููุช
๐ฅ ุงูฺุง, ุฎูุฑุงฺฉ
๐ณ ุงูฺุง, ูพฺฉุชุง ูุง ุงูฺ, ูพู
๐ฅ ูพู, ุฎูุฑุงฺฉ, ฺฉู ฺฏุฑุง, ฺฉู ฺฏุฑ ูพู ูฺบ ุฎูุฑุงฺฉ
๐ฒ ุจุฑุชู, ุฎูุฑุงฺฉ, ุฎูุฑุงฺฉ ฺฉุง ุจุฑุชู
๐ซ ุจุฑุชู, ูพฺฏฺพูุง ูุง, ูพูุฑ, ฺุงฺฉููน, ุณูุฆุณ, ูุงูฺ
๐ฅฃ ุงูุงุฌ, ฺูฺ ุงูุฑ ฺฉูนูุฑุง, ุฏู, ูุงุดุช
๐ฅ ุฎูุฑุงฺฉ, ุณุจุฒ, ุณูุงุฏ
๐ฟ ุงุณูฺฉ, ูพุงูพ ฺฉุงุฑู
๐ง ฺุฑ, ูฺฉฺพู
๐ง ูุตุงูุญ, ููฺฉ, ููฺฉ ุฏุงู
๐ฅซ ฺุจ, ฺุจ ุจูุฏ ฺฉฺพุงูุง
๐ฑ ุจููนู, ุจููนู ุจุงฺฉุณ, ฺุจ
๐ ูพุงูพฺ, ฺุงูู, ฺุงูููฺบ ฺฉ ูพุงูพฺ
๐ ุฌุงูพุงู, ฺุงูู, ฺุงูููฺบ ฺฉ ุจุงูุฒ, ฺฏูุฏ
๐ ูพฺฉ ูุฆ, ูพฺฉ ูุฆ ฺุงูู, ฺุงูู
๐ ฺุงูู, ุดูุฑุจ, ุดูุฑุจ ูุงู ฺุงูู
๐ ุจฺพุงูพ ูฺฉุงูุชุง ูพุงู, ูพุงู, ููฺู
๐ ุงุณูพฺฏูน, ฺฉฺพุงูุง
๐ ุขูู, ุจูฺพูุง ูุง, ุจูฺพูุง ูุง ููนฺพุง ุขูู, ููนฺพุง
๐ข ุงูฺู, ุณูนฺฉ, ุณููุฏุฑ ฺฉฺพุงูุง, ฺฉุจุงุจ
๐ฃ ุฌุงูพุงู, ุณูุด, ฺฉฺพุงูุง
๐ค ุชูุง ูุง, ุชูุง ูุง ุดุฑููพ, ุดุฑููพ
๐ฅ ุจฺฏููุง ุจูุง ูฺฺพู ฺฉุง ฺฉฺฉ, ูพุณูนุฑ, ฺฉฺฉ, ูฺฺพู
๐ฅฎ ุชูุงุฑ, ฺุงูุฏ ููุง ฺฉฺฉ, ุฎุฒุงฺบ
๐ก ุฌุงูพุงู, ฺูฺฏู, ุณูนฺฉ, ููนฺพุง
๐ฅ ูพุงูน ุณูนฺฉุฑ, ูพฺฉูฺ
๐ฅ ูพุฑููุณ, ูุณูุช ูุงูุง ุจุณฺฉูน
๐ฅก ูพุงุฑุณู ฺฉุง ฺุจ, ุตุฏู ฺฉ ุจุงููน
๐ฆ ุฌุงููุฑ, ฺฉฺฉฺุง
๐ฆ ูพูุฌ, ุณููุฏุฑ ุบุฐุง, ฺฏุงฺฺพุง ุณููพ, ููุจุณูนุฑ
๐ฆ ุฌฺพูฺฏุง, ุฎูุฑุงฺฉ
๐ฆ ุฎูุฑุงฺฉ, ูุฑ ูุง
๐ฆช ุตุฏู, ุบูุท ุฎูุฑ, ููุช
๐ฆ ุจุฑู, ุณุงููน ุขุฆุณ ฺฉุฑู, ฺฉุฑู, ููนฺพ, ูุฑู
๐ง ุจุฑู, ุชุฑุงุด ูุฆ, ุชุฑุงุดุฏ ุจุฑู, ููนฺพ
๐จ ุขุฆุณ ฺฉุฑู, ุจุฑู, ฺฉุฑู, ููนฺพ
๐ฉ ฺูููน, ููนฺพุง
๐ช ฺฉูฺฉ, ููนฺพุง
๐ ูพุณูนุฑ, ุฌุดู, ุณุงูฺฏุฑ ฺฉุง ฺฉฺฉ, ฺฉฺฉ, ููนฺพุง
๐ฐ ูพุณูนุฑ, ูนฺฉฺุง, ฺฉฺฉ, ฺฉฺฉ ฺฉุง ูนฺฉฺุง, ููนฺพุง
๐ง ุจฺฉุฑ, ฺฉูพ ฺฉฺฉ, ููนฺพุง
๐ฅง ุจฺพุฑูุง, ูพุงุฆู, ูพุณุฑ
๐ซ ุจุงุฑ, ฺุงฺฉููน, ููนฺพ
๐ฌ ฺฉูฺ, ููนฺพ
๐ญ ฺฉูฺ, ูุงู ูพุงูพ, ููนฺพ
๐ฎ ฺฉุณูนุฑฺ, ููนฺพุง
๐ฏ ุจุฑุชู, ุดุฏ, ุดุฏ ฺฉุง ุจุฑุชู, ููนฺพุง
๐ผ ุจฺ, ุจูุชู, ุฏูุฏฺพ, ูฺุฑ
๐ฅ ุฏูุฏฺพ, ุฏูุฏฺพ ฺฉุง ฺฏูุงุณ, ฺฏูุงุณ, ูุดุฑูุจ
โ ฺุงุฆ, ฺฉุงู, ฺฏุฑู
๐ซ ุจุฑุชู, ูพูุง, ฺุงุฆ, ฺุงุฆ ฺฉุง ุจุฑุชู
๐ต ูน ฺฉูพ, ฺุงุฆ, ฺฉูพ, ูฺู ฺฉ ุจุบุฑ ฺุงุฆ ฺฉุง ฺฉูพ
๐ถ ุจุงุฑ, ุจูุชู, ูพูุง, ุฌุงูพุงู ุดุฑุงุจ, ุดุฑุงุจ
๐พ ุจุงุฑ, ุจูุชู, ูพูุง, ฺฉุงุฑฺฉ, ฺฉุงุฑฺฉ ูฺฏ ุจูุชู
๐ท ุจุงุฑ, ูพูุง, ุดุฑุงุจ, ุดุฑุงุจ ฺฉุง ฺฏูุงุณ, ฺฏูุงุณ
๐ธ ุจุงุฑ, ูพูุง, ฺฉุงฺฉ ูนู, ฺฉุงฺฉ ูนู ฺฏูุงุณ, ฺฏูุงุณ
๐น ุจุงุฑ, ูพูุง, ูนุฑุงูพฺฉู, ูนุฑุงูพฺฉู ูุดุฑูุจ
๐บ ุจุงุฑ, ุจุฆุฑ ฺฉุง ูฺฏ, ุดุฑุงุจ, ูฺฏ
๐ป ุจุงุฑ, ูนฺฉุฑุงุช ุจุฆุฑ ฺฉ ูฺฏ, ุดุฑุงุจ, ูฺฏ
๐ฅ ุขูพุณ ูฺบ ูนฺฉุฑุงุช ฺฏูุงุณ, ูนฺฉุฑุงูุง, ุฎูุด ููุงูุง, ฺฏูุงุณ, ูุดุฑูุจ
๐ฅ ุดุฑุงุจ, ฺฏูุงุณ, ูุณฺฉ, ูุณฺฉ ูุงูุง ฺฏูุงุณ
๐ฅค ุฌูุณ, ุณูฺุง, ฺฉูพ ุงูุฑ ุงุณูนุฑุง
๐ง ุจูุจู, ุจูุจููฺบ ูุงู ฺุงุฆ, ฺุงุฆ, ุฏูุฏฺพ, ููุช
๐ง ุฌูุณ ฺฉุง ฺุจ, ูุดุฑูุจ ฺฉุง ฺุจ
๐ง ูุดุฑูุจ, ู ูพุงู
๐ง ุจุฑู ฺฉุง ูนฺฉฺุง, ูนฺพูฺุง
๐ฅข ฺู ฺฉุงููนุง
๐ฝ ูพููน, ฺฺพุฑ, ฺฺพุฑ ฺฉุงููน ฺฉ ุณุงุชฺพ ูพููน, ฺฉุงููนุง
๐ด ฺฺพุฑ, ฺฉุงููนุง, ฺฉุงููนุง ุงูุฑ ฺฺพุฑ
๐ฅ ฺูฺ, ฺฉฺพุงู ฺฉ ูุฒ
๐ช ุขู, ฺฺพุฑ, ฺฉฺู ฺฉ ฺฺพุฑ, ฺฉูฺฉูฺฏ
๐บ ุงูุฒุงุฑ, ุงูููุฑุง, ุจูุฑุฌ ุฏููู, ูพุงู, ุฌฺฏ, ุชฺพุงุฑ
๐ ุงูุฑู, ุฏูุง, ุฒูู, ฺฏููุจ, ูุฑูพ ุงูุฑ ุงูุฑู ฺฉู ุฏฺฉฺพุงุชุง ฺฏููุจ
๐ ุงูุฑฺฉ, ุงูุฑฺฉ ฺฉู ุฏฺฉฺพุงุชุง ฺฏููุจ, ุฏูุง, ุฒูู, ฺฏููุจ
๐ ุขุณูนุฑูุง, ุงุดุง, ุงุดุง ุงูุฑ ุขุณูนุฑูุง ฺฉู ุฏฺฉฺพุงุชุง ฺฏููุจ, ุฒูู, ฺฏููุจ
๐ ุฏูุง, ุฒูู, ุทูู ุงูุจูุฏ, ุทูู ุงูุจูุฏ ฺฉู ุฏฺฉฺพุงุชุง ฺฏููุจ, ฺฏููุจ
๐บ ุฏูุง, ุฏูุง ฺฉุง ููุด, ููุด
๐พ ุฌุงูพุงู, ุฌุงูพุงู ฺฉุง ููุด, ููุด
๐งญ ููุทุจ ูููุง, ูููุงุทุณ, ููุด ฺฉ ูุฏุฏ ุณ ุฑุงุณุช ุชูุงุด ฺฉุฑูุง, ููฺฏุดู
๐ ุจุฑู, ุจุฑู ุณ ฺฺพฺฉุง ูพุงฺ, ูพุงฺ, ูนฺพูฺ
โฐ ูพุงฺ, ฺูนุงู
๐ ุขุชุด ูุดุงฺบ, ุขฺฏ, ูพฺพูนูุง, ูพุงฺ, ููุณู
๐ป ูพุงฺ, ููุฌ, ูุงุคููน ููุฌ
๐ ูพฺุงุค, ฺุฑุง, ุณูุฑ, ฺฉููพูฺฏ
๐ ฺฺพุชุฑ, ุณุงุญู, ุณุงุญู ุงูุฑ ฺฺพุชุฑ
๐ ุจุงุจุงู, ุฑฺฏุณุชุงู, ุตุญุฑุง
๐ ุฌุฒุฑ, ุตุญุฑุง, ุตุญุฑุงุฆ ุฌุฒุฑ
๐ ูพุงุฑฺฉ, ูุดูู ูพุงุฑฺฉ
๐ ุงุณูนฺู, ฺฏุฑุงุคูฺ, ูุฏุงู
๐ ุนูุงุฑุช, ฺฉูุงุณฺฉ
๐ ุชุนูุฑ, ุนูุงุฑุช, ุนูุงุฑุช ฺฉ ุชุนูุฑ
๐งฑ ุงููน, ุงููนฺบ, ุชุนูุฑุงุช ูุงุฏ, ุฏูุงุฑ, ฺฏุงุฑุง
๐ชจ ุจฺพุงุฑ, ูพุชฺพุฑ, ูนฺพูุณ, ฺูนุงู, ฺฏูู ูพุชฺพุฑ
๐ชต ุฏุฑุฎุช ฺฉ ูฺฉฺ, ฺฉูน ูฺฉฺ, ูฺฉฺ
๐ ุฌฺพูููพฺ, ฺฏูุจุฏ ููุง ุฌฺพูููพฺ, ฺฏฺพุฑ, ฺฏูู ฺฏฺพุฑ
๐ ูฺฉุงูุงุช
๐ ฺฏฺพุฑ, ูุฑุงู, ูุฑุงู ฺฏฺพุฑ ฺฉ ุนูุงุฑุช
๐ ฺฏฺพุฑ, ูฺฉุงู
๐ก ุจุงุบ, ุจุงุบ ูุงูุง ฺฏฺพุฑ, ุนูุงุฑุช, ฺฏฺพุฑ
๐ข ุขูุณ ฺฉ ุนูุงุฑุช, ุนูุงุฑุช
๐ฃ ูพูุณูน, ุฌุงูพุงู, ุฌุงูพุงู ูพูุณูน ุขูุณ, ุนูุงุฑุช
๐ค ูพูุณูน, ูพูุณูน ุขูุณ, ุนูุงุฑุช
๐ฅ ุงุณูพุชุงู, ุฏูุงุฆ, ฺุงฺฉูนุฑ, ุนูุงุฑุช
๐ฆ ุจูฺฉ, ุนูุงุฑุช
๐จ ุนูุงุฑุช, ููนู
๐ฉ ูุญุจุช, ูุญุจุช ฺฉุง ููนู, ููนู
๐ช ุงุณูนูุฑ, ุณููุช, ุณููุช ุจุฎุด ุงุณูนูุฑ
๐ซ ุงุณฺฉูู, ุนูุงุฑุช
๐ฌ ุงุณูนูุฑ, ฺูพุงุฑูนูููน, ุนูุงุฑุช
๐ญ ุนูุงุฑุช, ูฺฉูนุฑ
๐ฏ ุฌุงูพุงู, ุนูุงุฑุช, ููุน
๐ฐ ููุน, ูุฑูพ
๐ ุดุงุฏ, ุนูุงุฑุช, ฺฏุฑุฌ
๐ผ ูนุงูุฑ, ูนูฺฉู
๐ฝ ุขุฒุงุฏ, ูุฌุณู
โช ุนูุงุฑุช, ุนุณุงุฆุช, ฺฉุฑุงุณ, ฺฏุฑุฌุง ฺฏฺพุฑ
๐ ุนุจุงุฏุช, ุนูุงุฑุช, ูุณุฌุฏ, ูุณููุงู
๐ ููุฏุฑ, ูุฏู
๐ ุนุจุงุฏุช ฺฏุง, ูุฏ, ูุฏูฺบ ฺฉ ุนุจุงุฏุช ฺฏุง
โฉ ุดููนู ูุฒุงุฑ, ูุฐุจ, ูุฒุงุฑ
๐ ุนุจุงุฏุช, ุนูุงุฑุช, ฺฉุนุจ, ูุณููุงู, ูฺฉ
โฒ ูพุงู ฺฉุง ฺุดู, ฺุดู, ูุงุคููนูู, ููุงุฑู
โบ ุฎู, ฺุฑุง, ุดุงูุงู, ฺฉููพูฺฏ
๐ ุฏฺพูุฏ, ฺฉูุฑ ุขููุฏ, ููุณู
๐ ุฑุงุช, ุณุชุงุฑูฺบ ุจฺพุฑ ุฑุงุช, ุณุชุงุฑ, ููุณู
๐ ุงููฺ ุนูุงุฑุชฺบ, ุดุฑ, ุนูุงุฑุช
๐ ูพุงฺ, ูพุงฺูฺบ ูพุฑ ุทููุน ุขูุชุงุจ, ุณูุฑุฌ, ุทููุน, ููุณู
๐ ุณูุฑุฌ, ุตุจุญ, ุทููุน ุขูุชุงุจ, ููุณู
๐ ุณูุฑุฌ, ุดุงู, ุดุงู ฺฉ ููุช ุงููฺ ุนูุงุฑุชฺบ, ุนูุงุฑุช, ููุณู
๐ ุณูุฑุฌ, ุนูุงุฑุช, ุบุฑูุจ, ุบุฑูุจู ุขูุชุงุจ, ููุณู
๐ ูพู, ุฑุงุช, ุฑุงุช ฺฉ ููุช ูพูู, ููุณู
โจ ุจฺพุงูพ, ฺฏุฑู, ูุฏ
๐ ุฌฺพููุง, ฺฏฺพูฺุง, ฺฏฺพููุช ุฌฺพูู ฺฉุง ฺฏฺพูฺุง, ฺฏฺพูููุง
๐ก ุขุณูุงู ุฌฺพููุง, ูพุงุฑฺฉ, ูพ, ุฌฺพููุง
๐ข ูพุงุฑฺฉ, ุฑููุฑ, ฺฉูุณูนุฑ
๐ ูพูู, ุญุฌุงู, ุญุฌุงู ฺฉุง ูพูู
๐ช ูนููน, ุณุฑฺฉุณ, ุณุฑฺฉุณ ฺฉุง ูนููน
๐ ุงูุฌู, ุจฺพุงูพ, ุฑู, ุฑู ฺฉุง ุงูุฌู
๐ ุจุฌู, ูพูนุฑ, ุฑู ฺฏุงฺ, ฺฏุงฺ
๐ ูพูนุฑ, ุชุฒ ุฑูุชุงุฑ ูนุฑู, ุฑูุชุงุฑ, ุฑู
๐ ุจููน, ุจููน ฺฉ ูุงฺฉ ูุงู ุชุฒ ุฑูุชุงุฑ ูนุฑู, ูนุฑู, ุฑูุชุงุฑ
๐ ูนุฑู, ุณูุงุฑ
๐ ุฑูู, ุฒุฑ ุฒูู, ููนุฑู
๐ ุฑูู, ุณูุงุฑ, ูุงุฆูน ุฑู
๐ ุงุณูนุดู, ูนุฑู, ุฑูู
๐ ูนุฑุงู, ุณูุงุฑ
๐ ุฑู, ุณูุงุฑ, ูููู ุฑู
๐ ูพุงฺ, ุฑูู, ฺฏุงฺ, ูุงุคููนู ุฑูู
๐ ูนุฑุงู ุจุณ, ูนุฑุงู, ูนุฑุงู ฺฉุงุฑ, ฺฏุงฺ
๐ ุจุณ, ุณูุงุฑ
๐ ุขุช ูุฆ, ุขุช ูุฆ ุจุณ, ุจุณ
๐ ุจุณ, ูนุฑุงู, ูนุฑุงู
๐ ุจุณ, ุณูุงุฑ, ูู ุจุณ
๐ ุงูุจูููุณ, ุณูุงุฑ
๐ ุงูุฌู, ูนุฑฺฉ, ูุงุฆุฑ
๐ ูพููุณ, ูพููุณ ฺฉุงุฑ, ฺฏุงฺ
๐ ุขุช ูุฆ, ุขุช ูุฆ ูพููุณ ฺฉุงุฑ, ูพููุณ, ฺฉุงุฑ
๐ ูนฺฉุณ, ุณูุงุฑ
๐ ุขุช ูุฆ, ุขุช ูุฆ ูนฺฉุณ, ูนฺฉุณ
๐ ุณูุงุฑ, ฺฉุงุฑ
๐ ุขุช ูุฆ, ุขุช ูุฆ ฺฉุงุฑ, ฺฉุงุฑ
๐ ุชูุฑุญ, ฺฏุงฺ
๐ป ูพฺฉ ุงูพ, ูพฺฉ ุงูพ ูนุฑฺฉ, ูนุฑฺฉ
๐ ูนุฑฺฉ, ฺููุฑ
๐ ูนุฑฺฉ, ุฌูฺ ูุงู ฺฏุงฺ, ุณูุงุฑ, ูุงุฑ
๐ ูนุฑฺฉูนุฑ, ุณูุงุฑ
๐ ุฑุณ, ุฑุณ ฺฉ ฺฉุงุฑ, ฺฉุงุฑ, ฺฉฺพู
๐ ุฑุณ, ุณุงุฆฺฉู, ูููนุฑ
๐ต ุณฺฉููนุฑ, ูููนุฑ, ูููนุฑ ูุงูุง ุณฺฉููนุฑ
๐ฆฝ ุฏุณุชุฑุณ, ุฏุณุช ูู ฺุฆุฑ
๐ฆผ ุฏุณุชุฑุณ, ูููนุฑ ูุงู ูู ฺุฆุฑ
๐บ ุขูนู ุฑฺฉุดุง, ูนูฺฉ ูนูฺฉ
๐ฒ ุณุงุฆฺฉู, ุณูุงุฑ
๐ด ุณฺฉููนุฑ, ฺฉฺฉ
๐น ุงุณฺฉูนูฺฏ ุชุฎุช, ุชุฎุช
๐ผ ุฑููุฑ, ุณฺฉูน
๐ ุจุณ, ุจุณ ุงุณูนุงูพ
๐ฃ ุณฺฺฉ, ูููนุฑ ู
๐ค ูนุฑู, ุฑูู, ุฑูู ูนุฑฺฉ
๐ข ุชู, ุชู ฺฉุง ฺุฑู, ฺุฑู
โฝ ููู, ููู ูพููพ, ฺฏุณ
๐จ ูพููุณ, ูพููุณ ฺฉุงุฑ ฺฉ ูุงุฆูน, ฺฉุงุฑ, ูุงุฆูน
๐ฅ ุงุดุงุฑ, ุงูู ูนุฑูฺฉ ูุงุฆูน, ูนุฑูฺฉ, ูุงุฆูน
๐ฆ ุงุดุงุฑ, ูนุฑูฺฉ, ุนููุฏ ูนุฑูฺฉ ูุงุฆูน, ูุงุฆูน
๐ ุขูนฺพ ุฒุงู, ุฑฺฉูุง, ุฑฺฉู ฺฉุง ูุดุงู, ูุดุงู
๐ง ุชุนูุฑ, ุฑฺฉุงููน
โ ุขู, ุงูฺฉุฑ, ุจุญุฑ ุฌุงุฒ
โต ุจุงุฏุจุงู ฺฉุดุช, ุณููุฏุฑ, ฺฉุดุช
๐ถ ฺฺพููน, ฺููฺฏ, ฺฉุดุช
๐ค ุงูุฌู ูุงู ฺฉุดุช, ุณูุงุฑ, ฺฉุดุช
๐ณ ุณูุงุฑ, ฺฉุดุช, ูุณุงูุฑ, ูุณุงูุฑ ุจุญุฑ ุฌุงุฒ
โด ุณูุงุฑ, ูุฑ, ฺฉุดุช
๐ฅ ุณูุงุฑ, ูููนุฑ ุจููน
๐ข ุจุญุฑ ุฌุงุฒ, ุณูุงุฑ
โ ุณูุฑ, ูุงุฆ ุฌุงุฒ
๐ฉ ฺฺพููนุง, ฺฺพููนุง ูุงุฆ ุฌุงุฒ, ุณูุงุฑ, ูุงุฆ ุฌุงุฒ
๐ซ ุฑูุงูฺฏ, ูุงุฆ ุฌุงุฒ, ูุงุฆ ุฌุงุฒ ฺฉ ุฑูุงูฺฏ
๐ฌ ุขูุฏ, ูุงุฆ ุฌุงุฒ, ูุงุฆ ุฌุงุฒ ฺฉ ุขูุฏ
๐ช ูพุฑุง ุณู, ูพุฑุงุดููน, ุณฺฉุงุฆ ฺุงุฆู, ูฺฏ ฺฏูุงุฆฺ
๐บ ุณูน, ูุฑูฺุฑ, ฺฉุฑุณ
๐ ุณูุงุฑ, ู ฺฉุงูพูนุฑ
๐ ุฑูู, ูุนูู
๐ ูพุงฺ, ูพุงฺ ฺฉุจู ู, ฺฉุจู
๐ก ูนุฑุงู ู, ฺฉุจู, ฺฏุงฺ, ูุงุฆ, ูุงุฆ ูนุฑุงู ู
๐ฐ ุขุณูุงู, ุฎูุง, ุฎูุงุฆ ุฌุงุฒ, ุณุงุฑ, ุณูนูุงุฆูน
๐ ุขุณูุงู, ุฎูุง, ุฎูุงุฆ ุฌุงุฒ, ุฑุงฺฉูน
๐ธ ุงฺู ุชุดุชุฑ, ูุงูุนููู ุงฺู ุชุดุชุฑ
๐ ุจู, ุจู ุงูพ, ุจู ุงูพ ุจู, ููนู
๐งณ ูพฺฉูฺฏ, ุณุงูุงู, ุณูุฑ
โ ุฑุช, ฺฏฺพฺ
โณ ุฑุช, ุฑุช ฺฏฺพฺ ูฺบ ฺฏุฑุช ูุฆ ุฑุช, ฺฏุฑุช ูุฆ ุฑุช ฺฉ ุณุงุชฺพ ุฑุช ฺฏฺพฺ, ฺฏฺพฺ
โ ูนุงุฆู, ฺฉูุงฺฉ, ฺฏฺพฺ, ููุช
โฐ ุงูุงุฑู, ฺฉูุงฺฉ
โฑ ุงุณูนุงูพ ูุงฺ, ฺฏฺพฺ
โฒ ูนุงุฆูุฑ, ูนุงุฆูุฑ ฺฉูุงฺฉ, ฺฏฺพฺ
๐ฐ ฺฏฺพฺ, ูููนู ูพุณ ฺฉูุงฺฉ
๐ 12:00, ุจุงุฑ, ุจุงุฑ ฺฉุง ููุช, ฺฏฺพฺ
๐ง 12:30, ุจุงุฑ, ุจุงุฑ ุจุฌ ฺฉุฑ ุชุณ ูููน, ุชุณ, ฺฏฺพฺ
๐ 1:00, ุงฺฉ, ุงฺฉ ุจุฌ ฺฉุง ููุช, ฺฏฺพฺ
๐ 1:30, ุงฺฉ, ุงฺฉ ุจุฌ ฺฉุฑ ุชุณ ูููน, ุชุณ, ฺฏฺพฺ
๐ 2:00, ุฏู, ุฏู ุจุฌ ฺฉุง ููุช, ฺฏฺพฺ
๐ 2:30, ุชุณ, ุฏู, ุฏู ุจุฌ ฺฉุฑ ุชุณ ูููน, ฺฏฺพฺ
๐ 3:00, ุชู, ุชู ุจุฌ ฺฉุง ููุช, ฺฏฺพฺ
๐ 3:30, ุชุณ, ุชู, ุชู ุจุฌ ฺฉุฑ ุชุณ ูููน, ฺฏฺพฺ
๐ 4:00, ฺุงุฑ, ฺุงุฑ ุจุฌ ฺฉุง ููุช, ฺฏฺพฺ
๐ 4:30, ุชุณ, ฺุงุฑ, ฺุงุฑ ุจุฌ ฺฉุฑ ุชุณ ูููน, ฺฏฺพฺ
๐ 5:00, ูพุงูฺ, ูพุงูฺ ุจุฌ ฺฉุง ููุช, ฺฏฺพฺ
๐ 5:30, ูพุงูฺ, ูพุงูฺ ุจุฌ ฺฉุฑ ุชุณ ูููน, ุชุณ, ฺฏฺพฺ
๐ 6:00, ฺฺพ, ฺฺพ ุจุฌ ฺฉุง ููุช, ฺฏฺพฺ
๐ก 6:30, ุชุณ, ฺฺพ, ฺฺพ ุจุฌ ฺฉุฑ ุชุณ ูููน, ููุช
๐ 7:00, ุณุงุช, ุณุงุช ุจุฌ ฺฉุง ููุช, ฺฏฺพฺ
๐ข 07:30, ุชุณ, ุณุงุช, ุณุงุช ุจุฌ ฺฉุฑ ุชุณ ูููน, ฺฏฺพฺ
๐ 08:00, ุขูนฺพ, ุขูนฺพ ุจุฌ ฺฉุง ููุช, ฺฏฺพฺ
๐ฃ 08:30, ุขูนฺพ, ุขูนฺพ ุจุฌ ฺฉุฑ ุชุณ ูููน, ุชุณ, ฺฏฺพฺ
๐ 09:00, ฺฏฺพฺ, ูู, ูู ุจุฌ ฺฉุง ููุช
๐ค 09:30, ุชุณ, ฺฏฺพฺ, ูู, ูู ุจุฌ ฺฉุฑ ุชุณ ูููน
๐ 10:00, ุฏุณ, ุฏุณ ุจุฌ ฺฉุง ููุช, ฺฏฺพฺ
๐ฅ 10:30, ุชุณ, ุฏุณ, ุฏุณ ุจุฌ ฺฉุฑ ุชุณ ูููน, ฺฏฺพฺ
๐ 11:00, ฺฏฺพฺ, ฺฏุงุฑ, ฺฏุงุฑ ุจุฌ ฺฉุง ููุช
๐ฆ 11:30, ุชุณ, ฺฏฺพฺ, ฺฏุงุฑ, ฺฏุงุฑ ุจุฌ ฺฉุฑ ุชุณ ูููน
๐ ฺุงูุฏ, ุณุง, ููุณู, ูุง ฺุงูุฏ
๐ ุจฺฺพุชุง ูุง ูุงู ฺุงูุฏ, ฺุงูุฏ, ููุณู, ูุงู
๐ ูพู ฺฉูุงุฑูนุฑ ฺฉุง ฺุงูุฏ, ฺุงูุฏ, ฺฉูุงุฑูนุฑ, ููุณู
๐ ุขุฏฺพ ุณ ุฒุงุฏ ุจฺฺพุชุง ูุง ฺุงูุฏ, ุจฺฺพุชุง ูุง, ฺุงูุฏ, ููุณู
๐ ฺุงูุฏ, ูฺฉูู, ููุณู
๐ ฺุงูุฏ, ฺฏฺพูนุชุง ูุง, ฺฏฺพูนุชุง ูุง ุขุฏฺพ ุณ ุฒุงุฏ ฺุงูุฏ, ููุณู
๐ ุขุฎุฑ ฺฉูุงุฑูนุฑ ฺฉุง ฺุงูุฏ, ฺุงูุฏ, ฺฉูุงุฑูนุฑ, ููุณู
๐ ฺุงูุฏ, ฺฏฺพูนุชุง ูุง ูุงู ฺุงูุฏ, ููุณู, ูุงู
๐ ฺุงูุฏ, ููุณู, ูุงู
๐ ฺุงูุฏ, ฺุฑ, ููุณู, ูุฆ ฺุงูุฏ ฺฉุง ฺุฑ
๐ ูพู ฺฉูุงุฑูนุฑ ฺฉุง ฺุงูุฏ ูุน ฺุฑ, ฺุงูุฏ, ฺุฑ, ููุณู
๐ ุขุฎุฑ ฺฉูุงุฑูนุฑ ฺฉุง ฺุงูุฏ ูุน ฺุฑ, ฺุงูุฏ, ฺุฑ, ููุณู
๐ก ุชฺพุฑูุงููนุฑ, ููุณู
โ ุณูุฑุฌ, ุตุงู, ฺฉุฑูฺบ, ููุณู
๐ ฺุฑ, ฺุฑ ูุงูุง ูพูุฑุง ฺุงูุฏ, ุฎูุง, ุตุงู, ูฺฉูู, ููุณู
๐ ฺุฑ, ฺุฑ ูุงูุง ุณูุฑุฌ, ุฎูุง, ุณูุฑุฌ, ุตุงู, ููุณู
๐ช ุญูู ุฏุงุฑ ุณุงุฑ, ุฒุญู, ุณุงุฑ ุฒุญู ฺฉ ุฒุฑ ุงุซุฑ
โญ ุณุชุงุฑ, ุณูุฏ ูฺู ุณุชุงุฑ
๐ ฺูฺฉุชุง, ุณุชุงุฑ
๐ ุณุชุงุฑ, ุดุงุจู ุซุงูุจ, ฺฏุฑุชุง
๐ ุฎูุง, ฺฉฺฉุดุงฺบ
โ ุจุงุฏู, ููุณู
โ ุจุงุฏู, ุจุงุฏููฺบ ฺฉ ูพฺฺพ ฺฺพูพุง ุณูุฑุฌ, ุณูุฑุฌ, ููุณู
โ ุจุงุฏู, ุจุงุฑุด, ฺฏุฑุฌ ฺูฺฉ ุงูุฑ ุจุงุฑุด ูุงู ุจุงุฏู, ููุณู
๐ค ุจุงุฏู, ฺฺพููน ุจุงุฏู ฺฉ ูพฺฺพ ฺฺพูพุง ุณูุฑุฌ, ุณูุฑุฌ, ููุณู
๐ฅ ุจุงุฏู, ุจฺ ุจุงุฏู ฺฉ ูพฺฺพ ฺฺพูพุง ุณูุฑุฌ, ุณูุฑุฌ, ููุณู
๐ฆ ุจุงุฏู, ุจุงุฑุด, ุจุงุฑุด ฺฉ ุจุงุฏู ูพฺฺพ ฺฺพูพุง ุณูุฑุฌ, ุณูุฑุฌ, ููุณู
๐ง ุจุงุฏู, ุจุงุฏู ุงูุฑ ุจุงุฑุด, ุจุงุฑุด, ููุณู
๐จ ุจุงุฏู, ุจุงุฏู ุงูุฑ ุจุฑูุจุงุฑ, ุจุฑู, ููุณู
๐ฉ ุจุงุฏู, ุจุงุฏู ุงูุฑ ฺฏุฑุฌ ฺูฺฉ, ุจุฌู ฺฉ ฺูฺฉ, ููุณู
๐ช ุจุงุฏู, ุชุฒ ูุง, ุฌฺพฺฉฺ, ููุณู
๐ซ ุจุงุฏู, ฺฉูุฑ, ููุณู
๐ฌ ุจุงุฏู, ฺุฑ, ูู ุณ ูุง ูฺฉุงูุชุง ฺุฑ, ููุณู, ูุง
๐ ฺฏุฑุฏุงุจ, ููุณู
๐ ุจุงุฑุด, ููุณ ูุฒุงุญ, ููุณู
๐ ุจุงุฑุด, ุจูุฏ ฺฺพุชุฑ, ฺฺพุชฺ, ููุณู
โ ุจุงุฑุด, ฺฺพุชุฑ, ูุจุงุณ, ููุณู
โ ุจุงุฑุด, ุจุงุฑุด ฺฉ ูุทุฑูฺบ ูุงู ฺฺพุชุฑ, ฺฺพุชฺ, ูุจุงุณ, ููุณู
โฑ ุจุงุฑุด, ฺฺพุชฺ, ุฒูู ูฺบ ฺฏฺ ฺฺพุชุฑ, ุณูุฑุฌ, ููุณู
โก ุจุฌู, ุฎุทุฑ, ุงุฆ ููููนุฌ, ููููนุฌ
โ ุจุฑู, ุจุฑู ฺฉ ฺฏุงู, ูนฺพูฺ, ููุณู
โ ุจุฑู, ุจุฑู ฺฉุง ุขุฏู, ูนฺพูฺ, ููุณู
โ ุจุฑู, ุจุฑู ฺฉ ุจุบุฑ ุจุฑู ฺฉุง ุขุฏู, ูนฺพูฺ, ููุณู
โ ุฎูุง, ูุทุจ ุณุชุงุฑ
๐ฅ ุขฺฏ, ุงูุฒุงุฑ
๐ง ูนฺพูฺ, ูุทุฑ, ููุณู
๐ ูพุงู, ูพุงู ฺฉ ูุฑ, ูุฑ, ููุณู
๐ ุฌฺฉ, ุฎูุด ููุงูุง, ฺฉุฏู ฺฉ ูุงููนู, ูุงููนู, ุงูููู
๐ ุฌุดู, ุฏุฑุฎุช, ฺฉุฑุณูุณ, ฺฉุฑุณูุณ ฺฉุง ุฏุฑุฎุช
๐ ุขุชุดุจุงุฒ, ุชูุฑุญ, ุฌุดู, ุฎูุด, ูุฒ
๐ ุขุชุด ุจุงุฒ, ูพฺพูุฌุฑ, ุฌุดู
๐งจ ุขุชุด ุจุงุฒ, ูพูนุงุฎ, ุฏฺพูุงฺฉุง ุฎุฒ, ฺุงุฆูุงููน
โจ ฺูฺฉ, ฺูฺฉุช ุณุชุงุฑ, ุณุชุงุฑ
๐ ุจููู, ุฌุดู, ุฎูุด, ุบุจุงุฑ, ูุฒ
๐ ูพุงุฑูน, ูพุงุฑูน ฺฉ ูพูนุงุฎ, ูพูนุงุฎ, ุฌุดู
๐ ุจุงูุฒ, ุฑูฺฏู ฺฉุงุบุฐ, ุฑูฺฏู ฺฉุงุบุฐ ฺฉ ุจุงูุฒ
๐ ุชูุงุจุชุง ุฏุฑุฎุช, ุฌุงูพุงู, ุฌุดู, ุฏุฑุฎุช
๐ ูพุงุฆู, ูพุงุฆู ุณ ุณุฌุงููน, ูพูุฏุง, ุฌุงูพุงู, ุฌุดู
๐ ุชูุงุฑ, ุฌุงูพุงู, ุฌุงูพุงู ฺฏฺุงฺบ, ุฌุดู, ฺฏฺุง
๐ ุฌุงูพุงู, ุฌุดู, ูุง, ูุงุฆ ุฌุฑุงุจฺบ
๐ ุฌฺพูฺฉุงุฑ, ฺฏฺพููน, ูุง, ูุงุฆ ุฌฺพูฺฉุงุฑ
๐ ุฌุดู, ฺุงูุฏ, ฺุงูุฏ ฺฉ ุฑุณู, ุฑุณู
๐งง ุชุญู, ุฎูุด ูุณูุช, ุฑูู, ุณุฑุฎ ููุงู, ูุงุฆ ุณ, ููฺฏ ุจุงุค
๐ ุชุญู, ุฌุดู, ุฑุจู
๐ ุชุญู, ุฌุดู, ฺฉุงุบุฐ ูฺบ ููพูนุง ุชุญู, ฺฉุงุบุฐ ูฺบ ููนุง ุชุญู, ููพูนุง ูุง
๐ ุฌุดู, ุฑุจู, ุงุฏุฏุงู, ุงุฏุฏุงู ฺฉุง ุฑุจู
๐ ูนฺฉูน, ุฏุงุฎู
๐ซ ุชูุฑุจ, ูนฺฉูน, ุฏุงุฎู
๐ ุงูุนุงู, ููุฌ, ููุฌ ูฺู, ูฺู
๐ ุงูุนุงู, ูนุฑุงู
๐ ุงุณูพูุฑูนุณ, ุงูุนุงู, ูฺู
๐ฅ ุงูู, ฺฏููฺ, ูฺู, ููุจุฑ
๐ฅ ุฏูุณุฑุง, ุณููุฑ, ูฺู, ููุจุฑ
๐ฅ ุจุฑููุฒ, ุชุณุฑุง, ูฺู, ููุจุฑ
โฝ ููนุจุงู, ฺฉฺพู, ฺฏูุฏ, ูุฏุงู
โพ ุงูุฑฺฉ, ุจุงู, ุจุณ ุจุงู, ฺฉฺพู
๐ฅ ุจุงุฒู ฺฉ ูฺ, ุฏุณุชุงู, ฺฏูุฏ, ูุฑู ฺฏูุฏ
๐ ุจุงุณฺฉูน, ุจุงู, ฺฉฺพู
๐ ุจุงู, ฺฉฺพู, ูุงู ุจุงู
๐ ุงูุฑฺฉ, ููนุจุงู, ฺฉฺพู
๐ ุงูุฑฺฉ, ุฑุบุจ, ุฑฺฏุจ ููนุจุงู, ููนุจุงู, ฺฉฺพู
๐พ ุจุงู, ูนูุณ, ฺฉฺพู
๐ฅ ุงฺุช ูุฆ ฺุณฺฉ, ุงูุชุงุฆ
๐ณ ุจุงุคููฺฏ, ุจุงู, ุจูุชูฺบ, ฺฉฺพู
๐ ุจุงู, ุจูน, ฺฉุฑฺฉูน, ฺฉฺพู
๐ ุจุงู, ููฺ ุงฺฉ, ฺฉฺพู, ูุฏุงู, ุงฺฉ
๐ ุขุฆุณ ุงฺฉ ุงุณูนฺฉ ุงูุฑ ูพฺฉ, ุงุณูนฺฉ, ุจุฑู, ูพฺฉ, ฺฉฺพู, ุงฺฉ
๐ฅ ฺฺพฺ, ฺฏูู, ฺฏูุฏ, ูฺฉุฑุงุณ
๐ ุจุงู, ูนุจู, ูนุจู ูนูุณ, ุฑฺฉูน, ฺฉฺพู
๐ธ ุจฺูููนู, ุฑฺฉูน, ุดูนู, ฺฉฺพู, ููน
๐ฅ ุจุงฺฉุณูฺฏ, ุจุงฺฉุณูฺฏ ฺฉ ุฏุณุชุงู, ุฏุณุชุงู, ฺฉฺพู
๐ฅ ฺฉุฑุงูน, ฺฉฺพู, ูุงุฑุดู ุขุฑูนุณ, ูุงุฑุดู ุขุฑูนุณ ฺฉุง ูููุงุฑู, ูููุงุฑู
๐ฅ ฺฉฺพู, ฺฏูู, ููน
โณ ฺฉฺพู, ฺฏุงูู, ฺฏฺฺพ ูฺบ ุฌฺพูฺุง, ฺฏูุฏ, ูุฏุงู ูฺบ ุณูุฑุงุฎ
โธ ุขุฆุณ ุงุณูนฺฉ, ุงุณูนฺฉ, ุจุฑู
๐ฃ ูพุงู, ฺูฺุง, ุดฺฉุงุฑ, ูุดูฺฏ ูพูู, ูฺฺพู
๐คฟ ุณฺฉูุจุง, ุณููุฑฺฉููฺฏ, ุบูุท ุฎูุฑ, ุบูุท ุฎูุฑ ฺฉุง ูุงุณฺฉ
๐ฝ ุฌุงฺฏูฺฏ, ุฏูฺู ฺฉ ุดุฑูน, ุดุฑูน, ูุงฺฉูฺฏ
๐ฟ ุงุณฺฉุงุฆ, ุงุณฺฉุงุฆุฒ, ุจุฑู
๐ท ุจุฑู ฺฏุงฺ, ุจ ูพูฺบ ฺฉ ฺฏุงฺ
๐ฅ ูพุชฺพุฑ, ฺฉุฑููฺฏ ูพุชฺพุฑ, ฺฉฺพู
๐ฏ ุจุฑุง ุฑุงุณุช ูุดุงู, ุชุฑ ุงูุฏุงุฒ, ฺฉฺพู, ูุดุงู, ุฏู
๐ช ุฌฺพูููุง, ฺฉฺพูููุง, ู ู
๐ช ุงฺูุง, ูพุชูฺฏ, ูุง ูฺบ ุจููุฏ ููุง
๐ฑ ุขูนฺพ, ุจุงู, ุจูุฆุฑฺุฒ, ฺฉฺพู
๐ฎ ุจุงู, ูููนุณ, ูุณูุช, ฺฉุฑุณูนู
๐ช ุฌุงุฏู, ุฌุงุฏูุฆ ฺฺพฺ, ุฌุงุฏูฺฏุฑ, ุฌุงุฏูฺฏุฑู
๐งฟ ุจุฑ ูุธุฑ, ุจุฑ ูุธุฑ ฺฉูุฆ ุชุนูุฒ, ุชุนูุฒ, ุทูุณูุงู, ููุช, ูุธุฑ
๐ฎ ฺฉฺพู, ูฺู, ูฺู ฺฏู
๐น ุฌูุงุฆ ุงุณูนฺฉ, ฺฉููนุฑูู, ฺฉฺพู, ูฺู
๐ฐ ุณูุงูน ูุดู, ฺฏู
๐ฒ ฺุงุฆุณ, ฺฉฺพู, ฺฏู ฺุงุฆ
๐งฉ ุงุดุงุฑ, ุจุงู ูุฑุจูุท, ูพุฒู, ูนฺฉฺุง, ุฌูฺฏุณุง
๐งธ ุฑูุฆ ุณ ุจฺพุฑุง, ฺฉฺพูููุง, ฺฉฺพูููุง ุจฺพุงูู, ฺฉฺพูู ฺฉ ฺุฒ, ูุฎูู
๐ช ูพุงุฑูน, ูพูุงูนุง, ุชูุฑุจ
๐ช ุฌุงุฏูุฆ ฺฏฺุงฺบ, ุฑูุณ, ฺฏฺุง, ูุณูนูฺฏ, ูุณูนูฺฏ ฺฏฺุงฺบ
โ ูพุช, ุชุงุด, ุญฺฉู, ุญฺฉู ฺฉุง ูพุช, ฺฉฺพู
โฅ ูพุงู, ูพุงู ฺฉุง ูพุช, ูพุช, ุชุงุด, ฺฉฺพู
โฆ ุงููน, ุงููน ฺฉุง ูพุช, ูพุช, ุชุงุด, ฺฉฺพู
โฃ ูพุช, ุชุงุด, ฺฺุง, ฺฺุง ฺฉุง ูพุช, ฺฉฺพู
โ ุดุทุฑูุฌ, ุดุทุฑูุฌ ฺฉุง ูพุงุฏ, ูุงุจู ูุตุฑู, ูุฑ
๐ ูพุช, ุชุงุด, ุฌูฺฉุฑ, ฺฉฺพู
๐ ุณุฑุฎ, ฺฉฺพู, ูุงุฌููฺฏ, ูุงุฌููฺฏ ุฑฺ ฺุฑฺฏู
๐ด ุชุงุด, ุฌุงูพุงู, ุฌุงูพุงู ุชุงุด ฺฉุง ฺฉฺพู, ฺฉฺพู
๐ญ ูพุฑูุงุฑููฺฏ ุขุฑูนุณ, ุชฺพูนุฑ, ูููู ูุทู, ููููู ูุทู, ฺฉุงุฑฺฉุฑุฏฺฏ ฺฉุง ูุธุงุฑ, ูุงุณฺฉ
๐ผ ุชุตูุฑ, ุนุฌุงุฆุจ ฺฏฺพุฑ, ูุฑู, ูุฑู ุดุฏ ุชุตูุฑ, ูุฑู ูฺบ ุฌฺ ุชุตูุฑ, ูู
๐จ ุขุฑูนุณูน ูพููน, ูพููนูฺฏ, ุนุฌุงุฆุจ ฺฏฺพุฑ, ูู
๐งต ฺุฑุฎ, ุฏฺพุงฺฏ, ฺูุฑ, ุณูุงุฆ, ุณูุฆ
๐ชก ูนุงูฺฉ, ุณูุงุฆ, ุณูุงุฆ ฺฉ ุณูุฆ, ุณูุฆ, ุณูุง, ฺฉุดุฏ ฺฉุงุฑ
๐งถ ุงูู ุฏฺพุงฺฏ, ุจูููุง, ฺฉุฑูุดุง, ฺฏูู
๐ชข ุงูุฌฺพู, ุจุงูุฏฺพูุง, ุฏูุฑุง, ุฑุณ, ฺฏุงููนฺพ, ููฺ
๐ ุขูฺฉฺพ, ุฌุดู, ฺุดู, ูุจุงุณ
๐ถ ุขูฺฉฺพ, ุฌุดู, ุฏฺพููพ ฺุดู, ูุจุงุณ
๐ฅฝ ุขูฺฉฺพูฺบ ฺฉุง ุชุญูุธ, ุชุฑุงฺฉ, ฺฏุงฺฏู, ููฺูฺฏ
๐ฅผ ุชุฌุฑุจ, ฺุงฺฉูนุฑ, ุณุงุฆูุณุฏุงู, ูุจ ูฺบ ูพูู ูุงูุง ฺฉููน
๐ฆบ ุงูุฑุฌูุณ, ุญูุงุธุช, ุญูุงุธุช ูุงุณฺฉูน, ูุงุณฺฉูน
๐ ูุจุงุณ, ูฺฉ ูนุงุฆ, ูฺฉูนุงุฆ
๐ ูน ุดุฑูน, ูุจุงุณ
๐ ุฌูุฒ, ูุจุงุณ
๐งฃ ุงุณฺฉุงุฑู, ฺฏุฑุฏู
๐งค ุฏุณุชุงู
๐งฅ ุฌฺฉูน, ฺฉููน
๐งฆ ุฌุฑุงุจ, ุฌุฑุงุจฺบ
๐ ฺุฑุณ, ฺฉูพฺ, ูุจุงุณ
๐ ุฎูุงุชู ฺฉุง ุฑูุงุช ุฌุงูพุงู ูุจุงุณ, ูุจุงุณ
๐ฅป ุณุงฺฺพ, ฺฉูพฺ, ูุจุงุณ
๐ฉฑ ูุงู ฺฉุง ูุจุงุณ, ููู ูพุณ ุชุฑุงฺฉ ฺฉุง ูุจุงุณ
๐ฉฒ ุชุฑุงฺฉ ฺฉุง ูุจุงุณ, ุฌุงูฺฏฺพุง, ุฒุฑู ุฌุงู, ูุงู ฺฉุง ูุจุงุณ, ููู ูพุณ
๐ฉณ ูพููนุณ, ุฒุฑู ุฌุงู, ูุงู ฺฉุง ูุจุงุณ, ูฺฉุฑ
๐ ุจฺฉู, ูุจุงุณ
๐ ุนูุฑุช, ุนูุฑุชูฺบ ฺฉ ฺฉูพฺ, ูุจุงุณ
๐ ูพุฑุณ, ูพุณ, ูุจุงุณ
๐ ุจฺฏ, ูุจุงุณ, ูฺ ุจฺฏ
๐ ุจฺฏ, ูุจุงุณ
๐ ุจฺฏ, ุดุงูพูฺฏ, ุดุงูพูฺฏ ุจฺฏุฒ, ููนู
๐ ุงุณฺฉูู, ุงุณฺฉูู ฺฉุง ุจุณุช, ุจฺฏ
๐ฉด ุชฺพููฺฏ ุณูฺู, ุชฺพููฺฏ ุณูฺูุฒ, ุชฺพููฺฏุฒ, ุฒูุฑ, ุณุงุญู ุณูฺูุฒ, ุณูฺูุฒ
๐ ุขุฏู, ุฌูุชุง, ูุจุงุณ, ูุฑุฏ ฺฉุง ุฌูุชุง
๐ ุฌูุช, ุฏูฺู ูุงูุง ุฌูุชุง, ูุจุงุณ
๐ฅพ ุจููน, ุจฺฉ ูพฺฉูฺฏ, ฺฉููพูฺฏ, ุงุฆฺฉูฺฏ
๐ฅฟ ุขุณุงู ุณ ูพูุง ุฌุง ุณฺฉู ูุงูุง, ุจู ูููน, ุณููพุฑ, ููุงุฑ ุฌูุชุง
๐ ุงููฺ ุงฺ, ุงููฺ ุงฺ ูุงูุง ุฌูุชุง, ุฌูุชุง, ุนูุฑุช, ูุจุงุณ
๐ก ุฌูุชุง, ุณูฺู, ุนูุฑุช, ุนูุฑุช ฺฉ ุณูฺู, ูุจุงุณ
๐ฉฐ ฺุงูุณ, ุฑูุต, ุฑูุต ฺฉ ุฌูุช
๐ข ุจููน, ุฌูุชุง, ุนูุฑุช, ุนูุฑุช ฺฉุง ุจููน, ูุจุงุณ
๐ ุจุงุฏุดุง, ุชุงุฌ, ูุจุงุณ, ููฺฉ
๐ ุนูุฑุช, ุนูุฑุช ฺฉุง ูน, ูุจุงุณ, ูน
๐ฉ ุงููพุฑ ูนููพ, ูนุงูพ ูน, ูุจุงุณ
๐ ูนููพ, ฺฏุฑุฌูุฆุดู, ฺฏุฑุฌูุฆุดู ฺฉูพ, ูุจุงุณ
๐งข ุจูฺ ฺฉูพ, ุจุณ ุจุงู ูนููพ
๐ช ุฌูฺฏุฌู, ุณูพุง, ููุฌ, ูููนุฑ, ูููน
โ ูนููพ, ฺุฑ, ุณูุฏ ฺฉุฑุงุณ ูุงูุง ูููน, ูููน
๐ฟ ุชุณุจุญ ฺฉ ุฏุงู, ุฏุนุง, ูุจุงุณ, ูุฐุจ, ุงุฑ
๐ ููพ ุงุณูนฺฉ, ูฺฉ ุงูพ
๐ ุงูฺฏููนฺพ, ุฑููุงูุณ, ุฑุง
๐ ุฑููุงูุณ, ููุช ูพุชฺพุฑ, ุฑุง
๐ ุขูุงุฒ, ุงุณูพฺฉุฑ, ุงุณูพฺฉุฑ ุจูุฏ, ุฎุงููุด
๐ ุขูุงุฒ, ุงุณูพฺฉุฑ, ุฏฺพู ุขูุงุฒ ูฺฉุงูุช ุงุณูพฺฉุฑ
๐ ุขูุงุฒ, ุงุณูพฺฉุฑ, ุงูุณุท ุขูุงุฒ ูฺฉุงูุช ุงุณูพฺฉุฑ
๐ ุขูุงุฒ, ุงุณูพฺฉุฑ, ุจููุฏ, ุจููุฏ ุขูุงุฒ ูฺฉุงูุช ุงุณูพฺฉุฑ
๐ข ุงุฌุชูุงุน, ุจููุฏ ุขูุงุฒ, ุฎุทุงุจ, ูุงุคฺ ุงุณูพฺฉุฑ
๐ฃ ุขู, ุชุฒ ุขูุงุฒ, ูฺฏุง ููู
๐ฏ ูพูุณูนู, ุณุงุฒ, ุงุฑู
๐ ุขูุงุฒ, ฺฏฺพููน
๐ ุฎุงููุด, ุณฺฉูุช, ฺฏฺพููน, ฺฏฺพููน ูพุฑ ุณูุด, ููุงูุนุช
๐ผ ุงุณฺฉูุฑ, ููุณู, ููุฒฺฉู ุงุณฺฉูุฑ
๐ต ููุณู, ููุฒฺฉู ูููน, ูููน
๐ถ ููุณู, ููุฒฺฉู ูููนุณ, ูููนุณ
๐ ุงุณูนูฺู, ูุงุฆฺฉ, ูุงุฆฺฉุฑูููู, ููุณู
๐ ุณูุงุฆฺุฑ, ููู, ููุณู
๐ ฺฉููนุฑูู, ฺฉููนุฑูู ฺฉุฑู ูุงู ูุงุจุฒ, ููุณู, ูุงุจุฒ
๐ค ูุงุฆฺฉ, ูุงุฆฺฉุฑูููู, ููุณู
๐ง ููุณู, ฺ ููู
๐ป ุจุฑู ุขู, ุฑฺู
๐ท ุขู, ุณฺฉุณู ููู, ููุณู
๐ช ุงุฑฺฏู ุจุงุฌุง, ุณฺฉูุฒ ุจุงฺฉุณ, ฺฉูุณุฑูนูุง
๐ธ ุขู, ฺฏูนุงุฑ, ููุณู
๐น ุขู, ฺฉ ุจูุฑฺ, ููุณู, ููุฒฺฉู ฺฉ ุจูุฑฺ
๐บ ุขู, ูนุฑููพูน, ููุณู
๐ป ุขู, ููุณู, ูุงุฆูู
๐ช ุจูุฌู, ุชุงุฑูฺบ ูุงูุง ุขู, ููุณู
๐ฅ ุงุณูนฺฉุณ, ฺุฑู, ููุณู
๐ช ุจุฌุงูุง, ฺุฑู, ฺฺพูู, ุฑุฏฺพู, ููุจุง ฺุฑู
๐ฑ ุจุฑู ุขู, ููู, ููุจุงุฆู
๐ฒ ุชุฑ, ุชุฑ ฺฉ ูุดุงู ฺฉ ุณุงุชฺพ ููุจุงุฆู ููู, ููู, ููุจุงุฆู, ูุดุงู
โ ุจุฑู ุขู, ูนูููู, ููู
๐ ุจุฑู ุขู, ูนูููู ฺฉุง ุฑุณูุฑ, ุฑุณูุฑ, ููู
๐ ุจุฑู ุขู, ูพุฌุฑ
๐ ุจุฑู ุขู, ูฺฉุณ, ูฺฉุณ ูุดู
๐ ุจูนุฑ
๐ ุงูฺฉูนุฑฺฉ ูพูฺฏ, ุจุฑู, ูพูฺฏ
๐ป ฺฉููพููนุฑ, ููพ ูนุงูพ, ููพ ูนุงูพ ฺฉููพููนุฑ
๐ฅ ฺุณฺฉ ูนุงูพ, ฺุณฺฉ ูนุงูพ ฺฉููพููนุฑ, ฺฉููพููนุฑ
๐จ ูพุฑููน, ูพุฑููนุฑ, ฺฉููพููนุฑ
โจ ูนุงุฆูพูฺฏ, ฺฉููพููนุฑ, ฺฉ ุจูุฑฺ
๐ฑ ฺฉุฑุณุฑ, ฺฉููพููนุฑ, ฺฉููพููนุฑ ูุงุคุณ
๐ฒ ุจุงู, ูนุฑฺฉ, ฺฉููพููนุฑ
๐ฝ ฺุณฺฉ, ฺฉููพููนุฑ, ูู
๐พ ฺุณฺฉ, ููุงูพ, ฺฉููพููนุฑ
๐ฟ ุขูพูนฺฉู, ฺุณฺฉ, ฺฉููพููนุฑ
๐ ฺุณฺฉ, ฺ ู ฺ, ฺฉููพููนุฑ
๐งฎ ุญุณุงุจ ฺฉุชุงุจ, ฺฏููุชุงุฑุง
๐ฅ ุณููุง, ููู, ฺฉูุฑุง, ููู ฺฉูุฑุง
๐ ุณููุง, ูุฑู, ููู, ููู ฺฉ ูุฑู
๐ฝ ูพุฑูุฌฺฉูนุฑ, ุณููุง, ููู
๐ฌ ููู, ฺฉููพุฑ, ฺฉููพุฑ ุจูุฑฺ
๐บ ูน ู, ูนู ูฺู, ูฺู
๐ท ฺฉูุฑุง, ูฺู
๐ธ ููุด, ููุด ูุงูุง ฺฉูุฑุง, ฺฉูุฑุง, ูฺู
๐น ฺฉูุฑุง, ูฺู
๐ผ ูนูพ, ูฺู, ูฺู ฺฉุณูน
๐ ุขู, ุงุดุงุฑ, ุจุงุฆฺบ, ุจุงุฆฺบ ุงุดุงุฑ ฺฉุฑุชุง ูุญุฏุจ ุนุฏุณ, ุณูุช, ุนุฏุณ, ูุญุฏุจ
๐ ุขู, ุงุดุงุฑ, ุฏุงุฆฺบ, ุฏุงุฆฺบ ุงุดุงุฑ ฺฉุฑุชุง ูุญุฏุจ ุนุฏุณ, ุณูุช, ุนุฏุณ, ูุญุฏุจ
๐ฏ ุจุช, ุฑูุดู, ููู
๐ก ุจุฑู, ุจูุจ, ุฑูุดู, ูุงุฆูน ุจูุจ
๐ฆ ุจุฑู, ูนุงุฑฺ, ุฑูุดู, ููุด, ููุด ูุงุฆูน
๐ฎ ุจุงุฑ, ุฑูุดู, ุณุฑุฎ, ุณุฑุฎ ฺฉุงุบุฐ ูุงููนู, ุณุฑุฎ ูุฑฺ, ูุงููนู
๐ช ุชู, ุฏูุง, ุฏุง ูููพ, ูููพ
๐ ุณุฌุงููน, ุณุฌุงููน ฺฉููุฑ ูุงู ูููน ุจฺฉ, ฺฉุชุงุจ, ฺฉููุฑ, ูููน ุจฺฉ
๐ ุจูุฏ, ฺฉุชุงุจ
๐ ฺฉุชุงุจ, ฺฉฺพู
๐ ุฑูฺฏ, ุณุจุฒ, ฺฉุชุงุจ
๐ ุฑูฺฏ, ฺฉุชุงุจ, ููุง, ูู ฺฉุชุงุจ
๐ ุฑูฺฏ, ฺฉุชุงุจ, ูุงุฑูุฌ
๐ ฺฉุชุงุจ, ฺฉุชุงุจฺบ
๐ ฺฉุชุงุจ, ูููน ุจฺฉ
๐ ูุฌุฑ, ูููน ุจฺฉ
๐ ุฏุณุชุงูุฒ, ุตูุญ, ูฺุง ูุง, ูฺุง ูุง ุตูุญ
๐ ุงุณฺฉุฑูู, ุตูุญ
๐ ุณุงูู, ุตูุญ, ุตูุญ ฺฉุง ุณุงูู ูุงูุง ุญุต
๐ฐ ุงุฎุจุงุฑ, ุงุทูุงุน, ุฎุจุฑ, ูุนูููุงุช
๐ ุงุฎุจุงุฑ, ุฑูู, ุฑูู ฺฉุง ูุง ุงุฎุจุงุฑ, ฺฉุงุบุฐ
๐ ุจฺฉ ูุงุฑฺฉ, ุจูฺฉ ูุงุฑฺฉ ูนุจุฒ, ูนุจุฒ
๐ ุจฺฉ ูุงุฑฺฉ, ุจูฺฉ ูุงุฑฺฉ
๐ท ูนฺฏ, ูุจู
๐ฐ ุจฺฏ, ูพุณูฺบ ฺฉุง ุจฺฏ, ฺุงูุฑ, ุฑูู
๐ช ฺุงูุฏ, ุฎุฒุงู, ุฏฺพุงุช, ุฑูู, ุณฺฉ, ุณููุง
๐ด ุจูฺฉ, ุฑูู, ูููน, ู, ู ุจูฺฉ ูููน
๐ต ุจูฺฉ, ฺุงูุฑ, ฺุงูุฑ ุจูฺฉ ูููน, ุฑูู, ูููน
๐ถ ุจูฺฉ, ุฑูู, ูููน, ูุฑู, ูุฑู ุจูฺฉ ูููน
๐ท ุจูฺฉ, ูพุงุคูฺ, ูพุงุคูฺ ุจูฺฉ ูููน, ุฑูู, ูููน
๐ธ ุงฺูุง, ุจูฺฉ, ูพุฑ, ูพุฑูฺบ ูุงู ูููน, ฺุงูุฑ, ุฑูู, ูููน
๐ณ ุจูฺฉ, ุฑูู, ฺฉุงุฑฺ, ฺฉุฑฺูน
๐งพ ุงฺฉุงุคููนูฺฏ, ุซุจูุช, ุญุณุงุจ ููุณ, ุฑุณุฏ, ุดุงุฏุช
๐น ุงุถุงู, ุจูฺฉ, ฺุงุฑูน, ุฑูู, ฺฏุฑุงู, ู, ู ฺฉ ุณุงุชฺพ ุตุนูุฏ ฺุงุฑูน
โ ูพุบุงู, ฺุงฺฉ, ููุงู
๐ง ุง ูู, ูพุบุงู, ุฎุท
๐จ ุขุชุง ูุง ููุงู, ุง ูู, ูพุบุงู, ฺุงฺฉ, ูุตูู
๐ฉ ุง ูู, ูพุบุงู, ุชุฑ, ุชุฑ ฺฉุง ูุดุงู ุงูุฑ ููุงู, ฺุงฺฉ, ูุดุงู
๐ค ุขุคูน ุจุงฺฉุณ ูนุฑ, ุจฺพุฌุง ูุง, ูนุฑ, ุฎุท
๐ฅ ุงู ุจุงฺฉุณ ูนุฑ, ูนุฑ, ุฎุท, ููุตูู
๐ฆ ุจุงฺฉุณ, ูพุงุฑุณู, ูพฺฉุฌ
๐ซ ุจุงฺฉุณ, ุจููุฏ ุฌฺพูฺุง, ุจููุฏ ุฌฺพูฺ ูุงูุง ุจูุฏ ูู ุจุงฺฉุณ, ุจูุฏ, ูู
๐ช ุจุงฺฉุณ, ุจูุฏ, ุฌฺพฺฉุง ุฌฺพูฺุง, ุฌฺพฺฉ ูุฆ ุฌฺพูฺ ูุงูุง ุจูุฏ ูู ุจุงฺฉุณ, ูู
๐ฌ ุจุงฺฉุณ, ุจููุฏ ุฌฺพูฺุง, ุจููุฏ ุฌฺพูฺ ูุงูุง ฺฉฺพูุง ูู ุจุงฺฉุณ, ฺฉฺพูุง, ูู
๐ญ ุจุงฺฉุณ, ุฌฺพฺฉุง ุฌฺพูฺุง, ุฌฺพฺฉ ูุฆ ุฌฺพูฺ ูุงูุง ฺฉฺพูุง ูู ุจุงฺฉุณ, ฺฉฺพูุง, ูู
๐ฎ ุจุงฺฉุณ, ูพูุณูน ุจุงฺฉุณ, ูู
๐ณ ุจุงฺฉุณ, ุจููน, ุจููน ฺฉ ุณุงุชฺพ ุจููน ุจุงฺฉุณ
โ ูพูุณู
โ ูพู, ุณุง, ูุจ
๐ ูพู, ูุงุคููนู, ูุงุคููนู ูพู
๐ ุงุณูนุดูุฑ, ุจุงู ูพู, ูพู
๐ ูพููน ุจุฑุด, ูพููนูฺฏ
๐ ุงุณูนุดูุฑ, ุฑูฺฏ, ฺฉุฑ ุขู
๐ ูพูุณู, ููู
๐ผ ุงุณูนุดูุฑ, ุจุฑู ฺฉุณ
๐ ุงุณูนุดูุฑ, ูุงุฆู, ูููฺุฑ
๐ ุงุณูนุดูุฑ, ูุงุฆู, ูููฺุฑ, ฺฉฺพูุง
๐ ุงุณูนุดูุฑ, ุงูฺฺฉุณ, ุชูุณู ฺฉุงุฑ, ฺฉุงุฑฺ, ฺฉุงุฑฺ ุงูฺฺฉุณ ฺฉ ุชูุณู ฺฉุงุฑ
๐ ุงุณูนุดูุฑ, ุชุงุฑุฎ, ฺฉููฺุฑ
๐ ุงุณูนุดูุฑ, ูนุฆุฑ ุขู ฺฉููฺุฑ, ูุณู, ฺฉููฺุฑ
๐ ุงุณูนุดูุฑ, ุณูพุงุฆุฑู, ุณูพุงุฆุฑู ูููน ุจฺฉ, ูููน ุจฺฉ
๐ ุงุณูนุดูุฑ, ุณูพุงุฆุฑู, ฺฉููฺุฑ
๐ ุงุณูนุดูุฑ, ุงูฺฺฉุณ, ฺฉุงุฑฺ
๐ ุงุณูนุดูุฑ, ุจฺฺพูุชุฑ, ฺุงุฑูน, ุตุนูุฏ ฺุงุฑูน
๐ ุงุณูนุดูุฑ, ุชูุฒู, ฺุงุฑูน
๐ ุงุณูนุดูุฑ, ุจุงุฑ, ฺุงุฑูน, ฺฏุฑุงู
๐ ุงุณูนุดูุฑ, ฺฉููพ ุจูุฑฺ
๐ ุงุณูนุดูุฑ, ูพูุด ูพู, ูพูู
๐ ุงุณูนุดูุฑ, ูพูู, ฺฏูู, ฺฏูู ูพูุด ูพู
๐ ุงุณูนุดูุฑ, ูพูพุฑ, ฺฉููพ
๐ ุงุณูนุดูุฑ, ูพูพุฑ, ุฌฺ ูุฆ, ุฌฺ ูุฆ ูพูพุฑ ฺฉููพุณ, ฺฉููพ
๐ ุงุณูนุฑูน ุฑููุฑ, ุงุณูนุดูุฑ, ุฑููุฑ, ุณุฏฺพุง
๐ ุงุณูนุดูุฑ, ุชฺฉูู, ุฑููุฑ
โ ุขู, ุงุณูนุดูุฑ, ููฺ
๐ ุงุณูนุดูุฑ, ุจุงฺฉุณ, ูุงุฆู, ฺฉุงุฑฺ
๐ ุงุณูนุดูุฑ, ูุงุฆู, ฺฉุจููน
๐ ูนูฺฉุฑ, ุฑุฏ, ุฑุฏ ฺฉ ูนูฺฉุฑ
๐ ุจูุฏ, ูุงฺฉ
๐ ฺฉฺพูุง, ูุงฺฉ
๐ ูพุฑุงุฆูุณ, ูพู, ูพู ฺฉ ุณุงุชฺพ ูุงฺฉ, ูุงฺฉ
๐ ุจูุฏ, ฺุงุจ, ฺุงุจ ฺฉ ุณุงุชฺพ ุจูุฏ ูุงฺฉ, ูุงฺฉ, ูุญููุธ
๐ ูพุงุณูุฑฺ, ฺุงุจ, ูุงฺฉ
๐ ูพุงุณูุฑฺ, ูพุฑุงูุง, ูพุฑุงู ฺุงุจ, ูุงฺฉ
๐จ ุขู, ุชฺพูฺุง
๐ช ูนฺฉฺ ฺฉุฑูุง, ฺฉุงูนูุง, ฺฉูุงฺุง, ฺฉูุงฺ, ูฺฉฺ
โ ุขู, ฺฉุฏุงู
โ ุขู, ฺฉุฏุงู, ุชฺพูฺุง, ุชฺพูฺุง ุงูุฑ ฺฉุฏุงู
๐ ุขู, ุฑูฺ, ุชฺพูฺุง, ุชฺพูฺุง ุงูุฑ ุฑูฺ
๐ก ุขู, ุฎูุฌุฑ, ุชฺพุงุฑ
โ ุชููุงุฑฺบ, ฺฉุฑุงุณ, ฺฉุฑุงุณ ฺฉ ุดฺฉู ุจูุงุช ุชููุงุฑฺบ, ุชฺพุงุฑ
๐ซ ูพุงู ฺฉ ูพุณุชูู, ูพุณุชูู, ุชฺพุงุฑ
๐ช ุขุณูนุฑูุง, ุจุงุฒฺฏุดุช, ุจููุฑูฺฏ, ูพููนุงุค
๐น ุชุฑ, ุชุฑ ุงูุฑ ฺฉูุงู, ุฌูฺฏ, ฺฉูุงู, ุชฺพุงุฑ
๐ก ุญูุงุธุช, ุดูฺ, ุชฺพุงุฑ
๐ช ุขุฑุง, ุขู, ุจฺฺพุฆ, ุจฺฺพุฆ ฺฉุง ุขุฑุง, ูฺฉฺ
๐ง ุขู, ุฑูฺ
๐ช ุขู, ูพฺ, ูพฺ ฺฉุณ
๐ฉ ุขู, ุจูููน, ููน, ููน ุงูุฑ ุจูููน
โ ุขู, ฺฏุฑุงุฑ, ฺฏุฆุฑ
๐ ุขู, ุงูุฒุงุฑ, ฺฉูููพ, ฺฉููพุฑุณ
โ ุขู, ุจุฑุงุจุฑ, ุจุฑุงุจุฑ ูพูฺูฺบ ูุงูุง ุชุฑุงุฒู, ูพูฺ, ุชุฑุงุฒู
๐ฆฏ ุฏุณุชุฑุณ, ูุงุจูุง, ูุงุจูุง ุงูุฑุงุฏ ฺฉูุฆ ฺฺพฺ
๐ ุชุงูุง, ุฌูฺ, ุฑุงุจุท, ููฺฉ
โ ุขู, ุฒูุฌุฑ, ุฒูุฌุฑฺบ
๐ช ุจฺู ฺฉุง ููุงู, ูพฺฉฺูุง, ูพฺพุงูุณูุง, ุชุฑุดูู, ุฎูุฏ, ฺฉ
๐งฐ ุงูุฒุงุฑ, ูนููู ุจฺฉุณ, ุตูุฏูู, ูฺฉูฺฉ
๐งฒ ฺฉุดุด, ฺฏฺพฺ ูุนู, ูููุงุทุณ, ูููุงุทุณ
๐ช ฺฺฺพูุง, ุฒู, ุณฺฺพ, ูุฏู
โ ุขู, ุงููุจฺฉ
๐งช ุชุฌุฑุจ, ูนุณูน ูนูุจ, ุณุงุฆูุณ, ฺฉูุณูน, ฺฉูุณูนุฑ, ูุจ
๐งซ ุจุงุฆุงููุฌุณูน, ุจุงุฆุงููุฌ, ุจฺฉูนุฑุง, ูพูนุฑ ฺุด, ุซูุงูุช, ูุจ
๐งฌ ุงุฑุชูุงุก, ุจุงุฆุงููุฌุณูน, ุฌู, ุฌูุงุช, ฺ ุงู ุง, ุฒูุฏฺฏ
๐ฌ ุขู, ุณฺฉููพ, ูุงุฆฺฉุฑู, ูุงุฆฺฉุฑูุณฺฉููพ
๐ญ ุขู, ูนู, ุณฺฉููพ
๐ก ุขู, ุงููนูุง, ฺุด, ุณูนูุงุฆูน, ุณูนูุงุฆูน ุงููนูุง
๐ ุขู, ุฏูุงุฆ, ฺุงฺฉูนุฑ, ุณุฑูุฌ, ุณูุฆ
๐ฉธ ุญุถ, ุฎูู ฺฉุง ุนุท, ุฎูู ฺฉุง ูุทุฑ, ุฏูุง
๐ ุจูุงุฑ, ุฏูุงุฆ, ฺุงฺฉูนุฑ, ฺฏูู
๐ฉน ูพูน, ฺูพฺฉู ูุงู ูพูน
๐ฉบ ุฏู, ุฏูุง, ฺุงฺฉูนุฑ, ุณูนุชฺพู ุณฺฉููพ
๐ช ุฏุฑูุงุฒ
๐ ุงูููนุฑ, ุฑุณุงุฆ, ูููน, ูุฑุงูุง
๐ช ุขุฆู, ุนฺฉุงุณ, ููุนฺฉุณ ฺฉุฑู ูุงูุง, ููุนฺฉุณ ฺฉููุฏ
๐ช ุชุงุฒ ูุง, ุดูุงู, ูุฑู, ฺฉฺพฺฺฉ, ฺฉฺพูุง, ููุธุฑ
๐ ุจุณุชุฑ, ููุฏ, ููนู
๐ ฺฉุงุคฺ, ฺฉุงุคฺ ุงูุฑ ูููพ, ูููพ, ููนู
๐ช ุจูนฺพูุง, ุณูน, ฺฉุฑุณ
๐ฝ ุจุช ุงูุฎูุง
๐ช ูพููุจุฑ, ูพููุฌุฑ, ูนูุงุฆููน, ฺูุณูุง, ููุฑุณ ฺฉูพ
๐ฟ ูพุงู, ุดุงูุฑ
๐ ูุงูุง, ูุงู ฺฉุง ูนุจ
๐ชค ูพฺพูุฏ, ฺุงุฑ, ฺู ฺฉุง ูพฺพูุฏ
๐ช ุงุณุชุฑุง, ุชุฒ ุฏฺพุงุฑ, ุดู
๐งด ุณูุฑุฌ ฺฉ ุชูุงุฒุช ุณ ุจฺู ฺฉ ู ุฌููุฏ ฺฉุฑู, ุดููพู, ููุดู, ููุดู ฺฉ ุจูุชู, ููุฆุณฺุฑุงุฆุฒุฑ
๐งท ูพููฺฉ ุฑุงฺฉ, ุญููุงุธุช ูพูู, ฺุงุฆูพุฑ
๐งน ุฌุงุฏูฺฏุฑู, ุฌฺพุงฺู, ุฌฺพุงฺู ูฺฏุงูุง, ุตูุงุฆ
๐งบ ูพฺฉูฺฉ, ูนูฺฉุฑ, ูุงุฑููฺฏ, ูุงูฺุฑ
๐งป ูนูุงุฆููน ูพูพุฑ, ฺฉุงุบุฐ ุชูู, ฺฉุงุบุฐ ุฑูู
๐ชฃ ุจุงููน, ูพูพุง, ูนูฺฉุฑ, ุญูุถ
๐งผ ูนฺฉ, ุฌฺพุงฺฏ, ุตุงุจู, ุตุงุจู ฺฉ ฺุด, ุตูุงุฆ, ุบุณู
๐ชฅ ุจุฑุด, ูนูุชฺพ ุจุฑุด, ุญูุธุงู ุตุญุช, ุฏุงูุช, ุฏูุฏุงู, ุตุงู, ุบุณู ุฎุงู
๐งฝ ุงุณููุฌ, ุฌุฐุจ ฺฉุฑู ูุงูุง, ุตูุงุฆ, ูุณุงู ุฏุงุฑ
๐งฏ ุขุชุด, ุขฺฏ ุจุฌฺพุงูุง, ุขฺฏ ุจูุฌฺพุงู ูุงูุง ุขู, ูนฺพูฺุง ฺฉุฑูุง
๐ ูนุฑุงู, ุดุงูพูฺฏ
๐ฌ ุฏฺพูุงฺบ, ุณฺฏุฑูน ฺฉุด, ุณฺฏุฑูน ููุด
โฐ ุชุงุจูุช, ุฌูุงุฒ, ฺฉูู, ููุช
๐ชฆ ูุจุฑ, ูุจุฑุณุชุงู, ฺฉุชุจ
โฑ ุจุฑุชู, ุฑุงฺฉฺพ, ูุฑุฏ ฺฉ ุฑุงฺฉฺพ ูุงูุง ูุฑุชุจุงู, ููุช
๐ฟ ฺุฑ, ูุฌุณู, ููุขุฆ
๐ชง ุงุญุชุฌุงุฌ ูุธุงุฑ, ูพู ฺฉุงุฑฺ, ุนูุงูุช, ฺฉฺพูููน
๐ง ุขูนู ููนฺฉ, ุง ูน ุงู, ุง ูน ุงู ฺฉ ุนูุงูุช, ุจูฺฉ, ุฑูู
๐ฎ ูนูฺฉุฑ, ุฑุฏ, ฺฉูฺุง ูนูฺฉุฑ ูฺบ ฺฉุง ุณุงุฆู
๐ฐ ูพุงู, ูพูุง, ูพู ฺฉุง ูพุงู
โฟ ูพ, ุฑุณุงุฆ, ฺฉุฑุณ, ูู ฺุฆุฑ
๐น ูนูุงุฆููน, ูุฑุฏ, ูุฑุฏูฺบ ฺฉุง ูนูุงุฆููน
๐บ ูนูุงุฆููน, ุนูุฑุชูฺบ ฺฉุง ูนูุงุฆููน, ุนูุฑุชฺบ
๐ป ูนูุงุฆููน, ุฑุณูน ุฑูู, ฺฉูุฑ
๐ผ ุจ ุจ, ุจ ุจ ฺฉ ุนูุงูุช, ุณุงุฆู
๐พ ูนูุงุฆููน, ฺฉูุฑ, ูุงุด ุฑูู
๐ ูพุงุณูพูุฑูน, ฺฉููนุฑูู
๐ ุงุฏุงุฑ, ฺฉุณูนูุฒ
๐ ุณุงูุงู, ุณุงูุงู ฺฉุง ฺฉูู, ฺฉูู
๐ ฺูฺพููนุง ูุง ุณุงูุงู, ุณุงูุงู, ูุงฺฉุฑ, ูุญููุธ
โ ุงูุชุจุง, ูนุฑูฺฉ, ุณุงุฆู
๐ธ ุจฺูฺบ ฺฉ ฺฏุฒุฑู ฺฉุง ุณุงุฆู, ุจฺ, ูนุฑูฺฉ, ุณุงุฆู, ุณฺฺฉ
โ ูนุฑูฺฉ, ุฏุงุฎู, ุฏุงุฎู ููููุน, ุณุงุฆู, ููุน
๐ซ ูนุฑูฺฉ, ุฏุงุฎู, ุณุงุฆู, ููููุน, ููุน
๐ณ ูนุฑูฺฉ, ุณุงุฆู, ุณุงุฆฺฉู, ุณุงุฆฺฉูฺบ ููููุน, ููุน
๐ญ ูนุฑูฺฉ, ุณุงุฆู, ุณฺฏุฑูน ููุด, ุณฺฏุฑูน ููุด ููุน , ููุน
๐ฏ ุณุงุฆู, ฺฉูฺุง, ฺฉูฺุง ูพฺพูฺฉูุง ููุน , ููุน
๐ฑ ูพุงู, ูพูุง, ุณุงุฆู, ููุน, ูุง ูพู ูุงูุง ูพุงู
๐ท ูพุฏู, ูพุฏู ฺูู ูุงู ููููุน, ูนุฑูฺฉ, ุณุงุฆู, ููุน
๐ต ููู, ููุน, ููุจุงุฆู, ููุจุงุฆู ููู ููููุน
๐ ุงูนฺพุงุฑ, ุงูนฺพุงุฑ ุณ ฺฉู ุนูุฑ ฺฉ ุงุฌุงุฒุช ูฺบ, ูพุงุจูุฏ, ุณุงุฆู, ุนูุฑ
โข ุชุงุจฺฉุงุฑ, ุชุงุจฺฉุงุฑ, ุดุนุงุนฺบ
โฃ ุฌุงูุฏุงุฑ, ุญุงุช, ุฒูุฏฺฏ ฺฉ ู ูุถุฑ, ููุตุงู ุฏ
โฌ ุงููพุฑ ฺฉุง ุชุฑ, ุชุฑ, ุณูุช, ุดูุงู, ฺฉุงุฑฺูู
โ ุงููพุฑ ุฏุงุฆฺบ ุชุฑ, ุชุฑ, ุณุงุฆู, ุณูุช, ุดูุงู ูุดุฑู
โก ุชุฑ, ุฏุงุฆฺบ ุชุฑ, ุณูุช, ฺฉุงุฑฺูู, ูุดุฑู
โ ุชุฑ, ุฌููุจ ูุดุฑู, ุณุงุฆู, ุณูุช, ูฺ ุฏุงุฆฺบ ุชุฑ
โฌ ุชุฑ, ุฌููุจ, ุณูุช, ฺฉุงุฑฺูู, ูฺ, ูฺ ฺฉุง ุชุฑ
โ ุชุฑ, ุฌููุจ ูุบุฑุจ, ุณุงุฆู, ุณูุช, ูฺ ุจุงุฆฺบ ุชุฑ
โฌ ุจุงุฆฺบ ุชุฑ, ุชุฑ, ุณูุช, ฺฉุงุฑฺูู, ูุบุฑุจ
โ ุงููพุฑ ุจุงุฆฺบ ุชุฑ, ุชุฑ, ุณุงุฆู, ุณูุช, ุดูุงู ูุบุฑุจ
โ ุงููพุฑ ูฺ ุชุฑ, ุชุฑ, ุณุงุฆู, ุณูุช
โ ุชุฑ, ุฏุงุฆฺบ ุจุงุฆฺบ ุชุฑ, ุณุงุฆู, ุณูุช
โฎ ุจุงุฆูฺบ ุทุฑู ุชุฑ ฺฉุง ุณูนุฑูฺฉ
โฉ ุจุงุฆฺบ ูฺุชุง ูุง ุฏุงุฆฺบ ุชุฑ, ุชุฑ, ุณุงุฆู, ุณูุช
โช ุชุฑ, ุฏุงุฆฺบ ูฺุชุง ูุง ุจุงุฆฺบ ุชุฑ, ุณุงุฆู, ุณูุช
โคด ุงููพุฑ ูฺุชุง ูุง ุฏุงุฆฺบ ุชุฑ, ุชุฑ, ุณุงุฆู, ุณูุช
โคต ุชุฑ, ุณุงุฆู, ุณูุช, ูฺ ูฺุชุง ูุง ุฏุงุฆฺบ ุชุฑ
๐ ุชุฑ, ุณุงุฆู, ุณูุช, ฺฏฺพฺ ฺฉ ุณูุช, ฺฏฺพฺ ฺฉ ุณูุช ูฺบ ุนููุฏ ุชุฑ
๐ ุชุฑ, ุณุงุฆู, ุณูุช, ฺฏฺพฺ ฺฉ ูุฎุงูู ุณูุช, ฺฏฺพฺ ฺฉ ูุฎุงูู ุณูุช ูฺบ ุชุฑ ุจูนู
๐ ูพฺฺพ, ุชุฑ, ูุงูพุณ ุชุฑ
๐ ุงุฎุชุชุงู, ุชุฑ
๐ ุขู, ุขู! ุชุฑ, ุชุฑ
๐ ุชุฑ, ุฌูุฏ
๐ ุงููพุฑ, ุจุงูุง ุชุฑ, ุชุฑ
๐ ุฌฺฏ, ุนุจุงุฏุช, ุนุจุงุฏุช ฺฏุง, ูุฐุจ
โ ุงูนู, ุงูนู ฺฉ ุนูุงูุช, ูุงุฏู
๐ ุงูู, ูุฐุจ, ูุฏู
โก ูพุบูุจุฑ, ุฏุงุคุฏ, ุฏุงุคุฏ ฺฉุง ุณุชุงุฑ, ุณุชุงุฑ, ูุฐุจ, ูุฏ
โธ ุจุฏฺพ ูุช, ูพ, ุฏฺพุฑู, ุฏฺพุฑู ฺฺฉุฑ, ูุฐุจ
โฏ ุชุงุค, ูุฐุจ, ู, ู ูฺฏ
โ ุนุณุงุฆุช, ฺฉุฑุงุณ, ูุงุทู ฺฉุฑุงุณ, ูุฐุจ
โฆ ุฑูุงุช ูุฐุจ ฺฉุฑุงุณ, ุนุณุงุฆุช, ฺฉุฑุงุณ, ูุฐุจ
โช ุงุณูุงู, ุณุชุงุฑ ุงูุฑ ูุงู, ุณุชุงุฑ ู ูุงู, ูุฐุจ, ูุณููุงู
โฎ ุงูู, ุงูู ฺฉุง ูุดุงู, ูุดุงู
๐ ฺฉูฺู ุงุณูนฺฉ, ูุฐุจ, ูููุฑ
๐ฏ ฺฺพ, ุณุชุงุฑ, ูุณูุช, ฺฉูู, ูฺฉุช ุฏุงุฑ ฺฺพ ฺฉูููฺบ ูุงูุง ุณุชุงุฑ
โ ุจุฑุฌ, ุญูู
โ ุจุฑุฌ, ุจุฑุฌ ุซูุฑ, ุจู
โ ุจุฑุฌ, ุจุฑุฌ ุฌูุฒุง, ุฌูฺูุงฺบ
โ ุจุฑุฌ, ุจุฑุฌ ุณุฑุทุงู, ฺฉูฺฉฺุง
โ ุจุฑุฌ, ุจุฑุฌ ุงุณุฏ, ุดุฑ
โ ุจุฑุฌ, ุจุฑุฌ ุณูุจู, ุนูุฑุช
โ ุจุฑุฌ, ูุฒุงู
โ ุจฺฺพู, ุจุฑุฌ, ุจุฑุฌ ุนูุฑุจ
โ ุจุฑุฌ, ุจุฑุฌ ููุณ, ุชุฑ ุงูุฏุงุฒ
โ ุจุฑุฌ, ุจุฑุฌ ุฌุฏ, ุจฺฉุฑุง
โ ุจุฑุฌ, ุจุฑุฌ ุฏูู, ูพุงู
โ ุจุฑุฌ, ุจุฑุฌ ุญูุช, ูฺฺพู
โ ุจุฑุฌ, ุจุฑุฌ ุญูุง, ุณุงููพ
๐ ุจูนู, ูนุฑฺฉุณ, ูนุฑฺฉุณ ฺฉู ุดูู ฺฉุฑู ฺฉุง ุจูนู, ุดูู
๐ ุจูนู, ูนุฑฺฉุณ, ุฏูุฑุงู, ุฏูุฑุงู ฺฉุง ุจูนู
๐ ุงฺฉ ุฏูุน, ุงฺฉ ุฏูุน ุฏูุฑุงู ฺฉุง ุจูนู, ุจูนู, ูนุฑฺฉุณ, ุฏูุฑุงู
โถ ุจูนู, ูนุฑฺฉุณ, ฺูุงูุง, ฺูุงู ฺฉุง ุจูนู
โฉ ุจูนู, ุชุฒ ูุงุฑูุฑฺ ุจูนู, ูนุฑฺฉุณ, ูุงุฑูุฑฺ
โญ ุงฺฏูุง, ุงฺฏูุง ูนุฑฺฉ ุจูนู, ุจูนู, ูนุฑฺฉุณ
โฏ ุจูนู, ูนุฑฺฉุณ, ฺูุงูุง, ฺูุงู ุง ุฑูฺฉู ฺฉุง ุจูนู, ุฑูฺฉูุง
โ ุจูนู, ูพฺฺพ, ูพฺฺพ ุฌุงู ฺฉุง ุจูนู, ูนุฑฺฉุณ
โช ุจูนู, ูพฺฺพ, ุชุฒ ุณ ูพฺฺพ ุฌุงู ฺฉุง ุจูนู, ูนุฑฺฉุณ
โฎ ุขุฎุฑ, ุขุฎุฑ ูนุฑฺฉ ฺฉุง ุจูนู, ุจูนู, ูนุฑฺฉุณ
๐ผ ุงููพุฑ, ุงููพุฑ ฺฉุง ุจูนู, ุจูนู, ูนุฑฺฉุณ
โซ ุงููพุฑ, ุจูนู, ุชุฒ, ุชุฒ ุณ ุงููพุฑ ฺฉุง ุจูนู, ูนุฑฺฉุณ
๐ฝ ุจูนู, ูนุฑฺฉุณ, ูฺ, ูฺ ฺฉุง ุจูนู
โฌ ุจูนู, ุชุฒ, ุชุฒ ุณ ูฺ ฺฉุง ุจูนู, ูนุฑฺฉุณ, ูฺ
โธ ุจูนู, ูนุฑฺฉุณ, ููู, ููู ฺุงูู ฺฉุง ุจูนู
โน ุจูนู, ูนุฑฺฉุณ, ุฑูฺฉูุง, ุฑูฺฉู ฺฉุง ุจูนู
โบ ุจูนู, ูนุฑฺฉุณ, ุฑฺฉุงุฑฺ, ุฑฺฉุงุฑฺ ฺฉุง ุจูนู
โ ุจูนู, ูนุฑฺฉุณ, ูฺฉุงููุง, ูฺฉุงูู ฺฉุง ุจูนู
๐ฆ ุณููุง, ููู
๐ ุจูนู, ูนุฑฺฉุณ, ุฏฺพูุง, ุฏฺพูุง ฺฉุง ุจูนู
๐ ุจูนู, ูนุฑฺฉุณ, ุฑูุดู, ุฑูุดู ฺฉุง ุจูนู
๐ถ ุงููนูุง, ุงููนูุง ุจุงุฑุฒ, ุจุงุฑ, ุณฺฏููุฒ, ููู, ููุจุงุฆู
๐ณ ููู, ููุจุงุฆู, ูุงุฆุจุฑุดู, ูุงุฆุจุฑุดู ููฺ
๐ด ุจูุฏ, ููู, ููุจุงุฆู
โ ุนูุงูุช, ุนูุฑุช, ุนูุฑุชูฺบ ฺฉูุฆ, ูฺฺฉ
โ ุนูุงูุช, ูฺฺฉุง, ูุฑุฏ, ูุฑุฏูฺบ ฺฉูุฆ
โง ุฌฺุง, ุฌฺูฺบ ฺฉ ุนูุงูุช
โ ร, x, ุถุฑุจ, ุถุฑุจ ฺฉุฑูุง, ุนูุงูุช, ููุณูุฎ ฺฉุฑูุง
โ +, ุฌูุน, ุฑุงุถ, ุนูุงูุช
โ -, โ, ุฑุงุถ, ุนูุงูุช, ููู
โ รท, ุชูุณู, ุชูุณู ฺฉุฑูุง, ุฑุงุถ, ุนูุงูุช
โพ ุนุงููฺฏุฑ, ุบุฑ ูุญุฏูุฏ, ูุงูุญุฏูุฏ, ูุด
โผ !, !!, ุจูฺฏ ุจูฺฏ, ุฏูุฑ ุนูุงูุชู ูุฏุงุฆ, ุนูุงูุช, ุนูุงูุช ูุฏุงุฆ
โ !, !?, ?, ุฑููุฒูุงููุงู, ุณูุงู, ุณูุงู ุจูฺฏ, ุนูุงูุช, ูุฏุงุฆ, ูุฏุงุฆ ุณูุงู ูุดุงู
โ ?, ุฑููุฒู ุงููุงู, ุณุฑุฎ ุณูุงู ูุดุงู, ุณูุงู, ุณูุงู ูุดุงู, ุนูุงูุช
โ ?, ุขุคูน ูุงุฆู, ุฑููุฒู ุงููุงู, ุณูุฏ ุณูุงู ูุดุงู, ุณูุงู, ุนูุงูุช
โ !, ุขุคูน ูุงุฆู, ุฑููุฒู ุงููุงู, ุณูุฏ ูุฏุงุฆ ูุดุงู, ุนูุงูุช, ูุฏุงุฆ
โ !, ุฑููุฒู ุงููุงู, ุนูุงูุช, ูุฏุงุฆ ุนูุงูุช, ูุฏุงุฆ ูุดุงู
ใฐ ฺุด, ุฑููุฒู ุงููุงู, ูุฑุฏุงุฑ
๐ฑ ุจูฺฉ, ุชุจุงุฏู, ุฑูู, ฺฉุฑูุณ, ฺฉุฑูุณ ฺฉุง ุชุจุงุฏู
๐ฒ ุจูฺฉ, ุจฺพุงุฑ ฺุงูุฑ ุณุงุฆู, ฺุงูุฑ, ุฑูู, ฺฉุฑูุณ
โ ุตุญุช, ุทุจ, ุนูุงูุช, ูุดุงู
โป ุฑ ุณุงุฆฺฉููฺฏ, ุฑ ุณุงุฆฺฉููฺฏ ฺฉุง ูุดุงู, ูุดุงู
โ ุขุณูนุฑูุง, ูพุชุงฺบ, ูพฺพูู, ุชู, ุชู ูพุชูฺบ ูุงูุง ูู
๐ฑ ุขู, ุงูฺฉุฑ, ุจุญุฑ ุฌุงุฒ, ุณ ุดุงุฎ ุขู, ุนูุงูุช
๐ ุจุฌ, ูุงู, ูุงู ฺฉุง ุจุฌ
๐ฐ ุฌุงูพุงู, ุดุฑูุนุงุช, ุดุฑูุนุงุช ฺฉุฑู ูุงู ฺฉุง ุฌุงูพุงู ูุดุงู, ูุดุงู
โญ o, ุจฺุง, ุฏุงุฆุฑ, ุณุฑุฎ, ฺฉฺพูฺฉฺพูุง ุณุฑุฎ ุฏุงุฆุฑ
โ โ, ุจูนู, ฺฺฉ, ุณูุฏ ุจฺพุงุฑ ฺฺฉ ฺฉุง ูุดุงู, ุนูุงูุช
โ โ, ฺฺฉ, ฺฺฉ ฺฉ ุณุงุชฺพ ฺฺฉ ุจุงฺฉุณ, ฺฺฉ ฺฉ ูุดุงู ูุงูุง ุจููน ุจุงฺฉุณ, ุฎุงู
โ โ, ุจฺพุงุฑ ฺฺฉ ฺฉุง ูุดุงู, ฺฺฉ, ุนูุงูุช
โ x, x ููุณูุฎ ฺฉุฑูุง, ุถุฑุจ, ุถุฑุจ ฺฉุฑูุง, ุนูุงูุช, ฺฉุฑุงุณ, ฺฉุฑุงุณ ฺฉุง ูุดุงู
โ ร, x, ุนูุงูุช, ฺฉุฑุงุณ ฺฉ ุนูุงูุช ฺฉุง ุจูนู, ฺฉุฑุงุณ ฺฉ ูุดุงู ฺฉุง ุจูนู, ูุฑุจุน
โฐ ุฑุณ, ฺฉุฑู ูุฆ, ฺฉุฑู ูุฆ ุฑุณ
โฟ ุฏูุฑ, ุฏูุฑ ฺฉุฑู ูุฆ ุฑุณ, ุฑุณ, ฺฉุฑู ูุฆ
ใฝ ุจุงุฑ, ุจุงุฑ ฺฉ ุชุจุฏู ฺฉุง ูุดุงู, ุนูุงูุช, ููุณูุงุฑ
โณ *, ุขูนฺพ ฺฉุงููนูฺบ ูุงูุง ุงุณูนุฑุณฺฉ, ุขูนฺพ ฺฉูููฺบ ูุงูุง ุณุชุงุฑ, ุณุชุงุฑ
โด *, ุขูนฺพ ฺฉูููฺบ ูุงูุง ุณุชุงุฑ, ุณุชุงุฑ
โ *, ฺูฺฉ
ยฉ c, ฺฉุงูพ ุฑุงุฆูน
ยฎ r, ุฑุฌุณูนุฑฺ
โข ุชุฌุงุฑุช, ุชุฌุงุฑุช ูุดุงู, ูุดุงู
๐ ABCD, ุงู ูพูน, ุงู ูพูน ูุงุทู ุจฺ ุญุฑูู, ุจฺ ุญุฑูู, ุญุฑูู, ูุงุทู
๐ก abcd, ุงู ูพูน, ุงู ูพูน ูุงุทู ฺฺพููน ุญุฑูู, ฺฺพููน ุญุฑูู, ุญุฑูู, ูุงุทู
๐ข 1234, ุงู ูพูน, ุงู ูพูน ุงุนุฏุงุฏ, ููุจุฑุงุช
๐ฃ ุงู ูพูน, ุงู ูพูน ุนูุงูุงุช, ุนูุงูุงุช
๐ค abc, ุงู ูพูน, ุงู ูพูน ูุงุทู ุญุฑูู, ุญุฑูู, ุญุฑูู ุชุฌ, ูุงุทู
๐ฐ A ุจูนู (ุฎูู ฺฉ ูุณู), ุง, ุฎูู
๐ AB ุจูนู (ุฎูู ฺฉ ูุณู), ุง ุจ, ุฎูู
๐ฑ B ุจูนู (ุฎูู ฺฉ ูุณู), ุจ, ุฎูู
๐ cl, CL ุจูนู
๐ ฺฉูู, ฺฉูู ุจูนู
๐ ููุช, ููุช ุจูนู
โน ูุงุฎุฐ, ูุนูููุงุช
๐ id, ID ุจูนู, ฺูฺฉูุฑ
โ m, ุญุฑู, ฺฏูู, ฺฏูู M
๐ ฺูฺฉูุฑ, ูุง, ูุง ุจูนู
๐ ng, NG ุจูนู, ฺูฺฉูุฑ
๐พ o, O ุจูนู (ุฎูู ฺฉ ูุณู), ุจูนู
๐ ok, ุงูฺฉ ุจูนู, ฺูฺฉูุฑ
๐ฟ P ุจูนู, ูพุงุฑฺฉูฺฏ
๐ sos, SOS ุจูนู, ูุฏุฏ
๐ ุงููพุฑ, ุงููพุฑ! ุจูนู, ุจูนู
๐ vs, VS ุจูนู, ฺูฺฉูุฑ
๐ ุฌุงูพุงู &quot;ุงฺบ&quot; ุจูนู, ฺุงูพุงู, ฺูฺฉูุฑ
๐ ุฌุงูพุงู, ุฌุงูพุงู &quot;ุณุฑูุณ ฺุงุฑุฌ&quot; ุจูนู, ฺูฺฉูุฑ
๐ท ุชุตูุฑ ุนูุงูุช, ุฌุงูพุงู, ุฌุงูพุงู &quot;ูุงุงู ุฑูู&quot; ุจูนู, ฺุงูุฏ, ฺูฺฉูุฑ
๐ถ ุชุตูุฑ ุนูุงูุช, ุฌุงูพุงู, ุฌุงูพุงู &quot;ููุช ูฺบ&quot; ุจูนู, ฺูฺฉูุฑ, ููุฌูุฏฺฏ
๐ฏ ุงูฺฏู, ุชุตูุฑ ุนูุงูุช, ุฌุงูพุงู, ุฌุงูพุงู &quot;ูุญููุธ&quot; ุจูนู, ฺูฺฉูุฑ
๐ ุชุตูุฑ ุนูุงูุช, ุฌุงูพุงู, ุฌุงูพุงู &quot;ุณูุฏุง ุจุงุฒ &quot; ุจูนู, ุฏุงุฆุฑ, ูุงุฆุฏ
๐น ุชุตูุฑ ุนูุงูุช, ุชูุณู, ุฌุงูพุงู, ุฌุงูพุงู &quot;ุฑุนุงุช&quot; ุจูนู, ฺูฺฉูุฑ
๐ ุชุตูุฑ ุนูุงูุช, ุฌุงูพุงู, ุฌุงูพุงู &quot;ููุช&quot; ุจูนู, ฺูฺฉูุฑ, ูู
๐ฒ ุชุตูุฑ ุนูุงูุช, ุฌุงูพุงู, ุฌุงูพุงู &quot;ููููุน&quot; ุจูนู, ฺูฺฉูุฑ, ููุงูุนุช
๐ ุชุตูุฑ ุนูุงูุช, ุฌุงูพุงู &quot;ูุงุจู ูุจูู&quot; ุจูนู, ฺู, ฺฏูู, ููุธูุฑ
๐ธ ุงูพูุงุฆ, ุชุตูุฑ ุนูุงูุช, ุฌุงูพุงู &quot;ุงูพูฺฉุดู&quot; ุจูนู, ฺูฺฉูุฑ, ฺู
๐ด ุงฺฉูนฺพ, ุชุตูุฑ ุนูุงูุช, ุฌุงูพุงู &quot;ูพุงุณ ฺฉุฑู ฺฉุง ฺฏุฑฺ&quot; ุจูนู, ฺูฺฉูุฑ, ฺู
๐ณ ุชุตูุฑ ุนูุงูุช, ุฌุงูพุงู &quot;ุฎุงู ุงุณุงู&quot; ุนูุงูุช, ฺูฺฉูุฑ, ฺู, ุฎุงู
ใ ุชุตูุฑ ุนูุงูุช, ุฌุงูพุงู &quot;ูุจุงุฑฺฉุจุงุฏ&quot; ุจูนู, ฺู, ฺฏูู, ูุจุงุฑฺฉุจุงุฏ
ใ ุชุตูุฑ ุนูุงูุช, ุฌุงูพุงู &quot;ุฎู&quot; ุจูนู, ฺู, ุฎู, ฺฏูู
๐บ ุขูพุฑุดู, ุชุตูุฑ ุนูุงูุช, ุฌุงูพุงู &quot;ฺฉุงุฑูุจุงุฑ ฺฉ ู ฺฉฺพูุง&quot; ุจูนู, ฺูฺฉูุฑ, ฺู
๐ต ุชุตูุฑ ุนูุงูุช, ุฌุงูพุงู &quot;ฺฉูุฆ ุงุณุงู ูฺบ&quot; ุนูุงูุช, ฺูฺฉูุฑ, ฺู, ฺฉุงููุช
๐ด ุฌูููนุฑ, ุฏุงุฆุฑ, ุณุฑุฎ
๐ ุฏุงุฆุฑ, ูุงุฑูุฌ
๐ก ูพูุง, ุฏุงุฆุฑ
๐ข ุฏุงุฆุฑ, ุณุจุฒ
๐ต ุฌูููนุฑ, ุฏุงุฆุฑ, ููุง
๐ฃ ุงุฑุบูุงู, ุฏุงุฆุฑ
๐ค ุจฺพูุฑุง, ุฏุงุฆุฑ
โซ ุฌูููนุฑ, ุฏุงุฆุฑ, ฺฉุงูุง
โช ุฌูููนุฑ, ุฏุงุฆุฑ, ุณูุฏ
๐ฅ ฺูฺฉูุฑ, ุณุฑุฎ
๐ง ฺูฺฉูุฑ, ูุงุฑูุฌ
๐จ ูพูุง, ฺูฺฉูุฑ
๐ฉ ฺูฺฉูุฑ, ุณุจุฒ
๐ฆ ฺูฺฉูุฑ, ููุง
๐ช ุงุฑุบูุงู, ฺูฺฉูุฑ
๐ซ ุจฺพูุฑุง, ฺูฺฉูุฑ
โฌ ุจฺุง, ุฌูููนุฑ, ฺูฺฉูุฑ, ฺฉุงูุง
โฌ ุจฺุง, ุฌูููนุฑ, ฺูฺฉูุฑ, ุณูุฏ
โผ ุฌูููนุฑ, ฺูฺฉูุฑ, ฺฉุงูุง, ูฺู
โป ุฌูููนุฑ, ฺูฺฉูุฑ, ุณูุฏ, ุณูุฏ ูฺู ฺูฺฉูุฑ, ูฺูู
โพ ุฌูููนุฑ, ฺฺพููนุง, ฺูฺฉูุฑ, ฺฉุงูุง, ูฺู
โฝ ุฌูููนุฑ, ฺฺพููนุง, ฺูฺฉูุฑ, ุณูุฏ, ุณูุฏ ูฺูู ฺฺพููนุง ฺูฺฉูุฑ, ูฺูู
โช ุฌูููนุฑ, ฺูฺฉูุฑ, ฺฉุงูุง, ฺฉุงูุง ฺฺพููนุง ฺูฺฉูุฑ
โซ ุฌูููนุฑ, ฺฺพููนุง, ฺูฺฉูุฑ, ุณูุฏ
๐ถ ุจฺุง ูุงุฑูุฌ ุฑุง, ุฌูููนุฑ, ูุงุฑูุฌ, ุฑุง
๐ท ุจฺุง ููุง ุฑุง, ุฌูููนุฑ, ููุง, ุฑุง
๐ธ ุฌูููนุฑ, ฺฺพููนุง ูุงุฑูุฌ ุฑุง, ูุงุฑูุฌ, ุฑุง
๐น ุฌูููนุฑ, ฺฺพููนุง ููุง ุฑุง, ููุง, ุฑุง
๐บ ุงููพุฑ ุงุดุงุฑ ฺฉุฑุช ุณุฑุฎ ูุซูุซ, ุฌูููนุฑ, ูุซูุซ, ูุงุฑูุฌ
๐ป ุฌูููนุฑ, ูุซูุซ, ูุงุฑูุฌ, ูฺ ุงุดุงุฑ ฺฉุฑุช ุณุฑุฎ ูุซูุซ
๐ ุฌูููนุฑ, ูฺฉุช, ูฺฉุช ูุงูุง ุฑุง, ุฑุง
๐ ุจูนู, ุฌูููนุฑ, ุฑฺู
๐ณ ุจูนู, ุฌูููนุฑ, ฺูฺฉูุฑ, ุณูุฏ
๐ฒ ุจูนู, ุฌูููนุฑ, ฺูฺฉูุฑ, ุณุง ฺูฺฉูุฑ ุจูนู, ฺฉุงูุง
๐ ุฌฺพูฺุง, ุฎุงููฺบ ูุงูุง ุฌฺพูฺุง, ุฑุณูฺฏ
๐ฉ ุชฺฉูู, ุชฺฉูู ุฌฺพูฺุง, ุฌฺพูฺุง
๐ ุฌุงูพุงู, ุฌุดู, ฺฉุฑุงุณ, ฺฉุฑุงุณ ฺฉ ุดฺฉู ูฺบ ุฌฺพูฺ
๐ด ุฌฺพูฺุง, ฺฉุงูุง, ูุฑุงุชุง
๐ณ ุฌฺพูฺุง, ุณูุฏ, ูุฑุงุชุง
๐ณโ๐ ูพุฑฺู, ุฑูุจู, ููุณ ูุฒุญ, ููุณ ูุฒุญ ูพุฑฺู
๐ณโโง ูพุฑฺู, ูนุฑุงูุฒูฺุฑ, ุณูุฏ, ฺฏูุงุจ, ูู ุฑูุดู
๐ดโโ ุฌูู ุฑุงุฌุฑ, ุฎุฒุงู, ุบุงุฑุช ฺฏุฑ, ูุฒุงู, ูุฒุงููฺบ ฺฉุง ุฌฺพูฺุง
ยข ุณููน
$ ุงูุฑฺฉ ฺุงูุฑ, ูพุณู, ฺุงูุฑ, ุฑูู
ยฃ ุง ุฌ ูพ, ูพุงุคูฺ, ุฌ ุจ ูพ, ฺฉุฑูุณ
ยฅ ุฌ ูพ ูุงุฆ, ุณ ุงู ูุงุฆ, ฺฉุฑูุณ, ู, ูุงู
โฅ ููู
โฉ KPW, KRW, ููู
โฌ ฺฉุฑูุณ, ูุฑ, ูุฑู
โฑ ูพุณู
โน ุจฺพุงุฑุช ุฑููพ, ุฑููพ, ฺฉุฑูุณ
โฝ ุฑูุจู, ฺฉุฑูุณ
โฟ BTC, ุจููน ฺฉูุงุฆู
ยน ุงฺฉ, ุณูพุฑ ุงุณฺฉุฑูพูน, ุณูพุฑ ุงุณฺฉุฑูพูน ุงฺฉ
ยฒ ุฏู, ุณูพุฑ ุงุณฺฉุฑูพูน, ุณูพุฑ ุงุณฺฉุฑูพูน ุฏู, ูุฑุจุน
ยณ ุชู, ุณูพุฑ ุงุณฺฉุฑูพูน, ุณูพุฑ ุงุณฺฉุฑูพูน ุชู, ูฺฉุนุจ
ยต ูพูุงุฆุด, ูุงุฆฺฉุฑูุณุงุฆู
