{ figurali qavs, ochiluvchi figurali qavs, oqcharloq qanoti, qanotli qavs
ğŸ» 1â€“2-teri turi, emojini oâ€˜zgartirish, teri, tus
ğŸ¼ 3-teri turi, emojini oâ€˜zgartirish, teri, tus
ğŸ½ 4-teri turi, emojini oâ€˜zgartirish, teri, tus
ğŸ¾ 5-teri turi, emojini oâ€˜zgartirish, teri, tus
ğŸ¿ 6-teri turi, emojini oâ€˜zgartirish, teri, tus
â€¾ ustidan chop etish, ustki chiziq, vinkulum
_ liniya, pastki chiziq, pastki chiziqcha, pastki tire
- chiziqcha, minus, minus-chiziqcha, tire
â€ chiziqcha, defis
â€“ qisqa tire
â€” uzun tire
â€• gorizontal chiziq, liniya, tire
ãƒ» katakana, katakanada oraliq nuqta, nuqta, oraliq
, vergul
ØŒ arabcha, vergul
ã€ ideografik, vergul
; nuqta-vergul, nuqtali vergul
Ø› arabcha, arabcha nuqtali vergul, nuqta-vergul, nuqtali vergul
: ikki nuqta, ikki-nuqta
! belgi, tinish belgisi, undov, undov belgisi, Undov belgisi
Â¡ belgi, teskari, teskari undov belgisi, tinish belgisi, undov, undov belgisi
? soÊ»roq, soÊ»roq belgisi
Â¿ soÊ»roq, soÊ»roq belgisi, teskari, teskari soÊ»roq belgisi
ØŸ arabcha, arabcha soÊ»roq belgisi, soÊ»roq, soÊ»roq belgisi
. davri
â€¦ koÊ»p nuqta, nuqtalar, uch nuqta
ã€‚ gap oxiri, ideografik, nuqta
Â· chiziqcha, nuqta, oâ€˜rtadagi
' apostrof, bir tirnoq, tutuq belgisi, yozuv mashinkasi apostrofi
â€˜ apostrof, bir tirnoq, chap apostrof, iqtibos, tutuq belgisi
â€™ apostrof, bir tirnoq, iqtibos, oÊ»ng apostrof, tutuq belgisi
â€š apostrof, pastki oÊ»ng apostrof, pastki tirnoq
â€œ chap qoÊ»shtirnoq belgisi, iqtibos, qoÊ»shtirnoq
â€ iqtibos, OÊ»ng qoÊ»shtirnoq belgisi, qoÊ»shtirnoq
â€ iqtibos, pastki oÊ»ng qoÊ»shtirnoq belgisi, pastki qoÊ»shtirnoq, qoÊ»shtirnoq
Â« burchak, chap, chap bosma qoâ€˜shtirnoq, ikkitali burchakli qoâ€˜shtirnoq, kare belgisi, qavs, quote
Â» burchak, ikkitali burchakli qoâ€˜shtirnoq, kare belgisi, oâ€˜ng, oâ€˜ng bosma qoâ€˜shtirnoq, qavs, quote
) qavs, qavsni yopish, yopiluvchi qavs
[ kvadrat qavs, ochiluvchi kvadrat qavs, qavsni ochish
] kvadrat qavs, qavsni yopish, yopiluvchi kvadrat qavs
} figurali qavs, oqcharloq qanoti, qanotli qavs, yopiluvchi figurali qavs
ã€ˆ ochiluvchi uchburchak qavs, olmos qavs, qirrali qavs, uchburchak qavs
ã€‰ olmos qavs, qirrali qavs, uchburchak qavs, yopiluvchi uchburchak qavs
ã€Š juft uchburchak qavs, ochiluvchi juft uchburchak qavs, qavs
ã€‹ juft uchburchak qavs, qavs, yopiluvchi juft uchburchak qavs
ã€Œ burchakli qavs, ochiluvchi burchakli qavs, qavs
ã€ burchakli qavs, qavs, yopiluvchi burchakli qavs
ã€ boÊ»sh burchakli qavs, ochiluvchi boÊ»sh burchakli qavs, qavs
ã€ boÊ»sh burchakli qavs, qavs, yopiluvchi boÊ»sh burchakli qavs
ã€ linzali qavs, ochiluvchi qora linzali qavs, qavs
ã€‘ linzali qavs, qavs, yopiluvchi qora linzali qavs
ã€” ochiluvchi yoysimon toshbaqakosa qavs, qavs, toshbaqakosa qavs, yoysimon qavs
ã€• qavs, toshbaqakosa qavs, yopiluvchi yoysimon toshbaqakosa qavs, yoysimon qavs
ã€– boÊ»sh linzali qavs, ochiluvchi boÊ»sh linzali qavs, qavs
ã€— boÊ»sh linzali qavs, qavs, yopiluvchi boÊ»sh linzali qavs
Â§ boâ€˜lim, paragraf
Â¶ abzats, belgi, paragraf, pilkrou, xatboshi, xatboshi belgisi
@ at belgisi, kuchuk, kuchukcha, tijoriy at
* asterisk, yulduz, yulduzcha
/ qiya, qiya chiziq, slesh
\ bekslesh, chiziq, qiya, teskari
& ampersand, va
# funt, heshteg, panjara, panjara belgisi, raqam
% foiz, protsent
â€° milliondan bir, promille
â€  dagger, dragger belgisi, obelisk, obelus belgisi
â€¡ dagger, ikkitali, ikkitali dragger belgisi, obelisk, obelus belgisi
â€¢ nuqta, tugma
â€§ boÊ»gÊ»in koÊ»chirish, boÊ»gÊ»in koÊ»chirish nuqtasi, chiziqcha, nuqta
â€² kertma, prim, shtrix
â€³ ikkitalik kertma, kertma, qoÊ»sh kertma
â€´ uch kertma, uchtalik kertma
â€» belgi, havola, havola belgisi
` gravis, urgÊ»u
Â´ akut, urgÊ»u
^ kuch, nazorat, simkumfleks, sirkumfleks, tom, urgÊ»u, uycha
Â¨ diyerezis, trema, umlaut
Â° daraja, isbot, soat
â„— mualliflik huquqi, ovozli, ovozli yozuv mualliflik huquqi belgisi, yozuv
â† chapga, chapga qaragan chiziq, chiziq
â†’ chiziq, oâ€˜ngga, oâ€˜ngga qaragan chiziq
â†‘ chiziq, yuqoriga, yuqoriga qaragan chiziq
â†“ chiziq, pastga, pastga qaragan chiziq
â‡… chiziq, pastga, yuqoriga, yuqoriga va pastga qaragan chiziqlar
â‡† chapga, chiziq, oâ€˜ngga, oâ€˜ngga qaragan chiziq ustidagi chapga qaragan chiziq, oâ€˜ngga qaragan chiziq ustidagi chapga qaragan chiziqlar
âˆ† ortish belgisi, uchburchak
âˆ‡ nabla, uchburchak
âˆˆ aâ€™zolik, element, elementi hisoblanadi, tashkil topadi, toâ€˜plam
+ plus, plus belgisi, qoÊ»shish
Â± plus-minus
Ã· boâ€˜linish, boâ€˜lish, boâ€˜lish belgisi, obelus belgisi
Ã— koâ€˜paytirish, koâ€˜paytirish belgisi, marta
< kichik, kichikroq, taqqoslash, teg, tegni ochish
= barobar, teng
â‰  teng emas, tengsizlik, tengsizlik belgisi
> katta, kattaroq, taqqoslash, teg, tegni yopish
Â¬ inkor, yoÊ»q
| bar, ustun, vertikal chiziq, vertikal liniya
~ tilda, toÊ»lqinli chiziq
âˆ’ ayirish, minus, minus belgisi
â» ayirish belgisi, satr ustidagi, satr ustidagi ayirish belgisi
âˆš ildiz, ildiz belgisi, irratsional son, kvadrat, radiks
âˆ cheksizlik, cheksizlik belgisi
âˆ© kesishma, toâ€˜plam
âˆª birlashma, birlashtirish belgisi, kolleksiya, toâ€˜plam
â‰ˆ deyarli teng, taxminan
â‰¡ aniq, bir xil, bir xillik belgisi, uchta chiziqli
â‰¤ kichik, kichik yoki teng, taqqoslash, teng, tenglik
â‰¥ katta, katta yoki teng, taqqoslash, teng, tenglik
âŠ‚ ichki toÊ»plam, toÊ»plam
â–² chiziq, ichi boÊ»yalgan yuqoriga qaragan uchburchak, ichi toâ€˜ldirilgan, ichi toâ€˜ldirilgan yuqoriga qaragan uchburchak, uchburchak, yuqoriga
â–¼ chiziq, ichi toâ€˜ldirilgan, ichi toâ€˜ldirilgan pastga qaragan uchburchak, pastga, uchburchak
â—Š marvarid, romb
â—‹ doira, halqa, ichi boâ€˜sh doira
â— doira, ichi toâ€˜ldirilgan doira
â—¯ doira, halqa, yirik ichi boâ€˜sh doira
â™ª musiqa, nota, sakkizinchi
â™­ bemol, musiqa, nota
â™¯ diyez, musiqa, nota
ğŸ˜€ tirjaygan yuz, tirjayish, yuz
ğŸ˜ƒ ochiq, ogâ€˜iz, ogâ€˜zini katta ochib kulayotgan yuz, tabassum, yuz
ğŸ˜„ koâ€˜z, ochiq, ogâ€˜iz, tabassum, tabassum, ogâ€˜iz ochiq, koâ€˜zlar qisilgan, yuz
ğŸ˜ koâ€˜z, tabassum, tirjaygan yuz, qisilgan koâ€˜zlar, tirjayish, yuz
ğŸ˜† kulgu, mamnun, ochiq, ogâ€˜iz, ogâ€˜zini katta ochib kulayotgan yuz va qattiq yumilgan koâ€˜zlar, tabassum, yuz
ğŸ˜… ochiq, ogâ€˜zini katta ochib kulayotgan yuz va sovuq ter, sovuq, tabassum, ter, yuz
ğŸ¤£ kulayotgan, qahqaha, qotib, yuz
ğŸ˜‚ koâ€˜z yosh, kulgu, quvonch, quvonch koâ€˜z yoshlari, yuz
ğŸ™‚ tabassum, yengilgina kulayotgan yuz, yuz
ğŸ™ƒ toâ€˜ntarilgan, yuz
ğŸ˜‰ koâ€˜z qisish, yuz
ğŸ˜Š koâ€˜z, qizarish, tabassum, tabassum va kulib turgan koâ€˜zlar, yuz
ğŸ˜‡ begunoh, fantaziya, farishta, gardish, tabassum, tabassum, bosh ustida gardish, yuz
ğŸ¥° jilmaygan, kulish, oshiq, sevgi, sevib qolgan, yurakcha, yurakchalari bor jilmaygan yuz
ğŸ˜ koâ€˜z, sevgi, tabassum, tabassum va yurak shaklidagi koâ€˜zlar, yurak, yuz
ğŸ¤© koâ€˜zlarda yulduzcha
ğŸ˜˜ boâ€˜sa yuborayotgan yuz, oâ€˜pish, yurak, yuz
ğŸ˜— boâ€˜sa olayotgan yuz, oâ€˜pish, yuz
â˜º kulayotgan yuz, tabassum, xotirjam, yuz
ğŸ˜š boâ€˜sa olayotgan yuz va yumilgan koâ€˜zlar, koâ€˜z, oâ€˜pish, yumilgan, yuz
ğŸ˜™ boâ€˜sa olayotgan yuz va kulayotgan koâ€˜zlar, koâ€˜z, oâ€˜pish, tabassum, yuz
ğŸ¥² faxr, jilmayish, koÊ»z yoshi, koÊ»z yoshi bilan jilmaygan yuz, minnatdor, taÊ¼sirlanish, tinchlanish
ğŸ˜‹ mazali, mazali taomni tatib koâ€˜rgan til, oh, shirin, tabassum, tatib koâ€˜rish, yuz
ğŸ˜› til, tilini chiqarib turgan yuz, yuz
ğŸ˜œ hazil, koâ€˜z, koâ€˜z qisish, til, tilini chiqarib turgan va koâ€˜zi qisilgan yuz, yuz
ğŸ¤ª ahmoq yuz
ğŸ˜ koâ€˜z, qoâ€˜rqinchli, tatib koâ€˜rish, til, tilini chiqarib turgan va koâ€˜zlari qattiq qisilgan yuz, yuz
ğŸ¤‘ ogâ€˜iz, ogâ€˜zi pul yuz, pul, yuz
ğŸ¤— quchayotgan yuz, quchish, quchoq, yuz
ğŸ¤­ ogâ€˜izni qoâ€˜l bilan yopish
ğŸ¤« ts-s-s
ğŸ¤” oâ€˜ylash, oâ€˜ylayotgan yuz, yuz
ğŸ¤ ogâ€˜iz, ogâ€˜zi qulflangan yuz, qulf, yuz
ğŸ¤¨ qosh chimirilgan yuz
ğŸ˜ betaraf, his-tuygâ€˜usiz, hissiz, yuz
ğŸ˜‘ his-tuygâ€˜usiz, ifodasiz, yuz
ğŸ˜¶ jimjit, ogâ€˜iz, ogâ€˜izsiz yuz, sukut, yuz
ğŸ˜¶â€ğŸŒ« bulutdagi bosh, bulutdagi yuz, gÊ»oyib boÊ»lgan, tuman ichidagi yuz
ğŸ˜ istehzo, istehzoli yuz, yuz
ğŸ˜’ qoniqmagan, xafa, yuz
ğŸ™„ aylantirayotgan, koâ€˜zlar, koâ€˜zlarini aylantirayotgan yuz, yuz
ğŸ˜¬ afti burishgan, aftini burishtirish, yuz
ğŸ˜®â€ğŸ’¨ havo olish, hustak chalish, ingrash, nafas chiqarayotgan yuz, nafas chiqarish
ğŸ¤¥ aldayotgan, pinokkio, yolgâ€˜on, yuz
ğŸ˜Œ xotirjam, yuz
ğŸ˜” gâ€˜amgin, ranjigan, yuz
ğŸ˜ª uxlash, uyqusiragan yuz, yuz
ğŸ¤¤ soâ€˜lagi oqayotgan, soâ€˜lak, yuz
ğŸ˜´ uxlash, uxlayotgan yuz, xurrak, yuz
ğŸ˜· dori, kasal, niqob, shifokor, sovuq, tibbiy niqob taqqan yuz, yuz
ğŸ¤’ bemor, harorat oâ€˜lchagich, harorat oâ€˜lchagich tutgan yuz, kasal, yuz
ğŸ¤• bint, boshi bint bilan oâ€˜ralgan yuz, jarohat, lat, yuz
ğŸ¤¢ kasallik, koâ€˜ngil aynish, koâ€˜ngli ayniyotgan, yuz
ğŸ¤® qusish
ğŸ¤§ aksirayotgan, yuz
ğŸ¥µ bezgak, harorat, isitma, isitmalash, terlash, yuqori harorat
ğŸ¥¶ ayoz, koâ€˜karib ketish, muzlash, qaltirash, sovqotish, sovuq, yaxlash
ğŸ¥´ behuzurlik, bosh aylanish, boshi aylangan, his qilish, koâ€˜ngil aynish, oâ€˜zini bilmay qolish, yomon
ğŸ˜µ boshi aylanayotgan yuz, boshi aylanish, yuz
ğŸ˜µâ€ğŸ’« boshogÊ»riq, gipnoz, jalb etuvchi, maftunkor, spiral koÊ»zli yuz
ğŸ¤¯ miya portlashi
ğŸ¤  kovboy, kovboyning boshi, shlyapa
ğŸ¥³ bayram, kecha, nishonlash, oâ€˜yin-kulgu, quvnash, tugâ€˜ilgan kun, xursandchilik, ziyofatda
ğŸ¥¸ burun, koÊ»zoynak, niqoblangan yuz, niqoblash, yashirin, yashirincha, yuz
ğŸ˜ koâ€˜zoynak, koâ€˜zoynak taqqan hamda kulayotgan yuz, ob-havo, quyosh, salqin, tabassum, yuz
ğŸ¤“ aqlli, bilimdon, yuz
ğŸ§ monokl bilan
ğŸ˜• xijolat, xijolat boâ€˜lgan yuz, yuz
ğŸ˜Ÿ xavotir, xavotir olayotgan yuz, yuz
ğŸ™ arazlamoq, ozroq arazlagan yuz, yuz
â˜¹ arazlagan yuz, arazlamoq, yuz
ğŸ˜® hamdardlik, ochiq, ogâ€˜iz, ogâ€˜zi katta ochiq yuz, yuz
ğŸ˜¯ hayratlanayotgan yuz, hayratlangan, karaxt, sukut saqlash, yuz
ğŸ˜² batamom, hayratlangan, taajjub, yuz
ğŸ˜³ mahliyo, qizarish, yuz, yuzi qizargan
ğŸ¥º iltimos qilish, katta koâ€˜zlar, koâ€˜z, koâ€˜z yosh, yalingan yuz, yalinish, yolvorish
ğŸ˜¦ ochiq, ogâ€˜iz, ogâ€˜zini katta ochgan, qovogâ€˜i solingan yuz, qovogâ€˜ini solish, yuz
ğŸ˜§ gâ€˜am-tashvishli yuz, tashvishli, yuz
ğŸ˜¨ qoâ€˜rqinchli, qoâ€˜rqish, qoâ€˜rqqan yuz, qoâ€˜rquv, yuz
ğŸ˜° koâ€˜kargan, ogâ€˜zi ochiq va sovuq terga botgan yuz, sovuq, ter, toliqqan, yuz
ğŸ˜¥ hafasalasi pir, hafsalasi pir boâ€˜lgan yuz, hmm, yengil tortish, yuz
ğŸ˜¢ hafa, koâ€˜z yoshi, yigâ€˜lash, yigâ€˜layotgan yuz, yuz
ğŸ˜­ hafa, koâ€˜z yoshi, xoâ€˜ngrab yigâ€˜lash, xoâ€˜ngrab yigâ€˜layotgan yuz, yigâ€˜lash, yuz
ğŸ˜± baqiriq, chaynash, qoâ€˜rqinchli, qoâ€˜rqish, qoâ€˜rquv, qoâ€˜rquvdan qichqirayotgan yuz, yuz
ğŸ˜– xijolat, xijolatli yuz, yuz
ğŸ˜£ oâ€˜jar, oâ€˜jarlik, yuz
ğŸ˜ koâ€˜ngli qolgan, koâ€˜ngli qolgan yuz, yuz
ğŸ˜“ sovuq, sovuq ter chiqayotgan yuz, ter, yuz
ğŸ˜© charchagan, xorgâ€˜in, yuz
ğŸ˜« charchagan, yuz
ğŸ¥± charchagan, esnayotgan, esnayotgan yuz, xorgâ€˜in
ğŸ˜¤ burnidan tutun chiqayotgan yuz, gâ€˜alaba, yuz, zafar
ğŸ˜¡ gâ€˜azab, jaxli chiqqan, norozi, norozi qiyofa, qizil, quturgan, yuz
ğŸ˜  gâ€˜azabnok, jahli chiqqan yuz, jaxli chiqqan, yuz
ğŸ¤¬ senzura
ğŸ˜ˆ ertak, fantaziya, kulayotgan shayton, shoxlar, tabassum, yuz
ğŸ‘¿ ertak, fantaziya, shayton, yuz
ğŸ’€ bosh suyagi, ertak, maxluq, oâ€˜lim, tana, yuz
â˜  bosh suyagi, bosh suyagi va suyaklar, maxluq, oâ€˜lim, suyaklar, tana, yuz
ğŸ’© axlat, goâ€˜ng, hazil, maxluq, tezak, tezak uyumi, yuz
ğŸ¤¡ masxaraboz, yuz
ğŸ‘¹ ertak, fantaziya, maxluq, maxluqot, yapon, yovuz maxluq, yuz
ğŸ‘º ajina, ertak, fantaziya, maxluq, maxluqot, yapon, yuz
ğŸ‘» arvoh, ertak, fantaziya, maxluq, maxluqot, yuz
ğŸ‘½ fantaziya, maxluq, maxluqot, nuj, oâ€˜zga sayyoralik, yuz
ğŸ‘¾ fantaziya, koinot, maxluq, nuj, oâ€˜zga sayyoralik, oâ€˜zga sayyoralik maxluq, yuz
ğŸ¤– maxluq, robot, robot qiyofa, yuz
ğŸ˜º jilmayish, mushuk, ochiq, ogâ€˜zi ochiq holatda kulayotgan mushuk, ogÊ»iz, tirjayish, yuz
ğŸ˜¸ jilmayish, koÊ»z, mushuk, tirjaygan holda kulayotgan mushuk, tirjayish, yuz
ğŸ˜¹ huzur, koÊ»z yoshi, koÊ»zidan yosh chiqib kulayotgan mushuk, mushuk, quvonch, xursandchilik, yuz
ğŸ˜» jilmayish, koâ€˜zlari yurak shaklida kulib turgan mushuk, koÊ»z, mushuk, sevgi, yurak, yuz
ğŸ˜¼ istehzo, jilmayish, lab burib jilmaygan mushuk, lab burish, mushuk, yuz
ğŸ˜½ boÊ»sa, boÊ»sa olayotgan mushuk, koÊ»z, mushuk, yuz
ğŸ™€ ajablanish, charchagan mushuk, charchash, mushuk, toliqish, voy, yuz
ğŸ˜¿ koÊ»z yoshi, mushuk, xafalik, yigÊ»i, yigÊ»layotgan mushuk, yuz
ğŸ˜¾ dargÊ»azab mushuk, gÊ»azablanish, mushuk, yuz
ğŸ™ˆ koâ€˜rish, man qilingan, maymun, taqiqlangan, yoâ€˜q, yomonlikni koâ€˜rmaydigan maymun, yuz
ğŸ™‰ eshitish, ishora, man qilingan, maymun, taqiqlangan, yoâ€˜q, yomonlikni eshitmaydigan maymun
ğŸ™Š gapirish, ishora, man qilingan, maymun, taqiqlangan, yoâ€˜q, yomonlikni gapirmaydigan maymun
ğŸ’‹ boâ€˜sa, boâ€˜sa tamgâ€˜asi, lablar, romantika, tamgâ€˜a, yurak
ğŸ’Œ pochta, romantika, sevgi, sevgi xati, xat, yurak
ğŸ’˜ kamon oâ€˜qi, kupidon, romantika, yurak, yurak va kamon oâ€˜qi
ğŸ’ lenta, yurak, yurak va lenta
ğŸ’– chaqnash, chaqnayotgan yurak, hayajonli, yurak
ğŸ’— asab, hayajonli, kattalashayotgan, yurak, yurak urishi
ğŸ’“ urayotgan, yurak, yurak urishi
ğŸ’ aylanayotgan, aylanayotgan yuraklar, yurak
ğŸ’• ikkita yurak, sevgi, yurak
ğŸ’Ÿ yurak, yurak bezagi
â£ belgi, tinish belgisi, undov, yurak shaklidagi undov, yurak shaklidagi undov belgisi
ğŸ’” singan, sinish, yurak
â¤â€ğŸ”¥ choÊ»gÊ», ishq, kuydiradi, olov, olovdagi yurak, qizigan qalb, sevgi, yondiradi
â¤â€ğŸ©¹ davolash, malham, shifo, tuzatish, yurakka dori, yurakka malham
â¤ qizil yurak, yurak
ğŸ§¡ apelsinrang yurak
ğŸ’› sariq, yurak
ğŸ’š yashil, yurak
ğŸ’™ koâ€˜k, yurak
ğŸ’œ binafsharang, yurak
ğŸ¤ jigarrang, yurak
ğŸ–¤ ichi qora, qora, yurak
ğŸ¤ oq, yurak
ğŸ’¯ 100, ball, toâ€˜liq, yuz
ğŸ’¢ jahl belgisi, jaxl, latifa, telba
ğŸ’¥ latifa, portlash, toâ€˜qnashuv
ğŸ’« bosh aylanish, latifa, yulduz
ğŸ’¦ koâ€˜z yoshi, koâ€˜z yoshi tomchilari, latifa, sachrash
ğŸ’¨ chaqqon, latifa, shoshilish, yugurish
ğŸ•³ darcha, kovak, teshik, tuynuk
ğŸ’£ bomba, latifa
ğŸ’¬ dialog, latifa, nutq, nutq buluti, pufak, shar
ğŸ‘â€ğŸ—¨ guvoh, koâ€˜z, nutq pufagi, nutq pufagida koâ€˜z
ğŸ—¨ chap nutq pufakchasi, dialog, nutq
ğŸ—¯ hafa, jaxl, oâ€˜ng burchakli pufakcha, poâ€˜fak, shar
ğŸ’­ latifa, oâ€˜y-hayol, oâ€˜y-hayol buluti, pufak, shar
ğŸ’¤ latifa, uyqu, xurrak
ğŸ‘‹ qoÊ»l, shapaloq, silkitish, siltash
ğŸ¤š kaft, koâ€˜tarilgan
ğŸ– barmoq, barmoqlari yoyilgan holatda koâ€˜tarilgan qoâ€˜l, barmoqlari yoyilgan qoÊ»l, qoâ€˜l, tana, yoyilgan
âœ‹ koâ€˜tarilgan qoâ€˜l, qoâ€˜l, tana
ğŸ–– barmoq, qoâ€˜l, spok, tana, vulkan, vulkan salyuti
ğŸ‘Œ OK, qoâ€˜lda qilingan ok, qoÊ»l, yaxshi
ğŸ¤Œ barmoqlar, chimdilgan, istehzoli, juftlangan, qoÊ»l ishorasi, soÊ»roq
ğŸ¤ biroz, chimduvchi qoÊ»l, kam, kichik, ozgina
âœŒ gÊ»alaba, qoÊ»l, v, v harfini koâ€˜rsatib turgan qoâ€˜l
ğŸ¤ kesishgan barmoqlar, omad
ğŸ¤Ÿ sevaman degan ishora
ğŸ¤˜ barmoq, qoâ€˜l, rok, shox belgisi, shoxlar, tana
ğŸ¤™ ishora, menga telefon qil, qoâ€˜l, telefon qil
ğŸ‘ˆ barmoq, koâ€˜rsatkich, koâ€˜rsatkich barmogâ€˜i orqa tomoni bilan chapga qarab turgan qoâ€˜l, koâ€˜rsatkich barmoq chapga, qoâ€˜l, qoâ€˜l orqa tomoni, yoâ€˜naltirish
ğŸ‘‰ barmoq, barmoq orqa tomoni, koâ€˜rsatkich, koâ€˜rsatkich barmogâ€˜i orqa tomoni bilan oâ€˜ngga qarab turgan qoâ€˜l, koâ€˜rsatkich barmoq oÊ»ngga, qoâ€˜l, yoâ€˜naltirish
ğŸ‘† barmoq, koâ€˜rsatkich barmogâ€˜i orqa tomoni bilan tepaga qarab turgan qoâ€˜l, koâ€˜rsatkich barmoq tepaga, koÊ»rsatish, qoÊ»l, qoÊ»l orqasi, qoÊ»l orqasi va tepaga qaratilgan koÊ»rsatkich barmoq, tepaga
ğŸ–• barmoq, oâ€˜rta barmoq, qoâ€˜l, tana
ğŸ‘‡ barmoq, koâ€˜rsatkich barmogâ€˜i orqa tomoni bilan pastga qarab turgan qoâ€˜l, koâ€˜rsatkich barmoq pastga, koÊ»rsatish, pastga, qoÊ»l, qoÊ»l orqasi, qoÊ»l orqasi va pastga qaratilgan koÊ»rsatkich barmoq
â˜ barmoq, koâ€˜rsatkich, koâ€˜rsatkich barmogâ€˜i tepaga qarab turgan qoâ€˜l, koâ€˜rsatkich barmoq tepada, qoâ€˜l, tana, tepaga, yoâ€˜naltirish
ğŸ‘ +1, bosh barmoq, qoâ€˜l, tana, tepaga, tepaga qaragan bosh barmoq
ğŸ‘ -1, bosh barmoq, pastga, pastga qaragan bosh barmoq, qoâ€˜l, tana
âœŠ koâ€˜tarilgan musht, musht, qoâ€˜l, tana, tugilgan
ğŸ‘Š musht, tana, tugilgan, yaqinlashayotgan musht
ğŸ¤› chap, chapga qaragan musht, musht
ğŸ¤œ musht, oâ€˜ng, oâ€˜ngga qaragan musht
ğŸ‘ chapak, qoâ€˜l, tana
ğŸ™Œ imo-ishora, koâ€˜tarilgan, nishonlash, qoâ€˜l, qoâ€˜llarini koâ€˜targan odam, tan, urra
ğŸ‘ ochiq, ochiq qoâ€˜llar, qoâ€˜l, tana
ğŸ¤² kaftlar ochiq
ğŸ¤ kelishuv, qoâ€˜l siqish, uchrashuv
ğŸ™ ibodat, iltimos, juftlangan qoÊ»llar, minnatdorlik, qoÊ»l, qovushtirilgan qoâ€˜llar, soÊ»rash
âœ qoâ€˜l, tana, yozayotgan qoâ€˜l, yozish
ğŸ’… kosmetika, lok, manikyur, parvarish, tana, tirnoq, tirnoq uchun lok
ğŸ¤³ kamera, selfi, telefon
ğŸ’ª baquvvat muskullar, latifa, moslashuvchan, muskul, muskullar, tana
ğŸ¦¾ mexanik qoÊ»l, nogironlik, protez
ğŸ¦¿ mexanik oyoq, nogironlik, protez
ğŸ¦µ oyoq, son, tepish
ğŸ¦¶ boldir, oyoq, tepish, tizza, tizzagacha, toÊ¼piq
ğŸ‘‚ quloq, tana
ğŸ¦» eshitish qobiliyati past, eshitish qurilmasi taqilgan quloq, nogironlik
ğŸ‘ƒ burun, tana
ğŸ§  miya
ğŸ«€ aÊ¼zo, markaz, puls, tomir urishi, yurak, yurak urishi
ğŸ« aÊ¼zo, ingalatsiya, nafas, nafas chiqarish, nafas olish, oÊ»pka, organ
ğŸ¦· dantist, stomatolog, tish, tish doktori, tishlar
ğŸ¦´ skelet, suyak, ustixon
ğŸ‘€ koâ€˜z, koâ€˜zlar, tana, yuz
ğŸ‘ koâ€˜z, tana
ğŸ‘… tana, til
ğŸ‘„ lablar, ogâ€˜iz, tana
ğŸ‘¶ chaqaloq
ğŸ§’ bola, jinsi noaniq, neytral jins, yosh bola
ğŸ‘¦ bola, erkak, oâ€˜gâ€˜il bola
ğŸ‘§ boâ€˜yi yetgan, bokira, burj, qiz bola, sunbula
ğŸ§‘ jinsi noaniq, katta, neytral jins, shaxs, voyaga yetgan
ğŸ‘± mallasoch, sariq sochli odam, shaxs: mallasoch, soch
ğŸ‘¨ erkak, katta yoshli
ğŸ§” erkak, erkak: soqol, erkak: soqolli, shaxs, soqol, soqolli
ğŸ§”â€â™‚ erkak, soqol, soqolli erkak
ğŸ‘±â€â™‚ erkak, erkak: mallasoch, mallasoch, sariq sochli erkak, soch
ğŸ‘© ayol, katta yoshli
ğŸ§”â€â™€ ayol, soqol, soqolli ayol
ğŸ‘±â€â™€ ayol, ayol: mallasoch, mallasoch, soch
ğŸ§“ jinsi noaniq, keksa, neytral jins, qari odam, qariya
ğŸ‘´ chol, erkak, katta yoshli, qariya
ğŸ‘µ ayol, kampir, katta yoshli, qariya
ğŸ™ imo-ishora, qovogâ€˜ini solish, xoâ€˜mraygan odam
ğŸ™â€â™‚ erkak, xoâ€˜mraygan erkak, xoÊ»mrayish, yuz ifodasi
ğŸ™â€â™€ ayol, xoâ€˜mraygan ayol, xoÊ»mrayish, yuz ifodasi
ğŸ™ imo-ishora, norozi, norozi odam
ğŸ™â€â™‚ arazlagan, erkak, yuz ifodasi
ğŸ™â€â™€ arazlagan, ayol, yuz ifodasi
ğŸ™… imo-ishora, man qilingan, qoâ€˜l, taqiqlangan, yoâ€˜q ishorasi, yoÊ»q ishorasi
ğŸ™…â€â™‚ erkak yoâ€˜q demoqda, erkak yoÊ»q demoqda, imo-ishora, man qilingan, qoâ€˜l, taqiqlangan
ğŸ™…â€â™€ ayol yoâ€˜q demoqda, ayol yoÊ»q demoqda, imo-ishora, man qilingan, qoâ€˜l, taqiqlangan
ğŸ™† imo-ishora, ok, ok ishorasi, qoâ€˜l
ğŸ™†â€â™‚ erkak, erkak ha demoqda, ha, imo-ishora, qoâ€˜l
ğŸ™†â€â™€ ayol, ayol ha demoqda, ha, imo-ishora, qoâ€˜l
ğŸ’ maâ€™lumot, maâ€™lumotxona xodimi, qoâ€˜l, surbet, yordam
ğŸ’â€â™‚ erkak, erkak qoâ€˜l choâ€˜zmoqda, qoâ€˜l choâ€˜zish, surbet
ğŸ’â€â™€ ayol, ayol qoâ€˜l choâ€˜zmoqda, qoâ€˜l choâ€˜zish, surbet
ğŸ™‹ imo-ishora, koâ€˜tarilgan, qoâ€˜l, qoâ€˜lini koâ€˜tarib turgan xursand odam, xursand
ğŸ™‹â€â™‚ erkak, erkak qoâ€˜l koâ€˜tarmoqda, imo-ishora, qoâ€˜l koâ€˜tarish
ğŸ™‹â€â™€ ayol, ayol qoâ€˜l koâ€˜tarmoqda, imo-ishora, qoâ€˜l koâ€˜tarish
ğŸ§ eshitish, kar, kar odam, nogironlik, quloq
ğŸ§â€â™‚ erkak, kar
ğŸ§â€â™€ ayol, kar
ğŸ™‡ imo-ishora, kechirim soâ€˜rash, taâ€™zim, taâ€™zim qilayotgan odam, uzr soâ€˜rash
ğŸ™‡â€â™‚ erkak, erkak taâ€™zim qilmoqda, iltifot, imo-ishora, taÊ¼zim, uzr
ğŸ™‡â€â™€ ayol, ayol taâ€™zim qilmoqda, iltifot, imo-ishora, taÊ¼zim, uzr
ğŸ¤¦ boshqa gapim yoâ€˜q, gap yoâ€˜q, ishonchsizlik, jahl chiqish, qoâ€˜l, yuz
ğŸ¤¦â€â™‚ achchiqlanish, erkak, erkak yuzini berkitmoqda, feyspalm, ishonmaslik
ğŸ¤¦â€â™€ achchiqlanish, ayol, ayol yuzini berkitmoqda, feyspalm, ishonmaslik
ğŸ¤· bilmayman, bilmayman ishorasi, ikkilanish, shubha
ğŸ¤·â€â™‚ erkak, erkak yelka qismoqda, shubha, yelka qisish
ğŸ¤·â€â™€ ayol, ayol yelka qismoqda, shubha, yelka qisish
ğŸ§‘â€âš• doktor, hamshira, shifokor, sogÊ»liqni saqlash, tibbiyot xodimi
ğŸ‘¨â€âš• doktor, erkak shifokor, salomatlik, shifokor, terapevt
ğŸ‘©â€âš• ayol, ayol shifokor, doktor, hamshira, sogâ€˜liqni saqlash
ğŸ§‘â€ğŸ“ bitirish, oÊ»qishni bitirish, talaba
ğŸ‘¨â€ğŸ“ bitiruvchi, erkak, kishi, talaba
ğŸ‘©â€ğŸ“ ayol, bitiruvchi, talaba
ğŸ§‘â€ğŸ« instruktor, oÊ»qituvchi, professor
ğŸ‘¨â€ğŸ« erkak, oâ€˜qituvchi, professor
ğŸ‘©â€ğŸ« ayol, oâ€˜qituvchi, professor
ğŸ§‘â€âš– sudya, tarozi
ğŸ‘¨â€âš– adliya, erkak, erkak sudya, kishi, tarozi
ğŸ‘©â€âš– ayol, sudya, tarozi, xotin
ğŸ§‘â€ğŸŒ¾ bogÊ»bon, dehqon, fermer
ğŸ‘¨â€ğŸŒ¾ bogâ€˜bon, erkak, fermer, rancho egasi
ğŸ‘©â€ğŸŒ¾ ayol, bogâ€˜bon, fermer, rancho egasi
ğŸ§‘â€ğŸ³ bosh oshpaz, oshpaz
ğŸ‘¨â€ğŸ³ bosh oshpaz, erkak, kishi, oshpaz
ğŸ‘©â€ğŸ³ ayol, bosh oshpaz, oshpaz, xotin
ğŸ§‘â€ğŸ”§ chilangar, elektrik, mexanik, santexnik, sotuvchi
ğŸ‘¨â€ğŸ”§ elektrik, erkak mexanik, hunarmand, mexanik, santexnik
ğŸ‘©â€ğŸ”§ ayol, elektrik, hunarmand, mexanik, santexnik
ğŸ§‘â€ğŸ­ ishchi, montaj, sanoat, yigÊ»ish, zavod, zavod ishchisi
ğŸ‘¨â€ğŸ­ erkak, erkak zavod ishchisi, ishchi, sanoat, yigÊ»uv, zavod
ğŸ‘©â€ğŸ­ ayol, ayol zavod ishchisi, ishchi, sanoat, yigÊ»uv, zavod
ğŸ§‘â€ğŸ’¼ arxitektor, biznes, menejer, ofis ishchisi, ofis xodimi
ğŸ‘¨â€ğŸ’¼ arxitektor, biznes, erkak ofis xodimi, menejer, ofis
ğŸ‘©â€ğŸ’¼ arxitektor, ayol ofis xodimi, biznes, menejer, ofis
ğŸ§‘â€ğŸ”¬ biolog, fizik, injener, muhandis, olim, ximik
ğŸ‘¨â€ğŸ”¬ biolog, erkak, kimyogar, muhandis, olim
ğŸ‘©â€ğŸ”¬ ayol, ayol olim, biolog, kimyogar, muhandis, olima
ğŸ§‘â€ğŸ’» dastur, dasturchi, ishlab chiquvchi, ixtirochi, koder, texnolog
ğŸ‘¨â€ğŸ’» dastur, dasturchi, erkak, ishlab chiquvchi, ixtirochi, texnolog
ğŸ‘©â€ğŸ’» ayol, dastur, dasturchi, ishlab chiquvchi, ixtirochi, texnolog
ğŸ§‘â€ğŸ¤ aktyor, artist, qoÊ»shiqchi, rok, sanÊ¼atkor, yulduz
ğŸ‘¨â€ğŸ¤ aktyor, erkak, erkak qoâ€˜shiqchi, estrada artisti, qoÊ»shiqchi, rok, yulduz
ğŸ‘©â€ğŸ¤ aktyor, ayol, ayol qoâ€˜shiqchi, estrada artisti, qoÊ»shiqchi, rok, yulduz
ğŸ§‘â€ğŸ¨ musavvir, palitra, rassom
ğŸ‘¨â€ğŸ¨ erkak, palitra, rassom
ğŸ‘©â€ğŸ¨ ayol, palitra, rassom
ğŸ§‘â€âœˆ samolyot, uchuvchi
ğŸ‘¨â€âœˆ erkak, kishi, samolyot, uchuvchi
ğŸ‘©â€âœˆ ayol, samolyot, uchuvchi, xotin
ğŸ§‘â€ğŸš€ astronavt, raketa
ğŸ‘¨â€ğŸš€ erkak, fazo, kosmonavt, raketa
ğŸ‘©â€ğŸš€ ayol, fazo, kosmonavt, raketa
ğŸ§‘â€ğŸš’ oÊ»t oÊ»chirish mashinasi, oÊ»t oÊ»chiruvchi
ğŸ‘¨â€ğŸš’ erkak, erkak oâ€˜t oâ€˜chiruvchi, oÊ»t oâ€˜chiruvchi, oÊ»t oÊ»chirish mashinasi
ğŸ‘©â€ğŸš’ ayol, ayol oâ€˜t oâ€˜chiruvchi, oÊ»t oâ€˜chiruvchi, oÊ»t oÊ»chirish mashinasi
ğŸ‘® ofitser, politsiya, politsiya xodimi, politsiyachi
ğŸ‘®â€â™‚ erkak, politsiya, politsiyachi
ğŸ‘®â€â™€ ayol, politsiya, politsiyachi
ğŸ•µ izquvar, josus
ğŸ•µâ€â™‚ detektiv, erkak, izquvar, josus
ğŸ•µâ€â™€ ayol, detektiv, izquvar, josus
ğŸ’‚ qoâ€˜riqchi, soqchi
ğŸ’‚â€â™‚ erkak, qoâ€˜riqchi
ğŸ’‚â€â™€ ayol, qoâ€˜riqchi
ğŸ¥· jangchi, koÊ»rinmas, ninza, yashirin
ğŸ‘· bosh kiyim, ishchi, qurilish, quruvchi
ğŸ‘·â€â™‚ erkak, qurilish, quruvchi
ğŸ‘·â€â™€ ayol, qurilish, quruvchi
ğŸ¤´ shahzoda
ğŸ‘¸ ertak, fantaziya, malika
ğŸ‘³ erkak, salla, salla kiygan erkak
ğŸ‘³â€â™‚ erkak, salla, sallali erkak
ğŸ‘³â€â™€ ayol, salla, sallali ayol
ğŸ‘² bosh kiyim, erkak kishi, gua pi mao, xitoy bosh kiyimini kiygan kishi
ğŸ§• roâ€˜mol oâ€˜ragan ayol
ğŸ¤µ er, erkak, smoking, smoking kiygan odam
ğŸ¤µâ€â™‚ erkak, smoking, smoking kiygan erkak, smoking kiygan kishi
ğŸ¤µâ€â™€ ayol, smoking, smoking kiygan ayol
ğŸ‘° kelin, nikoh kiyimidagi odam, roâ€˜mol, toâ€˜y
ğŸ‘°â€â™‚ erkak, xarir parda, xarir parda taqib olgan erkak
ğŸ‘°â€â™€ ayol, xarir parda, xarir parda taqib olgan ayol
ğŸ¤° ayol, homilador, ikki qat
ğŸ¤± emizish
ğŸ‘©â€ğŸ¼ ayol, chaqaloq, emizayotgan, xamshiralik qilayotgan
ğŸ‘¨â€ğŸ¼ chaqaloq, emizayotgan, erkak, oziqlantirayotgan
ğŸ§‘â€ğŸ¼ chaqaloq, emizayotgan, kishi, oziqlantirayotgan
ğŸ‘¼ chaqaloq, ertak, fantaziya, farishta, yuz
ğŸ… ertak, fantaziya, nishonlash, qorbobo, santa, santa-klaus
ğŸ¤¶ qorqiz, rojdestvo
ğŸ§‘â€ğŸ„ klauz, rojdestvo, miks-klauz
ğŸ¦¸ qahramon, superkuch, supermen, superqahramon, zoâ€˜r
ğŸ¦¸â€â™‚ erkak qahramon, qahramon, superkuch, supermen, zoâ€˜r
ğŸ¦¸â€â™€ ayol, ayol superqahramon, qahramon, superkuch, zoâ€˜r
ğŸ¦¹ jinoyat, salbiy qahramon, salbiy superqahramon, superkuch, yovuz, yovuzlik
ğŸ¦¹â€â™‚ erkak, jinoyat, salbiy, superkuch, superqahramon, yovuz, yovuzlik
ğŸ¦¹â€â™€ jinoyat, salbiy ayol superqahramon, salbiy qahramon, superkuch, yovuz, yovuzlik
ğŸ§™ afsungar, jodugar, kohin, sehrgar
ğŸ§™â€â™‚ afsungar, erkak sehrgar, jodugar, kohin
ğŸ§™â€â™€ ayol sehrgar, jodugar, kohin
ğŸ§š ertak, pari, qanot, sohira, Titaniya
ğŸ§šâ€â™‚ erkak, erkak pari, qanot, sehrgar
ğŸ§šâ€â™€ ayol pari, Titaniya
ğŸ§› Drakula, qon, tish, vampir
ğŸ§›â€â™‚ Drakula, erkak, erkak vampir, qon, tish
ğŸ§›â€â™€ ayol, ayol vampir, qon, tish
ğŸ§œ suv parisi, triton, yarim baliq, yarim odam
ğŸ§œâ€â™‚ erkak, triton, yarim baliq, yarim erkak
ğŸ§œâ€â™€ ayol, ayol suv parisi, suv parisi, yarim ayol, yarim baliq
ğŸ§ elf, ertak, quloq, sehrli
ğŸ§â€â™‚ erkak, erkak elf, ertak, quloq, sehrli
ğŸ§â€â™€ ayol, ayol elf, ertak, quloq, sehrli
ğŸ§ afsun, chiroq, ertak, jin
ğŸ§â€â™‚ afsun, chiroq, erkak, erkak jin, ertak
ğŸ§â€â™€ afsun, ayol, ayol jin, chiroq, ertak
ğŸ§Ÿ murda, tirik, zombi
ğŸ§Ÿâ€â™‚ erkak, erkak zombi, murda, tirik
ğŸ§Ÿâ€â™€ ayol, ayol zombi, murda, tirik
ğŸ’† massaj, salon, yuzni uqalash
ğŸ’†â€â™‚ erkak, erkak yuziga massaj olmoqda, massaj, yuz
ğŸ’†â€â™€ ayol, ayol yuziga massaj olmoqda, massaj, yuz
ğŸ’‡ goâ€˜zallik, salon, sartarosh, soch qisqartirish
ğŸ’‡â€â™‚ erkak, erkak soch kaltalatmoqda, soch oldirish
ğŸ’‡â€â™€ ayol, ayol soch kaltalatmoqda, soch kestirish, soch turmagi
ğŸš¶ piyoda, piyoda odam, piyoda yurish, sayr
ğŸš¶â€â™‚ erkak, piyoda yurish, sayr, yurayotgan erkak
ğŸš¶â€â™€ ayol, piyoda yurish, sayr, yurayotgan ayol
ğŸ§ tik turgan odam, tik turish, turish
ğŸ§â€â™‚ erkak, tik turgan erkak, tik turish
ğŸ§â€â™€ ayol, tik turgan ayol, tik turish
ğŸ§ tiz choÊ»kish, tiz choÊ»kkan odam, tizza
ğŸ§â€â™‚ erkak, tiz choÊ»kish, tiz choÊ»kkan erkak
ğŸ§â€â™€ ayol, tiz choÊ»kish, tiz choÊ»kkan ayol
ğŸ§‘â€ğŸ¦¯ hassali odam, koÊ»r, maxsus imkoniyatlar
ğŸ‘¨â€ğŸ¦¯ hassali kishi, hassali odam, koÊ»r, nogironlik, odam
ğŸ‘©â€ğŸ¦¯ ayol, hassali ayol, koÊ»r, nogironlik
ğŸ§‘â€ğŸ¦¼ maxsus imkoniyatlar, motorli nogironlar aravachasidagi odam, nogironlar aravachasi
ğŸ‘¨â€ğŸ¦¼ erkak, motorli nogironlik aravachasidagi erkak, nogironlik, nogironlik aravachasi
ğŸ‘©â€ğŸ¦¼ ayol, motorli nogironlik aravachasidagi ayol, nogironlik, nogironlik aravachasi
ğŸ§‘â€ğŸ¦½ gÊ»ildirakli aravacha, maxsus imkoniyatlar, nogironlar aravachasidagi odam
ğŸ‘¨â€ğŸ¦½ erkak, nogiron erkak, nogironlik, nogironlik aravachasi, nogironlik aravachasidagi erkak
ğŸ‘©â€ğŸ¦½ ayol, nogiron ayol, nogironlik, nogironlik aravachasi, nogironlik aravachasidagi ayol
ğŸƒ marafon, yugurish, yuguruvchi
ğŸƒâ€â™‚ erkak, marafon, poyga, yugurayotgan erkak, yugurish
ğŸƒâ€â™€ ayol, marafon, poyga, yugurayotgan ayol, yugurish
ğŸ’ƒ raqqosa, raqs
ğŸ•º erkak, raqs, raqs tushayotgan erkak
ğŸ•´ erkak, ish, kostyum, kostyum kiygan kishi, kostyum kiygan muallaq holatdagi kishi
ğŸ‘¯ ayol, ayollar bazmi, qiz, quloq, quyon, quyon quloqli odamlar, raqs
ğŸ‘¯â€â™‚ erkak, erkak vaqtichogâ€˜liq qilmoqda, quyon qulogâ€˜i, quyon quloqli erkaklar, raqqos, vaqtichogâ€˜lik
ğŸ‘¯â€â™€ ayol, ayol vaqtichogâ€˜lik qilmoqda, quyon qulogâ€˜i, quyon quloqli ayollar, raqqosa, vaqtichogâ€˜lik
ğŸ§– hammomdagi odam
ğŸ§–â€â™‚ hammomdagi erkak
ğŸ§–â€â™€ hammomdagi ayol
ğŸ§— choâ€˜qqiga chiqayotgan odam
ğŸ§—â€â™‚ choâ€˜qqiga chiqayotgan erkak
ğŸ§—â€â™€ choâ€˜qqiga chiqayotgan ayol
ğŸ¤º odam, qilichboz, qilichbozlik, rapira, sport
ğŸ‡ chavandoz, ot, ot poygasi, otchopar, poyga
â›· changâ€˜i, changâ€˜ichi, qor
ğŸ‚ changâ€˜i, qor, snoubord, snoubordchi
ğŸŒ golf, golf oâ€˜ynovchi, shar, toâ€˜p
ğŸŒâ€â™‚ erkak, erkak golf oâ€˜ynamoqda, golf
ğŸŒâ€â™€ ayol, ayol golf oâ€˜ynamoqda, golf
ğŸ„ serfing, serfingchi
ğŸ„â€â™‚ erkak, erkak serfing qilmoqda, serfing
ğŸ„â€â™€ ayol, ayol serfing qilmoqda, serfing
ğŸš£ qayiq, transport
ğŸš£â€â™‚ erkak, erkak eshkak eshmoqda, eshish, eshkak, qayiq
ğŸš£â€â™€ ayol, ayol eshkak eshmoqda, eshish, eshkak, qayiq
ğŸŠ suzish, suzuvchi
ğŸŠâ€â™‚ erkak, suzayotgan erkak, suzish
ğŸŠâ€â™€ ayol, suzayotgan ayol, suzish
â›¹ odam va toâ€˜p, toâ€˜p
â›¹â€â™‚ erkak, koptok, koptokli erkak
â›¹â€â™€ ayol, koptok, koptokli ayol
ğŸ‹ atletikachi, ogâ€˜ir
ğŸ‹â€â™‚ erkak, erkak shtanga koâ€˜tarmoqda, ogâ€˜ir atletikachi
ğŸ‹â€â™€ ayol, ayol shtanga koâ€˜tarmoqda, ogâ€˜ir atletikachi
ğŸš´ velosiped, velosipedchi
ğŸš´â€â™‚ erkak, erkak velosipedda, velosiped, velosiped haydash, velosipedchi
ğŸš´â€â™€ ayol, ayol velosipedda, velosiped, velosiped haydash, velosipedchi
ğŸšµ togâ€˜, togâ€˜ velosipedchisi, velosiped, velosipedchi
ğŸšµâ€â™‚ erkak, erkak togâ€˜da velosipedda, haydash, togâ€˜da, velosiped
ğŸšµâ€â™€ ayol, ayol togâ€˜da velosipedda, bayk, togÊ», velosiped, velosiped haydash, velosipedchi
ğŸ¤¸ akrobatik mashq, akrobatika, gâ€˜ildirak, gimnastika, odam, sport
ğŸ¤¸â€â™‚ akrobat, erkak, erkak oâ€˜mbaloq oshmoqda, gimnastika, oâ€˜mbaloq
ğŸ¤¸â€â™€ akrobat, ayol, ayol oâ€˜mbaloq oshmoqda, gimnastika, oâ€˜mbaloq
ğŸ¤¼ kurash, kurashchilar, odam, sport
ğŸ¤¼â€â™‚ erkak, kurash, kurashayotgan erkak, shaxs, sport
ğŸ¤¼â€â™€ ayol, kurash, kurashayotgan ayol, shaxs, sport
ğŸ¤½ odam, polo, sport, suv, suv polosi
ğŸ¤½â€â™‚ erkak, erkak suv polosi oâ€˜ynamoqda, sport, suv polosi
ğŸ¤½â€â™€ ayol, ayol suv polosi oâ€˜ynamoqda, sport, suv polosi
ğŸ¤¾ gandbol, koptok, odam, sport, toâ€˜p
ğŸ¤¾â€â™‚ erkak, erkak gandbol oâ€˜ynamoqda, gandbol, sport
ğŸ¤¾â€â™€ ayol, ayol gandbol oâ€˜ynamoqda, gandbol, sport
ğŸ¤¹ bilim, jonglyor, koÊ»p vazifalilik, muvozanat, tomosha koÊ»rsatayotgan odam, tomosha koÊ»rsatish
ğŸ¤¹â€â™‚ erkak, erkak jonglyorlik qilmoqda, koÊ»p vazifalilik, tomosha koÊ»rsatish
ğŸ¤¹â€â™€ ayol, ayol jonglyorlik qilmoqda, koÊ»p vazifalilik, tomosha koÊ»rsatish
ğŸ§˜ lotus holatidagi odam
ğŸ§˜â€â™‚ lotus holatidagi erkak
ğŸ§˜â€â™€ lotus holatidagi ayol
ğŸ›€ hammom qilayotgan kishi, tos, vanna
ğŸ›Œ karavotda yotgan kishi, mehmonxona, uxlash, uyqu
ğŸ§‘â€ğŸ¤â€ğŸ§‘ juftlik, odam, qoÊ»l, qoÊ»l ushlashib turgan odamlar, ushlab
ğŸ‘­ ayol, juftlik, qoÊ»l, qoÊ»l ushlashgan ayollar, qoÊ»l ushlashish
ğŸ‘« ayol, erkak, juftlik, qoÊ»l, qoÊ»l ushlashgan ayol va erkak, qoÊ»l ushlashish
ğŸ‘¬ burj, egizaklar, Egizaklar, erkak, erkaklar, juftlik, qoÊ»l ushlashgan erkaklar
ğŸ’ boâ€˜sa olish, juftlik, romantika
ğŸ’‘ juftlik, juftlik va yurak, romantika, sevgi, yurak
ğŸ‘ª farzand, oila, ona, ota
ğŸ—£ bosh, gapirayotgan bosh, gapirish, nutq, siluet, yuz
ğŸ‘¤ byust, kontur suratli byust, siluet
ğŸ‘¥ byust, kontur suratli byustlar, siluet
ğŸ«‚ minnatdorlik, quchoqlashayotgan odamlar, quchoqlashish, rahmat, salom, xayr
ğŸ‘£ iz, kiyim, oyoq izi, oyoq izlari, tana
ğŸ¦° malla, qizil, soch
ğŸ¦± jingalak, jingalak soch, jingalak sochli, kimyoviy, kimyoviy ishlov berish
ğŸ¦³ oq, oqargan, qari, soch
ğŸ¦² kal, kallik, siyqa, sochi yoâ€˜q, toz, ustara
ğŸµ maymun, maymun qiyofasi, yuz
ğŸ’ maymun
ğŸ¦ gorilla, hayvon, maymun
ğŸ¦§ maymun, orangutan
ğŸ¶ kuchuk, kuchuk qiyofasi, uy hayvoni, yuz
ğŸ• kuchuk, uy hayvoni
ğŸ¦® boshlovchi, boshlovchi it, gid, koÊ»r, maxsus imkoniyatlar
ğŸ•â€ğŸ¦º it, nogiron, xizmat, xizmat iti, yordam
ğŸ© kuchuk, pudel
ğŸº boÊ»ri, yuz
ğŸ¦Š tulki, yuz
ğŸ¦ jonivor, silash, yenot, yenot tumshugâ€˜i
ğŸ± mushuk, mushuk qiyofasi, uy hayvoni, yuz
ğŸˆ mushuk, uy hayvoni
ğŸˆâ€â¬› mushuk, omadsiz, qora
ğŸ¦ burj, sher, Sherxon, yuz
ğŸ¯ yoâ€˜lbars qiyofasi, yoÊ»lbars, yuz
ğŸ… yoâ€˜lbars
ğŸ† qoplon
ğŸ´ ot, ot qiyofasi, yuz
ğŸ ot, ot poygasi
ğŸ¦„ yakkashox, yuz
ğŸ¦“ oq-qora, yoâ€˜l-yoâ€˜l, zebra
ğŸ¦Œ hayvon, kiyik
ğŸ¦¬ bizon, buyvol, poda, zubr
ğŸ® sigir, sigir qiyofasi, yuz
ğŸ‚ burj, hoâ€˜kiz
ğŸƒ buqa, buyvol, suv
ğŸ„ sigir
ğŸ· choâ€˜chqa qiyofasi, choÊ»chqa, yuz
ğŸ– choâ€˜chqa, choÊ»chqa, urgÊ»ochi choÊ»chqa
ğŸ— choâ€˜chqa, toâ€˜ngâ€˜iz
ğŸ½ burun, choâ€˜chqa burni, choÊ»chqa, yuz
ğŸ burj, qoâ€˜chqor, qoâ€˜y
ğŸ‘ qoâ€˜y, sovliq
ğŸ burj, echki, uloq
ğŸª bukur, nortuya, tuya
ğŸ« baqtriya tuyasi, ikki oâ€˜rkachli tuya, oâ€˜rkach, tuya
ğŸ¦™ guanko, hayvon, jonivor, lama, tuyoqli
ğŸ¦’ jirafa, olachipor, xol-xol
ğŸ˜ fil
ğŸ¦£ mamont, qirilish, qoziqtish, soÊ»yloqtish, yirik, yungli
ğŸ¦ hayvon, karkidon
ğŸ¦› begemot, gippopotam, hayvon, jonovor
ğŸ­ sichqon, sichqon qiyofasi, yuz
ğŸ sichqon
ğŸ€ kalamush
ğŸ¹ oÊ»gmaxon, uy hayvoni, yuz
ğŸ° quyon, quyon qiyofasi, uy hayvoni, yuz
ğŸ‡ quyon, uy hayvobi
ğŸ¿ burunduq, olmaxon
ğŸ¦« damba, koÊ»tarma, qunduz, suv qunduzi
ğŸ¦” ignali, tikanli, tipratikan
ğŸ¦‡ hayvon, koâ€˜rshapalak, vampir
ğŸ» ayiq, yuz
ğŸ»â€â„ ayiq, oq, qutb, qutb ayigâ€˜i
ğŸ¨ ayiq, koala
ğŸ¼ panda, yuz
ğŸ¦¥ dangasa, sekin, yalqov
ğŸ¦¦ baliq ovi, hayvon, oÊ»yinqaroq, qunduz, suv
ğŸ¦¨ qoÊ»lansa, sassiq, sassiqvoy, skuns
ğŸ¦˜ avstraliya, jonivor, kenguru, sakrash, xaltali
ğŸ¦¡ boâ€˜rsiq, jonivor
ğŸ¾ bosma, oyoq, panja, panja izlari
ğŸ¦ƒ kurka, parranda
ğŸ” joâ€˜ja, tovuq
ğŸ“ parranda, xoâ€˜roz, xoÊ»roz
ğŸ£ chaqaloq, joÊ»ja, parranda, tuxumdan chiqayotgan joâ€˜ja, tuxumdan yorib chiqish
ğŸ¤ chaqaloq, joâ€˜ja, joÊ»ja, parranda
ğŸ¥ chaqaloq, joâ€˜ja, oldiga qarab turgan joâ€˜ja
ğŸ¦ qush
ğŸ§ parranda, pingvin
ğŸ•Š kabutar, qush, tinchlik, uchish
ğŸ¦… burgut, qush
ğŸ¦† oâ€˜rdak, oÊ»rdak, parranda
ğŸ¦¢ irkit oâ€˜rdakcha, oqqush, parranda, qush, suvda suzuvchi
ğŸ¦‰ boyqush, donolik, qush
ğŸ¦¤ Mavrikiy, Mavrikiya dronti, qirilish, yirik
ğŸª¶ par, parvoz, pat, yengil
ğŸ¦© ajoyib, flamingo, tropik
ğŸ¦š dum, parranda, pat, qush, tovus, yelpigâ€˜ich, yoyish
ğŸ¦œ dengiz qaroqchisi, gapiruvchi, qaroqchi, qush, toâ€˜ti
ğŸ¸ baqa, qurbaqa, yuz
ğŸŠ timsoh
ğŸ¢ toshbaqa
ğŸ¦ kaltakesak, sudralib yuruvchi
ğŸ burj, ilon
ğŸ² ajdar, ajdar qiyofasi, ajdarho, ertak, qiyofa, yuz
ğŸ‰ ajdar, ertak
ğŸ¦• braxiozavr, brontozavr, diplodok, zauropod
ğŸ¦– reks, T-Reks, tirannozavr
ğŸ³ favvora hosil qilayotgan kit, kit, sachratish, yuz
ğŸ‹ kit
ğŸ¬ delfin, suzgich
ğŸ¦­ dengiz mushugi, dengiz sheri
ğŸŸ baliq, burj
ğŸ  baliq, tropik
ğŸ¡ baliq, qorni katta baliq
ğŸ¦ˆ akula, baliq
ğŸ™ sakkizoyoq
ğŸš qobiq, spiral
ğŸŒ shilliqqurt
ğŸ¦‹ goâ€˜zallik, hasharot, kapalak
ğŸ› taxtakana, xasharot
ğŸœ chumoli, xasharot
ğŸ ari, asalari, xasharot
ğŸª² hasharot, qoÊ»ngÊ»iz, qumursqa
ğŸ xasharot, xonqizi
ğŸ¦— chigirtka, qora chigirtka
ğŸª³ chuqurcha, hasharot, suvarak
ğŸ•· oâ€˜rgimchak, xasharot
ğŸ•¸ oâ€˜rgimchak turi, oÊ»rgimchak, toÊ»r
ğŸ¦‚ burj, chayon
ğŸ¦Ÿ bezgak, chivin, malyariya, qon soâ€˜rish, virus
ğŸª° chirish, irish, kasallik, pashsha, qurt, setse, uy pashshasi
ğŸª± boÊ»gÊ»imli qurt, chuvalchang, parazit, qurt
ğŸ¦  amyoba, bakteriya, mikrob, virus
ğŸ’ gul, guldasta, oâ€˜simlik, romantika
ğŸŒ¸ gilos, gilos guli, gul, gullash
ğŸ’® gul, oq gul
ğŸµ oâ€˜simlik, toâ€˜pbarggul
ğŸŒ¹ atirgul, gul, oâ€˜simlik
ğŸ¥€ gul, quriyotgan, soâ€˜nayotgan
ğŸŒº gul, oâ€˜simlik, xitoy atirguli
ğŸŒ» gul, kungaboqar, oâ€˜simlik, quyosh
ğŸŒ¼ gul, oâ€˜simlik
ğŸŒ· gul, lola, oâ€˜simlik
ğŸŒ± koâ€˜chat, oâ€˜simlik, yosh
ğŸª´ foydasiz, oÊ»simlik, oÊ»sish, parvarishlash, tuvakdagi oÊ»simlik, uy, zerikarli
ğŸŒ² archa, daraxt, oâ€˜simlik
ğŸŒ³ bargli, daraxt, toÊ»kilish
ğŸŒ´ daraxt, palma, palma daraxti
ğŸŒµ kaktus, oâ€˜simlik
ğŸŒ¾ boshoq, guruch, oâ€˜simlik, sholi poyasi
ğŸŒ¿ barg, oâ€˜simlik
â˜˜ oâ€˜simlik, sebarga
ğŸ€ 4, barg, beda, oÊ»simlik, toâ€˜rt yaproqli beda bargi, toÊ»rt
ğŸ barg, xazon, zarang, zarang bargi
ğŸ‚ barg, oâ€˜simlik, xazon, xazon bargi
ğŸƒ barg, oâ€˜simlik, shamol, shamolda uchayotgan barg, uchish
ğŸ‡ meva, oâ€˜simlik, uzum
ğŸˆ meva, oâ€˜simlik, qovun
ğŸ‰ meva, oâ€˜simlik, tarvuz
ğŸŠ apelsin, mandarin, meva, oâ€˜simlik
ğŸ‹ limon, meva, nordon, oâ€˜simlik, sitrus
ğŸŒ banan, meva, oâ€˜simlik
ğŸ ananas, meva, oâ€˜simlik
ğŸ¥­ mango, meva, tropik
ğŸ meva, oâ€˜simlik, olma, qizil
ğŸ meva, oâ€˜zimlik, olma, yashil
ğŸ meva, nok, oâ€˜simlik
ğŸ‘ meva, oâ€˜simlik, shaftoli
ğŸ’ gilos, meva, oâ€˜simlik, olcha
ğŸ“ meva, oâ€˜simlik, qulupnay
ğŸ« chernika, moviy, reza meva
ğŸ¥ kivi, meva, taom
ğŸ… oâ€˜simlik, pomidor, sabzavot
ğŸ«’ ovqat, taom, zaytun
ğŸ¥¥ kokos, palma, pina kolada
ğŸ¥‘ avokado, meva, taom
ğŸ† baqlajon, oâ€˜simlik, sabzavot
ğŸ¥” kartoshka, sabzavot, taom
ğŸ¥• sabzavot, sabzi, taom
ğŸŒ½ boshoq, joâ€˜xori, makkajoâ€˜xori, oâ€˜simlik
ğŸŒ¶ achchiq, oâ€˜simlik, qalampir
ğŸ«‘ bolgar qalampiri, kapsikum, qalampir, sabzavot
ğŸ¥’ bodring, sabzavot, taom, tuzlama
ğŸ¥¬ botva, karam, latuk, salat, salat bargi
ğŸ¥¦ brokkoli, karam, yovvoyi karam
ğŸ§„ sarimsoq, ziravor
ğŸ§… bosh, koÊ»z yoshi, piyoz, yigÊ»i
ğŸ„ oâ€˜simlik, qoâ€˜ziqorin
ğŸ¥œ sabzavot, taom, yeryongâ€˜oq, yongâ€˜oq
ğŸŒ° kashtan yongâ€˜oq, oâ€˜simlik
ğŸ bulka non, non
ğŸ¥ fransuz, kruassan, non, taom
ğŸ¥– baget, fransuz, non, taom
ğŸ«“ arepa, lavash, malda non, naan, pita
ğŸ¥¨ kulcha, oâ€˜ralgan, oâ€˜rama
ğŸ¥¯ kulcha, shirmoy teshik kulcha, teshik kulcha
ğŸ¥ blinchik, blinchiklar, krep, pirog, taom
ğŸ§‡ qattiq, vafli, yumshoq
ğŸ§€ pishloq, pishloq boâ€˜lagi
ğŸ– goâ€˜sht, suyak, suyakdagi goâ€˜sht
ğŸ— oyoq, parranda, parranda oyogâ€˜i, pishirilgan tovuq oyogÊ»i, suyak, tovuq
ğŸ¥© goâ€˜sht boâ€˜lagi, kesilgan, lahm, steyk
ğŸ¥“ bekon, goâ€˜sht, taom
ğŸ” burger, gamburger
ğŸŸ fransuz, kartoshka-fri, qovurilgan fri-kartoshka
ğŸ• boâ€˜lak, pishloq, pitsa
ğŸŒ­ kolbasa, xot-dog
ğŸ¥ª buterbrod, non, sendvich
ğŸŒ® meksika taomi, tako
ğŸŒ¯ burrito, meksika taomi
ğŸ«” meksika, meksikancha, oÊ»ralgan, oÊ»rama, tamale
ğŸ¥™ falafel, giros, kabob, non, qiymalangan, shaurma, taom
ğŸ§† falafel, noÊ»xat, qiyma, yumaloq qiyma
ğŸ¥š taom, tuxum
ğŸ³ qovurish, taom tayyorlash, tova, tuxum
ğŸ¥˜ bir tova qovurdoq, jarkop, paelya, taom, tova
ğŸ² bir qozon ovqat, goâ€˜sht, qozon
ğŸ«• eritilgan, fondyu, pishloq, shokolad, shveytsar, shveytsarcha, tova
ğŸ¥£ atala, boâ€˜tqa, bodroq, kosa bilan qoshiq, nonushta
ğŸ¥— koÊ»kat, sabzavotli salat, salat, taom
ğŸ¿ popkorn
ğŸ§ˆ qaymoq, sariyogÊ», sut mahsulotlari, yogÊ»
ğŸ§‚ dengiz tuzi, tuz, tuzdon, tuzluq
ğŸ¥« banka, konserva, tunuka idish
ğŸ± quti, xonachali, xonachali taom qutisi
ğŸ˜ guruch, guruchli pishiriq, kreker
ğŸ™ guruch, shar, yapon, yumaloq, yumaloqlangan guruch
ğŸš guruch, pishirilgan
ğŸ› guruch, guruchli karri, karri
ğŸœ issiq, kosa, lagâ€˜mon, ramyon
ğŸ pasta, spagetti
ğŸ  jigarli batat, kartoshka, mazali, qovurilgan
ğŸ¢ dengiz taomi, kabob, six, sixdagi dengiz taomi
ğŸ£ sushi
ğŸ¤ qisqichbaqa, qovurilgan, tempura
ğŸ¥ baliq, girdob, girdob koâ€˜rinishidagi baliqli tort, qandolat, tort
ğŸ¥® bayram, festival, kuz, oyli pirog, oyli pishiriq, yuebin
ğŸ¡ dango, shirin, shirinlik, six, tayoq, yapon
ğŸ¥Ÿ chuchvara, gyoza, manti, pilak, qovurma somsa, uzma, xonim
ğŸ¥  bashorat, folbin, kohin, pechenye, taqdir pechenyesi
ğŸ¥¡ olib ketish, taom olib ketish uchun quti
ğŸ¦€ burj, dengiz qisqichbaqasi, qisqichbaqa
ğŸ¦ dengiz, dengiz mahsulotlari, dengiz qisqichbaqasi, omar, qisqich, qisqichbaqa
ğŸ¦ dengiz mahsulotlari, mayda, qisqichbaqa, taom
ğŸ¦‘ kalmar, mollyuska, taom
ğŸ¦ª chigÊ»anoq, dayving, marvarid, shoÊ»ngÊ»ish
ğŸ¦ krem, muz, muzqaymoq, shirin, shirinlik, yumshoq
ğŸ§ muz, qirilgan, shirin, shirinlik
ğŸ¨ krem, muz, muzqaymoq, shirin, shirinlik
ğŸ© ponchik, shirin, shirinlik, teshik kulcha
ğŸª pishiriq, shirin, shirinlik
ğŸ‚ nishonlash, qandolat, shirinlik, tort, tugÊ»ilgan kun
ğŸ° boâ€˜lak, qandolat, shirin, shirinlik, tort, tort boâ€˜lagi
ğŸ§ kapkeyk, keks, pishiriq
ğŸ¥§ pirog, pishiriq, sut shirinlik, tort
ğŸ« shirin, shirinlik, shokolad, shokolad boâ€˜lagi, shokolad boÊ»lagi
ğŸ¬ konfet, shirin, shirinlik
ğŸ­ konfet, obakidandon, shirin, shirinlik
ğŸ® krem, puding, shirin, shirinlik
ğŸ¯ asal, asal bochkasi, asal idishi, bochka, shirin
ğŸ¼ chaqaloq, chaqaloqlar idishi, ichimlik, shisha, sut
ğŸ¥› bir stakan sut, ichimlik, stakan, sut
â˜• bugâ€˜lanib turgan, choy, ichimlik, issiq, kofe
ğŸ«– choy, choynak, ichimlik
ğŸµ choy, ichimlik, issiq ichimlik, piyola
ğŸ¶ bar, ichimlik, issiq ichimlik, koâ€˜za va piyola, piyola, shisha idish
ğŸ¾ bar, ichimlik, otilayotgan, shisha idish, tiqinli shisha idish
ğŸ· bar, ichimlik, issiq ichimlik, stakan, vino, vino qadahi
ğŸ¸ bar, ichimlik, kokteyl, kokteyl qadahi, stakan
ğŸ¹ bar, ichimlik, tropik
ğŸº bar, ichimlik, krujka, pivo, pivo stakani
ğŸ» bar, ichimlik, jaranglash, krujka, pivo, toâ€˜qnashtirilayotgan pivo stakanlari
ğŸ¥‚ bayram, ichimlik, jaranglash, qadah, qadah urishtirish
ğŸ¥ƒ kokteyl, liker, stakan, vino, vino uchun stakan, viski
ğŸ¥¤ fanta, gaz suv, kola, mineral suv, pepsi, stakan bilan choâ€˜p, suv
ğŸ§‹ choy, koÊ»pik, koÊ»pikli choy, marvarid, pufak, sut
ğŸ§ƒ ichimlik qutisi, sharbat qutisi
ğŸ§‰ ichimlik, mate
ğŸ§Š aysberg, muz, sovuq
ğŸ¥¢ asboblar, tayoqcha, xaschoâ€˜p
ğŸ½ likopcha, pichoq, sanchqi, sanchqi, pichoq va likopcha, taom
ğŸ´ ovqat pishirish, pichoq, sanchqi, sanchqi va pichoq, taom anjomlari
ğŸ¥„ oshxona anjomi, qoshiq
ğŸ”ª asbob, pichoq, qurol, taom
ğŸº burj, ichimlik, koâ€˜za, koÊ»za, ovqat pishirish, QovgÊ»a
ğŸŒ afrika, dunyo, globus, globusda yevropa va afrika qitâ€™asi, yer, yevropa
ğŸŒ amerika, dunyo, globus, globusda amerika qitâ€™asi, yer
ğŸŒ avstraliya, dunyo, globus, globusda osiyo va avstraliya qitâ€™asi, osiyo, yer
ğŸŒ dunyo, globus, meridian, meridian chiziqli globus, yer
ğŸ—º dunyo, dunyo xaritasi, xarita
ğŸ—¾ xarita, yapon, yaponiya xaritasi
ğŸ§­ asbob, dunyo tomonlari, kompas, magnitli, sayohat
ğŸ” qor, qor qoplagan togâ€˜, sovuq, togâ€˜
â›° togâ€˜
ğŸŒ‹ ob-havo, togâ€˜, vulqon
ğŸ—» fuji, fuji togâ€˜i, togâ€˜
ğŸ• tabiat qoâ€˜ynida dam
ğŸ– qirgâ€˜oq, qirgâ€˜oq va soyabon, soyabon
ğŸœ sahro
ğŸ choâ€˜l, orol
ğŸ bogâ€˜, istirohat bogâ€˜i, park
ğŸŸ stadion
ğŸ› bino, qadimiy
ğŸ— bino, bino qurilishi, qurilish
ğŸ§± gâ€˜isht devor, gâ€˜isht terish, gâ€˜ishtin, qâ€˜isht, terish
ğŸª¨ ogÊ»ir, qattiq, tosh, xarsang
ğŸªµ gÊ»oÊ»la, toÊ»sin, xoda, yogÊ»och
ğŸ›– kulba, oÊ»tov, uy, yurt
ğŸ˜ bino, uy, uylar
ğŸš bino, tashlandiq, uy
ğŸ  bino, uy
ğŸ¡ bino, bogâ€˜, hovli, uy
ğŸ¢ bino, ofis binosi
ğŸ£ bino, pochtampt, yapon, yaponcha pochtampt
ğŸ¤ bino, pochtamp, pochtampt, yevropa
ğŸ¥ bino, shifokor, shifoxona, tibbiyot
ğŸ¦ bank, bino
ğŸ¨ bino, mehmonxona
ğŸ© bino, mehmonxona, sevgi, sevgi mehmonxonasi
ğŸª bino, doâ€˜kon, navbatchi doâ€˜kon, qulaylik
ğŸ« bino, maktab
ğŸ¬ bino, doâ€˜kon, savdo, univermag
ğŸ­ bino, zavod
ğŸ¯ bino, qasr, yapon, yapon qasri
ğŸ° bino, qasr, yevropa
ğŸ’’ butxona, ibodatxona, mehrob, nikoh, nikoh toâ€˜yi, romantika
ğŸ—¼ minora, tokio, tokio teleminorasi
ğŸ—½ haykal, ozodlik, ozodlik haykali
â›ª bino, cherkov, din, nasroniylik, xoch
ğŸ•Œ din, islom, masjid, muslim
ğŸ›• hindu, hindu ibodatxonasi, ibodatxona, sigÊ»inish
ğŸ• din, ibodatxona, ibroniy, sinagog, yahudiy
â›© din, shinto, shrin
ğŸ•‹ din, islom, kabatulloh, muslim
â›² fontan
â›º chodir, lager
ğŸŒ ob-havo, tuman, tumanli
ğŸŒƒ ob-havo, tun, yulduz, yulduzli tun
ğŸ™ bino, shahar, shahar manzarasi
ğŸŒ„ ob-havo, quyosh, quyosh chiqishi, togâ€˜, togâ€˜lar ortidan quyosh chiqishi, tong
ğŸŒ… ob-havo, quyosh, quyosh chiqishi, tong
ğŸŒ† bino, kechqurun, kunbotar mahaldagi shahar manzarasi, manzara, quyosh, quyosh botishi, shahar, shom
ğŸŒ‡ bino, ob-havo, quyosh, quyosh botishi
ğŸŒ‰ koâ€˜prik, ob-havo, tun, tundagi koâ€˜prik
â™¨ bugâ€˜, buloq, issiq
ğŸ  karusel, karusel oti, ot
ğŸ¡ charxpalak, koâ€˜ngilochar park
ğŸ¢ gâ€˜ildiratma, hayinchak, koâ€˜ngilochar park
ğŸ’ˆ sartarosh, sartaroshlar ustuni, soch kaltalatish, ustun
ğŸª chodir, sirk, sirk chodiri
ğŸš‚ bugâ€˜, lokomotiv, motor, poyezd, temiryoâ€˜l, transport
ğŸšƒ elektr, poyezd, temiryoâ€˜l, temiryoâ€˜l vagoni, tramvay, transport, trolleybus
ğŸš„ poyezd, shinkansen, temiryoâ€˜l, tezyurar, transport
ğŸš… oldi uchli tezyurar poyezd, poyezd, shinkansen, temiryoâ€˜l, tezyurar, transport, uchli
ğŸš† poyezd, temiryoâ€˜l, transport
ğŸš‡ metro, transport
ğŸšˆ temiryoâ€˜l, tor izli temiryoâ€˜l, transport
ğŸš‰ bekat, poyezd, temiryoâ€˜l, transport
ğŸšŠ tramvay, transport, trolleybus
ğŸš bir izli temiryoâ€˜l, transport
ğŸš mashina, temiryoâ€˜l, toâ€˜gâ€˜ temiryoâ€˜li, togâ€˜, transport
ğŸš‹ mashina, tramvay, tramvay vagoni, transport, trolleybus
ğŸšŒ avtobus, transport
ğŸš avtobus, kelayotgan, transport, yaqinlashayotgan
ğŸš avtobus, tramvay, transport, trolleybus
ğŸš avtobus, minibus, transport
ğŸš‘ tez yordam mashinasi, transport
ğŸš’ motor, oâ€˜t oâ€˜chirish mashinasi, transport, yongâ€˜in, yuk mashinasi
ğŸš“ mashina, patrul, politsiya, politsiya mashinasi, transport
ğŸš” kelayotgan, mashina, politsiya, transport, yaqinlashayotgan, yaqinlashayotgan politsiya mashinasi
ğŸš• taksi, transport
ğŸš– taksi, transport, yaqinlashayotgan
ğŸš— avtomobil, mashina, transport
ğŸš˜ avtomobil, mashina, transport, yaqinlashayotgan
ğŸš™ hordiq, hordiq chiqarish avtomobili, transport
ğŸ›» ortish, tashish, yuk mashinasi
ğŸšš transport, yetkazib berish, yetkazib beruvchi yuk mashinasi, yuk mashinasi
ğŸš› tirkamali yuk mashinasi, transport, yuk mashinasi
ğŸšœ traktor, transport
ğŸ mashina, poyga, poyga mashinasi
ğŸ mototsikl, poyga
ğŸ›µ moped, motor, skuter
ğŸ¦½ aravacha, nogironlik, nogironlik aravachasi
ğŸ¦¼ motorli aravacha, motorli nogironlik aravachasi, nogironlik
ğŸ›º avtoriksha, tuk tuk
ğŸš² transport, velosiped
ğŸ›´ samokat, uchish
ğŸ›¹ doska, gâ€˜ildirak, gâ€˜ildirkali doska, rolik, skeyt, skeytbord
ğŸ›¼ gÊ»ildirakli konki, konki, roller, skeyt
ğŸš avtobus, avtobus bekati, bekat
ğŸ›£ avtomobil yoâ€˜li, koâ€˜cha, trassa, yoâ€˜l
ğŸ›¤ poyezd, temiryoâ€˜l
ğŸ›¢ bochka, neft, neft bochkasi
â›½ benzin, quyish, shoxobcha, yonilgâ€˜i, yonilgâ€˜i nasosi
ğŸš¨ mashina, mayoq, politsiya, politsiya mashinasi mayogâ€˜i, transport
ğŸš¥ signal, svetofor, tirbandlik, yoâ€˜l, yotiq svetofor
ğŸš¦ signal, svetofor, tik svetofor, tirbandlik, yoâ€˜l
ğŸ›‘ belgi, sakkizburchak, stop, stop belgisi
ğŸš§ qurilish, toâ€˜siq
âš“ asbob, kema, langar
â›µ dengiz, kema, transport, yaxta, yelkanli kema
ğŸ›¶ kanoe, qayiq
ğŸš¤ qayiq, tezyurar qayiq, transport
ğŸ›³ kema, transport, yoâ€˜lovchi, yoâ€˜lovchi kemasi
â›´ parom, qayiq
ğŸ›¥ motorli qayiq, qayiq, transport
ğŸš¢ kema, transport
âœˆ samolyot, transport
ğŸ›© kichik samolyot, samolyot, transport
ğŸ›« aeroport, joâ€˜nab ketish, samolyot, samolyot joâ€˜nab ketishi, transport
ğŸ›¬ aeroport, qoâ€˜nish, samolyot, samolyot qoâ€˜nishi, transport
ğŸª‚ osilish, parashyut, parvoz, skaydayving, uchish
ğŸ’º kreslo, oâ€˜rindiq, stul
ğŸš transport, vertolyot
ğŸšŸ osma, temiryoâ€˜l, transport
ğŸš  dor, togâ€˜, togâ€˜ dor yoâ€˜li, transport
ğŸš¡ dor yoâ€˜li, havo, havo tramvayi, mashina, sim, tramvay, transport
ğŸ›° koinot, sunâ€™iy yoâ€˜ldosh, transport
ğŸš€ koinot, raketa, transport
ğŸ›¸ uchar likopcha
ğŸ› mehmonxona, pochtachi, pochtachi qoâ€˜ngâ€˜irogâ€˜i, qabulxona, qoâ€˜ngâ€˜iroqcha
ğŸ§³ chemodan, jomadon, sayohat, yuk
âŒ› qum, qumsoat, soat, toÊ»lgan qumsoat
â³ qum, qum tushayotgan qumsoat, qumsoat, soat
âŒš qoâ€˜l soati, soat
â° budilnik, soat, uygâ€˜otadigan soat, uygâ€˜otkich
â± sekundomer, soat
â² soat, taymer
ğŸ•° soat, tosh soat
ğŸ•› 00, 12, 12:00, oâ€˜n ikki, soat, soat oâ€˜n ikki
ğŸ•§ 12, 12:30, 30, oâ€˜n ikki, oâ€˜ttiz, soat, soat oâ€˜n ikki yarim
ğŸ• 00, 1, 1:00, bir, soat
ğŸ•œ 1, 1:30, 30, bir, oâ€˜ttiz, soat, yarim
ğŸ•‘ 00, 2, 2:00, ikki, soat
ğŸ• 2, 2:30, 30, ikki, ikki yarim, ikkiyu oÊ»ttiz, oâ€˜ttiz, soat
ğŸ•’ 00, 3, 3:00, soat, uch
ğŸ• 3, 3:30, 30, oâ€˜ttiz, soat, uch, uch yarim, uchu oÊ»ttiz
ğŸ•“ 00, 4, 4:00, soat, toâ€˜rt
ğŸ•Ÿ 30, 4, 4:30, oâ€˜ttiz, soat, toâ€˜rt, toâ€˜rt yarim, toÊ»rtu oÊ»ttiz
ğŸ•” 00, 5, 5:00, besh, soat
ğŸ•  30, 5, 5:30, besh, besh yarim, beshu oÊ»ttiz, oâ€˜ttiz, soat
ğŸ•• 00, 6, 6:00, olti, soat
ğŸ•¡ 30, 6, 6:30, oâ€˜ttiz, olti, olti yarim, oltiyu oÊ»ttiz, soat
ğŸ•– 00, 7, 7:00, soat, yetti
ğŸ•¢ 30, 7, 7:30, oâ€˜ttiz, soat, yetti, yetti yarim, yettiyu oÊ»ttiz
ğŸ•— 00, 8, 8:00, sakkiz, soat
ğŸ•£ 30, 8, 8:30, oâ€˜ttiz, sakkiz, sakkiz yarim, sakkizu oÊ»ttiz, soat
ğŸ•˜ 00, 9, 9:00, soat, toâ€˜qqiz
ğŸ•¤ 30, 9, 9:30, oâ€˜ttiz, soat, toâ€˜qqiz, toâ€˜qqiz yarim, toÊ»qqizu oÊ»ttiz
ğŸ•™ 00, 10, 10:00, oâ€˜n, soat
ğŸ•¥ 10, 10:30, 30, oâ€˜n, oâ€˜n yarim, oâ€˜ttiz, oÊ»nu oÊ»ttiz, soat
ğŸ•š 00, 11, 11:00, oâ€˜n bir, soat, soat oâ€˜n bir
ğŸ•¦ 11, 11:30, 30, oâ€˜n bir, oâ€˜n bir yarim, oâ€˜ttiz, soat
ğŸŒ‘ koinot, ob-havo, oy, qora, yangi oy
ğŸŒ’ kattalashib boruvchi, kattalashib boruvchi yarim oy, koinot, ob-havo, oy
ğŸŒ“ birinchi chorakdagi oy, chorak, koinot, ob-havo, oy
ğŸŒ” kattalashib boruvchi qavariq oy, koinot, ob-havo, oy, qavariq
ğŸŒ• koinot, ob-havo, toâ€˜lin, toâ€˜lin oy, toâ€˜liq
ğŸŒ– kichiklashib borayotgan qavariq oy, kichrayib borayotgan, koinot, ob-havo, oy, qavariq
ğŸŒ— chorak, koinot, ob-havo, oxirgi chorakdagi oy, oy
ğŸŒ˜ kichiklashib borayotgan yarim oy, kichiklashib boruvchi, koinot, ob-havo, oy
ğŸŒ™ koinot, ob-havo, oy, yarim oy
ğŸŒš koinot, ob-havo, oy, oymomo, yangi oy qiyofasi, yuz
ğŸŒ› birinchi chorakdagi oy qiyofasi, chorak, koinot, ob-havo, oy, yuz
ğŸŒœ chorak, koinot, ob-havo, oxirgi chorakdagi oy qiyofasi, oy, yuz
ğŸŒ¡ ob-havo, termometr
â˜€ koinot, nurlar, ob-havo, quyosh, quyoshli, yorugâ€˜lik
ğŸŒ koinot, ob-havo, osmon, toâ€˜lin, toâ€˜lin oy qiyofali, toâ€˜liq, yuz
ğŸŒ ob-havo, osmon, quyosh, quyosh qiyofasi, yorugâ€˜ilik, yuz
ğŸª halqali sayyora, qoÊ»rgÊ»oshin, saturn
â­ oq oâ€˜rtacha yulduz, yulduz
ğŸŒŸ charaqlash, porlash, porlayotgan, porloq, yulduz
ğŸŒ  koinot, osmon, uchayotgan, yulduz
ğŸŒŒ koinot, ob-havo, somon yoâ€˜li
â˜ bulut, ob-havo
â›… bulut, bulut ortidagi quyosh, ob-havo, quyosh
â›ˆ bulut, bulut, chaqmoq va yomgâ€˜ir, chaqmoq, ob-havo, yomgâ€˜ir
ğŸŒ¤ bulut, kichik bulut ortidagi quyosh, ob-havo, quyosh
ğŸŒ¥ bulut, bulutlar ortidagi quyosh, ob-havo, quyosh
ğŸŒ¦ bulut, ob-havo, quyosh, yomgâ€˜ir, yomgâ€˜irli bulutlar ortidagi quyosh
ğŸŒ§ bulut, ob-havo, yomgâ€˜ir, yomgâ€˜irli bulut
ğŸŒ¨ bulut, ob-havo, qor, qor yogâ€˜ayotgan bulut, sovuq
ğŸŒ© bulut, chaqmoq, chaqmoq chaqayotgan bulut, ob-havo, yashin
ğŸŒª bulut, dovul, ob-havo, quyun, shamol
ğŸŒ« bulut, ob-havo, tuman
ğŸŒ¬ bulut, esish, ob-havo, puflash, shamol, shamol qiyofasi, yuz
ğŸŒ€ aylanuvchan, boâ€˜ron, ob-havo, siklon, tayfun
ğŸŒˆ kamalak, ob-havo, yomgâ€˜ir
ğŸŒ‚ kiyim, ob-havo, soyabon, yomgâ€˜ir, yopiq soyabon
â˜‚ kiyim, ob-havo, soyabon, yomgâ€˜ir
â˜” kiyim, ob-havo, soyabon, tomchi, yomgâ€˜ir, yomgâ€˜ir tomchilari va soyabon
â›± ob-havo, qumga qadalgan soyabon, quyosh, soyabon, yomgâ€˜ir
âš¡ chaqmoq, elektr, elektr toki, kuchlanish, xavfli, yuqori kuchlanish
â„ ob-havo, qor, qor parchasi, sovuq
â˜ƒ ob-havo, qor, qorbobo va qor, sovuq
â›„ ob-havo, qor, qor odami, qorbobo, sovuq
â˜„ koinot, kometa, osmon, samo
ğŸ”¥ alanga, asbob, olov
ğŸ’§ koâ€˜z yoshi, latifa, ob-havo, sovuq, tomchi
ğŸŒŠ ob-havo, okean, suv, suv toâ€˜lqini, toâ€˜lqin, ummon
ğŸƒ bayram, halloween, nishonlash, oshqovoq, shamchiroqli oshqovoq
ğŸ„ daraxt, nishonlash, Rojdestvo, yangi yil archasi
ğŸ† bayram, mushakbozlik, nishonlash
ğŸ‡ bayram, bengal olovi, charaqlash, mushakbozlik
ğŸ§¨ bangâ€˜illoq, bombacha, feyerverk, portlash, portlatgich
âœ¨ *, uchqun, uchqunlar, yulduz
ğŸˆ bayram, shar
ğŸ‰ bayram, nishonlash, paqildoq, syurpriz
ğŸŠ konfet, konfetti, nishonlash, shar
ğŸ‹ banner, bayram, daraxt, tanabata daraxti, yapon
ğŸ bambuk, bayram, oâ€˜simlik, qaragâ€˜ay, qaragâ€˜ay bezagi, yapon
ğŸ bayram, festival, qoâ€˜gâ€˜irchoq, yapon, yapon qoâ€˜gâ€˜irchoqlari
ğŸ nishonlash, vimpel, zogâ€˜orabaliq, zogâ€˜orabaliq shaklidagi vimpel
ğŸ bayram, qoâ€˜ngâ€˜iroqcha, shamol, shamol qoâ€˜ngâ€˜irogâ€˜i
ğŸ‘ bayram, marosim, oy, oy marosimi, tadbir
ğŸ§§ konvert, omad, pul, qizil, sovgâ€˜a, xatjild
ğŸ€ bayram, lenta
ğŸ bayram, oâ€˜ralgan, quri, sovgâ€˜a
ğŸ— bayram, eslatma, eslatma lentasi, lenta
ğŸŸ chipta, kirish, kirish chiptalari
ğŸ« chipta, kirish
ğŸ– bayram, harbiy, medal
ğŸ† kubok, sovrin
ğŸ… medal, sport medali
ğŸ¥‡ birinchi oâ€˜rin, medal, oltin
ğŸ¥ˆ ikkinchi oâ€˜rin, kumush, medal
ğŸ¥‰ bronza, medal, uchinchi oâ€˜rin
âš½ amerikacha futbol, futbol, futbol toâ€˜pi, toÊ»p
âš¾ beysbol, toâ€˜p
ğŸ¥ bosish, koptok, qoâ€˜lqop, softbol, toâ€˜p, yumshoq
ğŸ€ basketbol, chambarak, gardish, toâ€˜p
ğŸ oâ€˜yin, toâ€˜p, voleybol
ğŸˆ amerikacha, amerikancha futbol, futbol, toâ€˜p
ğŸ‰ futbol, regbi, toâ€˜p
ğŸ¾ raketka, tennis, toâ€˜p
ğŸ¥ disk, frisbi, otish, uchar disk, uchar likopcha
ğŸ³ bouling, oâ€˜yin, toâ€˜p
ğŸ choâ€˜p, kriket, kriket oÊ»yini, oâ€˜yin, toâ€˜p
ğŸ‘ maydon, oâ€˜yin, toâ€˜p, xokkey, xokkey maydoni, xokkey tayogÊ»i
ğŸ’ muz, oÊ»yin, shayba, tayoq, xokkey, xokkey tayogâ€˜i va diski
ğŸ¥ gol, klyushka, koptok, lakross, raketka, toâ€˜p, urish
ğŸ“ oâ€˜yin, stol tennisi, toâ€˜p
ğŸ¸ badminton, oâ€˜yin, qushcha, raketka
ğŸ¥Š boks, boks qoâ€˜lqopi, qoÊ»lqop, sport
ğŸ¥‹ dzyudo, jang sanâ€™ati, karate, sport, sport formasi, sport kimonosi, taekvondo
ğŸ¥… darvoza, sport, sportga oid darvoza, toÊ»r
â›³ golf, teshik, teshikka oâ€˜rnatilgan bayroq
â›¸ konki, muz
ğŸ£ baliq, qarmoq
ğŸ¤¿ dayving, shoÊ»ngÊ»ish, shoÊ»ngÊ»ish niqobi, suvosti
ğŸ½ atletika, futbolka, lenta, yugurish, yugurish futbolkasi
ğŸ¿ changâ€˜i, qor
ğŸ›· chana
ğŸ¥Œ kyorling, muz, oâ€˜yin, tosh
ğŸ¯ buqa, dart, koâ€˜z, moâ€˜ljal, moâ€˜ljalni urish, oâ€˜yin, taget
ğŸª€ oÊ»yinchoq, pirildoq, yo-yo
ğŸª aylanish, uchish, varrak
ğŸ± 8, 8 ta shar, billiard, oâ€˜yin, sakkiz, shar
ğŸ”® asbob, ertak, fantaziya, kristall, shar, taqdir
ğŸª„ jodugar, sehr, sehrgar, sehrli tayoqcha
ğŸ§¿ koâ€˜k, koâ€˜z, nazar, nazar tumori, talisman, tumor
ğŸ® kontroller, oâ€˜yin, video oâ€˜yin
ğŸ•¹ joystik, oâ€˜yin, video oâ€˜yin
ğŸ° avtomat, oâ€˜yin, oâ€˜yin avtomati
ğŸ² oâ€˜yin, shoshqol, shoshqol toshi, tosh
ğŸ§© boshqotirma, mantiq, mozaika, pazl, pazl qismi, qism
ğŸ§¸ ayiqcha, baxmal ayiqcha, baxmal oâ€˜yinchoq, duxoba, oâ€˜yinchoq, yumshoq oâ€˜yinchoq
ğŸª… bazm, kecha, nishonlash, pinyata
ğŸª† ichma-ich, matryoshka, qoÊ»gÊ»irchoq, rossiya
â™  karta, oâ€˜yin, qargâ€˜a, qargâ€˜a kartasi
â™¥ karta, oâ€˜yin, tappon kartasi, yurak, yuraklar
â™¦ gâ€˜ishtin kartasi, karta, oâ€˜yin, qâ€˜ishtin, qarta, romb
â™£ chillik, chillik kartasi, karta, oâ€˜yin
â™Ÿ dona, piyoda, shaxmat, shaxmat donasi, shaxmat toshlari, toshlar
ğŸƒ karta, oâ€˜yin, oâ€˜yin kartasidagi joker, oâ€˜ynash
ğŸ€„ majong, majong toshidagi qizil ajdar, oâ€˜yin, qizil
ğŸ´ gul, gulli oâ€˜yin kartalari, karta, oâ€˜yin, oâ€˜ynash, yapon
ğŸ­ niqob, sanâ€™at, teatr, teatr niqoblari
ğŸ–¼ hoshiya, muzey, ramka, ramkali surat, rasm, rassomlik, sanâ€™at
ğŸ¨ muzey, paletra, palitra, rassomlik, sanâ€™at
ğŸ§µ gâ€˜altak, ip, ip gâ€˜altagi, tikish
ğŸª¡ chok, igna, kashta, tikish, tikuv ignasi, tikuvchilik
ğŸ§¶ koptok, koptok iplar, oâ€˜ram, oâ€˜ram ip, toâ€˜qish, yigirilgan ip
ğŸª¢ arqon, bogÊ»lash, chilvir, eshish, tugun
ğŸ‘“ kiyim, koâ€˜z, koâ€˜zoynak
ğŸ•¶ koâ€˜z, koâ€˜zoynak, qorongâ€˜u, quyoshdan himoyalaydigan koâ€˜zoynak
ğŸ¥½ himoya koâ€˜zoynagi, koâ€˜zni himoyalash, koâ€˜zoynak, payvandlash, quyosh koâ€˜zoynagi, suzish koâ€˜zoynagi
ğŸ¥¼ doktor, laboratoriya, laboratoriya xalati, olim, oq xalat, tajriba, xalat
ğŸ¦º favqulodda holat, kamzul, qutqarish, qutqaruv kamzuli, xavfsizlik
ğŸ‘” boâ€˜yinbogâ€˜, boÊ»yinbogÊ», galstuk, kiyim
ğŸ‘• futbolka, kiyim, koâ€˜ylak
ğŸ‘– jinsi shim, kiyim, shim
ğŸ§£ sharf
ğŸ§¤ qoâ€˜lqop
ğŸ§¥ palto
ğŸ§¦ paypoq
ğŸ‘— kiyim, libos
ğŸ‘˜ kimono, kiyim
ğŸ¥» kiyim, koÊ»ylak, sari
ğŸ©± choÊ»milish kiyimi, yaxlit choÊ»milish kiyimi
ğŸ©² choÊ»milish kiyimi, chomilish trusigi, ich kiyim, trusik, yaxlit
ğŸ©³ choÊ»milish kiyimi, ich kiyimi, ishton, kalta ishton
ğŸ‘™ bikini, kiyim, suzish
ğŸ‘š ayol, ayollar kiyimi, kiyim
ğŸ‘› hamyon, kiyim, tanga
ğŸ‘œ ayollar qoâ€˜l sumkasi, kiyim, sumka
ğŸ‘ kichik sumka, kiyim, sumka
ğŸ› mehmonxona, sumka, xarid, xarid sumkalari
ğŸ’ jild, maktab, ryukzak, sumka
ğŸ©´ plyaj shippagi, sandal, shippak, tasma, tasmali sandal, zori
ğŸ‘ erkak, erkaklar tuflisi, kiyim, tufli
ğŸ‘Ÿ atletika, kiyim, krossovka, tufli
ğŸ¥¾ oyoq kiyimi, sayohat poyafzali, togâ€˜ poyafzali, togâ€˜ sayri, trekking, trekking oyoq kiyimi
ğŸ¥¿ baletka, oyoq kiyim, poshnasiz, poshnasiz oyoq kiyim, poyafzal, tagliksiz, tekis taglikli poyafzal
ğŸ‘  ayol, baland poshnali tufli, kiyim, poshna, tufli
ğŸ‘¡ ayol, ayollar shippagi, kiyim, shippak, tufli
ğŸ©° balet, balet poyafzali, raqs
ğŸ‘¢ ayol, ayollar etigi, etik, kiyim, oyoq kiyim, tufli
ğŸ‘‘ kiyim, qirol, qirolicha, toj
ğŸ‘’ ayol, ayollar shlyapasi, kiyim, shlyapa
ğŸ© bosh, bosh kiyimi, kiyim, shlyapa, silindr shlyapa
ğŸ“ akademik bosh kiyim, bitiruv, kiyim, nishonlash, qalpoq, shapka
ğŸ§¢ beysbolka
ğŸª– askar, harbiy, jangchi, kaska
â›‘ bosh kiyim, dubulgâ€˜a, oq xochli dubulgâ€˜a, xoch, yordam, yuz
ğŸ“¿ din, ibodat qiluvchi, kiyim, shoda, tasbeh
ğŸ’„ grim, kosmetika, lab boâ€˜yogâ€˜i
ğŸ’ olmos, romantika, uzuk
ğŸ’ marvarid, olmos, qimmatbaho tosh, romantika, tosh
ğŸ”‡ karnay, ovoz balandligi, ovozsiz, sassis, shovqinsiz, tinch
ğŸ”ˆ karnay, ovoz balandligi
ğŸ”‰ karnay, ovoz balandligi, ovozli, past, toâ€˜lqin
ğŸ”Š 3, baland, baland ovoz, karnay, ovoz balandligi, uch, yuqori
ğŸ“¢ baland, eâ€™lon qiluvchi karnay, ommaviy
ğŸ“£ megafon, olqish
ğŸ“¯ pochta, pochtampt, shox, shoxsimon nay
ğŸ”” qoâ€˜ngâ€˜iroq, qoâ€˜ngâ€˜iroqcha
ğŸ”• man etilgan, mumkin emas, ovozsiz, qoÊ»ngÊ»iroqcha, taqiqlangan, taqiqlovchi chizigâ€˜i bor qoâ€˜ngâ€˜iroq, tinch
ğŸ¼ kalit, musiqa, musiqa kaliti
ğŸµ musiqa, musiqiy nota, nota
ğŸ¶ musiqa, musiqiy notalar, nota, notalar
ğŸ™ mikrofon, musiqa, studiya, studiya mikrofoni
ğŸš daraja, daraja slayderi, musiqa, slayder
ğŸ› boshqarish, burama, musiqa, ovoz boshqarish paneli, panel
ğŸ¤ karaoke, mikrofon
ğŸ§ quloqlik, quloqqa tiqiladigan
ğŸ“» radio, video
ğŸ· asbob, musiqa, saksafon, saksofon
ğŸª— akkordeon, garmon, qisish, siqish
ğŸ¸ asbob, gitara, musiqa
ğŸ¹ asbob, klaviatura, musiqa, musiqiy klaviatura, pianino
ğŸº asbob, musiqa, truba
ğŸ» asbob, musiqa, skripka
ğŸª• banjo, musiqa, tor, torli musiqa asbobi
ğŸ¥ baraban, musiqa, tayoqchalar
ğŸª˜ bongo, konga, nogÊ»ora, ritm, uzun nogÊ»ora, zarba
ğŸ“± aloqa, mobil, telefon, uyali
ğŸ“² mobil, mobil telefon va strelka, qabul qilish, strelka, strelkali mobil telefon, telefon, uyali aloqa
â˜ telefon, uy telefoni
ğŸ“ qabul qiluvchi, telefon, telefon goâ€˜shagi, uy telefoni
ğŸ“Ÿ peyjer
ğŸ“  faks, faks apparati
ğŸ”‹ batareya
ğŸ”Œ elektr, elektr energiyasi, elektr kabel sanchqisi, ulash, vilka
ğŸ’» kompyuter, noutbuk, shaxsiy
ğŸ–¥ ish stoli kompyuteri, kompyuter
ğŸ–¨ kompyuter, printer
âŒ¨ klaviatura, kompyuter
ğŸ–± 3, kompyuter, kompyuter sichqonchasi, sichqoncha, tugma, uch
ğŸ–² kompyuter, trekbol
ğŸ’½ disk, kompyuter, mini-disk, optika
ğŸ’¾ disk, disketa, kompyuter, yumshoq disk
ğŸ’¿ blu-ray, cd, disk, dvd, kompyuter, optik
ğŸ“€ blu-ray, cd, disk, dvd, kompyuter, optik
ğŸ§® choâ€˜t, choâ€˜tga tashlash, hisoblash, qoâ€˜shish
ğŸ¥ film, kamera, kino, kinokamera
ğŸ film, film kadri, kadrlar, kino
ğŸ“½ film, film proyektori, kino, proyektor, video
ğŸ¬ film, kino, klaper, klaper taxtasi
ğŸ“º televizor, tv, video
ğŸ“· kamera, video
ğŸ“¸ chaqmoqli kamera, kamera, video
ğŸ“¹ kamera, video, videokamera
ğŸ“¼ vhs, videokasseta, videol videokasseta
ğŸ” asbob, chapga qaragan lupa, chapga qiyshaygan lupa, kattalashtirish, qidirish, shisha
ğŸ” asbob, kattalashtirish, oâ€˜ngga qaragan lupa, oÊ»ngga qiyshaygan lupa, qidirish, shisha
ğŸ•¯ sham, yorugâ€˜lik
ğŸ’¡ elektr, elektr lampasi, fikr, latifa, yorugÊ»lik
ğŸ”¦ asbob, chiroq, elektr, fonar, mashâ€™al
ğŸ® bar, lampa, qizil, qizil qogâ€˜ozli lampa, yapon, yorugâ€˜lik
ğŸª” chiroq, diya, moy, moychiroq
ğŸ“” bezak, bezakli muqovali daftar, daftar, kitob, muqova
ğŸ“• kitob, yopiq
ğŸ“– kitob, ochiq
ğŸ“— kitob, yashil
ğŸ“˜ havorang, kitob, koâ€˜k
ğŸ“™ kitob, toâ€˜q sariq kitob, toÊ»q sariq
ğŸ“š kitob, kitoblar
ğŸ““ noutbook
ğŸ“’ daftar, roâ€˜yxatga olish kitobi
ğŸ“ƒ gajakli, hujjat, sahifa
ğŸ“œ oâ€˜ralgan xat, qogâ€˜oz
ğŸ“„ hujjat, oldiga qarab turgan sahifa, sahifa
ğŸ“° gazeta, qogâ€˜oz, yangiliklar
ğŸ— gazeta, oâ€˜ralgan, qogâ€˜oz, yangiliklar
ğŸ“‘ belgilash, marker, sahifalardagi xatchoâ€˜p, varaqlar, xatchoÊ»p
ğŸ”– belgi, xatchoâ€˜p
ğŸ· yorliq
ğŸ’° dollar, pul, xalta
ğŸª™ kumush, metall, oltin, pul, tanga, tilla, xazina
ğŸ’´ banknot, hisob, iyena banknotasi, pul, pul birligi, valyuta, yen
ğŸ’µ banknot, dollar, dollar banknotasi, hisob, pul, pul birligi, valyuta
ğŸ’¶ banknot, hisob, pul, pul birligi, valyuta, yevro, yevro banknotasi
ğŸ’· banknot, funt sterling, funt sterling banknotasi, pul, pul birligi, valyuta
ğŸ’¸ banknot, hisob, pul, qanot, qanoti bor pul dastasi, qanotlar, qanotli pul
ğŸ’³ karta, kredit, pul
ğŸ§¾ buxgalteriya, chek, choâ€˜t, hisob, hisobchilik
ğŸ’¹ diagramma, grafika, oâ€˜sayotgan iyena diagrammasi, oÊ»sish, pul, yen, yen oÊ»sish diagrammasi
âœ‰ e-pochta, elektron xat, konvert
ğŸ“§ e-pochta, xat
ğŸ“¨ e-pochta, kiruvchi, konvert, pochta, qabul qilish
ğŸ“© chiquvchi, e-pochta, email, konvert, strelka, strelkali konvert
ğŸ“¤ chiquvchi xat qutisi, pochta, quti, xat, xat qutisi, yuborilgan
ğŸ“¥ kiruvchi, kiruvchi xat qutisi, pochta, qabul qilish, quti, xat
ğŸ“¦ qadoq, quti
ğŸ“« bayroqchasi koâ€˜tarilgan yopiq pochta qutisi, pochta, pochta qutisi, yopiq
ğŸ“ª pastga qaragan, pastga qaragan bayroqli yopiq pochta qutisi, pastga qaragan yopiq pochta qutisi, pochta, pochta qutisi, yopiq
ğŸ“¬ ochiq, pochta, pochta qutisi, yuqoriga koâ€˜tarilgan bayroqli ochiq pochta qutisi, yuqoriga qaragan ochiq pochta qutisi
ğŸ“­ ochiq, pastga qaragan bayroqli ochiq pochta qutisi, pastga qaragan bayroqli pochta qutisi, pochta, pochta qutisi
ğŸ“® pochta, pochta qutisi
ğŸ—³ quti, quti va saylov byulleteni, saylov qutisi
âœ qalam
âœ’ pero, qora pero, ruchka
ğŸ–‹ pero, peroli ruchka
ğŸ–Š ruchka, sharikli ruchka
ğŸ–Œ moâ€˜yqalam, rassom
ğŸ– rangli qalam
ğŸ“ qalam, qayd
ğŸ’¼ portfel, sumka
ğŸ“ fayl, fayl jildi, jild
ğŸ“‚ fayl, jild, ochiq, ochiq fayl jildi
ğŸ—‚ ajratuvchilar, fayllarni ajratuvchi, indeks, kartochka
ğŸ“… sana, taqvim
ğŸ“† taqvim, yirtiladigan taqvim
ğŸ—’ spiral, spiralli yon daftarcha, yon daftarcha
ğŸ—“ ilma, spiral, taqvim
ğŸ“‡ indeks, kartochka, kartoteka
ğŸ“ˆ diagramma, grafa, oâ€˜sish, oâ€˜sish trendi diagrammasi, trend, yuqoriga
ğŸ“‰ diagramma, grafa, pasayish trendi diagrammasi, pastga, trend
ğŸ“Š diagramma, grafa, ustunli
ğŸ“‹ qisqichli doska
ğŸ“Œ bosma mix, bosma mixcha
ğŸ“ bosma mixcha, yumaloq bosma mix
ğŸ“ qistirgich, qogâ€˜oz qistirgich
ğŸ–‡ bogâ€˜langan, qogâ€˜oz qistirgich, ulangan qistirgichlar
ğŸ“ burchak, chizgâ€˜ich, qirra, toâ€˜gâ€˜ri
ğŸ“ chizgâ€˜ich, toâ€˜plam, uchburchak
âœ‚ asbob, qaychi
ğŸ—ƒ fayl, fayl qutisi, kartochka, quti
ğŸ—„ fayl, fayl yaratish, fayllar javoni, javon
ğŸ—‘ qogâ€˜oz chiqitdoni
ğŸ”’ qulflangan, yopiq
ğŸ”“ ochiq, qulf, qulflanmagan
ğŸ” boâ€˜yoq, maxfiylik, pero, qulf, qulf va ruchka, ruchka
ğŸ” kalit, qulf, qulf va kalit, xavfsiz, yopiq
ğŸ”‘ kalit, parol, qulf
ğŸ— eski, kalit, qadimiy, qulf
ğŸ”¨ asbob, bolgâ€˜a
ğŸª“ bolta, boltacha, chopish, oÊ»tin, yogÊ»och, yorish
â› asbob, kon, uchli bolgâ€˜a
âš’ asbob, bolgâ€˜a, bolgâ€˜a va uchli bolgâ€˜a
ğŸ›  asbob, bolgâ€˜a, bolgâ€˜a va gayka kaliti, gayka kaliti
ğŸ—¡ pichoq, qurol, xanjar
âš” kesishgan, qilichlar, qurol
ğŸ”« pistolet, qurol, revolver, suvli pistolet, toÊ»pponcha
ğŸªƒ aks-sado, avstraliya, bumerang, qaytish
ğŸ¹ burj, kamon, kamon va oâ€˜q, kamon va oÊ»q, oÊ»q, OÊ»qotar, yoy
ğŸ›¡ qalqon, qurol
ğŸªš arralash, asbob, duradgor, duradgorlik arrasi, taxta, yogÊ»och
ğŸ”§ asbob, gayka kaliti
ğŸª› asbob, burash, otvertka, qotirish
ğŸ”© asbob, gayka, gayka va murvat, murvat
âš™ shesternya, tish, tishli gâ€˜ildirak, tishli gÊ»ildirak, uskuna
ğŸ—œ asbob, kompressor
âš– adolat, burj, muvozanat, oÊ»lchov, tarozi, Tarozi
ğŸ¦¯ hassa, koÊ»r, nogironlik
ğŸ”— havol, havola
â›“ zanjir, zanjirlar
ğŸª egri, ilgak, ilib olish, ilintirish, ilmoq, savdo nuqtasi
ğŸ§° asbob, asbob-uskuna, asbob-uskuna qutisi, jamlanma, quti, uskuna, usta
ğŸ§² itarish, magnit, taqa, taqasimon magnit, tortish
ğŸªœ chiqish, narvon, pogÊ»ona, qadam, shoti
âš— asbob, haydash kimyoviy shishasi, kimyo
ğŸ§ª fan, kimyo, kimyogar, laboratoriya, probirka, tajriba
ğŸ§« bakteriya, biologiya, laboratoriya, petri idishi, tajriba
ğŸ§¬ biologiya, dnk, evolyutsiya, gen, genetika, genlar, hayot
ğŸ”¬ asbob, mikroskop
ğŸ”­ asbob, teleskop
ğŸ“¡ antenna, lagan, sunâ€™iy yoâ€˜ldoshli antenna, sunÊ¼iy yoÊ»ldosh
ğŸ’‰ dori, igna, kasal, shprits, ukol
ğŸ©¸ hayz, menstruatsiya, qon tomchisi, qon topshirish, tibbiyot
ğŸ’Š bemor, doktor, hapdori, kasal, shifokor, tibbiyot
ğŸ©¹ bandaj, plastir
ğŸ©º doktor, shifokor, stetoskop, tibbiyot, yurak
ğŸšª eshik
ğŸ›— koÊ»tarilish, lift, maxsus imkoniyatlar
ğŸª aks etish, aks ettirgich, oyna, reflektor
ğŸªŸ deraza, koÊ»rish, ochilish, oyna, rom, shaffof
ğŸ› karavot, mehmonxona, uxlash, uyqu
ğŸ›‹ chiroq, divan, divan va lampa, lampa, mehmonxona
ğŸª‘ kursi, oÊ»tirish, stul
ğŸš½ hojatxona, tualet
ğŸª  kuch bilan tortish, santexnikning yordamchisi, tortgich, tortish
ğŸš¿ dush, suv
ğŸ› hammom, vanna
ğŸª¤ qopqon, sichqon tutgich, tuzoq, xoÊ»rak
ğŸª’ oÊ»tkir, soqol olish, tigÊ», ustara
ğŸ§´ balzam, dush geli, konditsioner, losyon, losyon shishasi, namlagich, shampun
ğŸ§· igna-tugma, ildirish, qadash, toâ€˜gâ€˜nagâ€˜ich
ğŸ§¹ supurgi, supurish, tozalash, yalmogâ€˜iz
ğŸ§º kir, meva, rezavor, savat, sayr, yuvish
ğŸ§» hojatxona qogâ€˜ozi, oâ€˜ram, qogâ€˜oz, qogâ€˜oz oâ€˜rami, qogâ€˜oz sochiq
ğŸª£ chelak, idish, paqir, satil
ğŸ§¼ koâ€˜pik, sovun, sovun boâ€˜lagi, sovun koâ€˜pigi, yuvinish, yuvish
ğŸª¥ choÊ»tka, gigiyena, hammom, tish, tish choÊ»tkasi, tozalash, vannaxona
ğŸ§½ gubka, idish, shimish, tozalash, yuvgich, yuvish
ğŸ§¯ oâ€˜toâ€˜chirgich, olov, yongâ€˜in, yongâ€˜inni oâ€˜chirish
ğŸ›’ aravacha, xarid, xarid aravachasi, xarid savatchasi
ğŸš¬ chekish, sigaret
âš° oâ€˜lim, tobut
ğŸª¦ mozor toshi, qabr, qabr toshi, qabriston, vafot
âš± dafn, dafn koâ€˜zasi, koÊ»za, oÊ»lim, vafot
ğŸ—¿ haykal, moai, moyai, yuz
ğŸª§ belgi, namoyish, norozilik, piket, plakat, qarshilik
ğŸ§ atm, bank, bankomat
ğŸš® axlat, axlat qutisi, axlatni oâ€˜z joyiga tashlash
ğŸš° ichimlik suvi, ichish, ichishga yaroqli, suv
â™¿ maxsus imkoniyat, nogironlar aravachasi
ğŸš¹ erkak, erkaklar xonasi, hojatxona
ğŸšº ayol, ayollar xonasi, hojatxona
ğŸš» hojatxona, pardoz-andoz xonasi
ğŸš¼ chaqaloq, chaqaloq belgisi
ğŸš¾ hojatxona, suv
ğŸ›‚ nazorat, pasport, pasport nazorati
ğŸ›ƒ bojxona
ğŸ›„ daâ€™vo, yuk, yuklarni olish joyi
ğŸ›… bagaj, saqlash xonasi, saqlash xonasida qoldirilgan yuk, yuk
âš  ogohlantirish
ğŸš¸ bolalar, bolalar oâ€˜tish joyi, oâ€˜tish joyi, tirbandlik, yoâ€˜l
â›” kirish, kirish mumkin emas, man qilingan, mumkin emas, taqiqlangan, yoâ€˜l, yoâ€˜q
ğŸš« kirish, man qilingan, mumkin emas, taqiqlangan, toâ€˜xtab turish taqiqlanadi, yoâ€˜l, yoâ€˜q
ğŸš³ mumkin emas, taqiqlangan, transport, velosiped, velosipedda harakatlanish taqiqlanadi
ğŸš­ chekish, chekish taqiqlanadi, mumkin emas, taqiqlangan
ğŸš¯ axlat qutisi, axlat tashlash taqiqlanadi, mumkin emas, taqiqlangan
ğŸš± ichib boâ€˜lmaydigan suv, ichish, ichishga yaroqsiz, mumkin emas, suv, taqiqlangan, yoâ€˜q
ğŸš· mumkin emas, piyodalar harakatlanishi mumkin emas, taqiqlangan
ğŸ“µ aloqa, man qilingan, mobil, mumkin emas, taqiqlangan, telefon, telefon mumkin emas
ğŸ” 18, 18 yoshdan kichiklarga taqiqlangan, man, mumkin emas, oâ€˜n sakkiz, taqiqlangan, yosh cheklovi
â˜¢ belgi, radioaktiv
â˜£ belgi, biologik xavf
â¬† shimol, strelka, yoâ€˜nalish, yuqoriga strelka
â†— chiziq, oâ€˜ng-yuqoriga strelka, shimoli-sharq, yoâ€˜nalish
â¡ oâ€˜ngga strelka, oÊ»ngga strelka, sharq, strelka, yoâ€˜nalish
â†˜ chiziq, janubi-sharq, oâ€˜ng-pastga strelka, yoâ€˜nalish
â¬‡ janub, pastga, strelka, yoâ€˜nalish
â†™ chiziq, janubi gâ€˜arb, past-chapga strelka, past-chapga yoâ€˜nalish, yoâ€˜nalish
â¬… chapga strelka, gâ€˜arb, strelka, yoâ€˜nalish
â†– chap yuqoriga strelka, chiziq, shimoli-gâ€˜arb, yoâ€˜nalish
â†• strelka, tepa-pastga strelka
â†” chapga-oâ€˜ngga strelka, strelka
â†© oâ€˜ngdan chapga qayrilish, strelka
â†ª chapdan oâ€˜ngga qayrilish, strelka
â¤´ oâ€˜ngdan yuqoriga qayrilish, strelka
â¤µ oâ€˜ngdan pastga qayrilish, pastga, strelka
ğŸ”ƒ chiziq, qayta yuklash, soat mili yoâ€˜nalishi boâ€˜yicha
ğŸ”„ chiziq, soat millariga qarshi, soat millariga qarshi yoâ€˜nalish
ğŸ”™ chiziq, orqaga, orqaga yoâ€˜nalish
ğŸ”š berk, berk chizigâ€˜i, chiziq
ğŸ”› belgi, chiziq, efirda, efirda chizigâ€˜i
ğŸ”œ chiziq, tez orada chizigâ€˜i, tezda
ğŸ” chiziq, tepaga, tepaga chizigâ€˜i, yuqoriga
ğŸ› din, ibodatxona
âš› ateist, atom, atom belgisi
ğŸ•‰ din, hind, om
âœ¡ din, dovud, dovud yulduzi, ibroniy, yahudiy, yulduz
â˜¸ budda, buddist, dharma gâ€˜ildiragi, din, gâ€˜ildirak
â˜¯ din, tao, taoist, yang, yin
âœ din, lotin xoch, nasroniylik, xoch
â˜¦ din, nasroniylik, pravoslav xoch, xoch
â˜ª din, islom, muslim, yulduz va yarim oy
â˜® tinchlik, tinchlik ramzi
ğŸ• din, yadaim
ğŸ”¯ nuqtali olti qirrali yulduz, taqdir, yulduz
â™ˆ burj, qoâ€˜y, qoâ€˜y burji
â™‰ burj, buzoq, buzoq burji
â™Š burj, egizaklar, egizaklar burji
â™‹ burj, qisqichbaqa, qisqichbaqa burji
â™Œ arslon burji, asrlon, burj
â™ burj, parizod, parizod burji
â™ adolat, burj, tarozi, tarozi burji
â™ burj, chayon, chayon burji
â™ burj, oâ€˜qotar, oâ€˜qotar burji
â™‘ burj, echki, togâ€˜ echkisi burji
â™’ burj, qovgâ€˜a, qovgâ€˜a burji
â™“ baliq, baliq burji, burj
â› burj, ilon, ilon tashuvchi
ğŸ”€ chiziq, kesishgan, tasodifiy tartibda belgisi
ğŸ” chiziq, soat mili boâ€˜yicha, takror, takrorlash tugmasi
ğŸ”‚ bir marta, bittasini takrorlash tugmasi, chiziq, soat mili boâ€˜yicha, takror
â–¶ chiziq, ijro, ijro tugmasi, oâ€˜ng, uchburchak
â© chiziq, ikki marta, oldinga, oldinga oâ€˜tkazish tugmasi, tez
â­ chiziq, keyingi qoâ€˜shiq, keyingi qoâ€˜shiq tugmasi, keyingi sahna, uchburchak
â¯ chiziq, ijro, ijro yoki pauza tugmasi, oâ€˜ng, pauza, uchburchak
â—€ chap, chiziq, orqaga, orqaga oâ€˜tkazish tugmasi, uchburchak
âª chiziq, ikkita, orqaga aylantirish, tez orqaga oâ€˜tkazish tugmasi
â® chiziq, oldingi qoâ€˜shiq, oldingi qoâ€˜shiq tugmasi, oldingi sahna, uchburchak
ğŸ”¼ chiziq, qizil, tugma, yuqoriga tugmasi
â« chiziq, ikkita, tez yuqoriga tugmasi
ğŸ”½ chiziq, pastga, pastga tugmasi, qizil, tugma
â¬ chiziq, ikkita, pastga, tez pastga tugmasi
â¸ ikkita, pauza, pauza tugmasi, tik, ustun
â¹ kvadrat, toâ€˜xtatish, toâ€˜xtatish tugmasi
âº aylana, doira, ovoz yozish tugmasi, yozish
â chiqarish, chiqarish tugmasi
ğŸ¦ film, kamera, kino, kinoteatr
ğŸ”… past, xira, xiralik tugmasi, yorqinlik
ğŸ”† yorqinlik, yorqinlik tugmasi, yorugâ€˜
ğŸ“¶ aloqa, antenna, antenna koâ€˜rsatkichlari, mobil, signal, telefon, ustun
ğŸ“³ aloqa, mobil, rejim, tebranish, tebranish rejimi, telefon, uyali
ğŸ“´ aloqa, mobil, oâ€˜chiq, telefon, telefon oâ€˜chiq beligisi
â™€ ayol, ayol belgisi
â™‚ erkak, erkak belgisi
âš§ transgender, transseksual, transseksuallik belgisi
âœ– Ã—, bekor qilish, belgi, koÊ»paytirish, koÊ»paytirish belgisi, koÊ»paytiruv, x
â• +, belgi, matematika, plus, plyus, qoÊ»shish belgisi, qoÊ»shuv
â– -, âˆ’, ayirish belgisi, ayiruv, belgi, manfiy, matematika, minus
â— Ã·, belgi, boÊ»lish, boÊ»lish belgisi, boÊ»luv, matematika
â™¾ abadiy, cheksizilik, cheksizlik, cheksizlik belgisi, doimiy, muntazam
â€¼ !, !!, belgi, juft undov belgisi, paq-puq, undov
â‰ !, !?, ?, belgi, savol, tinish belgisi, undov, undov soÊ»roq belgisi
â“ ?, belgi, qizil soÊ»roq belgisi, savol, soÊ»roq belgisi, tinish belgisi
â” ?, belgi, belgilangan, oq soÊ»roq belgisi, savol, tinish belgisi
â• !, belgi, belgilangan, oq undov belgisi, tinish belgisi, undov
â— !, belgi, qizil undov belgisi, tinish belgisi, undov, undov belgisi
ã€° defis, tinish, toâ€˜lqinli, toâ€˜lqinli chiziq
ğŸ’± ayirboshlash, bank, pul, pul birligini almashtirish, valyuta
ğŸ’² dollar, katta dollar belgisi, pul, valyuta
âš• eskulap, tibbiy ramz, tibbiyot, xodimlar
â™» qayta ishlash, qayta ishlash belgisi
âšœ gulsapsar
ğŸ”± kema, langar, nishon, uch shoxli nayza, uch tishli nayza, uskuna
ğŸ“› ism yoziladigan nishon, nishon, nom
ğŸ”° barg, boshlovchi, boshlovchi darajasini bildiruvchi yaponcha belgi, boshlovchi yaponcha belgi, yaponcha
â­• aylana, boÊ»sh qizil doira, katta, o, qizil
âœ… âœ“, belgi, belgilash, belgilash tugmasi belgisi, tugma
â˜‘ âœ“, belgilangan belgilash maydonchasi, belgilash, maydoncha
âœ” âœ“, belgi, belgilash, belgilash belgisi
âŒ Ã—, bekor qilish, belgi, koÊ»paytirish, koÊ»paytiruv, krest, krest belgisi, x
â Ã—, belgi, belgilash, krest belgili tugma, toÊ»rtburchak, x
â° davr, jingalak, jingalak halqa, takror
â¿ davr, ikki marta, jingalak, qoâ€˜sh jingalak halqa, takror
ã€½ belgi, ovoz almashinuvi belgisi, qism
âœ³ *, sakkiz qirrali yulduz, yulduzcha
âœ´ *, sakkiz burchakli yulduz, yulduz
â‡ *, uchqun
Â© c, mualliflik huquqi
Â® qayd qilingan, r
â„¢ belgi, savdo belgisi, tm
ğŸ”  bosh, harflar, katta lotin harflarini kiritish, kiritish, lotin
ğŸ”¡ abcd, harflar, kichik, kichik lotin harflarini kiritish, kiritish, lotin
ğŸ”¢ 1234, raqam kiritish, raqamlar, sonlar
ğŸ”£ belgi kiritish, kiritish
ğŸ”¤ abc, alifbo, harflar, lotin, lotin harflarini kiritish, matn
ğŸ…° a, a tugmasi, qon
ğŸ† ab, ab tugmasi, qon
ğŸ…± b, b tugmasi, qon
ğŸ†‘ cl, kvadrat ichidagi cl harflari
ğŸ†’ kvadrat ichidagi salqinlik, gap yoâ€˜q soâ€˜zi, salqinlik, zoâ€˜r
ğŸ†“ bepul, kvadrat ichidagi boâ€˜sh, tekin soâ€˜zi
â„¹ axborot, axborot manbasi, maâ€™lumot
ğŸ†” id, kvadrat ichidagi id harflari
â“‚ aylana, aylana ichidagi m harfi, m
ğŸ†• kvadrat ichidagi yangi soâ€˜zi, yangi
ğŸ†– kvadrat ichidagi ng harflari, ng
ğŸ…¾ o, o tugmasi, qon
ğŸ†— kvadrat ichidagi ok tugmasi, ok
ğŸ…¿ avtotoâ€˜xtash, p tugmasi
ğŸ†˜ kvadrat ichidagi sos soâ€˜zi, sos, yordam
ğŸ†™ belgi, tepaga, tepaga tugmasi
ğŸ†š kvadrat ichidagi raqib sifatida soâ€˜zi, qarshi, raqib
ğŸˆ kvadrat ichidagi katakanadagi koko soâ€˜zi, yaponcha
ğŸˆ‚ kvadrat ichidagi katakana sa morasi, yaponcha
ğŸˆ· kvadrat ichidagi oy iyeroglifi, yaponcha
ğŸˆ¶ kvadrat ichidagi mavjudlik iyeroglifi, yaponcha
ğŸˆ¯ kvadrat ichidagi barmoq iyeroglifi, yaponcha
ğŸ‰ aylana ichidagi afzallik iyeroglifi, yaponcha
ğŸˆ¹ kvadrat ichidagi boâ€˜lish iyeroglifi, yaponcha
ğŸˆš kvadrat ichidagi inkor iyeroglifi, yaponcha
ğŸˆ² kvadrat ichidagi taqiqlash iyeroglifi, yaponcha
ğŸ‰‘ aylana ichidagi qabul qilish iyeroglifi, xitoycha
ğŸˆ¸ kvadrat ichidagi tatbiq qilish iyeroglifi, xitoycha
ğŸˆ´ kvadrat ichidagi birgalik iyeroglifi, xitoycha
ğŸˆ³ kvadrat ichidagi boâ€˜shliq iyeroglifi, xitoycha
ãŠ— aylana ichidagi bayram iyeroglifi, iyeroglif, qutlash, tabrik, tabriklash, xitoycha
ãŠ™ aylana ichida iyeroglif yozuvidagi maxfiy belgisi, iyeroglif, maxfiy, sir, xitoycha, yaponcha â€œmaxfiyâ€ belgisi
ğŸˆº kvadrat ichida iyeroglif yozuvidagi amaliyot belgisi, xitoycha, yaponcha â€œbiznes uchun ochiqâ€ belgisi
ğŸˆµ kvadrat ichida iyeroglif yozuvidagi toâ€˜liq belgisi, xitoycha, yaponcha â€œvakansiya yoÊ»qâ€ belgisi
ğŸ”´ aylana, geometriya, qizil, qizil doira
ğŸŸ  doira, sabzirang doira, sariq
ğŸŸ¡ aylana, doira, sariq
ğŸŸ¢ aylana, doira, yashil
ğŸ”µ aylana, geometriya, koâ€˜k, koâ€˜k doira
ğŸŸ£ aylana, binafsharang, doira
ğŸŸ¤ aylana, doira, jigarrang
âš« doira, geometriya, qora doira
âšª doira, geometriya, oq doira
ğŸŸ¥ aylana, doira, qizil, qizil kvadrat
ğŸŸ§ apelsinrang, kvadrat, toÊ»rtburchak
ğŸŸ¨ kvadrat, sariq, toÊ»rtburchak
ğŸŸ© kvadrat, toÊ»rtburchak, yashil
ğŸŸ¦ koÊ»k, kvadrat, toÊ»rtburchak
ğŸŸª binafsharang, kvadrat, toÊ»rtburchak
ğŸŸ« jigarrang, kvadrat, toÊ»rtburchak
â¬› geometrik, katta qora kvadrat, kvadrat
â¬œ geometrik, katta oq kvadrat, kvadrat
â—¼ geometrik, kvadrat, oâ€˜rtacha qora kvadrat
â—» geometrik, kvadrat, oâ€˜rtacha oq kvadrat
â—¾ geometrik, kichikroq qora kvadrat, kvadrat
â—½ geometrik, kichikroq oq kvadrat, kvadrat
â–ª geometrik, kichik qora kvadrat, kvadrat
â–« geometrik, kichik oq kvadrat, kvadrat
ğŸ”¶ geometrik, katta toâ€˜q sariq romb, romb, toâ€˜q sariq
ğŸ”· geometrik, katta koâ€˜k romb, koâ€˜k, romb
ğŸ”¸ geometrik, kichik toâ€˜q sariq romb, romb, toâ€˜q sariq
ğŸ”¹ geometrik, kichik koâ€˜k romb, koâ€˜k, romb
ğŸ”º geometrik, qizil, tepaga qaragan qizil uchburchak
ğŸ”» geometrik, pastga, pastga qaragan qizil uchburchak, qizil
ğŸ’  geometrik, ichki, latifa, nuqtali romb, romb
ğŸ”˜ geometrik, radio, tugma
ğŸ”³ chizilgan, geometriya, katak, kvadrat, oq kvadrat katak
ğŸ”² geometriya, katak, kvadrat, qora kvadrat katak
ğŸ katak-katak, katak-katak bayroq, musobaqa, poyga
ğŸš© post, uchburchak bayroq
ğŸŒ bayram, bir-birini kesib oâ€˜tgan bayroqlar, kesishgan, nishonlash, yapon
ğŸ´ hilpirab turgan, hilpiragan qora bayroq
ğŸ³ hilpirab turgan, hilpiragan oq bayroq
ğŸ³â€ğŸŒˆ bayroq, kamalak
ğŸ³â€âš§ bayroq, moviy, pushti va oq bayroq, transgender, transseksual
ğŸ´â€â˜  bayroq, bosh suyagi, dengiz qaroqchilari bayrogâ€˜i, qaroqchi, quvnoq rojer, skelet, suyak
Â¢ sent
$ dollar, peso, pul, valyuta
Â£ EGP, funt sterling, GBP, valyuta
Â¥ CNY, JPY, valyuta, yena, yuan
â‚¥ mil, mill
â‚© Janubiy Koreya voni, Koreya Respublikasi voni, KPW, KRW, KXDR voni, Shimoliy Koreya voni, von
â‚¬ EUR, valyuta, yevro, yevro belgisi
â‚± peso, pul
â‚¹ hind rupiysi, rupiy, valyuta
â‚½ rubl, valyuta
â‚¿ bitkoin, BTC
Â¹ bir soni, satr ustidagi, satr ustidagi bir soni
Â² ikki soni, kvadrat belgisi, satr ustida, satr ustidagi ikki soni
Â³ kub belgisi, satr ustidagi, satr ustidagi uch soni, uch soni
Âµ mikron ishorasi, oâ€˜lchov birligi
