{ 大括孤, 大括號, 左大括號, 花括弧, 花括號
🏻 白皮膚, 膚色
🏼 膚色, 黃皮膚
🏽 中等皮膚, 膚色
🏾 中深皮膚, 膚色
🏿 膚色, 黑皮膚
‾ 頂線
_ 底橫線, 底線, 橫線, 線
- 一槓, 一橫, 減號, 連字暨減號, 連字號
‐ 破折號, 連字符, 連字號
– 標點, 連接號
— 標點, 破折號
― 橫槓, 橫線, 破折號
・ 中點, 片假名, 片假名中點, 間隔號
, 逗號
، 逗號, 阿拉伯, 阿拉伯逗號
、 表意, 頓號
; 分號
؛ 冒號, 阿拉伯, 阿拉伯冒號
: 冒號
! 驚嘆, 驚嘆符號, 驚訝
¡ 倒置, 倒驚嘆號, 驚嘆號, 驚訝
? 問號, 疑問
¿ 倒問號, 倒置, 問號, 疑問
؟ 問號, 疑問, 阿拉伯, 阿拉伯問號
‽ 疑問感歎號
. 句點, 點
… 省略號, 點點點
。 全形句號, 句號, 句點
· 中點, 間隔號, 點
' 單引號, 引號, 撇號
‘ 單引號, 左單引號, 引號, 撇號, 智慧引號
’ 右單引號, 單引號, 引號, 撇號, 智慧引號
‚ 半形逗號, 撇號, 逗號
“ 左雙引號, 引號, 智慧引號, 雙引號
” 右雙引號, 引號, 智慧引號, 雙引號
„ 低雙引號, 右低雙引號, 引號, 智慧引號, 雙引號
« V 字型, 向左, 左書名號, 引號, 括號, 插入符號, 角度
» V 字型, 右書名號, 向右, 引號, 括號, 插入符號, 角度
) 右括號, 圓括弧, 圓括號, 括弧, 括號
[ 左方括號, 括弧, 括號, 方型括弧
] 右方括號, 括弧, 括號, 方型括弧
} 右大括號, 大括孤, 大括號, 花括弧, 花括號
〈 單書名號, 左單書名號, 書名號, 篇名號
〉 右單書名號, 單書名號, 書名號, 篇名號
《 左雙書名號, 書名號, 雙書名號
》 右雙書名號, 書名號, 雙書名號
「 上引號, 引號
」 下引號, 引號
『 雙上引號, 雙引號
』 雙下引號, 雙引號
【 夾注號, 實心方頭括號, 左方頭括號, 方頭括號
】 右方頭括號, 夾注號, 實心方頭括號, 方頭括號
〔 六角括弧, 六角括號, 左六角括號
〕 六角括弧, 六角括號, 右六角括號, 左六角括號
〖 左空心方頭括號, 括號, 方頭括號, 空心方頭括號
〗 右空心方頭括號, 括號, 方頭括號, 空心方頭括號
§ 分節符號, 段落, 部分, 章節
¶ 標記, 段落, 段落標記, 段落符號
@ 小老鼠, 小老鼠符號
* 星星, 星號, 萬用字元
/ 斜線, 正斜線
\ 反, 反斜線, 斜線
& &amp;, &amp; 符號, 且, 及, 和
# #, # 標籤, 井字號, 井號, 雜湊, 雜湊標記
% 百分, 百分比, 百分率
‰ 千分比, 千分率
† 劍標, 短劍號
‡ 劍標, 短劍號, 雙, 雙劍標
• 項目號, 點
‧ 連字號, 連字點, 間隔號
′ 角分符號
″ 角分符號, 角秒符號
‴ 三上標, 角分符號
‸ 插入符號
※ 參照, 參照標記, 參照符號
⁂ 三星標記
` 抑音符, 重音符, 音符
´ 尖音符, 銳音符, 音符
^ 插入符, 插入號, 脫字元, 脫字符, 脫字符號, 脫字號
¨ 元音變化符, 分音符
° 度, 度數, 度時, 酒精度
℗ 著作權, 錄音, 錄音著作權
← 向左, 向左箭嘴, 箭嘴
↚ 左箭嘴删除线
→ 向右, 向右箭嘴, 箭嘴
↛ 右箭嘴删除线
↑ 向上, 向上箭嘴, 箭嘴
↓ 向下, 向下箭嘴, 箭嘴
↜ 波浪左箭嘴
↝ 波浪右箭嘴
↞ 向左雙頭箭嘴
↟ 向上雙頭箭嘴
↠ 向右雙頭箭嘴
↡ 向下雙頭箭嘴
↢ 有尾巴的向左箭嘴
↣ 有尾巴的向右箭嘴
↤ 尾部帶槓的向左箭嘴
↥ 尾部帶槓的向上箭嘴
↦ 尾部帶槓的向右箭嘴
↧ 尾部帶槓的向下箭嘴
↨ 處於基線的上下箭嘴
↫ 尾部帶環的向左箭嘴
↬ 尾部帶環的向右箭嘴
↭ 左右波浪箭嘴
↯ 向下鋸齒形箭嘴
↰ 頭朝左的向上箭嘴
↱ 頭朝右的向上箭嘴
↲ 頭朝左的向下箭嘴
↳ 頭朝右的向下箭嘴
↴ 角朝下的向右箭嘴
↵ 角朝左的向下箭嘴
↶ 逆時針上半圓箭嘴
↷ 順時針上半圓箭嘴
↸ 指向長槓的西北箭嘴
↹ 頭帶槓的向左箭嘴在頭帶槓的向右箭嘴上面
↺ 逆時針開口循環箭嘴
↻ 順時針開口循環箭嘴
↼ 倒鉤在上面的向左魚叉
↽ 倒鉤在下面的向左魚叉
↾ 倒鉤在右邊的向上魚叉
↿ 倒鉤在左邊的向上魚叉
⇀ 倒鉤在上面的向右魚叉
⇁ 倒鉤在下面的向右魚叉
⇂ 倒鉤在右邊的向下魚叉
⇃ 倒鉤在左邊的向下魚叉
⇄ 向右箭嘴在向左箭嘴的上面
⇅ 上下並列箭嘴, 向上, 向下, 箭嘴
⇆ 向右, 向左, 向左箭嘴在向右箭嘴上邊, 箭嘴
⇇ 一對向左箭嘴
⇈ 一對向上箭嘴
⇉ 一對向右箭嘴
⇊ 一對向下箭嘴
⇋ 向左魚叉在向右魚叉的上面
⇌ 向右魚叉在向左魚叉的上面
⇐ 向左雙箭嘴
∆ 三角形, 遞增
∇ 倒三角形, 遞減
∈ 包含, 屬於
+ 加, 加號, 新增
± 加減, 正負號
÷ 除, 除法, 除法符號, 除號
× 乘, 乘法, 乘號
< 小於, 標籤, 開始標籤
= 等於, 等號
≠ 不等於, 不等號
> 大於, 標籤, 結束標籤
¬ 否, 否定
| 一劃, 垂直線條, 條狀, 棍狀, 管狀, 線條, 謝費爾豎線, 豎立條形圖, 豎線
~ 波浪線
− 減, 減法, 減法符號
⁻ 上標, 上標負數, 負數
√ 基數, 平方根, 根號
∞ 無限, 無限符號
∩ 交集, 集
∪ 聯集, 集
≈ 大約, 約, 約等於
≡ 全等, 同餘, 恆等
≤ 不等於, 小於, 小於或等於, 等於, 等號
≥ 不等於, 大於, 大於或等於, 等於, 等號
⊂ 子集, 集
▲ 三角形, 向上, 實心, 實心正三角形, 箭嘴
▼ 三角形, 向下, 實心, 實心倒三角形, 箭嘴
◊ 斜方形, 菱形, 鑽石型
○ 圓, 環, 空心圓
● 圓, 實心圓
◯ 圓, 大空心圓, 環
♪ 八分音符, 音樂, 音符
♭ 符號, 降記號, 音樂
♯ 升記號, 符號, 音樂
😀 微笑, 笑臉
😃 哈哈, 笑臉, 開眼嘅笑臉
😄 含笑同笑嘻嘻嘅表情, 含笑嘅眼睛同笑嘻嘻嘅表情, 哈哈, 笑臉
😁 含笑嘅眼睛同笑嘻嘻嘅表情, 嘻嘻
😆 呵呵, 哈哈, 狂笑, 笑樣
😅 冒汗同笑嘻嘻嘅表情, 哈哈, 笑臉
🤣 捧腹, 笑, 笑到轆地, 翻
😂 喜極而泣嘅表情, 感動
🙂 稍為微笑嘅表情, 笑面
🙃 臉上下顛倒, 顛倒臉
😉 眨眼笑嘅表情, 表情
😊 微笑, 瞇眼微笑嘅表情
😇 光環, 光環笑臉, 天使, 無辜, 頭上有個圈嘅笑面
🥰 一見鍾情, 三個心心嘅笑臉, 喜歡, 戀愛中
😍 心心眼嘅表情, 心花怒放
🤩 星星, 星星眼, 眼睛, 臉, 露齒笑
😘 飛吻, 飛吻嘅表情
😗 吻, 親吻, 親吻的臉, 親吻的表情, 送吻嘅表情
☺ 放鬆一笑, 笑面
😚 合埋眼親吻嘅表情, 親吻
😙 笑眼送吻, 笑眼送吻嘅表情, 送吻
🥲 微笑帶淚, 感動, 感恩, 淚, 鬆一口氣
😋 好吃, 好食, 舔舌頭嘅表情
😛 吐舌頭, 嘿嘿
😜 吐舌頭, 嘿嘿
🤪 傻瓜臉, 傻臉, 怪, 搞笑臉, 鬼臉
😝 吐舌頭, 嘿嘿, 眨眼吐舌頭
🤑 發財, 見錢眼開
🤗 擁抱, 開心擁抱嘅表情
🤭 哎喲, 手遮住嘴
🤫 噓, 安靜
🤔 思考中, 思考中嘅表情, 表情
🤐 拉鍊嘴嘅表情, 閉口不答
🤨 不相信, 單邊戚眉嘅表情, 懷疑
😐 無話好說, 無語, 表情
😑 無語, 面無表情
😶 無言嘅表情, 表情
😶‍🌫 一臉霧水, 茫茫然
😏 假笑, 冷笑
😒 不開心, 不高興
🙄 不屑, 反白眼嘅表情, 鄙視
😬 依起棚牙, 咬牙, 咬牙切齒, 繃緊
😮‍💨 倒抽一口氣, 呻吟, 鬆一口氣
🤥 講大話嘅表情, 鼻子變長了
😌 放鬆, 鬆了口氣
😔 思考, 沉思
😪 打瞌睡, 睏
🤤 口, 垂涎, 水, 流, 流口水
😴 打呼, 睡著了
😷 口罩, 生病
🤒 含溫度計, 生病
🤕 包繃帶, 受傷
🤢 吐, 噁心, 想, 想嘔
🤮 吐, 嘔吐, 生病
🤧 噴嚏, 打乞嚏
🥵 好熱, 流汗, 熱嘅樣, 發熱, 臉紅
🥶 冰凍, 冷, 凍嘅樣, 結霜, 藍色嘅樣
🥴 大細眼, 波浪嘴, 頭昏眼花, 頭暈
😵 表情, 頭暈目眩
😵‍💫 催眠, 呃, 暈, 煩惱, 目眩頭暈, 眩暈
🤯 腦部爆炸, 頭腦爆炸, 頭都爆
🤠 牛仔, 牛仔樣
🥳 帽子, 慶祝, 慶祝的表情, 紙喇叭
🥸 假扮, 假扮的臉, 假鼻子, 眼鏡, 鬍子
😎 戴太陽眼鏡嘅笑面, 墨鏡
🤓 四眼田雞, 宅宅, 宅男, 書呆子, 阿宅
🧐 戴單片眼鏡
😕 困擾, 面有難色
😟 憂心忡忡, 擔心
🙁 不開心, 壞心情
☹ 不滿意, 不爽, 皺眉
😮 啊, 擘大口嘅表情
😯 哦, 驚訝嘅表情
😲 震驚, 驚
😳 怕醜, 睜大眼睛, 臉紅
🥺 拜託, 求求你, 無辜嘅樣, 請求嘅樣
😦 受到驚嚇, 擔心, 皺眉掰大口, 驚
😧 苦埋口面, 難受
😨 害怕, 臉色發青, 驚恐
😰 冒汗, 滴汗, 臉色發青
😥 失望但解脱嘅表情, 沮喪, 鬆了口氣
😢 哭臉, 喊緊
😭 哭臉, 放聲大哭, 淚
😱 嚇死了, 恐怖
😖 困惑, 焦頭爛額
😣 疲倦嘅表情, 痛苦
😞 失望, 沮喪
😓 冷汗, 表情
😩 唉!, 疲勞, 疲憊, 累, 面露疲憊
😫 嘆氣, 疲勞, 疲憊, 累
🥱 呵欠, 呵欠｜打喊露｜打呵欠｜打呵欠嘅樣, 想訓覺｜打呵欠, 無聊, 疲勞
😤 傲慢, 揚眉吐氣
😡 怒, 生氣, 發火, 發飆
😠 憤怒, 生氣
🤬 嘴巴上有符號嘅表情, 嘴巴上有符號的表情, 滅聲, 爆粗, 粗口, 髒話
😈 妖精, 小惡魔, 惡魔, 惡魔的笑, 邪惡
👿 惡魔, 表情, 邪惡
💀 怪物, 骷髏, 骷髏頭
☠ 交叉骷髏頭, 骷髏頭
💩 便便, 大便, 屎
🤡 丑, 小, 小丑
👹 惡鬼, 日本怪物, 表情, 魔鬼
👺 天狗, 妖怪, 怪物
👻 幽靈, 鬼
👽 ET, 外星人
👾 外星怪物, 太空侵略者, 太空入侵者, 怪物, 紫色怪物, 電玩怪物
🤖 機械人
😺 呵呵, 哈哈, 笑臉, 開心貓樣
😸 笑臉, 露齒而笑嘅貓樣
😹 喜極而泣嘅貓樣, 感動, 感動的貓臉
😻 心心眼嘅貓樣, 心花怒放, 花痴的貓臉
😼 微笑貓樣, 微笑貓臉, 笑, 貓
😽 親親, 送吻嘅貓樣
🙀 尖叫嘅貓, 累的貓臉
😿 傷心的貓, 哭泣的貓, 哭泣的貓臉, 喊緊嘅貓樣
😾 怒, 生氣, 生氣的貓臉, 發火
🙈 不想看, 尷尬, 猴子, 遮住眼睛, 遮眼, 難為情, 非禮勿視馬騮, 非禮勿聽
🙉 不聽, 遮耳, 非禮勿聽
🙊 不想說, 掩住嘴巴, 掩嘴, 猴子, 非禮勿言
💋 唇印, 親嘴
💌 情信
💘 一箭穿心, 丘比特
💝 愛的禮物, 送你一顆心
💖 放閃, 開心
💗 心動, 心跳
💓 心, 心跳, 愛
💞 循環心心, 舞動的心
💕 心心相印, 相愛
💟 心型, 心形裝飾
❣ 心嘆號, 心型感嘆號
💔 心碎, 破碎的心
❤‍🔥 奉獻, 心型, 愛, 慾望, 火熱的心
❤‍🩹 健康, 恢復, 療傷, 療心
❤ 心型, 愛心
🧡 心型, 橙心
💛 心型, 黃心
💚 心型, 綠心
💙 心型, 藍心
💜 心型, 紫心
🤎 啡, 啡心｜啡色心｜啡色嘅心, 心
🖤 心, 邪惡, 黑, 黑心
🤍 心, 白, 白心｜白色心｜白色嘅心
💯 100, 100 分, 一百, 一百分
💢 怒, 爆青筋
💥 引爆, 碰撞
💫 頭暈, 頭暈星星
💦 出汗, 汗
💨 大風, 強風, 快速, 放屁, 煙霧
🕳 坑洞, 洞
💣 地雷, 炸彈, 雷區
💬 對話框
👁‍🗨 對話框, 眼睛對話框
🗨 對話框, 黑色對話框
🗯 對話框, 爆炸對話框
💭 對話框, 心聲對話框
💤 zzz, 睡了, 睡覺符號, 瞓覺
👋 手, 揮手
🤚 手, 掌, 豎, 豎起手掌
🖐 停止, 對外張開五指
✋ 招手, 舉手
🖖 你好, 火神星人, 舉手禮
👌 OK, OK 手勢, 沒問題
🤌 手勢, 手指, 捏, 捏手指, 疑問
🤏 少量, 捏｜少少｜一啲啲
✌ V字手勢, 剪刀手勢, 勝利手勢
🤞 加油, 好, 祝, 祝好運, 運
🤟 愛你手勢, 我愛你, 我愛你手勢, 手
🤘 ROCK, 搖滾精神
🤙 call 我, 打, 電話
👈 左, 手, 指
👉 右, 手, 指
👆 上, 手, 指
🖕 中指, 比中指
👇 下, 手, 指
☝ 提示, 注意
👍 有眼光, 無問題, 繼續努力, 讚, 選得好
👎 不可能, 差, 沒辦法, 渣, 爛, 爛選擇
✊ 拳頭, 握拳
👊 出拳, 拳頭
🤛 拳頭, 拳頭向左, 擊拳, 重擊
🤜 拳頭, 拳頭向右, 擊拳, 重擊
👏 拍手, 鼓掌
🙌 high five, 舉雙手, 舉雙手歡呼
👐 手, 攤開手, 雙手
🤲 祈禱, 雙手掌心向上
🤝 手, 握, 握手
🙏 感恩, 雙手合一
✍ 寫, 書寫, 記錄
💅 指甲油, 美甲
🤳 拍, 自, 自拍
💪 強壯, 強壯嘅二頭肌, 肌肉
🦾 機械手臂, 行動不便
🦿 機械腳, 行動不便
🦵 腳, 腿, 踢
🦶 腳, 踢, 踩
👂 耳朵, 身體部位
🦻 戴助聽器的耳朵, 聽障, 身體殘障
👃 身體部位, 鼻, 鼻子
🧠 聰明, 腦
🫀 器官, 心臟, 心跳, 脈搏
🫁 呼吸, 器官, 肺
🦷 牙醫, 牙齒
🦴 骨頭
👀 身體部位, 雙眼
👁 眼睛, 身體部位
👅 伸脷, 吐舌頭, 舌頭, 身體部位
👄 嘴巴, 身體部位
👶 嬰兒, 小嬰兒
🧒 小孩
👦 男孩
👧 女孩
🧑 大人
👱 金頭髮, 金髮人, 金髮嘅人
👨 男, 男人, 男性
🧔 留鬚嘅人, 鬍鬚, 鬚
🧔‍♂ 男人, 男人: 蓄鬍的人, 鬍子
👱‍♂ 男, 金髮, 金髮男人
👩 女, 女人, 女性
🧔‍♀ 女人, 女人: 蓄鬍的人, 鬍子
👱‍♀ 女, 金髮, 金髮女人
🧓 老人家, 老年人, 長者
👴 老人, 老公公｜老伯伯
👵 老太太, 老婆婆, 老婦
🙍 皺眉, 皺眉嘅人, 表情
🙍‍♂ 男人, 男子皺眉, 皺眉, 表情
🙍‍♀ 女人, 女子皺眉, 皺眉, 表情
🙎 撅嘴嘅人, 撅嘴嘅人｜嬲
🙎‍♂ 撅嘴, 男人, 男子噘嘴, 表情
🙎‍♀ 女人, 女子噘嘴, 撅嘴, 表情
🙅 交叉手勢, 唔係, 唔得, 手勢, 用手臂做出交叉手勢嘅人, 禁止
🙅‍♂ NO, 交叉手勢, 唔係, 唔得, 用手臂做出交叉手勢嘅男人, 男, 禁止
🙅‍♀ NO, 交叉手勢, 唔係, 唔得, 女, 用手臂做出交叉手勢嘅女人, 禁止
🙆 用手勢表示 OK 嘅人
🙆‍♂ OK, 可以｜男人｜手勢, 用手勢表示 OK 嘅男人
🙆‍♀ OK, 可以｜女人｜手勢, 用手勢表示 OK 嘅女人
💁 攤開手｜貼士, 攤開手嘅人
💁‍♂ 攤開手｜貼士｜男人, 男子抬手
💁‍♀ 攤開手｜貼士｜女人, 攤開手嘅女人
🙋 舉起一隻手, 開心｜舉起一隻手｜哈囉｜hi
🙋‍♂ 開心｜舉起一隻手｜男人｜哈囉｜hi
🙋‍♀ 開心｜舉起一隻手｜女人｜哈囉｜hi, 開心嘅女人舉起一隻手
🧏 殘障, 耳朵, 聽力, 聽障人士, 聾
🧏‍♂ 男, 聽障, 聽障男人
🧏‍♀ 女, 聽障, 聽障女人
🙇 鞠躬, 鞠躬｜唔好意思｜對唔住｜sorry｜道歉
🙇‍♂ 鞠躬｜唔好意思｜對唔住｜sorry｜男人｜道歉, 鞠躬嘅男人
🙇‍♀ 鞠躬｜唔好意思｜對唔住｜sorry｜女人｜道歉, 鞠躬嘅女人
🤦 不敢相信｜不相信, 遮住塊面, 遮住面
🤦‍♂ 不敢相信｜不相信｜男, 遮住面, 遮住面嘅男人
🤦‍♀ 不敢相信｜不相信｜女, 遮住面, 遮住面嘅女人
🤷 是但, 疑惑, 聳肩, 聳肩嘅人, 隨便
🤷‍♂ 是但, 疑惑｜男人, 聳肩, 聳肩嘅男人, 隨便
🤷‍♀ 是但, 疑惑｜女人, 聳肩, 聳肩嘅女人, 隨便
🧑‍⚕ 治療, 護士, 醫生, 醫護, 醫護人員
👨‍⚕ 男醫生, 男醫護人員, 護士, 醫師, 醫生, 醫護人員
👩‍⚕ 女醫生, 女醫護人員, 護士, 醫師, 醫生, 醫護人員
🧑‍🎓 學生, 畢業
👨‍🎓 學生, 男, 男學生, 畢業生
👩‍🎓 女, 女學生, 學生, 畢業生
🧑‍🏫 教師, 教授, 老師
👨‍🏫 教授, 男, 男老師, 老師, 講師
👩‍🏫 女, 女老師, 教授, 老師, 講師
🧑‍⚖ 正義, 法官
👨‍⚖ 法官, 男, 男法官
👩‍⚖ 女, 女法官, 法官
🧑‍🌾 園丁, 農人, 農夫, 農民
👨‍🌾 園丁, 男, 男農夫, 農夫, 農民
👩‍🌾 園丁, 女, 女農夫, 農婦, 農民
🧑‍🍳 廚師, 烹飪
👨‍🍳 廚師, 男, 男廚師
👩‍🍳 女, 女廚師, 廚師
🧑‍🔧 修理, 工人, 師傅, 技工
👨‍🔧 技工, 機械技師, 男, 男技工, 黑手
👩‍🔧 女, 女技工, 技工, 機械技師, 黑手
🧑‍🏭 作業員, 工廠, 工廠作業員, 工業, 焊接
👨‍🏭 工廠, 工廠工人, 焊工, 焊接, 男, 男工廠工人
👩‍🏭 女, 女工廠工人, 工廠, 工廠工人, 焊工, 焊接
🧑‍💼 上班族, 商務, 白領, 經理
👨‍💼 上班族, 男, 男職員, 白領, 職員
👩‍💼 OL, 上班族, 女, 女職員, 白領, 職員
🧑‍🔬 化學家, 工程師, 物理學家, 生物學家, 科學家
👨‍🔬 男, 男科學家, 科學家
👩‍🔬 女, 女科學家, 科學家
🧑‍💻 工程師, 發明家, 程式設計師, 軟體, 開發人員
👨‍💻 技術人員, 男, 男技術人員, 程式設計師, 軟件, 開發人員
👩‍💻 女, 女技術人員, 技術人員, 程式設計師, 軟件, 開發人員
🧑‍🎤 搖滾, 明星, 歌手, 演員, 藝人
👨‍🎤 明星, 歌手, 男, 男歌手
👩‍🎤 女, 女歌手, 明星, 歌手
🧑‍🎨 藝術家, 調色盤
👨‍🎨 男, 男畫家, 畫家, 藝術家
👩‍🎨 女, 女畫家, 畫家, 藝術家
🧑‍✈ 機長, 飛機
👨‍✈ 機師, 男, 男機師, 飛機, 飛行員
👩‍✈ 女, 女機師, 機師, 飛機, 飛行員
🧑‍🚀 太空人, 火箭
👨‍🚀 太空人, 男, 男太空人
👩‍🚀 太空人, 女, 女太空人
🧑‍🚒 消防員, 消防車
👨‍🚒 消防員, 男, 男消防員
👩‍🚒 女, 女消防員, 消防員
👮 警官, 警察
👮‍♂ 男, 男警, 警察
👮‍♀ 女, 女警, 警察
🕵 偵探, 線人, 臥底, 間諜
🕵‍♂ 偵探, 男, 男偵探, 線人, 臥底, 間諜
🕵‍♀ 偵探, 女, 女偵探, 線人, 臥底, 間諜
💂 守衛, 步兵, 英國衛兵, 衛兵
💂‍♂ 男, 男守衛, 衛兵
💂‍♀ 女, 女守衛, 衛兵
🥷 偷偷, 忍者, 武者, 隱身
👷 地盤工人, 安全帽, 工人, 建築工人
👷‍♂ 地盤工人, 工人, 建築工人, 男, 男建築工人
👷‍♀ 地盤工人, 女, 女建築工人, 工人, 建築工人
🤴 太子, 王子, 皇帝
👸 公主, 王后, 皇后, 童話
👳 戴頭巾嘅人, 戴頭巾嘅人｜戴頭巾
👳‍♂ 戴頭巾, 戴頭巾嘅男人, 男, 綁頭巾, 頭巾
👳‍♀ 女, 戴頭巾, 戴頭巾嘅女人, 綁頭巾, 頭巾
👲 中式帽, 帽, 戴中式帽嘅男人, 瓜皮帽, 男性
🧕 包頭巾嘅女人, 面紗, 頭巾
🤵 燕尾服, 着禮服嘅男人, 禮服, 西裝
🤵‍♂ 燕尾服, 男人, 穿燕尾服的男人
🤵‍♀ 女子, 燕尾服, 穿燕尾服的女人
👰 披著頭紗的人, 新娘, 結婚, 頭紗
👰‍♂ 披著頭紗的男人, 男人, 頭紗
👰‍♀ 女子, 披著頭紗的女人, 頭紗
🤰 大肚, 女性, 孕婦, 懷孕, 有 bb
🤱 哺乳, 餵人奶, 餵奶, 餵母乳
👩‍🍼 媽媽, 嬰兒, 正在餵奶的媽媽, 照顧, 餵奶
👨‍🍼 嬰兒, 正在餵奶的爸爸, 照顧, 爸爸, 餵奶
🧑‍🍼 人, 嬰兒, 正在餵奶的人, 照顧, 餵奶
👼 天使, 天使嬰兒, 嬰兒, 童話
🎅 慶祝, 聖誕節, 聖誕老人
🤶 慶祝, 聖誕婆婆, 聖誕節
🧑‍🎄 聖誕老人, 跨性別聖誕老人
🦸 天賦, 英雄, 超人, 超能力
🦸‍♂ 天賦, 男, 男超人, 英雄, 超人, 超能力
🦸‍♀ 天賦, 女, 女超人, 英雄, 超人, 超能力
🦹 反派, 犯罪, 超級反派, 超能力, 邪惡
🦹‍♂ 反派, 犯罪, 男人, 男超級反派, 超能力, 邪惡
🦹‍♀ 反派, 女人, 女超級反派, 犯罪, 超能力, 邪惡
🧙 巫師, 術士, 魔法師
🧙‍♂ 巫師, 男巫師, 男魔法師, 魔法師
🧙‍♀ 女巫, 女巫師, 女術士, 女魔法師, 巫婆
🧚 仙子, 妖精
🧚‍♂ 男仙子, 男妖精
🧚‍♀ 女仙子, 女妖精
🧛 Vote 不死族, 吸血鬼, 德古拉
🧛‍♂ 不死族, 德古拉｜男吸血鬼, 男吸血鬼
🧛‍♀ 不死族, 女吸血鬼, 德古拉｜女吸血鬼
🧜 人魚
🧜‍♂ 男人魚, 男人魚｜人魚
🧜‍♀ 美人魚, 美人魚｜人魚
🧝 精靈, 精靈｜魔法
🧝‍♂ 男精靈, 男精靈｜魔法
🧝‍♀ 女精靈, 女精靈｜魔法
🧞 燈神, 精靈｜燈神
🧞‍♂ 男燈神, 精靈｜男燈神
🧞‍♀ 女燈神, 精靈｜女燈神
🧟 喪屍, 喪屍｜殭屍｜不死人｜行屍
🧟‍♂ 男喪屍, 男喪屍｜男殭屍｜不死人｜行屍
🧟‍♀ 女喪屍, 女喪屍｜女殭屍｜不死人｜行屍
💆 按摩, 接受頭部按摩嘅人, 正在接受按摩的人, 髮廊
💆‍♂ 按摩｜男人, 接受按摩的男人, 接受頭部按摩嘅男人
💆‍♀ 按摩｜女人, 接受按摩的女人, 接受頭部按摩嘅女人
💇 剪頭髮, 剪髮, 理髮, 美容, 飛髮
💇‍♂ 剪緊頭髮嘅男人, 剪頭髮, 剪髮｜男人, 理髮, 飛髮
💇‍♀ 剪緊頭髮嘅女人, 剪頭髮, 剪髮｜女人, 理髮, 飛髮
🚶 散步, 步行, 漫步 ｜行路, 行人
🚶‍♂ 散步, 男行人, 行路, 行路嘅男人, 路人
🚶‍♀ 女行人, 散步, 行路, 行路嘅女人, 路人
🧍 企係度嘅人, 站立, 站著
🧍‍♂ 企係度嘅男人, 男, 站立 ｜ 企
🧍‍♀ 企, 企係度嘅女人, 女, 站立
🧎 跪, 跪下, 跪低, 跪係度嘅人
🧎‍♂ 男, 跪, 跪下, 跪低, 跪係度嘅男人
🧎‍♀ 女, 跪, 跪下, 跪低, 跪係度嘅女人
🧑‍🦯 拿導盲手杖的人, 盲人, 行動不便
👨‍🦯 拎導盲拐杖嘅男人, 無障礙, 男, 盲人, 視障
👩‍🦯 女, 拎導盲拐杖嘅女人, 無障礙, 盲人, 視障
🧑‍🦼 坐電動輪椅的人, 行動不便, 輪椅
👨‍🦼 坐電動輪椅嘅男人, 無障礙, 男, 輪椅
👩‍🦼 坐電動輪椅嘅女人, 女士, 無障礙, 輪椅
🧑‍🦽 坐輪椅的人, 行動不便, 輪椅
👨‍🦽 坐輪椅嘅男人, 無障礙, 男, 輪椅
👩‍🦽 坐輪椅嘅女人, 女, 無障礙, 輪椅
🏃 跑步, 跑步嘅人, 跑者, 馬拉松
🏃‍♂ 男跑手, 跑步, 跑步嘅男人｜比賽, 跑者, 馬拉松
🏃‍♀ 跑步, 跑步嘅女人, 跑步嘅女人｜比賽, 跑者, 馬拉松
💃 跳舞｜女人, 跳舞嘅女人
🕺 跳舞｜男人, 跳舞嘅男人
🕴 男人, 着住西裝飄浮嘅男人, 西裝
👯 兔女郎, 兔耳仔, 跳舞
👯‍♂ 戴兔耳仔嘅男人, 戴兔耳仔嘅男人｜兔耳仔｜男人, 跳舞
👯‍♀ 戴兔耳仔嘅女人, 戴兔耳仔嘅女人｜兔耳仔｜女人, 跳舞
🧖 焗桑拿, 焗桑拿嘅人, 蒸氣室, 蒸氣浴
🧖‍♂ 焗桑拿, 焗桑拿嘅男人, 蒸氣室, 蒸氣浴
🧖‍♀ 焗桑拿, 焗桑拿嘅女人, 蒸氣室, 蒸氣浴
🧗 攀岩, 攀岩嘅人, 攀岩者, 攀登
🧗‍♂ 攀岩, 攀岩嘅男人, 攀岩者, 攀登
🧗‍♀ 攀岩, 攀岩嘅女人, 攀岩者, 攀登
🤺 劍, 劍擊, 劍擊運動員
🏇 騎師｜騎馬｜馬賽｜馬, 騎馬
⛷ 滑雪, 滑雪者
🏂 滑雪, 滑雪板, 玩滑雪板
🏌 打高爾夫球, 打高爾夫球嘅人｜高爾夫｜球
🏌‍♂ 打高爾夫球嘅男人, 打高爾夫球嘅男人｜高爾夫球｜男人
🏌‍♀ 打高爾夫球嘅女人, 打高爾夫球嘅女人｜高爾夫球｜女人
🏄 滑浪
🏄‍♂ 滑浪, 滑浪嘅男人, 男, 男仔滑浪
🏄‍♀ 女, 女仔滑浪, 滑浪, 滑浪嘅女人
🚣 撐艇, 撐艇｜撐船, 船
🚣‍♂ 划艇嘅男人, 小船, 撐艇｜船, 撐艇嘅男人
🚣‍♀ 划艇嘅女人, 小船, 撐艇｜船, 撐艇嘅女人
🏊 游水, 游水｜游水嘅人
🏊‍♂ 游水｜游水嘅男人, 男泳手
🏊‍♀ 女泳手, 游水｜游水嘅女人
⛹ 打波｜拍波｜打緊波嘅人, 打緊波嘅人
⛹‍♂ 打波｜拍波｜男人, 打緊波嘅男人
⛹‍♀ 打波｜拍波｜女人, 打緊波嘅女人
🏋 舉重
🏋‍♂ 男, 男舉重員, 舉重, 舉重嘅男人
🏋‍♀ 女, 女子舉重, 女舉重員, 舉重
🚴 踩單車, 踩單車｜單車
🚴‍♂ 單車, 男單車手, 踩單車
🚴‍♀ 單車, 女單車手, 踩單車
🚵 踩爬山單車, 踩爬山單車｜爬山單車
🚵‍♂ 男, 踩爬山單車｜爬山單車, 踩爬山單車嘅男人
🚵‍♀ 女, 踩爬山單車｜爬山單車, 踩爬山單車嘅女人
🤸 側手翻, 打關斗, 體操
🤸‍♂ 側手翻｜男, 打側手翻嘅男人, 打關斗, 體操
🤸‍♀ 側手翻｜女, 打側手翻嘅女人, 打關斗, 體操
🤼 個人, 摔角, 摔角手, 摔角選手, 運動
🤼‍♂ 摔角, 男, 男子摔角, 男摔角選手
🤼‍♀ 女, 女子摔角, 女摔角選手, 摔角
🤽 水上, 水球, 水球運動, 運動
🤽‍♂ 打水球嘅男人, 打水球嘅男人｜打水球｜水球
🤽‍♀ 打水球嘅女人, 打水球嘅女人｜打水球｜水球
🤾 手球, 球類, 運動
🤾‍♂ 手球, 打手球, 打手球嘅男人, 打手球嘅男性
🤾‍♀ 手球, 打手球, 打手球嘅女人, 打手球嘅女性
🤹 平衡感, 技藝, 特技, 耍雜技
🤹‍♂ 耍雜技｜雜技｜男, 耍雜技嘅男人
🤹‍♀ 耍雜技｜雜技｜女, 耍雜技嘅女人
🧘 冥想, 打坐, 瑜珈, 盤腿坐, 盤腿坐嘅人, 蓮花坐
🧘‍♂ 冥想, 打坐, 瑜珈, 盤腿坐, 盤腿坐嘅男人, 蓮花坐
🧘‍♀ 冥想, 打坐, 瑜珈, 盤腿坐, 盤腿坐嘅女人, 蓮花坐
🛀 浴缸｜浸浴嘅人｜浸浴, 浸浴嘅人
🛌 床｜瞓覺嘅人｜瞓覺, 瞓覺
🧑‍🤝‍🧑 拖手的人
👭 兩個女人拖住手, 女人拖住手, 拖手, 朋友
👫 一男一女拖住手, 情人, 情侶, 牽手, 牽手的男性和女性
👬 伴侶, 兩個男人, 兩個男人拖住手, 情人, 情侶, 男朋友
💏 情侶, 情侶接吻, 接吻, 親嘴, 談戀愛, 錫緊嘅一男一女
💑 戀愛中, 男人和女人有個愛心
👪 家庭, 親子
🗣 講嘢｜人頭｜剪影, 講緊嘢嘅人頭剪影
👤 人形剪影, 人形剪影｜剪影
👥 雙人剪影, 雙人剪影｜剪影
🫂 抱抱, 掰掰, 擁抱的人, 謝謝
👣 腳印, 足跡
🦰 紅髮, 薑黃
🦱 曲髮, 爆炸頭, 長曲髮
🦳 灰色, 白色, 白頭髮, 老, 頭髮
🦲 光頭, 剃頭, 化療, 沒頭髮, 禿頭
🐵 馬騮, 馬騮面
🐒 猴, 猴子, 馬騮
🦍 動物, 大猩猩, 猩猩
🦧 人猿, 猩猩
🐶 小狗, 狗, 狗仔, 狗樣
🐕 狗
🦮 導盲, 導盲犬, 無障礙, 視障
🐕‍🦺 服務, 服務犬, 無障礙, 狗, 輔助
🐩 貴婦狗
🐺 狼
🦊 動物的臉, 狐狸, 狐狸樣
🦝 好奇, 浣熊, 狡猾
🐱 小貓, 貓, 貓咪, 貓樣, 貓臉
🐈 寵物, 貓
🐈‍⬛ 不幸, 貓, 黑色, 黑貓
🦁 星座, 獅, 獅子, 獅子座, 獅子樣
🐯 小老虎, 老虎, 老虎樣
🐅 老虎, 虎
🐆 花豹, 豹, 豹子
🐴 馬, 馬頭
🐎 賽馬, 跑馬, 馬, 馬術
🦄 獨角獸
🦓 斑馬
🦌 野鹿, 鹿
🦬 水牛, 牧群, 野牛
🐮 牛, 牛樣
🐂 公牛, 牛
🐃 水牛, 牛
🐄 乳牛, 母牛, 牛
🐷 小豬, 豬, 豬仔, 豬樣
🐖 小豬, 豬, 豬仔
🐗 山豬, 豬, 野豬
🐽 豬鼻
🐏 公羊, 山羊座, 星座, 羊
🐑 綿羊, 羊
🐐 山羊, 羊
🐪 單峰駱駝, 駱駝
🐫 雙峰駱駝, 駱駝
🦙 毛, 羊駝毛, 美野生羊駝, 草泥馬
🦒 斑點, 長頸鹿
🐘 大象, 象
🦣 巨大, 毛象, 絕種, 象牙, 長毛象
🦏 動物, 犀牛
🦛 河馬
🐭 老鼠樣
🐁 小老鼠, 老鼠
🐀 老鼠, 鼠
🐹 倉鼠, 倉鼠樣, 寵物
🐰 兔仔, 兔仔樣
🐇 兔, 兔仔, 兔子
🐿 松鼠, 花栗鼠
🦫 水壩, 海狸
🦔 刺蝟
🦇 吸血, 蝙蝠
🐻 小熊, 熊, 熊仔樣
🐻‍❄ 北極熊, 極地, 熊, 白色
🐨 樹熊
🐼 熊貓, 熊貓樣
🦥 慢, 懶, 樹懶
🦦 好玩, 水獺, 釣魚
🦨 臭, 臭鼬
🦘 有袋動物, 澳洲, 袋鼠, 跳
🦡 獾, 蜜獾
🐾 動物腳印, 動物足印, 足跡
🦃 火雞
🐔 雞
🐓 公雞, 雞
🐣 孵化, 孵化雞仔
🐤 小雞, 小雞樣
🐥 小雞, 小雞仔, 雞仔
🐦 雀仔
🐧 企鵝, 鳥
🕊 和平鴿, 白鴿, 鴿
🦅 老鷹, 鳥
🦆 鳥, 鴨, 鴨子
🦢 天鵝, 小天鵝, 醜小鴨, 鳥
🦉 智慧, 貓頭鷹, 鳥
🦤 巨鳥, 模里西斯, 渡渡鳥, 絕種
🪶 羽毛, 輕, 飄, 飛
🦩 熱帶, 紅鶴, 鮮豔
🦚 孔雀, 賣弄, 雌孔雀, 驕傲, 鳥
🦜 海盜, 說話, 鳥, 鸚鵡
🐸 青蛙樣
🐊 鱷, 鱷魚
🐢 小烏龜, 烏龜
🦎 爬行動物, 蜥蜴
🐍 星座, 毒蛇, 蛇, 蛇夫座
🐲 龍, 龍樣
🐉 龍
🦕 恐龍, 腕龍, 蜥腳類恐龍
🦖 恐龍, 暴龍, 霸王龍
🐳 鯨魚, 鯨魚噴水
🐋 座頭鯨, 鯨魚
🐬 海豚
🦭 海獅, 海豹
🐟 魚
🐠 熱帶魚, 魚
🐡 河豚, 魚
🦈 鯊, 鯊魚
🐙 八爪魚, 章魚
🐚 螺殼, 貝殼
🐌 蝸牛
🦋 藍色蝴蝶, 蝴蝶
🐛 毛毛蟲, 毛蟲
🐜 螞蟻, 蟻
🐝 大黃蜂, 蜜蜂, 黃蜂
🪲 昆蟲, 甲蟲, 蟲
🐞 昆蟲, 瓢蟲, 甲蟲
🦗 蟋蟀
🪳 小強, 蟑螂
🕷 昆蟲, 蜘蛛
🕸 網, 蜘蛛網
🦂 蠍, 蠍子
🦟 疾病, 病毒, 瘧疾, 發燒, 蚊子, 蟲
🪰 腐爛, 舌蠅, 蒼蠅, 馬蠅
🪱 寄生蟲, 環節動物, 蚯蚓, 蠕蟲
🦠 微生物, 病毒, 細菌, 阿米巴
💐 一紮花, 花束, 鬱金香花束
🌸 櫻花, 花
💮 白色花朵, 白花
🏵 玫瑰花飾, 黃色玫瑰花飾
🌹 玫瑰, 玫瑰花, 紅玫瑰
🥀 凋謝嘅玫瑰, 凋謝嘅花, 枯萎, 枯萎嘅玫瑰, 枯萎嘅花
🌺 扶桑花, 杜鵑花, 芙蓉, 芙蓉花, 花
🌻 向日葵, 太陽花, 花
🌼 花, 花朵, 開花
🌷 花, 鬱金香
🌱 幼苗
🪴 室內植物, 植物, 生長, 盆景, 觀賞
🌲 常綠樹, 樹
🌳 樹, 落葉樹
🌴 棕櫚樹, 樹
🌵 仙人掌, 植物
🌾 稻穗, 穀物
🌿 九層塔, 牛至草, 羅勒, 草本植物, 香草
☘ 三葉草, 草
🍀 四葉草, 幸運草
🍁 楓葉, 紅葉, 葉子
🍂 枯葉, 落葉
🍃 落葉, 隨風飄落嘅樹葉
🍇 提子, 水果, 葡萄
🍈 哈密瓜, 水果, 蜜瓜, 香瓜
🍉 水果, 西瓜
🍊 柑橘, 柳橙, 橙, 水果
🍋 檸檬, 水果, 萊姆
🍌 水果, 香蕉
🍍 水果, 菠蘿
🥭 水果, 熱帶, 芒果
🍎 水果, 紅蘋果, 蘋果
🍏 水果, 蘋果, 青蘋果
🍐 啤梨, 梨, 水果, 西洋梨
🍑 桃, 桃子, 水果, 水蜜桃
🍒 櫻桃, 水果, 車厘子
🍓 士多啤梨, 水果
🫐 漿果, 莓果, 藍莓
🥝 奇異果, 水果, 食物
🍅 水果, 番茄
🫒 橄欖
🥥 椰子
🥑 牛油果
🍆 矮瓜, 茄子, 蔬菜
🥔 蔬菜, 薯仔, 馬鈴薯
🥕 紅蘿蔔, 胡蘿蔔, 蔬菜, 蘿蔔
🌽 玉米, 粟米, 蔬菜
🌶 指天椒, 紅椒, 蔬菜, 辣椒
🫑 甜椒, 蔬菜, 辣椒
🥒 蔬菜, 青瓜, 青瓜切片
🥬 小白菜, 甘藍菜, 綠色蔬菜, 羽衣甘藍, 萵苣
🥦 西蘭花
🧄 蒜頭, 調味
🧅 洋蔥, 調味
🍄 菇類, 蘑菇, 香菇
🥜 堅果, 果仁, 花生
🌰 栗子, 植物
🍞 多士麵包, 麵包
🥐 牛角包, 麵包
🥖 法包, 法國麵包, 法棍包, 麵包
🫓 印度南餅, 圓麵餅, 玉米麵包, 薄麵包, 麵餅
🥨 蝴蝶圈
🥯 貝果, 醬, 麵包
🥞 烙餅, 烤餅, 班戟
🧇 楓糖, 窩夫, 鐵
🧀 芝士
🍖 大塊的肉, 肉骨, 骨的肉
🍗 雞肉, 雞腿, 雞鎚, 雞髀
🥩 牛扒, 羊扒, 肉塊, 豬扒
🥓 煙肉, 煙肉片, 食物
🍔 漢堡, 漢堡包
🍟 炸薯條, 薯條
🍕 一塊薄餅, 一片薄餅, 薄餅
🌭 熱狗, 香腸
🥪 三文治
🌮 塔可餅, 玉米餅, 墨西哥塔可餅, 墨西哥夾餅, 墨西哥玉米餅
🌯 捲餅, 墨西哥捲餅
🫔 捲餅, 玉米粉蒸肉, 墨西哥
🥙 口袋餅, 有餡三文治, 皮塔, 皮塔三文治
🧆 炸豆餅, 肉丸, 鷹嘴豆
🥚 蛋, 食物
🍳 平底鑊, 煮飯, 煎蛋, 荷包蛋, 鑊, 雞蛋
🥘 一鍋食物, 海鮮飯, 淺鍋, 鍋, 食物
🍲 打邊爐
🫕 乳酪, 巧克力, 涮製菜餚, 瑞士, 融化, 鍋
🥣 匙羮, 匙羮同碗, 碗, 粥, 附有湯匙的碗
🥗 沙律, 生菜沙律, 蔬菜沙律
🍿 爆谷
🧈 乳製品, 牛油
🧂 調味料, 調味瓶, 鹽
🥫 罐頭, 罐頭食品
🍱 便當, 飯盒
🍘 仙貝, 米果, 米餅
🍙 飯糰
🍚 白飯, 米飯, 飯
🍛 咖哩飯, 飯
🍜 拉麵, 湯麵, 熱氣騰騰嘅碗, 麵碗
🍝 意大利粉, 意大利麪, 意大利麵, 意粉
🍠 煨蕃薯
🍢 海鮮, 烤肉串, 竹籤, 關東煮
🍣 壽司
🍤 天婦羅, 炸蝦, 蝦
🍥 日式魚蛋, 魚板, 魚糕, 魚餅, 鳴門卷
🥮 中秋, 月餅
🍡 串燒三兄弟, 丸子串, 和菓子
🥟 水餃, 煎餃, 餃子
🥠 幸運曲奇, 幸運餅乾
🥡 外賣, 外賣盒
🦀 星座, 螃蟹, 蟹
🦞 海鮮, 濃湯, 爪, 龍蝦
🦐 明蝦, 蝦, 蝦子
🦑 動物, 烏賊, 魷魚
🦪 潛水, 珍珠, 蠔
🍦 甜筒, 甜筒雪榚, 軟雪糕, 雪榚
🍧 冰, 刨, 刨冰, 甜品
🍨 雪糕
🍩 冬甩, 甜甜圈, 甜點
🍪 曲奇, 甜品, 餅乾
🎂 慶祝, 有蠟燭的蛋糕, 生日, 生日蛋糕, 蛋糕
🍰 一塊蛋糕, 士多啤梨蛋糕, 甜點, 蛋糕, 點心
🧁 杯子蛋糕, 烘焙, 甜點
🥧 批
🍫 一排朱古力, 朱古力, 甜品
🍬 甜品, 糖, 糖果
🍭 波板糖
🍮 吉士, 布甸, 焦糖布甸, 甜品, 甜食, 甜點, 雞蛋布甸
🍯 糖罐, 蜂蜜, 蜂蜜壺, 蜜糖罐
🍼 奶樽, 牛奶, 牛奶樽
🥛 一杯牛奶, 牛奶
☕ 熱咖啡, 熱飲, 茶
🫖 壺, 茶, 茶壺, 飲品
🍵 冇耳嘅茶杯, 抹茶, 熱茶, 綠茶, 茶
🍶 杯子, 清酒, 清酒瓶, 米酒, 酒杯, 酒瓶
🍾 酒樽, 開緊蓋嘅樽, 香檳, 香檳酒樽
🍷 一杯紅酒, 一杯酒, 紅酒, 酒, 酒杯
🍸 調酒, 酒, 雞尾酒, 雞尾酒杯
🍹 熱帶飲品, 調酒, 雞尾酒, 飲料
🍺 啤酒, 啤酒杯, 酒, 酒吧, 酒杯
🍻 乾杯
🥂 喝香檳, 杯, 舉杯慶祝, 酒杯, 香檳酒杯
🥃 威士忌, 威士忌杯, 烈酒, 玻璃杯, 酒杯
🥤 有飲管嘅杯, 果汁, 汽水
🧋 手搖, 珍奶, 珍珠, 珍珠奶茶
🧃 果汁, 紙包裝
🧉 瑪黛茶, 飲品
🧊 冰山, 冰粒, 冷
🥢 筷子
🍽 刀叉同碟, 刀子, 叉子, 餐具
🍴 刀叉
🥄 匙羹, 餐具
🔪 刀, 菜刀
🏺 瓶子, 罐子, 花瓶, 雙耳瓶
🌍 地球, 星球, 非洲地球, 顯示歐洲同非洲嘅地球, 顯示歐洲和非洲的地球
🌎 地球, 美洲地球, 顯示美洲嘅地球, 顯示美洲的地球
🌏 世界, 亞洲和澳洲地球, 亞洲地球, 地球, 顯示亞洲和澳洲的地球
🌐 地球, 帶有經緯嘅地球, 經緯
🗺 世界, 世界地圖, 地圖
🗾 日本, 日本地圖, 日本鳥瞰圖
🧭 定向, 導航, 指南針, 磁鐵
🏔 雪山, 雪峰
⛰ 山, 山峰
🌋 火山, 火山爆發
🗻 富士山, 山峰
🏕 帳篷, 露營
🏖 海灘, 海灘陽傘
🏜 沙漠
🏝 荒島
🏞 公園, 國家公園
🏟 運動場, 運動場館, 體育館
🏛 古典建築, 古蹟
🏗 地盤, 建築, 建築地盤, 建築物, 施工中
🧱 泥土, 灰泥, 牆壁, 磚頭
🪨 巨礫, 石材, 石頭
🪵 木料, 木材, 木頭
🛖 圓頂帳篷, 小屋, 房屋
🏘 屋
🏚 廢墟, 廢棄, 殘破, 破舊, 老舊, 荒廢嘅屋
🏠 家, 房子
🏡 別墅, 家, 有花園嘅屋
🏢 辦公大樓, 高樓大廈
🏣 日本郵局, 郵局
🏤 歐洲郵局, 郵局
🏥 醫生, 醫療, 醫院
🏦 銀行
🏨 旅社, 旅館, 酒店, 飯店
🏩 愛情賓館
🏪 便利店
🏫 學校, 校舍
🏬 百貨公司, 購物商場
🏭 工廠, 廠房
🏯 城堡, 日本城堡
🏰 城堡, 歐洲城堡
💒 婚禮, 教堂
🗼 東京, 東京鐵塔
🗽 自由女神
⛪ 十字架, 基督教, 教堂
🕌 清真寺, 穆斯林
🛕 印度, 印度廟, 廟
🕍 猶太, 猶太教會
⛩ 神社, 鳥居
🕋 神社, 穆斯林, 聖堂, 麥加
⛲ 噴水池, 噴泉
⛺ 帳篷, 露營
🌁 有霧, 霧
🌃 城市, 夜景, 天際線, 星空
🏙 城市, 城市景觀
🌄 山頭嘅日出, 日出, 黎明
🌅 太陽, 日出, 陽光
🌆 夕陽, 日落, 黃昏
🌇 夕陽, 日落
🌉 夜晚嘅橋, 夜景
♨ 泡湯, 溫泉
🎠 旋轉木馬
🎡 摩天輪
🎢 過山車
💈 髮型屋, 髮型屋招牌
🎪 馬戲團, 馬戲團帳篷
🚂 火車, 蒸汽火車
🚃 鐵路車輛
🚄 火車, 高速列車
🚅 子彈火車, 高速列車
🚆 火車
🚇 列車, 地下鐵, 地鐵, 捷運
🚈 火車, 輕軌列車
🚉 車站
🚊 電動巴士, 電車
🚝 單軌電車
🚞 上山鐵路, 火車
🚋 纜車, 電纜車, 電車
🚌 公共汽車, 巴士
🚍 巴士, 接近中嘅巴士
🚎 巴士, 電動車, 電車
🚐 小巴
🚑 救護車
🚒 消防車
🚓 警車
🚔 警察車, 警車
🚕 的士, 計程車
🚖 接近中的計程車, 的士
🚗 汽車, 車, 轎車
🚘 汽車, 車, 車輛, 轎車
🚙 休旅車, 吉普車, 旅行車
🛻 卡車, 敞篷小貨車, 皮卡車
🚚 貨車, 送貨卡車, 送貨貨車
🚛 貨櫃車, 貨車
🚜 拖拉機
🏎 賽車, 車
🏍 賽車, 電單車
🛵 綿羊仔, 電單車
🦽 行動不便, 輪椅
🦼 行動不便, 電動輪椅
🛺 篤篤車
🚲 單車, 腳踏車, 自行車
🛴 滑板車, 滑行
🛹 滑板
🛼 溜冰, 滑輪, 輪式溜冰鞋
🚏 巴士站, 巴士站牌
🛣 公路, 高速公路
🛤 鐵軌, 鐵道
🛢 油桶
⛽ 入油, 油站
🚨 警察, 警車燈
🚥 交通號誌, 紅綠燈
🚦 交通燈, 直式紅綠燈, 紅綠燈
🛑 停止, 停止標誌, 標誌
🚧 工地, 施工
⚓ 船錨, 錨
⛵ 帆船
🛶 獨木舟, 船
🚤 快艇
🛳 客輪, 船
⛴ 渡輪, 船
🛥 快艇, 汽艇, 船
🚢 船
✈ 飛機
🛩 小型飛機, 小飛機
🛫 起飛, 起飛緊嘅飛機
🛬 降落, 降落緊嘅飛機
🪂 懸掛式滑翔, 滑翔傘, 跳傘, 降落傘
💺 座位, 座椅
🚁 直升機
🚟 懸浮列車
🚠 纜車
🚡 吊車, 空中纜車, 纜車
🛰 衛星
🚀 火箭
🛸 UFO, 不明飛行物體, 飛碟
🛎 叮叮鐘, 按鈴, 按鐘, 撳鐘, 㩒鐘, 服務鈴
🧳 打包, 旅行, 行李
⌛ 沙漏
⏳ 沙漏, 流緊沙嘅沙漏
⌚ 手錶, 錶
⏰ 時鐘, 鬧鐘
⏱ 時鐘, 秒錶
⏲ 時鐘, 計時器
🕰 壁爐鐘, 時鐘
🕛 十二點
🕧 十二點半
🕐 一點
🕜 一點半
🕑 兩點
🕝 兩點半
🕒 三點
🕞 三點半
🕓 四點
🕟 四點半
🕔 五點
🕠 五點半
🕕 六點
🕡 六點半
🕖 七點
🕢 七點半
🕗 八點
🕣 八點半
🕘 九點
🕤 九點半
🕙 十點
🕥 十點半
🕚 十一點
🕦 十一點半
🌑 新月, 月亮
🌒 娥眉月, 月亮
🌓 上弦月, 月亮
🌔 月亮, 盈凸月
🌕 月亮, 滿月
🌖 凸月, 月亮, 虧凸月
🌗 下弦月, 月亮
🌘 殘月, 眉形殘月
🌙 彎月, 月亮, 月牙, 残月
🌚 新月, 新月嘅面孔, 月亮, 有臉的新月
🌛 上弦月嘅面孔, 月亮
🌜 下弦月, 下弦月嘅面孔, 月亮
🌡 溫度計
☀ 太陽
🌝 月亮, 滿月嘅面孔
🌞 太陽, 太陽笑面
🪐 土星, 土星環, 有行星環的行星
⭐ 星星
🌟 星星, 閃亮嘅星星
🌠 星星, 流星
🌌 星空, 銀河
☁ 天氣, 雲
⛅ 天氣, 陰天
⛈ 天氣, 有雷雨嘅雲
🌤 天氣, 太陽喺一嚿細雲後面
🌥 天氣, 太陽喺一大片雲後面
🌦 天氣, 太陽喺雨雲後面
🌧 天氣, 雨雲
🌨 天氣, 落雪嘅雲
🌩 天氣, 閃電
🌪 天氣, 龍捲風
🌫 天氣, 有霧
🌬 刮風, 天氣, 風吹臉
🌀 天氣, 暈, 颱風
🌈 彩虹
🌂 收起嘅遮, 遮, 雨傘
☂ 遮, 雨傘
☔ 落雨, 遮
⛱ 沙灘遮, 遮
⚡ 閃電, 電, 高壓電
❄ 雪花
☃ 雪中的雪人, 雪人
⛄ 雪人
☄ 慧星
🔥 火, 火焰
💧 水滴, 汗
🌊 波浪, 海浪
🎃 南瓜, 南瓜燈
🎄 聖誕樹
🎆 焰火, 煙花, 爆竹
🎇 焰火, 煙花, 燦爛煙花
🧨 火藥, 炮仗, 煙火, 爆炸
✨ 閃亮, 閃光
🎈 氣球
🎉 拉炮
🎊 五彩紙屑, 恭賀彩球
🎋 七夕, 七夕樹
🎍 盆栽, 開運竹
🎎 女兒節, 日本公仔
🎏 鯉魚旗
🎐 風鈴
🎑 賞月
🧧 利是, 利是封, 吉利, 壓歲錢, 禮物
🎀 蝴蝶結
🎁 慶祝, 禮物, 禮盒
🎗 意識絲帶, 提醒絲帶, 支持絲帶, 絲帶, 黃絲帶
🎟 入場券, 票券
🎫 入場卷, 票, 門票
🎖 勳章, 軍事獎章
🏆 獎盃
🏅 體育獎章
🥇 冠軍, 第一名, 金牌
🥈 亞軍, 第二名, 銀牌
🥉 季軍, 第三名, 銅牌
⚽ 球, 足球
⚾ 棒球, 球
🥎 低手, 壘球, 手套, 球
🏀 球, 籃球
🏐 排球, 球
🏈 球, 美式足球
🏉 欖球, 球
🎾 球, 網球
🥏 極限, 飛盤
🎳 保齡球, 球
🏏 板球, 球
🏑 曲棍球, 球
🏒 冰上曲棍球, 球
🥍 得分, 球, 球桿, 袋棍球
🏓 乒乓球, 球
🏸 球, 羽毛球
🥊 手套, 拳擊, 拳擊手套, 競技, 運動
🥋 柔道, 武術, 競技, 跆拳道, 運動, 道服
🥅 球網, 運動, 龍門
⛳ 哥爾夫球
⛸ 溜冰, 溜冰鞋
🎣 釣竿, 釣魚
🤿 水肺潛水, 浮潛, 潛水, 潛水面罩
🎽 運動, 運動服
🎿 滑雪
🛷 滑雪橇, 雪橇
🥌 冰石壺, 石頭, 遊戲
🎯 命中, 正中紅心
🪀 搖搖, 滾動, 玩具
🪁 上升, 風箏, 飛
🎱 桌球, 球
🔮 占卜, 水晶球, 算命
🪄 巫婆, 巫師, 神仙棒, 魔杖, 魔法
🧿 珠子, 護身符, 避邪, 邪眼
🎮 電子遊戲, 電玩
🕹 控制杆
🎰 老虎機
🎲 骰子
🧩 拼, 拼圖, 片, 線索, 謎題
🧸 填充, 毛公仔, 泰迪熊, 玩具
🪅 慶祝, 派對, 皮納塔
🪆 俄羅斯, 俄羅斯娃娃, 多層, 娃娃
♠ 啤牌, 葵扇
♥ 啤牌, 紅心
♦ 啤牌, 階磚
♣ 啤牌, 梅花
♟ 兵, 戰略, 棋子, 鬥智
🃏 鬼牌
🀄 紅中, 麻將, 麻雀
🎴 花啤牌, 花札紙牌, 花牌
🎭 表演藝術, 面具
🖼 畫, 相片連相框
🎨 調色板, 調色盤
🧵 線, 線軸, 縫紉, 針
🪡 刺繡, 縫, 縫紉, 裁縫針, 針
🧶 毛冷, 球, 織, 針織
🪢 交織, 細繩, 結, 繩結
👓 眼鏡
🕶 太陽眼鏡, 墨鏡
🥽 游泳, 焊工, 蛙鏡, 護眼罩
🥼 實驗, 實驗袍, 科學家, 醫生
🦺 安全, 救生衣, 緊急狀況, 背心
👔 領呔
👕 T恤, 襯衫
👖 牛仔褲, 褲子
🧣 圍巾, 頸巾
🧤 手, 手套
🧥 外套, 大衣, 大褸, 夾克
🧦 襪子, 長襪
👗 裙子, 連身裙
👘 和服, 日本
🥻 莎麗, 衣服, 裙
🩱 一件式泳衣, 泳衣
🩲 一件式, 泳衣, 泳褲
🩳 底褲, 泳褲, 短褲, 褲
👙 三點式, 比堅尼
👚 女裝, 衣服
👛 荷包, 銀包
👜 包包, 手袋, 皮包
👝 包包, 手拿包
🛍 紙袋, 購物袋
🎒 書包, 肩揹書包
🩴 人字拖, 拖鞋, 沙灘涼鞋, 海灘鞋, 草鞋
👞 皮鞋, 鞋
👟 波鞋, 運動鞋
🥾 登山靴, 皮靴, 背包, 行山, 露營
🥿 平底鞋, 懶人鞋, 拖鞋, 芭蕾舞鞋
👠 女裝鞋, 高踭鞋
👡 拖鞋, 涼鞋
🩰 舞, 芭蕾, 芭蕾舞鞋
👢 長靴, 靴子
👑 皇冠
👒 帽子, 淑女帽
🎩 帽子, 禮帽, 紳士帽, 魔術師帽
🎓 畢業帽
🧢 棒球帽, 鴨舌帽
🪖 戰鬥, 軍人, 軍隊, 頭盔
⛑ 安全帽, 工程安全帽
📿 頸鏈, 首飾
💄 化妝, 化妝品, 唇膏
💍 戒指, 鑽戒
💎 鑽石
🔇 關掉喇叭, 靜音
🔈 細聲｜喇叭, 細聲喇叭
🔉 喇叭, 聲量中等, 聲量中等嘅喇叭
🔊 喇叭, 大聲, 聲量大嘅喇叭, 高音量
📢 喇叭, 大聲公, 擴音器
📣 傳聲筒
📯 通知, 郵政號角, 郵政通知
🔔 鐘
🔕 冇聲, 冇聲嘅鐘, 無聲, 鐘, 靜音
🎼 樂譜, 音樂
🎵 音樂, 音符
🎶 三個音符, 音樂, 音符｜三個音符
🎙 咪高風, 錄音室咪高風
🎚 滑桿, 滑桿 ｜音樂
🎛 控制旋鈕, 音樂
🎤 卡拉OK, 咪高風, 唱歌, 歌
🎧 耳筒, 耳筒｜音樂
📻 收音機
🎷 樂器｜色士風, 色士風
🪗 六角手風琴, 手風琴
🎸 樂器, 結他
🎹 樂器, 鋼琴, 電子琴
🎺 小號, 樂器
🎻 小提琴, 樂器
🪕 弦樂器, 班卓琴, 音樂
🥁 打擊樂, 音樂, 鼓, 鼓棒, 鼓槌
🪘 小鼓, 康加舞, 打擊, 節奏, 長鼓, 鼓
📱 手提電話, 手提電話｜電話
📲 個有箭嘴嘅電話, 手提電話, 接電話, 電話
☎ 室內電話, 電話
📞 電話筒, 電話筒｜電話
📟 傳呼機, 傳呼機｜Call機
📠 FAX, 傳真機
🔋 電池
🔌 插蘇
💻 pc, 手提電腦, 筆記型電腦
🖥 桌上型電腦, 桌面電腦, 電腦
🖨 列印機, 印表機
⌨ 鍵盤, 電腦
🖱 滑鼠, 電腦
🖲 軌跡球
💽 迷你光碟
💾 磁碟
💿 CD, 光碟
📀 DVD, 光碟
🧮 算盤, 計數
🎥 攝影機, 電影攝影機
🎞 菲林, 菲林｜電影菲林
📽 投影機, 放映機, 電影放映機
🎬 場記板
📺 電視, 電視｜TV
📷 相機
📸 照, 開咗閃光燈嘅相機, 開閃光燈｜相機
📹 攝影機, 錄影機
📼 VHS, 錄影帶
🔍 向左嘅放大鏡, 向左嘅放大鏡｜放大｜搜尋
🔎 向右嘅放大鏡, 向右嘅放大鏡｜放大｜搜尋
🕯 蠟燭
💡 燈膽
🔦 燈, 電筒
🏮 居酒屋｜燈籠, 燈, 燈籠, 紙燈籠
🪔 油, 燈, 陶碗, 陶碗油燈
📔 彩色封面筆記簿, 彩色封面筆記簿｜筆記簿
📕 閂埋嘅書, 閂埋嘅書｜書
📖 打開嘅書, 打開嘅書｜書
📗 綠色簿, 綠色簿｜書｜綠色
📘 藍色簿, 藍色簿｜書｜藍色
📙 橙色簿, 橙色簿｜書｜橙色
📚 一疊書, 書, 書本, 書籍｜一疊書
📓 筆記簿
📒 帳簿, 帳簿｜簿
📃 彎曲嘅文件, 文件, 文件檔
📜 捲軸, 書卷, 羊皮紙
📄 文件, 文件正面, 文書, 文檔
📰 報紙, 新聞
🗞 報紙, 捲起嘅報紙, 新聞
📑 書籤標籤, 書籤頁, 標記頁面
🔖 書籤
🏷 吊牌, 標籤
💰 一袋錢, 一袋錢｜錢袋｜錢
🪙 寶藏, 硬幣, 金, 金屬, 銀, 錢
💴 日元, 日元紙幣, 日本貨幣
💵 美金, 美金紙幣, 貨幣, 鈔票, 錢
💶 歐元, 歐元紙幣, 貨幣, 鈔票, 錢
💷 英鎊, 英鎊紙幣, 貨幣, 鈔票, 錢
💸 冇錢, 錢飛走
💳 信用卡, 碌卡
🧾 收據, 會計, 記賬, 證據
💹 上升, 圖表, 市場走勢, 日元升值, 有日元標誌嘅向上折線圖
✉ 信, 信封, 郵件
📧 email, 郵件, 電郵
📨 來信, 信, 信封, 收信, 郵件
📩 信, 寄信, 有箭嘴嘅信封, 發出, 郵件
📤 寄件箱, 發出, 郵件, 郵箱｜信
📥 收件箱, 郵件｜ 收到, 郵箱｜信
📦 包裹, 箱
📫 信箱, 有信, 要收信, 閂咗嘅郵箱, 關上嘅郵箱（旗標直立）
📪 信箱, 冇信, 空信箱, 閂咗嘅郵箱, 關上嘅郵箱（旗標平放）
📬 信箱, 收信, 有信, 開住嘅郵箱（旗標直立）, 開咗嘅郵箱
📭 信箱, 個開住嘅郵箱（旗標平放）, 冇信, 空信箱, 開咗嘅郵箱
📮 信箱, 郵筒, 郵箱
🗳 投票, 投票箱, 票箱
✏ 鉛筆
✒ 鋼筆, 鋼筆頭
🖋 鋼筆, 鋼筆｜筆
🖊 原子筆, 原子筆｜筆
🖌 畫筆, 畫筆｜畫畫
🖍 蠟筆
📝 便條, 筆
💼 公事包
📁 文件夾
📂 打開｜文件夾｜文件, 打開嘅文件夾
🗂 索引｜分隔｜卡, 索引分隔卡
📅 日曆, 日曆｜日期
📆 撕開嘅日曆
🗒 線圈筆記簿, 線圈筆記簿｜筆記簿
🗓 日曆, 線圈日曆
📇 卡片盒, 卡片索引, 名片盒, 索引卡
📈 向上, 向上折線圖, 圖形, 圖表, 正向, 線條, 趨勢
📉 下降, 向下, 向下折線圖, 圖形, 圖表, 線條, 趨勢｜下跌
📊 圖表, 棒形圖
📋 剪貼簿
📌 大頭釘
📍 圓頭大頭釘, 圓頭大頭釘｜大頭釘
📎 萬字夾
🖇 連住嘅萬字夾, 連住嘅萬字夾｜萬字夾
📏 間尺, 間尺｜尺
📐 三角尺, 尺
✂ 剪刀, 工具, 骹剪, 骹剪｜剪
🗃 卡片檔案盒, 卡片檔案盒｜卡片｜盒
🗄 檔案櫃, 檔案櫃｜檔案
🗑 垃圾桶
🔒 鎖, 鎖上 ｜上鎖
🔓 打開, 解鎖, 鎖, 開鎖
🔏 鋼筆, 鋼筆和鎖, 鎖
🔐 鎖, 鑰匙, 鑰匙和鎖
🔑 密碼, 鎖, 鑰匙
🗝 舊鎖匙, 舊鎖匙｜鎖匙
🔨 鎚仔, 鎚仔｜工具
🪓 分割, 斧頭, 木頭, 短柄斧頭, 砍
⛏ 十字鋤, 鑿｜工具
⚒ 鎚仔同十字鋤, 鎚仔同十字鋤｜鎚仔｜十字鋤
🛠 鎚仔同士巴拿, 鎚仔同士巴拿｜鎚仔｜士巴拿
🗡 匕首
⚔ 劍
🔫 手槍, 槍, 槍｜武器｜工具, 水槍
🪃 回飛棒, 澳洲, 迴力鏢, 迴旋, 迴旋鏢
🏹 射箭｜射手, 弓, 弓箭, 箭
🛡 盾牌, 盾牌｜武器
🪚 工具, 木工, 木工鉅, 木材, 鉅子
🔧 士巴拿, 士巴拿｜工具
🪛 工具, 羅賴把, 螺絲, 螺絲起子
🔩 工具, 螺絲, 螺絲帽
⚙ 工具, 齒輪
🗜 車輪夾鎖, 車輪夾鎖｜夾｜壓縮｜工具
⚖ 天秤, 平衡｜公正, 秤
🦯 導盲拐杖, 無障礙｜盲人｜視障
🔗 連結
⛓ 鍊, 鍊子｜鍊條｜鍊
🪝 勾, 彎曲, 鉤, 鉤子, 鉤形
🧰 器具, 工具, 工具箱, 箱子
🧲 五金, 磁力, 磁鐵
🪜 梯子, 橫木, 爬, 踩
⚗ 化學, 蒸餾, 蒸餾器
🧪 化學, 實驗, 科學｜實驗室, 試管
🧫 培養皿, 實驗室｜實驗, 生物學家, 細菌｜生物
🧬 DNA, 基因, 演化, 生命, 生物學家
🔬 顯微鏡
🔭 望遠鏡, 觀測｜工具
📡 天線, 衛星天線
💉 注射器, 針筒
🩸 一滴血, 捐血, 經期, 藥
💊 藥, 藥丸
🩹 繃帶, 膠布
🩺 心跳, 聽診器, 藥, 醫生
🚪 門
🛗 上升, 方便, 貨梯, 電梯
🪞 反射, 反射鏡, 反映, 鏡子
🪟 框, 窗, 窗戶, 觀景, 透明
🛏 床, 睡覺
🛋 梳化｜座地燈, 梳化和座地燈
🪑 坐, 椅子
🚽 廁所, 馬桶
🪠 吸把, 通水器, 通馬桶
🚿 淋浴, 花灑頭
🛁 浴缸
🪤 捕鼠, 捕鼠器, 捕鼠夾, 陷阱, 餌
🪒 剃, 剃刀, 鋒利
🧴 lotion, 保濕, 洗髮水, 潤膚乳, 潤膚乳樽, 防曬
🧷 尿片｜punk rock, 扣針
🧹 巫婆, 掃, 掃帚, 清潔
🧺 洗衫, 種菜, 籃, 野餐
🧻 一捲廁紙, 廁紙｜紙巾
🪣 一桶, 提桶, 桶, 桶子, 水桶
🧼 沖涼, 泡泡, 清潔, 番梘, 番梘碟
🪥 刷子, 浴室, 清潔, 牙刷, 牙齒
🧽 吸水, 海綿, 清潔, 透氣
🧯 撲滅, 滅火, 滅火筒
🛒 推車, 購物, 購物車
🚬 吸煙, 抽煙, 香煙
⚰ 棺材, 棺材 ｜ 死亡
🪦 RIP, 墓, 墓園, 墓石, 墓碑, 墳墓
⚱ 死亡, 骨灰甕, 骨灰罈
🗿 moai, 復活島, 復活島石像, 復活節島, 復活節島石像
🪧 佈告, 公告, 告示牌, 標示, 標語牌
🏧 提款機
🚮 垃圾桶, 垃圾桶標誌
🚰 飲用水
♿ 傷殘人士, 殘障人士, 無障礙空間, 輪椅符號
🚹 男廁
🚺 女廁
🚻 洗手間
🚼 嬰兒, 嬰兒符號
🚾 WC, 廁所, 洗手間
🛂 通關檢查
🛃 海關
🛄 提取行李
🛅 寄存行李
⚠ 警告
🚸 小心兒童
⛔ 禁止, 禁止通行, 禁止進入, 限制通行
🚫 禁止, 禁止標誌, 禁止通行
🚳 禁止單車
🚭 禁止吸煙, 禁煙
🚯 請勿亂丟垃圾
🚱 禁止喝水, 禁止飲水, 非飲用水
🚷 行人禁止
📵 禁用手提電話
🔞 十八禁, 只限 18 歲以上人士
☢ 輻射, 輻射標誌
☣ 生物危害, 生物危害標誌
⬆ 上箭嘴, 上箭嘴按鈕, 方向
↗ 上右箭嘴, 方向
➡ 右箭嘴, 向右箭頭, 方向
↘ 下右箭嘴, 方向
⬇ 下箭嘴, 方向
↙ 下左箭嘴, 方向
⬅ 左箭嘴, 方向
↖ 上左箭嘴, 方向
↕ 上下箭嘴
↔ 左右箭嘴
↮ 左右箭嘴删除线
↩ 向左彎嘅右箭嘴
↪ 向右彎嘅左箭嘴
⤴ 向上彎嘅右箭嘴
⤵ 向下彎嘅右箭嘴
🔃 順時針方向, 順時針方向垂直嘅箭嘴
🔄 逆時針, 逆時針箭嘴, 逆時針箭嘴按鈕
🔙 向後, 向後箭嘴, 後退, 後退箭嘴
🔚 結束, 結束箭嘴
🔛 「On!」, 「On!」箭嘴
🔜 soon 標誌的箭嘴, 即將
🔝 top 標誌的箭嘴, 向上
🛐 祈禱, 祈禱室, 祈禱室符號
⚛ 原子, 原子符號
🕉 唵, 梵文
✡ 六角星
☸ 法則輪
☯ 陰陽
✝ 十字架, 拉丁十字架
☦ 十字, 十字架, 東正教十字架, 正教會十字
☪ 伊斯蘭教星月, 星月
☮ 和平, 和平符號
🕎 光明節燈台
🔯 中間帶點的六角星, 六角星
♈ 星座, 牡羊座, 白羊座
♉ 星座, 金牛座
♊ 星座, 雙子座
♋ 巨蟹座, 星座
♌ 星座, 獅子座
♍ 星座, 處女座
♎ 天秤座, 星座
♏ 天蠍座, 星座
♐ 射手座, 星座
♑ 山羊座, 星座
♒ 星座, 水瓶座
♓ 星座, 雙魚座
⛎ 星座, 蛇夫座
🔀 交叉, 隨機播放, 隨機播放按鈕
🔁 重播, 重播按鈕, 順時針
🔂 重播單曲按鈕, 重複播放單曲, 順時針
▶ 按鈕, 播放, 播放按鈕
⏩ 快轉, 快速快轉按鈕
⏭ 下一首, 下一首按鈕
⏯ 播放或暫停, 播放或暫停按鈕
◀ 回帶, 回帶按鈕
⏪ 快速倒轉, 快速倒轉按鈕
⏮ 上一首, 上一首按鈕
🔼 向上, 向上按鈕, 按鈕, 紅
⏫ 向上快捲, 向上快捲按鈕
🔽 向下, 向下按鈕, 按鈕, 紅
⏬ 向下快捲, 向下快捲按鈕
⏸ 按鈕, 暫停, 暫停按鈕
⏹ 停止, 停止按鈕, 停止播放, 按鈕
⏺ 按鈕, 錄製, 錄製按鈕
⏏ 按鈕, 退出, 退出按鈕
🎦 戲院, 電影
🔅 低亮度, 昏暗, 黯淡
🔆 明亮, 高亮度
📶 手機訊號格
📳 電話轉震動, 電話轉靜音, 震機模式, 靜音模式
📴 手提電話關閉, 手機關閉, 關閉手提電話
♀ 女
♂ 男
⚧ 變性, 變性符號
✖ 交叉, 打交叉
➕ 加號, 加號標誌
➖ -, −, 數學, 減, 減號, 符號
➗ ÷, 數學, 符號, 除, 除法, 除號
♾ 永遠, 無限
‼ 雙感嘆號
⁉ 感嘆號加問號, 標點
❓ 問號, 問題, 標點, 紅色問號
❔ 問號, 標點, 白色問號
❕ 標點, 白色感嘆號
❗ 感嘆號, 標點
〰 標點, 波浪破折號
💱 兌換, 匯兌, 外匯, 貨幣, 貨幣兌換
💲 貨幣, 錢, 錢符號
⚕ 蛇杖
♻ 回收, 循環再用, 資源回收
⚜ 鳶尾花
🔱 三叉戟
📛 名牌, 姓名牌
🔰 日本嘅初學者符號, 日本新手標誌, 日本新手駕駛標誌
⭕ 圓圈
✅ 剔, 剔號, 白色勾
☑ 剔號, 剔選
✔ 剔, 剔號
❌ 交叉
❎ 交叉, 交叉符號
➰ 彎曲線
➿ 彎曲線, 雙彎曲, 雙彎曲線
〽 歌謠開始記號, 開始記號
✳ 八芒星, 八角星
✴ 八角星
❇ 火花, 閃光
© 版權
® 註冊
™ 商標
🔠 大階, 大階英文, 大階英文輸入
🔡 細階, 細階英文, 細階英文輸入
🔢 數字輸入
🔣 符號輸入
🔤 輸入拉丁字母
🅰 A 型血, 血型
🆎 AB 型血, 血型
🅱 B型血, 血型
🆑 CL, CL 按鈕
🆒 Cool 按鈕
🆓 免費按鈕
ℹ 資料
🆔 ID, 身份
Ⓜ 圓圈中嘅 M
🆕 NEW 按鈕
🆖 NG 按鈕
🅾 O型血, 血型
🆗 OK, OK 按鈕
🅿 p, P, P 按鈕, 停車
🆘 sos, 求救信號, 求救按鈕
🆙 UP 按鈕
🆚 VS 按鈕
🈁 日文, 日文嘅「呢度」按鈕, 日文字
🈂 小費, 日文嘅「服務費」按鈕, 服務費
🈷 日文嘅「月費」按鈕, 月費
🈶 不是免費, 日文嘅「非免費」按鈕
🈯 已劃位, 日文嘅「已預留」按鈕
🉐 優惠, 日文嘅「優惠」按鈕
🈹 折扣, 日文嘅「折扣」按鈕, 特價
🈚 免費, 日文嘅「免費」按鈕, 無
🈲 日文嘅「禁止」按鈕, 禁止
🉑 日文嘅「許可」按鈕, 許可
🈸 日文嘅「申請」按鈕, 申請
🈴 及格, 合格, 日文嘅「合格」按鈕
🈳 日文嘅「空缺」按鈕, 空, 空位
㊗ 日文嘅「恭喜」按鈕, 祝賀
㊙ 日文嘅「秘密」按鈕, 機密, 秘密
🈺 日文嘅「營業中」按鈕, 營業時間, 辦公時間
🈵 客滿, 日文嘅「冇空位」按鈕, 滿載
🔴 圓圈, 紅色, 紅色大圓圈
🟠 圓形, 橙色, 橙色圓形
🟡 圓形, 黃色, 黃色圓形
🟢 圓形, 綠色, 綠色圓形
🔵 圓圈, 藍色, 藍色大圓圈
🟣 圓形, 紫色, 紫色圓形
🟤 啡色, 啡色圓形, 圓形
⚫ 圓圈, 黑色, 黑色大圓圈
⚪ 圓圈, 白色, 白色大圓圈
🟥 正方形, 紅色, 紅色正方形
🟧 橙色, 橙色正方形, 正方形
🟨 正方形, 黃色, 黃色正方形
🟩 正方形, 綠色, 綠色正方形
🟦 正方形, 藍色, 藍色正方形
🟪 正方形, 紫色, 紫色正方形
🟫 啡色, 啡色正方形, 正方形
⬛ 中黑色正方形, 正方形, 黑色中正方形, 黑色大正方形
⬜ 大白色正方形, 正方形, 白色大正方形
◼ 中黑色正方形, 正方形, 黑色中正方形
◻ 中白色正方形, 正方形, 白色中正方形
◾ 中小黑色正方形, 正方形, 黑色中小正方形
◽ 中小白色正方形, 正方形, 白色中小正方形, 白色中細正方形
▪ 小黑色正方形, 正方形, 黑色小正方形
▫ 小白色正方形, 正方形, 白色小正方形, 白色細正方形
🔶 橙色大菱形, 菱形
🔷 菱形, 藍色大菱形
🔸 橙色小菱形, 菱形
🔹 菱形, 藍色小菱形
🔺 三角形, 指向上嘅紅三角
🔻 三角形, 指向下嘅紅三角
💠 中間有一點嘅菱形, 鑽石
🔘 圓形按鈕, 按鈕
🔳 按鈕, 白色正方形按鈕
🔲 按鈕, 黑色正方形按鈕
🏁 格子旗, 終點旗
🚩 三角旗
🎌 交叉嘅旗, 旗, 日本
🏴 黑旗
🏳 白旗
🏳‍🌈 彩虹旗
🏳‍⚧ 旗子, 變性, 跨性別旗
🏴‍☠ 寶藏, 掠奪, 海盜, 海盜旗, 骷髏頭
¢ 分
$ 元, 比索, 美元, 錢
£ 英國, 英鎊, 英鎊符號, 貨幣
¥ 日圓, 日圓符號, 日幣, 日本, 貨幣
₥ 密爾
₩ 韓元, 韓圓
€ 歐元, 歐元符號, 歐洲, 貨幣
₱ 披索, 比索
₹ 印度盧比, 盧比, 貨幣
₽ 盧布, 貨幣
₿ 比特幣
¹ 1, 上標, 上標數字 1
² 2, 上標, 上標數字 2, 平方
³ 3, 上標, 上標數字 3, 立方
µ 微的符號, 測量
⇍ 有刪除線的向左雙箭嘴
⇑ 向上雙箭嘴
⇒ 向右雙箭嘴
⇏ 有刪除線的向右雙箭嘴
⇓ 向下雙箭嘴
⇔ 左右雙箭嘴
⇎ 有刪除線的左右雙箭嘴
⇖ 西北雙箭頭
⇗ 東北雙箭頭
⇘ 東南雙箭頭
⇙ 西南雙箭頭
⇚ 向左三箭嘴
⇛ 向右三箭嘴
⇜ 向左曲線箭頭
⇝ 向右曲線箭頭
⇞ 帶有雙刪除線的向上箭頭
⇟ 帶有雙刪除線的向下箭頭
⇠ 向左虛線箭頭
⇡ 向上虛線箭頭
⇢ 向右虛線箭頭
⇣ 向下虛線箭頭
⇤ 頭部帶槓的向左箭頭
⇥ 頭部帶槓的向右箭頭
⇦ 向左空心箭頭
⇧ 向上空心箭頭
⇨ 向右空心箭頭
⇩ 向下空心箭頭
⇪ 尾部帶槓的向上空心箭頭
⇵ 向下箭頭在左，向上箭頭在右
∀ 全稱量詞符號
∂ 偏導數符號
∃ 存在量詞符號
