{ i-gullwing, ubakaki, ubakaki ogobile, ubakaki ovulekile
ğŸ» uhlobo 1â€“2, uhlobo lwesikhumba, uhlobo-1-2
ğŸ¼ uhlobo 3, uhlobo lwesikhumba, uhlobo-3
ğŸ½ uhlobo 4, uhlobo lwesikhumba, uhlobo-4
ğŸ¾ uhlobo 5, uhlobo lwesikhumba, uhlobo-5
ğŸ¿ uhlobo 6, uhlobo lwesikhumba, uhlobo-6
â€¾ ngaphezu komugqa
_ dwebela, udeshi, udeshi ophansi, umugqa, umugqa ophansi, underdash
- i-hyphen, i-hyphen-minus, susa, udeshi
â€ i-hyphen, udeshi
â€“ en, i-dash, i-en dash
â€” em, i-dash, i-em dash
â€• ibha, ibha evundlile, udeshi, ulayini
ãƒ» amachashazi, ichashazi lekatakana eliphakathi nendawo, katakana, middot, ukuxhumana
â€½ i-interrobang
. ichashazi, isikhathi, ungqi
â€¦ amachashazi, i-ellipsis, okusalayo
ã€‚ i-ideographic, isikhathi, isikhathi se-ideographic, ungqi
Â· ichashaza, ichashaza eliphakathi nendawo, interpunct, middot, phakathi nendawo
' i-aphostrofi, i-aphostrofi yokuthayipha, isilinganiso, isilinganiso esisodwa
â€˜ i-aphostrof, i-aphostrofi yakwesokunxele, isilinganiso, isilinganiso esihlakaniphile, isilinganiso esisodwa
â€™ i-aphostrofi, i-aphostrofi yakwesokudla, isilinganiso, isilinganiso esihlakaniphile, isilinganiso esisodwa
â€š i-aphostrofi, isicaphuni, isilinganiso esiphansi, umphikisi wesokudla ophansi
â€œ isicaphuni, isilinganiso kabili, ukucaphuna, ukucaphuna okuhle, uphawu lwesicaphuni lwesobunxele
â€ isicaphuni, isicaphuni esiphindwe kabili, ukucaphuna, ukucaphuna okuhlakaniphile, uphawu lwesicaphuni lwesokudla
â€ isicaphuni, isicaphuni esiphindwe kabili, ukucaphuna, ukucaphuna okuhlakaniphile, uphawu locaphuna oluphansi kwesokudla
Â« amabrakhethi, carets, chevron, i-angle, i-guillement ekwesobunxele, i-guillment ekwesobunxele, kwesobunxele, ukucaphuna
Â» amabrakhethi, carets, chevron, i-angle, i-guillement ekwesokudla, kwesokudla, ukucaphuna
) paren, parens, parenthesis, ubakaki, ubakaki oyindilinga, ubuzali obusondelene
[ ikhroshethi, ubakaki, ubakaki oyisikwele, ubakaki wesikwele ovulekile
] ikhroshethi, ubakaki, ubakaki oyisikwele, vala ubakaki oyisikwele
} i-gullwing, ubakaki, ubakaki ogobile, vala ubakaki ogobile
ã€ˆ abakaki abayidayimane, i-chevron, i-tuple, ubakaki, ubakaki ocijile, ubakaki oyi-engeli, vula ubakaki oyi-engeli
ã€‰ abakaki abayidayimane, i-chevron, i-tuple, ubakaki, ubakaki ocijile, ubakaki oyi-engeli, vala ubakaki oyi-engeli
ã€Š ubakaki, ubakaki oyi-engeli ophindwe kabili, vula ubakaki oyi-engeli ophindwe kabili
ã€‹ ubakaki, ubakaki oyi-engeli ophindwe kabili, vala ubakaki oyi-engeli ophindwe kabili
ã€Œ ubakaki, ubakaki osekhoneni, vula ubakaki osekhoneni
ã€ ubakaki, ubakaki osekhoneni, vala ubakaki osekhoneni
ã€ ubakaki, ubakaki onembobo osekhoneni, vula ubakaki onembobo osekhoneni
ã€ ubakaki, ubakaki onembobo osekhoneni, vala ubakaki onembobo osekhoneni
ã€ amalensi kabakaki, ubakaki, ubakaki oyi-lenticular, vula amalensi amnyama abakaki
ã€‘ amalensi kabakaki, ubakaki, ubakaki oyi-lenticular, vala amalensi amnyama kabakaki
ã€” ubakaki, ubakaki oyigobolondo, ubakaki oyigobolondo lofudu, vula ubakaki oyigobolondo lofudu
ã€• ubakaki, ubakaki oyigobolondo, ubakaki oyigobolondo lofudu, vala ubakaki oyigobolondo lofudu
ã€– hollow lenticular bracket, imbobo yamalensi kabakaki, ubakaki, vula amalensi embobo kabakaki
ã€— hollow lens bracket, hollow lenticular bracket, ubakaki, vala amalensi embobo kabakaki
Â§ i-section, ingxenye, isigaba, silcrow
â€  dagger, obelisk, obelus, uphawu lwe-dagger
â€¡ i-dagger, obelisk, obelus, phinda kabili, uphawu lwe-dagger oluphindeke kabili
â€¢ ichashaza, ungqi
â€§ i-hyphen, iphuzu, iphuzu le-hyphenation, udeshi
â€¸ i-caret
â‚ i-asterism, i-dinkus, izinkanyezi
Â´ i-acute, isimangalo, isimangalo esibi, ithoni
^ amandla, circumflex, control, I-chevron, inkomba, isibonakaliso se-xor, isigqoko, isimangalo, ukunakekelwa, wedge
Â¨ i-diaeresis, i-trÃ©ma, i-umlaut
Â° i-degree, ihora, ubufakazi
â„— copyright, i-copyright yokuqopha umsindo, ukuqopha, umsindo
â† kwesobunxele, kwesobunxele-i-arrow yokukhomba, umcibisholo
â†š umugqa womcibisholo wangakwesokundele
â†’ kwesokudla, kwesokudla-i-arrow yokukhomba, umcibisholo
â†› umugqa womcibisholo wangakwesokudla
â†‘ phezulu, phezulu-i-arrow yokukhomba, umcibisholo
â†“ ezansi, ezansi-i-arrow yokukhomba, umcibisholo
â†œ umcibisholo wegagasi wangakwesokunxele
â† umcibisholo wegagasi wangakwesokudla
â† umcibisholo onamakhanda amabili wangakwesokudla
â†Ÿ umcibisholo onamakhanda amabili waphezulu
â†  umcibisholo onamakhanda amabili wangakwesokunxele
â†¡ umcibisholo onamakhanda amabili waphansi
â†¢ umsila womcibisholo wangakwesokunxele
â†£ umsila womcibisholo wangakwesokudla
â†¤ umcibisholo wangakwesokunxele kusuka kwibha
â†¥ umcibisholo waphezulu kusuka kwibha
â†¦ umcibisholo wangakwesokudla kusuka kwibha
â†§ umcibisholo waphansi kusuka kwibha
â†¨ umcibisholo waphezulu phansi onebhesi
â†« iluphu lomcibisholo wangakwesokunxele
â†¬ iluphu lomcibisholo wangakwesokudla
â†­ umcibisholo wegagasi wangakwesokunxele kwesokudla
â†¯ i-zigzag, umcibisholo we-zigzag waphansi
â†° ithiphu yomcibisholo waphezulu kwesokunxele
â†± ithiphu yomcibisholo waphezulu kwesokudla
â†² ithiphu yomcibisholo waphansi kwesokunxele
â†³ ithiphu yomcibisholo waphansi kwesokudla
â†´ ikhona lomcibisholo wakwesokudla phansi
â†µ ikhona lomcibisholo waphansi kwesokunxele
â†¶ umcibisholo cishe oyindingilizi ophezulu ohamba ngokuphikisana newashi
â†· umcibisholo cishe oyindingilizi ophezulu ohamba newashi
â†¸ ibha elide lomcibisholo wentshonalanga nenyakatho
â†¹ ibha lomcibisholo ngakwesokudla ngaphezu kwebha lomcibisholo wangakwesokudla
â†º umcibisholo oyindingilizi evulekile ohamba ngokuphikisana newashi
â†» umcibisholo oyindingilizi evulekile ohamba newashi
â†¼ i-barb, i-harpoon barb yaphezulu kwesokunxele
â†½ i-harpoon barb yaphansi kwesokunxele
â†¾ i-barb, i-harpoon barb yakwesokudla phezulu
â†¿ i-barb, i-harpoon barb yakwesokunxele phezulu
â‡€ i-barb, i-harpoon barb yaphezulu kwesokudla
â‡ i-barb, i-harpoon barb yaphansi kwesokudla
â‡‚ i-barb, i-harpoon barb yakwesokudla phansi
â‡ƒ i-barb, i-harpoon barb yakwesokunxele phansi
â‡„ umcibisholo wakwesokudla ngaphezu komcibisholo wakwesokunxele
â‡… imicibisholo ekhomba phansi nekhomba phezulu, phansi, phezulu, phezulu-ukukhomba phezulu nasezansi, umcibisholo
â‡† kwesobunxele, kwesobunxele-ukukhomba kwesokudla-imicibisholo yokukhomba, kwesokudla, left-ukukhomba ku-right naku-left, umcibisholo
â‡‡ imicibisholo ebhangqiwe yangakwesokunxele
â‡ˆ imicibisholo ebhangqiwe yaphezulu
â‡‰ imicibisholo ebhangqiwe yakwesokudla
â‡Š imicibisholo ebhangqiwe yaphansi
â‡‹ i-harpoon yangakwesokunxele ngaphezu kwe-harpon yangakwesokudla
â‡Œ i-harpoon yangakwesokudla ngaphezu kwe-harpon yangakwesokunxele
â‡ umcibisholo ongakubili wangakwesokunxele
â‡ i-stroke somcibisholo ongakubili wangakwesokunxele
â‡‘ umcibisholo ongakubili waphezulu
â‡’ umcibisholo ongakubili wangakwesokudla
â‡ i-stroke somcibisholo ongakubili wangakwesokudla
â‡“ umcibisholo ongakubili waphansi
â‡” umcibisholo ongakubili wesokunxele kwesokudla
â‡ i-stroke somcibisholo ongakubili wesokunxele kwesokudla
â‡– umcibisholo ongakubili wasentshonalanga nenyakatho
â‡— umcibisholo ongakubili wasempumalanga nenyakatho
â‡˜ umcibisholo ongakubili waseningizimu esempumalanga
â‡™ umcibisholo ongakubili weningizimu esentshonalanga
â‡š umcibisholo ongakuthathu wangakwesokunxele
â‡› umcibisholo ongakuthathu wangakwesokudla
â‡œ umcibisholo we-squiggle ongakwesokunxele
â‡ umcibisholo we-squiggle ongakwesokudla
â‡ i-stroke esingakubili somcibisholo ophezulu
â‡Ÿ i-stroke esingakubili somcibisholo ophansi
â‡  umcibisholo wedeshi ongakwesokunxele
â‡¡ umcibisholo wedeshi ophezulu
âˆ† i-increment, triangle
âˆ‡ i-nabla, ungxantathu
âˆˆ element, element of, i-element of, iqukethe, set, ukuba yilungu
+ hlanganisa, uphawu lokuhlanganisa, yengeza
Â± hlanganisa-susa
Ã· hlukanisa, obelus, ukuhlukanisa, uphawu lokuhlukanisa
Ã— izikhathi, ukuphindaphinda, uphawu lokuphindaphinda
< ithegi, ncane kune, vula ithegi
= lingana, okulingana
â‰  ngalingani, ukungalingani
> ithegi, khulu kuno, vala ithegi
Â¬ hhayi, i-negation, ukuphikisa
| ibha, ibha yokuqonda mpo, induku, ipayipi, ipiki, umugqa, umugqa ome mpo, unhlangothi, unhlangothi owu-sheffer, vbar
~ i-tilde
âˆ’ khipha, susa, uphawu lokususa
â» i-minus, i-superscript minus, superscript
âˆš i-radical, i-square root, radix, root, square, surd
âˆ i-infinity, i-infinity sign
âˆ© i-intersection, set
âˆª i-collection, i-union, set, union
â‰ˆ cishe, cishe kulingane, ukusondela
â‰¡ kufana nalokhu, kufana nse, kuthathu, kuyafana
â‰¤ ncane kune, ncane kune noma ukulingana, ukulingana, ukungalingani
â‰¥ khulu kune, lingana, okukhulu kuno noma okulinganayo, okulingana, okungalingani
âŠ‚ i-set, i-subset of, subset, subset of
â–² egcwele phezulu-ungxantathu okhombayo, phezulu, ugcwele, ugcwele phezulu-ungxantathu okhombayo, umkhonto, ungxantathu
â–¼ igcwaliswe phansi-okukhomba ungxantathu, phansi, ukugcwalisa, ukugcwalisa phansi-ukukhomba okungxantathu, umkhonto, ungxantathu
â—Š i-lozenge, i-rhombus, idayimani
â—‹ indandatho, indilinga, indilinga engenalutho
â— indilinga, indilinga egcwele
â—¯ indandatho, indilinga, indilinga enkulu engenalutho
â™ª inothi, umculo, yesishiyagalombili
ğŸ˜€ osinekile, ubuso obusinekile
ğŸ˜ƒ moyizela, ubuso, ubuso obumoyizelayo obuvule umlomo, umlomo, vula
ğŸ˜„ ajabule, buvule, ubuso, ubuso obumoyizelayo obuvule umlomo bunamehlo ajabule, umlomo
ğŸ˜ sineka umoyizele, ubuso obusinekile obunamehlo amoyizelayo
ğŸ˜† aneliseka, moyizela, ubuso, ubuso obumoyizelayo buvule umlomo buvale amehlo, ukuhleka, umlomo, vula
ğŸ˜… banda, moyizela, ubuso, ubuso obumoyizelayo obuvule umlomo nomjuluko obandayo, umjuluko, vula
ğŸ¤£ bhuquza, hleka, ngihleka ngiyabhuquza, phansi, ubuso
ğŸ˜‚ intokozo, izinyembezi, ubuso, ubuso obunezinyembezi zentokozo, uhleko
ğŸ™‚ moyizela, ubuso, ubuso obumoyizela kancane
ğŸ™ƒ ubuso, ubuso obupheke phansi, ukubheka phansi
ğŸ˜‰ cisha ihlo, ubuso, ubuso obucishe ihlo
ğŸ˜Š amehlo, ihlo, moyizela, ubuso, ubuso obumoyizelayo namehlo ajabule
ğŸ˜‡ ingelosi, insumansumane, moyizela, msulwa, sawubona, ubuso, ubuso obumoyizela nosawubona
ğŸ¥° emathandweni, funa, thanda, ubuso obumamatekayo obunezinhliziyo ezintathu, Ubuso obumamathekayo obunezinhliziyo ezintathu
ğŸ˜ amehlo, inhliziyo, moyizela, ubuso, ubuso obumoyizelayo obunamehlo anezinhliziyo, uthando
ğŸ¤© amehlo, i-star-struck, inkanyezi, ubuso, ukuhlina
ğŸ˜˜ inhliziyo, ubuso, ubuso ophephetha ukuqabula, ukuqabula
ğŸ˜— ubuso, ubuso obuqabulayo, ukuqabula
â˜º moyizela, ubuso, ubuso obumoyizelayo, ukuphumula
ğŸ˜š amehlo, ubuso, ubuso obuqabulayo obunamehlo avaliwe, ukuqabula, vala
ğŸ˜™ amahlo, moyizela, ubuso, ubuso obuqabulayo obunamehlo amoyizelayo, ukuqabula
ğŸ¥² khala, khululekile, mamatheka, thintiwe, ubuso obumamathekayo obunonyembezi, ukubonga, ukuzigqaja
ğŸ˜‹ Mmmh, moyizela, ubumnandi, ubuso, ubuso obujabulela ukudla okumnandi, ukuconsisa amathe
ğŸ˜› ubuso, ubuso obukhiphele phandle ulimi, ulimi
ğŸ˜œ cisha ihlo, ehlo, ihlaya, ubuso, ubuso obukhiphele phandle ulimi obucishe ihlo, ulimi
ğŸ¤ª iso, khulu, ncane, ubuso obuhlanyayo
ğŸ˜ amehlo, ububi, ubumnandi, ubuso, ubuso obukhiphele phandle ulimi evale amehlo, ulimi
ğŸ¤‘ imali, ubuso, ubuso obunomlomo wemali, umlomo
ğŸ¤— anga, ubuso, ubuso obangayo, ukwanga
ğŸ¤­ ubuso obubekwe isandla emlonyeni, whoops
ğŸ¤« thula, thule, ubuso obuthule
ğŸ¤” cabanga, ubuso, ubuso obucabangayo
ğŸ¤ ubuso, ubuso obunoziphu, umlomo, uziphu
ğŸ¤¨ ubuso obunamashiya aphakanyisiwe, ukungathembi, ukunqikaza
ğŸ˜ buthule, ubuso, ubuso obukahle
ğŸ˜‘ ubuso, ubuso obungavezi lutho, ukungavezi lutho
ğŸ˜¶ ubuso, ubuso obungenamlomo, ukuthula, umlomo
ğŸ˜ nyipha, ubuso, ubuso ubunyiphile
ğŸ˜’ ubuso, ubuso obungachazekile, ukungajabuli, ukungathokozi
ğŸ™„ amehlo, pheqa amehlo, ubuso, ubuso obupheqa amehlo
ğŸ˜¬ hlina, ubuso, ubuso obuhlinile
ğŸ¤¥ amanga, ubuso, upopayi
ğŸ˜Œ khululeka, ubuso, ubuso obukhululekile
ğŸ˜” ubuso, ubuso obuphoxiwe, ukuphoxwa
ğŸ˜ª lala, ubuso, ubuso obuzelayo
ğŸ¤¤ ubuso, ukuhala
ğŸ˜´ lala, ubuso, ubuso obulalayo, zzz
ğŸ˜· banda, dokotela, maski, ubso obufake imaski yobuso kadokotela, ubuso, ukugula, umuthi
ğŸ¤’ isihlolakushisa, ubuso, ubuso obunesihlolakushisa, ukugula
ğŸ¤• ibhandishi, ubuhlungu, ubuso, ubuso obufake ibhandishi, ukulimala
ğŸ¤¢ isicanucanu, phalaza, ubuso, ukuba nesicanucanu
ğŸ¤® gula, phalaza, ubuso obuphalazayo
ğŸ¤§ impilo, thimula, ubuso, ukuthimula
ğŸ¥µ feverish, heat stroke, hot, red-faced, sweating, ubuso obushiselwayo
ğŸ¥¶ blue-faced, cold, freezing, frostbite, icicles, ubuso obugodolayo
ğŸ¥´ dizzy, intoxicated, tipsy, uneven eyes, wavy mouth, woozy face
ğŸ˜µ inzululwane, ubuso, ubuso obunenzululwane
ğŸ¤¯ ikhanda eliqhumayo, thukile
ğŸ¤  intombazane yezinkomo, isigqoko, ubuso, umfana wezinkomo
ğŸ¥³ celebration, hat, horn, party, ubuso bobumnandi
ğŸ¥¸ ikhala, izibuko, okunye, ubuso, ubuso obuzifihlile, zifihle
ğŸ˜ amehlo, ilanga, isimo sezulu, izibuko, izibuko zelanga, moyizela, okugqokwa emehlweni, ubuhle, ubuso, ubuso obumoyizelayo obugqoke izibuko zelanga
ğŸ¤“ isihlakaniphi, ubuso, ubuso besihlakaniphi
ğŸ§ nuka, ubuso obunelensi eyodwa
ğŸ˜• ubuso, ubuso obudidekile, ukudideka
ğŸ˜Ÿ ubuso, ubuso obukhathazekile, ukukhathazeka
ğŸ™ ubuso, ubuso obubipha kancane, ukubipha
â˜¹ bipha, ubuso, ubuso obubiphile
ğŸ˜® ubuso, ubuso obuvule umlomo, umlomo, vula, zwelo
ğŸ˜¯ mangele, thuliswa, ubuso, ubuso obuthulisiwe, ukwethuka
ğŸ˜² ngokugcwele, ubuso, ubuso obuthukile, ukumangala, ukwethuka
ğŸ˜³ ubuso, ubuso obumuncu, ukumunca, ukwethuka
ğŸ¥º begging, mercy, pleading face, puppy eyes
ğŸ˜¦ bipha, ubuso, ubuso obubiphile obuvule umlomo, umlomo, vula
ğŸ˜§ ubuso, ubuso obuxakekile, ukuxakela
ğŸ˜¨ ubuso, ubuso obesabayo, ukwesaba, ukwethuka
ğŸ˜° shehsa, ubuso, ubuso obuvule umlomo nomjuluko obandayo, ukubanda, umjuluko, umlomo, vula
ğŸ˜¥ dumala, khululekile, ubuso, ubuso obudumele kodwa obukhululekile
ğŸ˜¢ dangala, ubuso, ubuso obukhalayo, ukukhala, unyembezi
ğŸ˜­ dangala, khala, khala kakhulu, ubuso, unyembezi
ğŸ˜± ubuso, ubuso obumemeza ngokwesaba, ukumemeza, ukwesaba, ukwethuka
ğŸ˜– ubuso, ubuso obunokudideka, ukudideka
ğŸ˜£ bipha, ubuso, ubuso obubi
ğŸ˜ ubuso, ubuso obuphosekile, ukuphoxeka
ğŸ˜“ banda, ubuso, ubuso obunomjuluko obandayo, umjuluko
ğŸ˜© ubuso, ubuso obuyethile, ukukhathala
ğŸ˜« kathele, ubuso, ubuso obukhathele
ğŸ¥± khathele, thukuthezi, ubuso obuzamulayo, zamula
ğŸ˜¤ ubuso, ubuso obuphuma intuthu ekhaleni, ukunqoba, ukuwina
ğŸ˜¡ casuka, dinwa, nyipha, ubuso, ubuso obunyiphayo
ğŸ˜  casuka, dinwa, ubuso, ubuso obudiniwe
ğŸ¤¬ ubuso obunamasimbuli emlonyeni, ukuthuka
ğŸ˜ˆ insumansumane, izimpondo, moyizela, ubuso, ubuso obumoyizelayo obunezimpondo
ğŸ‘¿ idimoni, imp, insumansumane, ubuso, usathane
ğŸ’€ ugebhezi, ukufa
â˜  amathambo aphambene, ugebhezi namathambo
ğŸ’© amakaka, idende, indle
ğŸ¤¡ ubuso, umhlekisi
ğŸ‘¹ isilwane, ogre
ğŸ‘º goblin, inunu
ğŸ‘» insumansumane, isilwane, isipoki
ğŸ‘½ alien, insumansumane, isilwane
ğŸ‘¾ isilwane esingaziwa, islwane, okungasikho okwasemhlabeni
ğŸ¤– irobhothi, isilwane, ubuso, ubuso berobhothi
ğŸ˜º ikati, ikati elimoyizela sakuhlina, moyizela, ubuso, ubuso bekati obumoyizelayo obuvule umlomo, umlomo, vula
ğŸ˜¸ amehlo, ikati, moyizela, sineka, ubuso, ubuso bekati obusinekile namehlo ajabulile
ğŸ˜¹ ikati, intokozo, ubuso, ubuso bekati obunezinyembezi zenjabulo, unyembezi
ğŸ˜» amehlo, ikati, inhliziyo, moyizela, ubuso, ubuso bekati obumoyizelayo obunamehlo enhliziyo, uthando
ğŸ˜¼ ikati, moyizela, qaphela, ubuso, ubuso bekati obumoyizela ngokungagcwele
ğŸ˜½ amehlo, ikati, qabula, ubuso, ubuso bekati obuqabulayo obuvale amehlo
ğŸ™€ ikati, mangele, oh, ubuso, ubuso bekati obumangele
ğŸ˜¿ dangala, ikati, ubuso, ubuso bekati elikhalayo, ukukhala, unyembezi
ğŸ˜¾ dangala, ikati, ubuso, ubuso bekati obudangele
ğŸ™ˆ bona, inkawu, nqaba, okungavumelekile, ububi, ubuso, ungakuboni okubi
ğŸ™‰ inkawu, izwa, nqaba, okungavumelekile, ububi, ubuso, ukungezwa okubi
ğŸ™Š inkawu, khuluma, nqaba, okungavumelekile, ububi, ubuso, ukungakhulumi okubi
ğŸ’‹ izindebe, ukuqabula, uphawu lokuqabula
ğŸ’Œ incwadi, incwadi yothando, inhliziyo, uthando
ğŸ’˜ inhliziyo, inhliziyo enomcibisholo, umcibisholo
ğŸ’ inhliziyo, inhliziyo eneribhini, iribhini, uthando
ğŸ’– inhliziyo, inhliziyo ekhazimulayo, intokozo, ukukhazimula
ğŸ’— inhliziyo, inhliziyo ekhulayo, intokozo, ukukhula, ukwethuka, uvalo
ğŸ’“ inhliziyo, inhliziyo egxumagxumayo, ukugxumagxuma, ukushaya kwenhliziyo
ğŸ’ inhliziyo, izinhliziyo ezizungezayo, ukuzungeza
ğŸ’• inhiziyo, izinhliziyo ezimbili, uthando
ğŸ’Ÿ inhliziyo, ukuhlobisa inhliziyo
â£ inhliziyo, isibabazi, isibabazi senhliziyo edangele, uphawu
ğŸ’” aphukile, inhliziyo, inhliziyo eyaphukile, ukwaphuka
â¤â€ğŸ”¥ inhliziyo ebhakuzayo
â¤ inhliiziyo, inhliziyo ebomvu
ğŸ§¡ inhliziyo ewolintshi, wolintshi
ğŸ’› inhliziyo, inhliziyo eqanda, qanda
ğŸ’š inhliziyo, inhliziyo eluhlaza satshani, luhlaza satshani
ğŸ’™ inhliziyo, inhliziyo eluhlaza sasibhakabhaka, luhlaza sasibhakabhaka
ğŸ’œ inhliziyo, inhliziyo ensomi, nsomi
ğŸ¤ inhliziyo, inhliziyo ensundu, insundu
ğŸ–¤ inhliziyo, inhliziyo embi, khohlakele, mnyama, ubuthakathi
ğŸ¤ inhliziyo, inhliziyo emhlophe, mhlophe
ğŸ’¯ 100, amaphuzu ayikhulu, ikhulu, okugcwele, umphumela
ğŸ’¢ ukucasuka, ukudinwa, uphawu lokudinwa
ğŸ’¥ gquzu, opopayi, ukushayisana
ğŸ’« inkanyezi, inzululwane, opopayi
ğŸ’¦ amaqabazi omjuluko, opopayi, ukujuluka
ğŸ’¨ opopayi, ukugijima, ukushesha
ğŸ•³ imbobo
ğŸ’£ ibhomu, opopayi
ğŸ’¬ ibhaluni, ibhaluni lenikulumo, inkulumo, opopayi
ğŸ‘â€ğŸ—¨ ibhaluni lenkulumo, ihlo, ihlo eliyibhaluni lenkulumo, ufakazi
ğŸ—¨ ibhaluni lenkulumo lakwesokunxele, inkulumo
ğŸ—¯ ibhaluni, ibhaluni lenkulumo lakwesokudla lolaka, ukucasuka, ulaka
ğŸ’­ ibhaluni, ibhaluni lokucabanga, opopayi, umcabango
ğŸ’¤ ulele, zzz
ğŸ‘‹ isandla, ukuphakamisa isandla, umzimba
ğŸ¤š ingemuva lesandla, siphakamisiwe, thula
ğŸ– esivuliwe, isandla, isandla esiphakanyisiwe esivuliwe, umunwe, umzimba
âœ‹ isandla, isandla esiphanyisiwe, umzimba
ğŸ–– i-vulcan salute, isandla, umunwe, umzimba, vulcan
ğŸ‘Œ isandla, isandla sokuthi kulungile, kulungile, umzimba
ğŸ¤Œ iminwe, iminwe encinziwe, ncinziwe, ukubhuqa, ukuphenywa, ukwenza ngezandla
ğŸ¤ inani elincane, isandla esincinzayo
âœŒ isandla, isandla sokunqoba, ukunqoba, umzimba
ğŸ¤ bhanqa, iminwe ebhanqiwe, inhlanhla, isandla, umunwe
ğŸ¤Ÿ ILY, isandla, ukukhombisa uthando
ğŸ¤˜ isandla, izimpondo, umunwe, umzimba, uphawu lwezimpondo
ğŸ¤™ fona, isandla, ngifonele
ğŸ‘ˆ isandla, ukukhomba, ukukhomba ngengemuva lesandla sokunxele ngomunwe wokukhomba, umunwe, umunwe wokukhomba, umzimba
ğŸ‘‰ isandla, ukukhomba, ukukhomba ngengemuva lesandla sokudla ngomunwe wokukhomba, umunwe, umunwe wokukhomba, umzimba
ğŸ‘† isandla, phezulu, ukukhomba, ukukhomba phezulu ngengemuva lesandla ngomunwe wokukhomba, umunwe, umunwe wokukhomba, umzimba
ğŸ–• isandla, umunwe, umunwe omaphakathi, umzimba
ğŸ‘‡ isandla, phansi, ukukhomba, ukukhomba phansi ngengemuva lesandla ngomunwe wokukhomba, umunwe, umunwe wokukhomba, umzimba
â˜ isandla, ukukhomba, umunwe, umunwe wokukhomba, umunwe wokukhomba okhombe phezulu, umzimba
ğŸ‘ +1, isandla, isithupha, phezulu, ukumisa isithupha
ğŸ‘ -1, isandla, isithupha, phansi, ukubhekisa phansi isithupha, umzimba
âœŠ iqupha, iqupha elimisiwe, isandla, ukufumbatha isibhakela, umzimba
ğŸ‘Š iqupha, iqupha elizayo, isandla, ukufumbatha isibhakela, umzimba
ğŸ¤› inqindi, inqindi ebheke kwesokunxele, kwesokunxele
ğŸ¤œ inqindi, inqindi ebheke kwesokudla, kwesokudla
ğŸ‘ izindla, ukushaya izandla, umzimba
ğŸ™Œ halala, isandla, ukuphakamisa, umbungazo, umuntu ophakamise izandla, umzimba, uphawu
ğŸ‘ isandla, izandla ezivuliwe, ukuvula, umzimba
ğŸ¤² izandla zombili phezulu, umthandazo
ğŸ¤ isandla, isivumelwano, nyakazisa, ukuxhawula, umhlangano, xhawula
ğŸ™ cela, goqa, isandla, izandla ezigoqiwe, thoba, ukubonga, ukuncenga, ukuthandaza, umzimba, uphawu
âœ isandla, isandla esibhalayo, ukubhala, umzimba
ğŸ’… amakhozimetiksi, ikhyutheksi, ukucwala izinzipho, ukunakekela, umzimba, uzipho
ğŸ¤³ ifoni, ikhamela, ukuzishutha, uzishuthe
ğŸ’ª izikhwepha, opopayi, ukuveza amandla
ğŸ¦¾ isandla sikamakhenikha, ukufakelwa, ukufinyelela
ğŸ¦¿ inyawo likamakhenikha, ukufakelwa, ukufinyelela
ğŸ¦µ kick, limb, umlenze
ğŸ¦¶ kick, stomp, unyawo
ğŸ‘‚ indlebe, umzimba
ğŸ¦» indlebe enensiza yokuzwa, ukufinyelela, ukuzwa nzima
ğŸ‘ƒ ikhala, umzimba
ğŸ§  hlakaniphile, ubuchopho
ğŸ«€ i-cardiology, i-pulse, isitho, isitho senhliziyo, phakathi nendawo, ukushaya kwenhliziyo
ğŸ« amaphaphu, isitho somzimba, respiration, ukudonsa umoya, ukukhipha umoya, umphefumulo
ğŸ¦· izinyo, udokotela
ğŸ¦´ amathambo, ithambo
ğŸ‘€ amehlo, ihlo, ubuso, umzimba
ğŸ‘ ihlo, umzimba
ğŸ‘… ulimi, umzimba
ğŸ‘„ izindebe, umlomo, umzimba
ğŸ‘¶ ingane, usana
ğŸ§’ ingane, mncane, ubulili obuphakathi
ğŸ‘¦ umfana
ğŸ‘§ indombazane, intombazane, intombi
ğŸ§‘ mdala, ubulili-phakathi
ğŸ‘± izinwele, mhlophe, umuntu onezinwele ezimhlophe, umuntu: izinwele ezinhlophe
ğŸ‘¨ indoda, owesilisa, ubaba
ğŸ§” indoda, indoda: intshebe, intshebe, umuntu
ğŸ‘±â€â™‚ indoda, indoda enezinwele ezimhlophe, indoda: izinwele ezimhlophe, izinwele, mhlophe
ğŸ‘© owesimame, umama
ğŸ‘±â€â™€ izinwele, mhlophe, umama, umama onezinwele ezinhlophe, umama: izinwele ezimhlophe
ğŸ§“ mdala, omdala omdala, ubulili-phakathi
ğŸ‘´ ikhehla, ogugile, owesilisa
ğŸ‘µ ogugile, owesimame, ugogo
ğŸ™ ukuhwaqabala, umuntu ohwaqabele
ğŸ™â€â™‚ indoda, indoda ehwaqabele, ukuhwaqabala
ğŸ™â€â™€ owesimame, owesimame ohwaqabele, ukuhwaqabala
ğŸ™ ukudangala, umuntu odangele
ğŸ™â€â™‚ indoda, indoda edangele, ukudangala
ğŸ™â€â™€ odangele, owesimame
ğŸ™… cha, enqaba, isandla, okungavumelekile, okunqantshiwe, umuntu oveza ukuthi akulungile, uphawu
ğŸ™…â€â™‚ cha, enqaba, indoda, indoda eveza ukuthi akulungile, isandla, okungavumelekile, okunqantshiwe, uphawu
ğŸ™…â€â™€ cha, enqaba, isandla, okungavumelekile, okunqantshiwe, owesimame, owesimame oveza ukuthi akulungile, uphawu
ğŸ™† isandla, kulungile, umuntu oveza ukuthi kulungile, uphawu
ğŸ™†â€â™‚ indoda, isandla, kulungile, owesilisa oveza ukuthi kulungile, uphawu
ğŸ™†â€â™€ isandla, kulungile, owesimame oveza ukuthi kulungile, owesmame, uphawu
ğŸ’ imali, isandla, ulwazi, umuntu ocela ngesandla, usizo
ğŸ’â€â™‚ imali, indoda, indoda ecela ngesandla, isandla, usizo
ğŸ’â€â™€ isandla, owesimame imali, owesimame ocela ngesandla, usizo
ğŸ™‹ isandla, ukujabula, ukuphakamisa, umuntu ophakamisa isandla, uphawu
ğŸ™‹â€â™‚ indoda, indoda ephakamise isandla, isandla, ukujabula, ukuphakamisa, uphawu
ğŸ™‹â€â™€ isandla, owesimame, owesimame ophakamise isandla, ukujabula, ukuphakamisa, uphawu
ğŸ§ indlebe, ukufinyelela, ukungezwa, ukuzwa, umuntu ongezwa
ğŸ§â€â™‚ indoda, indoda engezwa, ongezwa
ğŸ§â€â™€ ongezwa, umama
ğŸ™‡ ukuthoba, ukuxolisa, umuntu othobile, uphawu
ğŸ™‡â€â™‚ indoda, indoda ethobe kakhulu, ukuthoba, ukuxolisa, uphawu
ğŸ™‡â€â™€ owesimame, owesimame othobe kakhulu, ukuthoba, ukuxolisa, uphawu
ğŸ¤¦ intende yesandla, ubuso, ukucikeka, ukungakholwa, ukuzifihla
ğŸ¤¦â€â™‚ intende yesandla, ubuso, ukucikeka, ukungakholwa, ukuzifihla kowesilisa
ğŸ¤¦â€â™€ intende yesandla, ubuso, ukucikeka, ukungakholwa, ukuzifihla kowesimame
ğŸ¤· shukuza amahlombe, ukungabaza, ukungabi nandaba, ukunganaki, ukunyakazisa amahlombe
ğŸ¤·â€â™‚ ukungabaza, ukungabi nandaba, ukunganaki, ukunyakazisa amahlombe, ukushukuza amahlombe kowesilisa
ğŸ¤·â€â™€ ukungabaza, ukungabi nandaba, ukunganaki, ukunyakazisa amahlombe, ukushukuza amahlombe kowesimame
ğŸ§‘â€âš• uchwepheshe, udokotela, ukunakekela kwezempilo, umsebenzi wezempilo, unesi
ğŸ‘¨â€âš• indoda, udokotela, unesi, unesi wendoda, unesi wesilisa
ğŸ‘©â€âš• owesifazane, udokotela, unesi, unesi wesifazane
ğŸ§‘â€ğŸ“ ophothulile, umfundi
ğŸ‘¨â€ğŸ“ indoda, isifundiswa, umfundi, umfundi wesilisa
ğŸ‘©â€ğŸ“ isifundiswa, owesimame, umfundi, umfundi wesifazane
ğŸ§‘â€ğŸ« umqondisi, uprofesa, uthisha
ğŸ‘¨â€ğŸ« indoda, umyaleli, usolwazi, uthisha, uthisha wesilisa
ğŸ‘©â€ğŸ« owesimame, umyaleli, usolwazi, uthisha, uthisha wesifazane
ğŸ§‘â€âš– izikali, umahluleli
ğŸ‘¨â€âš– ijaji lesilisa, indoda, owesilisa, ubulungiswa
ğŸ‘©â€âš– ijaji, ijaji lesifazane, owesmame
ğŸ§‘â€ğŸŒ¾ osika izihlahla, umlimi, uwasengadini
ğŸ‘¨â€ğŸŒ¾ indoda, umlimi, umlimi wesilisa
ğŸ‘©â€ğŸŒ¾ owesimame, umlimi, umlimi wesimame
ğŸ§‘â€ğŸ³ pheka, umpheki
ğŸ‘¨â€ğŸ³ indoda, umpheki, umpheki wesilisa
ğŸ‘©â€ğŸ³ owesimame, umpheki, umpheki wesimame
ğŸ§‘â€ğŸ”§ ipulazi, umakhenikha, umlungisi kagesi, umshini, umthengisi
ğŸ‘¨â€ğŸ”§ indoda, odayisayo, umakhenikha, umakhenikha wesilisa, umkhandi kagesi, uplamba
ğŸ‘©â€ğŸ”§ odayisayo, owesifazane, umakhenikha, umakhenikha wesimame, umkhandi kagesi, uplamba
ğŸ§‘â€ğŸ­ ifemu, izimboni, umhlangano, umsebenzi, umsebenzi wasefemini
ğŸ‘¨â€ğŸ­ ifemu, owesilisa, ukuhlangana, umsebenzi, umsebenzi wasefemini wesilisa
ğŸ‘©â€ğŸ­ ifemu, owesifazane, ukuhlangana, umsebenzi, umsebenzi wasefemini wesifazane
ğŸ§‘â€ğŸ’¼ ibhizinisi, imenenja, isiphika esimhlophe, umakhi, umsebenzi wase-ofisi
ğŸ‘¨â€ğŸ’¼ ihhovisi, indoda, osebenza kahle, umphathi, umsebenzi wasehhovisi wesilisa, usomabhizinisi
ğŸ‘©â€ğŸ’¼ ihhovisi, osebenza kahle, owesifazane, umphathi, umsebenzi wasehhovisi wesifazane, usomabhizinisi
ğŸ§‘â€ğŸ”¬ amakhemikhali, i-physicist, isazi sezinto eziphilayo, unjiniyela, usosayensi
ğŸ‘¨â€ğŸ”¬ indoda, unjiniyela, usokhemesi, usosayensi, usosayensi wesilisa
ğŸ‘©â€ğŸ”¬ owesifazane, unjiniyela, usokhemesi, usosayensi, usosayensi wesifazane
ğŸ§‘â€ğŸ’» ikhodi, software, ubuchwepheshe, umcwaningi wethekhnoloji, umsunguli, umthuthukisi
ğŸ‘¨â€ğŸ’» indoda, isoftiwe, uchwepheshe, umsunguli, usochwepheshe wendoda
ğŸ‘©â€ğŸ’» isoftiwe, owesifazane, uchwepheshe, umsunguli, usochwepheshe wesifazane
ğŸ§‘â€ğŸ¤ ezokungcebeleka, i-rock, inkanyezi, umculi, umlingisi
ğŸ‘¨â€ğŸ¤ isilomo, owesilisa, umculi, umculi wesilisa, umlingisi
ğŸ‘©â€ğŸ¤ isilomo, owesifazane, umculi, umculi wesimame, umlingisi
ğŸ§‘â€ğŸ¨ i-palette, iciko
ğŸ‘¨â€ğŸ¨ indoda, owesilisa, umdwebi, umdwebi wesilisa
ğŸ‘©â€ğŸ¨ owesimame, umama, umdwebi, umdwebi wesimame
ğŸ§‘â€âœˆ ibhanoyi, umshayeli webhanoyi
ğŸ‘¨â€âœˆ ibhanoyi, indoda, umqhubi webhanoyi wesilisa
ğŸ‘©â€âœˆ ibhanoyi, owesifazane, umqhubi webhanoyi wesifazane
ğŸ§‘â€ğŸš€ i-astronaut, i-rocket
ğŸ‘¨â€ğŸš€ i-astronaut, i-astronaut yesilisa, indoda, irokhethi, omunye umhlaba
ğŸ‘©â€ğŸš€ i-astronaut, i-astronaut yesifazane, irokhethi, omunye umhlaba, owesifazane
ğŸ§‘â€ğŸš’ isicishamlilo, isicishimlilo
ğŸ‘¨â€ğŸš’ iloli lezicishamlilo, indoda, isicishamlilo, isicishamlilo sesilisa
ğŸ‘©â€ğŸš’ iloli lezicishamlilo, isicishamlilo, isicishamlilo sowesifazane, owesifazane
ğŸ‘® iphoyisa
ğŸ‘®â€â™‚ indoda, iphoyisa, iphoyisa lesilisa
ğŸ‘®â€â™€ iphoyisa, iphoyisa lesifazane, owesifazane
ğŸ•µ impimpi, umpheyi, umseshi
ğŸ•µâ€â™‚ impimpi, indoda, umphenyi, umseshi, umseshi wesilisa
ğŸ•µâ€â™€ impimpi, owesifazane, umphenyi, umseshi, umseshi wesifazane
ğŸ’‚ unogada
ğŸ’‚â€â™‚ indoda, unogada, unogada wesilisa
ğŸ’‚â€â™€ owesifazane, unogada, unogada wesifazane
ğŸ¥· fihliwe, i-fighter, i-stealth, ininja
ğŸ‘· inkontileka, isigqoko, owesifazane, umsebenzi wenkontileka
ğŸ‘·â€â™‚ indoda, inkontileka, umsebenzi, umsebenzi wenkontileka wesilisa
ğŸ‘·â€â™€ inkontileka, owesifazane, umsebenzi, umsebenzi wenkontileka wesifazane
ğŸ¤´ inkosana
ğŸ‘¸ inkosazane, insumansumane
ğŸ‘³ ithalibhani, umuntu ogqoke ithalibhani
ğŸ‘³â€â™‚ indoda, indoda egqoke ithalibhani, ithalibhani
ğŸ‘³â€â™€ ithalibhani, owesifazane, owesimame ogqoke ithalibhani
ğŸ‘² indoda, indoda efake ikepishi lechinese, isigqoko
ğŸ§• i-hijab, i-mantilla, i-tichel, iduku, owesifazane oneduku
ğŸ¤µ isudu, umkhwenyane, umuntu, umuntu kwisudu
ğŸ¤µâ€â™‚ indoda, indoda igqoke isudi, isudi
ğŸ¤µâ€â™€ isudi, owesifazane, owesifazane ugqoke isudi
ğŸ‘° iveyili, umakoti, umshado, umuntu, umuntu ofake iveyili
ğŸ‘°â€â™‚ indoda, indoda ifake iveyili, iveyili
ğŸ‘°â€â™€ iveyili, owesifazane, owesifazane ufake iveyili
ğŸ¤° okhulelwe, owesifazane, ukukhulelwa
ğŸ¤± ibele, ingane, ukuncelisa, ukunesa
ğŸ‘©â€ğŸ¼ ingane, owesifazane, owesifazane uncelisa ingane, ukunakekela, ukuncelisa
ğŸ‘¨â€ğŸ¼ indoda, indoda incelisa ingane, ingane, ukunakekela, ukuncelisa
ğŸ§‘â€ğŸ¼ ingane, ukunakekela, ukuncelisa, umuntu, umuntu oncelisa ingane, umuntu uncelisa ingane
ğŸ‘¼ ingane, ingelosi, ingelosi eyingane, ubuso
ğŸ… insumansumane, ubaba, ukhisimusi, umbungazo
ğŸ¤¶ ukhisimuzi, umama, umama kakhisimusi, uNkosikazi Claus
ğŸ§‘â€ğŸ„ Claus, ukhisimusi, mx claus, u-mx claus
ğŸ¦¸ good, hero, heroine, iqhawe, superpower
ğŸ¦¸â€â™‚ good, hero, man, man superhero, superpower
ğŸ¦¸â€â™€ good, hero, heroine, superpower, woman, woman superhero
ğŸ¦¹ criminal, evil, superpower, supervillain, villain
ğŸ¦¹â€â™‚ criminal, evil, man, man supervillain, superpower, villain
ğŸ¦¹â€â™€ criminal, evil, superpower, villain, woman, woman supervillain
ğŸ§™ i-mage, isangoma, iwizadi, izangoma, umthakathi
ğŸ§™â€â™‚ i-mage yowesilisa, isangoma, iwizadi
ğŸ§™â€â™€ i-mage yowesifazane, isangoma, umthakathi
ğŸ§š i-Oberon, i-Puck, i-Titania, nganekwane
ğŸ§šâ€â™‚ i-Oberon, i-Puck, ngelosi yesilisa
ğŸ§šâ€â™€ i-Titania, ngelosi yesifazane
ğŸ§› ivemphaya, ongafile, u-Dracula
ğŸ§›â€â™‚ ivemphaya lendoda, udracula ongafile
ğŸ§›â€â™€ ivemphaya lesifazane, ngafile
ğŸ§œ i-mermaid, i-merman, i-merperson, i-merwoman
ğŸ§œâ€â™‚ i-merman, i-Triton
ğŸ§œâ€â™€ i-mermaid, i-merwoman
ğŸ§ i-elf, mlingo
ğŸ§â€â™‚ i-elf yesilisa, mlingo
ğŸ§â€â™€ i-elf yesifazane, okomlingo
ğŸ§ i-djinn, ijeni
ğŸ§â€â™‚ i-djinn, ijeni yesilisa
ğŸ§â€â™€ i-djinn, ijeni yesifazane
ğŸ§Ÿ hamba efile, isilwane, ngafile
ğŸ§Ÿâ€â™‚ hamba efile, isipoki sowesilisa, ngafile
ğŸ§Ÿâ€â™€ hamba efile, isilwane sowesifazane, ngafile
ğŸ’† imasaji, isaluni, ubuso, umuntu othola imasaji
ğŸ’†â€â™‚ imasaji, indoda, indoda ethola imasaji ebusweni, ubuso
ğŸ’†â€â™€ imasaji, owesimame, owesimame othola imasaji ebusweni, ubuso
ğŸ’‡ isaluni, ubuhle, ukugunda izimwele, umgundi, umuntu ogundayo
ğŸ’‡â€â™‚ indoda, indoda egundayo, ukugunda izinwele
ğŸ’‡â€â™€ owesimame, owesimame ogundayo, ukugunda izinwele
ğŸš¶ ukuhamba, umuntu ohambayo
ğŸš¶â€â™‚ indoda, indoda ehambayo, ukuhamba
ğŸš¶â€â™€ owesimame, owesimame ohambayo, ukuhamba
ğŸ§ ima, ukuma, umuntu omile
ğŸ§â€â™‚ indoda, indoda emile, ukuma
ğŸ§â€â™€ ukuma, umama, umama omile
ğŸ§ guqa, ukuguqa, umuntu oguqile
ğŸ§â€â™‚ indoda, indoda eguqlile, ukuguqa
ğŸ§â€â™€ ukuguqa, umama, umama ogulile
ğŸ§‘â€ğŸ¦¯ mpumputhe, ukufinyeleleka, umuntu onenkinga yokungena
ğŸ‘¨â€ğŸ¦¯ indoda, indoda enekheni lokuhlola, ukufinyelela, ukuphophala
ğŸ‘©â€ğŸ¦¯ ukufinyelela, ukuphophala, umama onekheni lokuhlola
ğŸ§‘â€ğŸ¦¼ isihlalo sabakhubazekile, ukufinyeleleka, umuntu onesihlalo sabakhubazekile
ğŸ‘¨â€ğŸ¦¼ indoda, indoda esesitulweni esizihambelayo, isitula sokuhamba, ukufinyelela
ğŸ‘©â€ğŸ¦¼ isitulo sokuhamba, ukufinyelela, umama, umama osesitulweni esizihambelayo
ğŸ§‘â€ğŸ¦½ accessibility, umuntu ohlezi esihlalweni sabakhubazekile, wheelchair
ğŸ‘¨â€ğŸ¦½ indoda, indoda esesitulweni sokuhanjiswa, isitulo sokuhamba, ukufinyelela
ğŸ‘©â€ğŸ¦½ isitulo sokuhamba, ukufinyelela, umama, umama osesitulweni sokuhanjiswa
ğŸƒ ukugijima, umjaho, umunto ogijimayo
ğŸƒâ€â™‚ indoda, indoda egijimayo, ukugijima, umjaho, umncintiswano
ğŸƒâ€â™€ owesimame, owesimame ogijimayo, ukugijima, umjaho, umncintiswane
ğŸ’ƒ owesimame odansayo, owesimane, ukudansa
ğŸ•º dansa, indoda, ukudansa
ğŸ•´ ibhizinisi, indoda, indoda egqoke isudu, isudu
ğŸ‘¯ abantu abasemcimbini, indlebe, intombazane, owesimame, ukudansa
ğŸ‘¯â€â™‚ amadoda asemcimbini, indlebe, indoda, ukuthokozela umcimbi, umdansi
ğŸ‘¯â€â™€ abasemame abasemcimbini, indlebe, owesimame, ukuthokozela umcimbi, umdansi
ğŸ§– igumbi lestimu, isona, umuntu egumbini elinestimu
ğŸ§–â€â™‚ igumbi lestimu, isona, owesilisa egunjini lestimu
ğŸ§–â€â™€ igumbi lestimu, isona, owesifazane egunjini lestimu
ğŸ§— umqwali, umuntu ogibelayo
ğŸ§—â€â™‚ owesilisa oqwalayo, umqwali
ğŸ§—â€â™€ owesifazane oqwalayo, umqwali
ğŸ¤º ifensa, inkemba, perso, ukufensa, umdlalo
ğŸ‡ ihhashi, ihhashi lomjaho, ujokhi, umjaho wamahhashi, umqhudelwano
â›· isithwatha, odlala iski, ski
ğŸ‚ ibhodi lesithwathwa, isithwatha, ski, umgibeli webhodi lesithwathwa
ğŸŒ ibhola, igalofu, umuntu odlala igalofu
ğŸŒâ€â™‚ igalofu, indoda, indoda edlala igalofu
ğŸŒâ€â™€ igalofu, owesimame, owesimame odlala igalofu
ğŸ„ ukudlala isurfing, umuntu ogibele isurf board
ğŸ„â€â™‚ indoda, indoda edlala isurfing, isurfing
ğŸ„â€â™€ isurfing, owesimame, owesimame odlala isurfing
ğŸš£ isikebhe, isithuthi, ukugwedla isikebhe, umuntu ogwedla isikebhe
ğŸš£â€â™‚ indoda, indoda egwedla isikebhe, isikebhe, ukugwedla isikebhe
ğŸš£â€â™€ isikebhe, owesimame, owesimame ogwedla isikebhe, ukugwedla isikebhe
ğŸŠ ukubhukuda, umuntu obhukudayo
ğŸŠâ€â™‚ indoda, indoda ebhukudayo, ukubhukuda
ğŸŠâ€â™€ owesimame, owesimame obhukudayo, ukubhukuda
â›¹ ibhola, umuntu onebhola
â›¹â€â™‚ ibhola, indoda, indoda enebhola
â›¹â€â™€ ibhola, owesimame, owesimame onebhola
ğŸ‹ izinsimbi, ukuphakamisa, umuntu ophakamisa izinsimbi
ğŸ‹â€â™‚ indoda, indoda ephakamisa izinsimbi, ophakamisa izinsimbi
ğŸ‹â€â™€ ophakamisa izinsimbi, owesimame, owesimame ophakamisa izinsimbi
ğŸš´ ibhayisikili, umgibeli webhayisikili, umuntu ogibele ibhayisikili
ğŸš´â€â™‚ ibhayisikili, indoda, indoda egibele ibhayisikili
ğŸš´â€â™€ ibhayisikili, owesimame, owesimeme ogibele ibhayisikili
ğŸšµ ibhayisikili, izintaba, umuntu ogibele ibhayisikili lezintaba
ğŸšµâ€â™‚ ibhayisikili, indoda, indoda egibele ibhayisikili lezintaba, intaba
ğŸšµâ€â™€ ibhayisikili, intaba, owesimame, owesimame ogibele ibhayisikili lezintaba
ğŸ¤¸ bhakela, isondo lekalishi, umdlalo, umuntu
ğŸ¤¸â€â™‚ bhakela, isondo lekalishi, owesilisa enza isondo lekalishi, umdlalo, umuntu
ğŸ¤¸â€â™€ bhakela, isondo lekalishi, owesimame enza isondo lekalishi, umdlalo, umuntu
ğŸ¤¼ abashayi-sibhakela, bhakela, umdlalo, umshayi-sibhakela, umuntu
ğŸ¤¼â€â™‚ abashayisibhakela besilisa, bhakela, umdlalo, umshayi-sibhakela, umuntu
ğŸ¤¼â€â™€ abashayisibhakela besimame, bhakela, umdlalo, umshayi-sibhakela, umuntu
ğŸ¤½ amanzi, ipholo, ukubhukuda, umdlalo, umuntu
ğŸ¤½â€â™‚ amanzi, ipholo, umdlalo, umdlalo webhola lasemanzini wowesilisa, umuntu
ğŸ¤½â€â™€ amanzi, ipholo, umdlalo, umdlalo webhola lasemanzini wowesimame, umuntu
ğŸ¤¾ ibhola, ibhola lesandla, umdlalo, umuntu
ğŸ¤¾â€â™‚ ibhola, ibhola lesandla, ibhola lesandla lowesilisa, umdlalo, umuntu
ğŸ¤¾â€â™€ ibhola, ibhola lesandla, ibhola lesandla lowesimame, umdlalo, umuntu
ğŸ¤¹ bhalansa, dlala, ikhono, sikhathi sodwa, ukudlala
ğŸ¤¹â€â™‚ bhalansa, dlala, ikhono, indoda, indoda edlala ngamabhola, sikhathi sodwa
ğŸ¤¹â€â™€ bhalansa, dlala, ikhono, owesimame, owesimame odlala ngamabhola, sikhathi sodwa
ğŸ§˜ iyoga, ukucabanga, umuntu esikhundleni se-lotus
ğŸ§˜â€â™‚ iyoga, owesilisa esikhundleni se-lotus, ukucabanga
ğŸ§˜â€â™€ iyoga, owesifazane esikhundleni se-lotus, ukucabanga
ğŸ›€ ubhavu wokugezela, ukugeza, umuntu ogezayo
ğŸ›Œ ihhotela, ukulala, umuntu olele
ğŸ§‘â€ğŸ¤â€ğŸ§‘ Abantu ababambene ngezandla, abantu babambene ngezandla, isandla, izithandani, ukubamba, ukubambana ngezandla, umuntu
ğŸ‘­ abantu besifazane, abasimame ababambene ngesandla, isandla, izithandani, ukubamba
ğŸ‘« isandla, izithandani, owesifazane, owesilisa, owesilisa nowesifazane bebembene ngezandla, ukubamba
ğŸ‘¬ amadoda, amadoda amabili abambene ngesandla, amawele, bambene ngezandla, i-Gemini, indoda, izinkanyezi, izithandani
ğŸ’ izithandani, ukuqabula
ğŸ’‘ inhliziyo, izithandani, izithandani ezinenhliziyo, uthando
ğŸ‘ª ingane, ubaba, umama, umndeni
ğŸ—£ ikhanda, ikhanda elikhulumayo, isithombe, ubuso, ukukhuluma
ğŸ‘¤ isithombe, isithombe somuntu, umuntu
ğŸ‘¥ abantu, isithombe, isithombe sabantu
ğŸ«‚ abantu abanganayo
ğŸ‘£ impahla yokugqoka, izinsalela zezinyawo, ukuphrinta, umzimba
ğŸ¦° ginger, izinwele ezibomvu, redhead
ğŸ¦± afro, curly, curly hair, ringlets
ğŸ¦³ gray, hair, izinwele ezimhlophe, izinwele ezimpunga, old, white
ğŸ¦² chemotherapy, hairless, imbungculu, no hair, shaven
ğŸµ inkawu, ubuso, ubuso benkawu
ğŸ’ inkawu
ğŸ¦ imfene, isilwane
ğŸ¦§ i-ape, i-orangutan
ğŸ¶ inja, isilwane sasekhaya, ubuso, ubuso benja
ğŸ• inja, isilwane sasekhaya
ğŸ¦® inja yokusiza, ukufinyelela, ukuphophala, ukusiza
ğŸ•â€ğŸ¦º inja, inja yesevisi, isevisi, ukufinyelela, usizo
ğŸ© inja, inja yomlungu, isilwane sasekhaya, ubuso
ğŸº i-wolf, ubuso
ğŸ¦Š impungushe, iqili, ubuso
ğŸ¦ curious, raccoon, sly
ğŸ± ikati, isilwane sasekhaya, ubuso, ubuso bekati
ğŸˆ ikati, isilwane sasekhaya
ğŸ¦ i-leo, i-zodiac, ibhubesi, ubuso
ğŸ¯ ithayiga, ubuso, ubuso bethayiga
ğŸ… ithayiga
ğŸ† ingwe
ğŸ´ ihhashi, ubuso, ubuso behhashi
ğŸ ihhashi, ihhashi lomjaho, umjaho
ğŸ¦„ iyunikhoni, ubuso
ğŸ¦“ idube, umugqa
ğŸ¦Œ inyamazane, isilwane
ğŸ¦¬ bison, i-bison, umhlambi, unkonka
ğŸ® inkomo, ubuso, ubuso benkomo
ğŸ‚ inkanyezi, inkunzi, ithorasi
ğŸƒ amanzi, inkomo yehlathi, inkomo yehlathi yamanzi
ğŸ„ inkomo
ğŸ· ingulube, ubuso, ubuso bengulube
ğŸ– imanzi yengulube, ingulube
ğŸ— ingulube, inkunzi yengulube
ğŸ½ ikhala, ikhala lengulube, ingulube, ubuso
ğŸ i-aries, igusha, inkunzi yegusha, zodiac
ğŸ‘ igusha, imanzi yegusha
ğŸ icapricon, imbuzi, inkanyezi
ğŸª ikameli, isifumbu
ğŸ« ikameli, ikameli elinezifumbu ezimbili, isifumbu
ğŸ¦™ alpaca, guanaco, llama, vicuÃ±a, wool
ğŸ¦’ indlulamithi, izindawo
ğŸ˜ indlovu
ğŸ¦£ extinction, large, mammoth, tusk, woolly
ğŸ¦ isilwane, ubhejane
ğŸ¦› hippopotamus, imvubu
ğŸ­ igundane, ubuso, ubuso begundane
ğŸ igundane
ğŸ€ igundane lasendle
ğŸ¹ i-hamster, isilwanyane, ubuso
ğŸ° isilwane sasekhaya, ubuso, ubuso bukanojwaja, unogwaja
ğŸ‡ isilwane sasekhaya, unogwaja
ğŸ¿ i-chipmunk
ğŸ¦« i-beaver, idamu
ğŸ¦” inhloli, nameva
ğŸ¦‡ ilulwane, isilwane, ivemphaya
ğŸ» ibhele, ubuso
ğŸ¨ i-koala, ibhele
ğŸ¼ iphanda, ubuso
ğŸ¦¥ i-sloth, ukungasheshi, ukuvilapha
ğŸ¦¦ i-otter, ukudlala, ukudoba
ğŸ¦¨ i-skunk, ukunuka
ğŸ¦˜ Australia, i-kangaroo, joey, jump, marsupial
ğŸ¦¡ badger, honey badger, pester
ğŸ¾ amaqophelo, amaqophelo ezidladla, izidladla, izinyawo
ğŸ¦ƒ ithekhi
ğŸ” inkukhu
ğŸ“ iqhude
ğŸ£ ichwane, ichwane eliphuma eqandeni, ingane, ukuqhekeka kweqanda
ğŸ¤ ichwane, ichwane elincane, ingane
ğŸ¥ ichwane, ichwane elincane elibheke phambili, ingane
ğŸ¦ inyoni
ğŸ§ iphengwini
ğŸ•Š ijuba, inyoni, ndiza, ukuthula
ğŸ¦… inyoni, ukhozi
ğŸ¦† idada, inyoni
ğŸ¦¢ cygnet, idada, idada elibi, inyoni
ğŸ¦‰ hlakanipha, inyoni, isikhova
ğŸ¦¤ dodo, extinction, large, Mauritius
ğŸª¶ uphaphe
ğŸ¦© i-flamboyanti, i-flamingo, i-tropical
ğŸ¦š bird, ostentatious, peacock, peahen, proud
ğŸ¦œ bird, parrot, pirate, talk
ğŸ¸ ixoxo, ubuso
ğŸŠ ingwenya
ğŸ¢ ufudu
ğŸ¦ huquzela ngesisu, isibankwa
ğŸ inkanyezi, inyoka, isithiyi
ğŸ² insumansumane, inyoka, ubuso, ubuso benyoka
ğŸ‰ insumansumane, udrakho
ğŸ¦• brachiosaurus, brontosaurus, diplodocus, i-sauropod
ğŸ¦– i-T-Rex, i-Tyrannosaurus Rex
ğŸ³ ubuso, ukukhipha amanzi, umkhomo, umkhomo ekhipha amanzi
ğŸ‹ umkhomo
ğŸ¬ ihlengethwa, okuphendukayo
ğŸ¦­ i-seal, ibhubesi lasolwandle
ğŸŸ inhlanzi, izinkanyezi, pisces
ğŸ  ufishi
ğŸ¡ inhlanzi, inhlanzi efuthekile
ğŸ¦ˆ ufishi, ushaka
ğŸ™ i-okthophasi
ğŸš igobolondo elizungezile, ingobolondo, okuzungezile
ğŸŒ umnenke
ğŸ¦‹ isinambuzane, ubuhle, uvemvane
ğŸ› isilokozane
ğŸœ intuthwane
ğŸ inyosi, inyosi yoju, isilokozane
ğŸª² i-bug, ibhungane, isinambuzane
ğŸ ibhungezi, ibhunguzi, isilokozane
ğŸ¦— ikhilikithi, iqhwagi
ğŸª³ ikokoroshe, iphela, isinambuzane
ğŸ•· isicabucabu, isilokozane
ğŸ•¸ isicabucabu, ulwembu, ulwembu lwesicabucabu
ğŸ¦‚ inkanyezi, ufezela
ğŸ¦Ÿ disease, fever, insect, malaria, mosquito, virus
ğŸª° impethu, impukane, isifo, isinambuzane, ukubola
ğŸª± i-annelid, imbungulu, isibungu, isiqubuqubu
ğŸ¦  amoeba, bacteria, microbe, virus
ğŸ’ imbali, isitshalo, isixha sezimbali
ğŸŒ¸ imbali, isitsahlo, ukhukhula kwembali, ukuqhakaza
ğŸ’® imbali, imbali emhlophe
ğŸµ irosette, isitshalo
ğŸŒ¹ imbali, irose, isitshalo
ğŸ¥€ bunile, imbali
ğŸŒº ihibiscus, imbali, isitshalo
ğŸŒ» imbali, isitshalo, ujikanelanga
ğŸŒ¼ imbali, isitshalo, ukuqhakaza
ğŸŒ· i-tulip, imbali, isitshalo
ğŸŒ± imbewu, isitshalo, okuncane
ğŸª´ akusizi ngalutho, indlu, isitshalo, isitshalo esisesitsheni, ukudubula, ukukhula, ukukhulisa
ğŸŒ² i-evergreen, isihlahla, isitshalo
ğŸŒ³ i-deciduous tree, isihlahla, isitshalo
ğŸŒ´ isihlahla, isitshalo, isundu
ğŸŒµ i-cactus, isitshalo
ğŸŒ¾ ilayisi, indlebe, isitshalo, uhlamvu, uhlamvu lwelayisi
ğŸŒ¿ iqabunga, isitshalo
â˜˜ i-shamrock, isitshalo
ğŸ€ i-four leaf clover, iqabunga, isitshalo, okune
ğŸ i-maple leaf, iqabunga, isitshalo, ukuwa
ğŸ‚ iqabunga, iqabunga eliqathakile, isitshalo, ukuwa
ğŸƒ iqabunga, iqabunga eliphephethwa umoya, isitshalo, phephetha, umoya
ğŸ‡ amagilebhisi, igilebhisi, isithelo, isitshalo
ğŸˆ imeloni, isithelo, isitshalo
ğŸ‰ ikhabe, isithelo, isitshalo
ğŸŠ inantshi, isithelo, isitshalo, iwolintshi
ğŸ‹ isithelo, isitshalo, okusawolintshi, ulamula
ğŸŒ isithelo, isitshalo, ubhanana
ğŸ isithelo, isitshalo, upayinapu
ğŸ¥­ fruit, tropical, umango
ğŸ ihhabhula elibomvu, isithelo, isitshalo
ğŸ ihhabhula eliluhlaza, isithelo, isitshalo
ğŸ ipheya, isithelo, isitshalo
ğŸ‘ ipetshisi, isithelo, isitshalo
ğŸ’ amasheri, isheri, isithelo, isitshalo
ğŸ“ amabhimbi, isithelo, isitshalo
ğŸ« ama-blueberries, i-berry, i-bilberry, i-blue, i-blueberry
ğŸ¥ ikiwi, isithelo, ukudla
ğŸ… imifino, isitshalo, utamatisi
ğŸ«’ i-olive, ukudla
ğŸ¥¥ i-palm, i-piÃ±a colada, ikhukhunathi
ğŸ¥‘ isithelo, ukotapheya, ukudla
ğŸ† imifino, isitshalo, ubrinjoli
ğŸ¥” isithelo, izambane, ukudla
ğŸ¥• amaveji, ukhalothi, ukudla
ğŸŒ½ iqabunga, iqabunga lommbila, isithalo, ummbila
ğŸŒ¶ isitshalo, ukubaba, upelepele, upelepele obabayo
ğŸ«‘ i-bell pepper, i-capsicum, isithelo, upelepele
ğŸ¥’ amaveji, gqumisa, ukhukhumba, ukudla
ğŸ¥¬ bok choy, cabbage, kale, leafy green, lettuce
ğŸ¥¦ i-bhulokholi, iklabishi lasendle
ğŸ§„ igalikhi, ukufaka umnambitho
ğŸ§… u-anyanisi, ukufaka umnambitho
ğŸ„ ikhowe, isitshalo
ğŸ¥œ amakinati, amaveji, ikinati, ukudla
ğŸŒ° ichestnut, isitshalo
ğŸ isinkwa, ulofu
ğŸ¥ ibhanisi, isifrentshi, isinkwa, ukudla
ğŸ¥– baguette, isifrentshi, isinkwa, ukudla
ğŸ«“ i-arepa, i-lavash, i-naan, i-pita, isinkwa esibacakile
ğŸ¥¨ i-phulezeli, phendukezelwe
ğŸ¥¯ bagel, bakery, schmear
ğŸ¥ amakhekhe, crÃªpe, ikhekhe elishisayo, isifrentshi, ukudla
ğŸ§‡ i-ayoni, i-indecive, i-waffle
ğŸ§€ ucezu lukashizi, ushizi
ğŸ– inyama, inyamo ethajeni, ithambo
ğŸ— inkukhu, ithambo, umlenze, umlenze wenkukhu
ğŸ¥© ingxenyana yenyama, inyama, inyama yemvu, inyama yengulube, isteki
ğŸ¥“ inyama, ubhekeni, ukudla
ğŸ” ibhega
ğŸŸ amafrayizi, amashibusi
ğŸ• ipiza, ucezu, ushizi
ğŸŒ­ ihot dog, isoseji
ğŸ¥ª isemishi, isinkwa
ğŸŒ® itaco, okumexican
ğŸŒ¯ hburrito, okumexican
ğŸ«” goqiwe, i-mexican, i-tamale
ğŸ¥™ falafel, gyro, isinkwa, isinkwa esishuthekwe ukudla, kebab, shuthekiwe, ukudla
ğŸ§† i-chickpea, i-falafel, i-meatball
ğŸ¥š iqanda, ukudla
ğŸ³ ipani, iqanda, ukupheka, ukuthosa
ğŸ¥˜ casserole, ipani, ipani elinokudla, ngajulile, paella, ukudla
ğŸ² ibhdwe lokudla, ibhodwe, isitshulu
ğŸ«• i-fondue, i-Swiss, ibhodwe, ncibilikile, ushizi, ushokoledi
ğŸ¥£ i-congee, ibhulakfesi, idla ngespuni, isiriyeli
ğŸ¥— hlaza, isaladi, isaladi lasengadini, ukudla
ğŸ¿ uphophukhoni
ğŸ§ˆ ibhatha, okwebisi
ğŸ§‚ condiment, salt, shaker
ğŸ¥« ikani, ukudla okusekanini
ğŸ± ibento, ibento bhoksi, ibhoksi
ğŸ˜ icracker, ilayisi, irice cracker
ğŸ™ ibhala, ibhala lelayisi, ilayisi, japanese
ğŸš ilayisi, ilayisi eliphekiwe, okuphekiwe
ğŸ› ilayisi, isishebo, isishebo selayisi
ğŸœ isitsha, isitsha esishunqayo, noodle, ukushunqa
ğŸ i-pasta, ispaghetti
ğŸ  amazambane, thosa, ubhatata othosiwe, ubumnandi
ğŸ¢ i-oden, ikebhabhu, induku, ukudla kwasolwandle
ğŸ£ isushi
ğŸ¤ ishrimpu, ishrimpu ethosiwe, isikhuphashi, thosa
ğŸ¥ ikhekhe, ikhekhe lenhlanzi elinokuzungezayo, inhlanzi, okuzungezayo
ğŸ¥® autumn, festival, moon cake, yuÃ¨bÇng
ğŸ¡ i-dango, induku, japanese, okunoshukela, ubumnandi
ğŸ¥Ÿ empanada, gyÅza, idombolo, jiaozi, pierogi, potsticker
ğŸ¥  ikhekhe lenhlanhla, isipholofitho
ğŸ¥¡ ibhakede lekhwathu, ibhokisi lokuthatha ngaphandle
ğŸ¦€ cancer, inkalankala, inkanyezi
ğŸ¦ bisque, claws, lobster, seafood
ğŸ¦ igobolondo, imfanzi, ncane, ukudla
ğŸ¦‘ ingwane, molusc, ukudla
ğŸ¦ª i-oyster, i-pearl, ukudayiva
ğŸ¦ okunoshukela, okuthambile, u-ice cream, u-ice cream othambile, ukhilimu
ğŸ§ i-shaved ice, iqhwa, okunoshukela, shaved, ubumnandi
ğŸ¨ iqhwa, okumnandi, okunoshuke, u-ice cream, ukhilimu
ğŸ© idonathi, okunoshukela, ubumnandi
ğŸª iqebelengwane, okunoshukela, ubumnandi
ğŸ‚ ikhekhe, ikhekhe lokuzalwa, okunoshukela, ubumnandi, ukuzalwa, umbungazo
ğŸ° ikhekhe, ikhekhe elincane, okunoshukela, ubumnandi, ucezu
ğŸ§ bakery, cupcake, sweet
ğŸ¥§ inhlama, okwaphakathi, uphaya
ğŸ« okunoshukela, ubumnandi, ushokoledi
ğŸ¬ okunoshukela, ubumnandi, uswidi
ğŸ­ okunoshukela, ubumnandi, ustikhiswidi, uswidi
ğŸ® iphudingi, okunoshukela, ubumnandi, ukhastadi
ğŸ¯ isitsha, isitsha soju, ubumnandi, uju
ğŸ¼ ibhodlela, ibhodlela lengane, ingane, isiphuzo, ubisi
ğŸ¥› ingilazi, ingilazi yobisi, phuza, ubisi
â˜• ikhofi, intuthu, isiphuzo, isiphuzo esishisayo, itiye, okuphuzwayo, okushisayo
ğŸ«– ibhodwe, ithibhothi, itiye, phuza
ğŸµ inkomishi, inkomishi yetiye, inkomishi yetiye engenasibambo, isiphuzo, itiye, okuphuzwayo
ğŸ¶ ibha, ibhodlela, inkomishi, isake, isiphuzo, okuphuzwayo
ğŸ¾ ibha, ibhodlela, ibhodlela elinokuputshuka phezulu, icork, isiphuzo, ukuqhuma
ğŸ· ibha, ingilazi, ingilazi yewayini, isiphuzo, iwayini, okuphuzwayo
ğŸ¸ ibha, icocktail, ingilazi, ingilazi yecocktail, isiphuzo
ğŸ¹ ibha, isiphuzo, isiphuzo esipholisayo, okupholile
ğŸº ibha, imagi, imagi kabhiya, isiphuzo, ubhiya
ğŸ» ibha, imagi, okuphuzwayo, ubhiya, ukushayisana, ukushayisana kwamamagi kabhiya
ğŸ¥‚ bungaza, ingilazi, phuza, ukushayanisa, ukushayanisa izingilazi
ğŸ¥ƒ dubula, ingilazi, ingilazi yephepha, iphepha, utshwala, whisky
ğŸ¥¤ ijusi, inkomishi enomucu wokumoma, isoda
ğŸ§‹ i-bubble, i-pearl, itiye, itiye le-bubble, ubisi
ğŸ§ƒ ibhokisi lamajusi, ibhokisi leziphuzo
ğŸ§‰ i-mate, isiphuzo
ğŸ§Š i-iceberg, ukubanda
ğŸ¥¢ ihashi, izinti
ğŸ½ imfoloko, imfoloko nommese nepleti, ipleti, ukupheka, ummese
ğŸ´ imfoloko, imfoloko nommese, ukupheka, ummese
ğŸ¥„ isipunu, okwetafula
ğŸ”ª ihocho, isikhali, ithuluzi, ukupheka, ummese, ummese wasekhishini
ğŸº aquarius, i-amfrora, inkanyezi, isikhali, isiphuzo, ithuluzi, ujeke, ukupheka
ğŸŒ afrika, europe, igilobhu, igilobhu eliveza i-europe-afrika, umhlaba
ğŸŒ igilobhu, igilobhu eliveza emelika, melika, umhlaba
ğŸŒ asia, australia, igilobhu, igilobhu eliveza asia-australia, umhlaba
ğŸŒ igilobhu, igilobhu elinemeridians, meridians, umhlaba
ğŸ—º ibalazwe, ibalazwe lomhlaba, umhlaba
ğŸ—¾ ibalazwe, ibalazwe lejapan, japan
ğŸ§­ i-compass, magnetic, navigation, orienteering
ğŸ” intaba, intaba embethe iqhwa, iqhwa, ukubanda
â›° intaba
ğŸŒ‹ intaba, intabamlilo, isimo sezulu, ukuqhuma
ğŸ—» ifuji, intaba
ğŸ• ukukhempa
ğŸ– ibhishi, ibhishi nesambulela, isambulela
ğŸœ isiqhingi, ugwadule
ğŸ isiqhingi, isiqhingi sasogwadule, ugwadule
ğŸ ipaki, ipaki likazwelonke
ğŸŸ inkundla, inkundla yezemidlalo
ğŸ› isakhiwo, isakhiwo sakudala
ğŸ— ukwakha, ukwakha isakhiwo
ğŸ§± i-mortar, isitini, izitini, ubumba, udonga
ğŸª¨ idwala, itshe, okusindayo, okuyibhande, okuyitshe
ğŸªµ i-log, imithi, ukhuni, umuthi
ğŸ›– i-yurt, indlu, urondo
ğŸ˜ izakhiwo zezindlu, izindlu
ğŸš indlu, isakhiwo sendlu esinganakiwe
ğŸ  indlu, isakhiwo sendlu
ğŸ¡ indlu, indlu enengadi, ingadi, isakhiwo, umuzi
ğŸ¢ isakhiwo, isakhiwo sehhovisi
ğŸ£ iposi, iposi lama-japanese, isakhiwo, japanese
ğŸ¤ european, iposi, isakhiwo
ğŸ¥ imithi, isakhiwo, isibhedlela, udokotela
ğŸ¦ ibhange, isakhiwo
ğŸ¨ ihhotela, isakhiwo
ğŸ© ihhotela, ihhotela lothando, isakhiwo, uthando
ğŸª isakhiwo, isitolo, isitolo esihlala sivuliwe, ukuhlala kuvuliwe
ğŸ« isakhiwo, isikole
ğŸ¬ impahla, isakhiwo, isitolo, isitolo sempahla
ğŸ­ imboni, isakhiwo
ğŸ¯ isakhiwo, isigodlo, isigodlo se-japanese, japanese
ğŸ° isakhiwo, isigodlo, japanese
ğŸ’’ isonto, umshado, uthando
ğŸ—¼ itokyo tower, tokyo, umbhoshongo
ğŸ—½ icuthe, inkululeko, statue of liberty
â›ª inkolo, isakhiwo, isiphambano, isonto, umzalwane
ğŸ•Œ amasulumane, inkolo, isonto lamasulumane
ğŸ›• i-hindu, ithempeli, ithempeli le-hindu
ğŸ• inkolo, isinagoge, ithempeli, umjuda
â›© inkolo, shinto, shrine
ğŸ•‹ amasulumane, i-kaaba, inkolo
â›² umthombo
â›º itende, ukulala etendeni
ğŸŒ isimo sezulu, izinkungu, kunezinkungu
ğŸŒƒ inkanyezi, ubusuku, ubusuku obunezinkanyezi
ğŸ™ idolobha, ukubukeka kwedolobha
ğŸŒ„ ekuseni, ilanga, ukuphuma kwelanga ezintabeni
ğŸŒ… ilanga, isimo sezulu, ukuphuma kwelanga
ğŸŒ† idolobha, isakhiwo, ukubukeka kwedolobha ukushona kwelanga, ukushona kwelanga
ğŸŒ‡ isakhiwo, isimo sezulu, ukushona kwelanga
ğŸŒ‰ ebusuku, ibhuloho, isimo sezulu
â™¨ iziphethu, iziphethu ezinamanzi ashisayo, kuyashisa, kuyathunya
ğŸ  ihhashi, ihhashi lekharaseli, ikharaseli
ğŸ¡ iferisi, isondo, isondo leferisi
ğŸ¢ i-roller coaster, ipaki, okokushushuluza
ğŸ’ˆ ipholi yomgundi wezinwele, ukugunda izinwele, umgundi wezinwele
ğŸª isekisi, itende, itende lesekisi
ğŸš‚ ikhanda lesitmela, injini, isithuthi, isitimela, isitimu, ujantshi
ğŸšƒ imoto, imoto eyisitimela, isitimela, ithilamu, ngogesi, ujantshi
ğŸš„ imoto, isitimela, isitimela esinesivinini esikhulu, isivinini, ujantshi
ğŸš… imoto, inhlamvu, isitimela, isitimela esinesivinini esikhulu esinekhala elinjengenhlamvu, isivinini, ujantshi
ğŸš† imoto, isitimela, ujantshi
ğŸš‡ imoto, isitimela esihamba ngaphansi komhlaba, umzila wesitimela ongaphansi komhlaba
ğŸšˆ imoto, isitimela esingengethilamu, ujantshi
ğŸš‰ imoto, isiteshi, isitimela, ujantshi
ğŸšŠ ibhasi, imoto, ithilamu
ğŸš imoto, ujantshi owodwa
ğŸš imoto, intaba, ujantshi, ujantshi wasentabeni
ğŸš‹ imoto, imoto eyithilamu, ithilamu
ğŸšŒ ibhasi, imoto
ğŸš elizayo, ibhasi, imoto
ğŸš ibhasi, ibhasi elihamba ngogesi, imoto, inqola, ithilamu
ğŸš ibhasi, ikhumbi, imoto
ğŸš‘ i-ambulense, imoto
ğŸš’ iloli, imoto, injini, injini yomlilo, isicishamlilo, umlilo
ğŸš“ amaphoyisa, imoto, imoto yamaphoyisa, ukuqapha
ğŸš” amaphoyisa, ezayo, imoto, imoto yamaphoyisa ezayo, isithuthi
ğŸš• isithuthi, itekisi
ğŸš– elizayo, isithuthi, itekisi elizayo
ğŸš— imoto, isithuthi
ğŸš˜ ezayo, imoto, isithuthi
ğŸš™ i-rv, isithuthi, isithuthi sokuzithokozisa, ukuzithokozisa
ğŸ›» cosha, iloli, iloli likadoti
ğŸšš iloli, iloli lokudiliva, isithuthi, ukudiliva
ğŸš› iloli, iloli elihlangene nogandaganda, isithuthi
ğŸšœ isithuthi, ugandaganda
ğŸ imoto, imoto yomjaho, umjaho
ğŸ isithuthuthu esigijimayo, umjaho
ğŸ›µ imoto, isithuthuthu
ğŸ¦½ isitulo esihanjiswayo, ukufinyelela
ğŸ¦¼ isitulo esizihambelayo, ukufinyelela
ğŸ›º i-auto rickshaw, i-tuk tuk
ğŸš² ibhayisikili, isithuthi
ğŸ›´ isikuta esikhahlelwayo, isithuthuthu, khahlela
ğŸ›¹ ibhodi, skateboard
ğŸ›¼ i-roller, i-roller skate, i-skate
ğŸš ibhasi, isitobhu, isitobhu sebhasi
ğŸ›£ umgwaqo, umgwaqo onguthelawayeka, umgwaqo womphakathi
ğŸ›¤ isitimela, ujantshi, ujantshi wesitimela
ğŸ›¢ amafutha, idramu, idramu lamafutha
â›½ igesi, isifutho, isifutho sesiphehlamandla, isiphehlamandla, isiteshi
ğŸš¨ amaphoyisa, ilambu lemoto yamaphoyisa, imoto, isithuthi, okujikelezayo, ukukhanya
ğŸš¥ irobhothi elivundlile, isiginali, ithrafikhi, ukukhanya
ğŸš¦ ilambu, irobhothi elibheke phezulu, isiginali, ithrafikhi
ğŸ›‘ ima, octagonal, uphawu, uphawu lokuma
ğŸš§ isithiyo, ukwakha
âš“ ihange, ithuluzi, umkhumbi
â›µ indawo yokuvakasha, isikebhe, isikebhe sasolwandle, isithuthi, ulwandle
ğŸ›¶ isikebhe
ğŸš¤ isikebhe, isikebhe esinesivinini esikhulu, isithuthi
ğŸ›³ isithuthi, umgibeli, umkhumbi, umkhumbi othwala abagbeli
â›´ isikebhe, isikebhe sokuwelisa
ğŸ›¥ isikebhe, isikebhe esinenjini, isithuthi
ğŸš¢ isithuthi, umkhumbi
âœˆ ibhanoyi, isithuthi
ğŸ›© ibhanoyi, ibhanoyi elincane, isithuthi
ğŸ›« ibhanoyi, isithuthi, ukuhamba, ukuhamba kwebhanoyi, ukukhipa ithikithi
ğŸ›¬ ibhanoyi, isthuthi, ukufika, ukufika kwebhanoyi, ukuhlala phansi kwebhanoyi
ğŸª‚ i-hang-glide, i-parachute, i-parasail, i-skydive
ğŸ’º isihlalo
ğŸš ibhanoyi elinophephela emhlane, isithuthi
ğŸšŸ isithuthi, ujantshi
ğŸš  gondola, inqola, inqola eya entabeni, intamba, isithuthi
ğŸš¡ gondola, imoto, inqola, inqola yasemoyeni, intambo, isithuthi, umoya
ğŸ›° isethalayithi, isithuthi, umkhathi
ğŸš€ irokhethi, isithuthi, umkhathi
ğŸ›¸ i-UFO, isosa endizayo
ğŸ› ihhotela, insimbi
ğŸ§³ hamba, pakisha, umthwalo
âŒ› hourglass, isihlabathi, isiklali sikhathi
â³ i-hourglass, i-hourglass egeleza isihlabathi, isihlabathi, isiklali sikhathi
âŒš iwashi
â° i-alamu, iwashi, iwashi le-alamu
â± i-stop washi, iwashi
â² isiklalisikhathi, iwashi, timer clock
ğŸ•° iwashi, mantelpiece clock
ğŸ•› 00, 12, 12:00, clock, oâ€™clock, twelve
ğŸ•§ 12, 12:30, 30, clock, thirty, twelve, twelve-thirty
ğŸ• 00, 1, 1:00, clock, oâ€™clock, one
ğŸ•œ 1, 1:30, 30, clock, one, one-thirty, thirty
ğŸ•‘ 00, 2, 2:00, clock, oâ€™clock, two
ğŸ• 2, 2:30, 30, clock, thirty, two, two-thirty
ğŸ•’ 00, 3, 3:00, clock, oâ€™clock, three
ğŸ• 3, 3:30, 30, clock, thirty, three, three-thirty
ğŸ•“ 00, 4, 4:00, clock, four, oâ€™clock
ğŸ•Ÿ 30, 4, 4:30, clock, four, four-thirty, thirty
ğŸ•” 00, 5, 5:00, clock, five, oâ€™clock
ğŸ•  30, 5, 5:30, clock, five, five-thirty, thirty
ğŸ•• 00, 6, 6:00, clock, oâ€™clock, six
ğŸ•¡ 30, 6, 6:30, clock, six, six-thirty, thirty
ğŸ•– 00, 7, 7:00, clock, oâ€™clock, seven
ğŸ•¢ 30, 7, 7:30, clock, seven, seven-thirty, thirty
ğŸ•— 00, 8, 8:00, clock, eight, oâ€™clock
ğŸ•£ 30, 8, 8:30, clock, eight, eight-thirty, thirty
ğŸ•˜ 00, 9, 9:00, clock, nine, oâ€™clock
ğŸ•¤ 30, 9, 9:30, clock, nine, nine-thirty, thirty
ğŸ•™ 00, 10, 10:00, clock, oâ€™clock, ten
ğŸ•¥ 10, 10:30, 30, clock, ten, ten-thirty, thirty
ğŸ•š 00, 11, 11:00, clock, eleven, oâ€™clock
ğŸ•¦ 11, 11:30, 30, clock, eleven, eleven-thirty, thirty
ğŸŒ‘ inyanga, inyanga entsha, isimo sezulu, ubumnyama, umkhathi
ğŸŒ’ inyanga, inyanga ewucezu olubheke emuva, isimo sezulu, ukubheka emuva, umkhathi
ğŸŒ“ ikota, ikota yokuqala yenyanga, inyanga, isimo sezulu, umkhathi
ğŸŒ” inyanga, inyange ewucezu ebheke phambili, isimo sezulu, ukubhek phambili, umkhathi
ğŸŒ• inyanga, inyange egcwele, isimo sezulu, ukugcwala, umkhathi
ğŸŒ– inyanga, inyanga ebheke emuva enciphile, isimo sezulu, ukubheka emuva, ukuncipha, umkhathi
ğŸŒ— ikota, inyanga, inyanga yekota yokugcina, isimo sezulu, umkhathi
ğŸŒ˜ inyanga, inyanga ebheke phambili enkulu, isimo sezulu, ukubheka phambili, ukuncipha, umkhathi
ğŸŒ™ inyanga, inyanga enciphile, isimo sezulu, ukubheka emuva, umkhathi
ğŸŒš inyanga, isimo sezulu, ubuso, ubuso benyanga entsha, umkhathi
ğŸŒ› inyanga, inyanga yekota lokuqala elinobuso, isimo sezulu, ubuso, umkhathi
ğŸŒœ ikota yokugcina yenyanga enobuso, inyanga, isimo sezulu, ubuso, umkhathi
ğŸŒ¡ isimo sezulu, ithemomitha
â˜€ ilanga, imisebe, isikhala, isimo sezulu, kunelanga, ukukhanya
ğŸŒ inyanga egcwele, inyanga egcwele enobuso, isimo sezulu, ubuso, ukukhanya, umkhathi
ğŸŒ ilanga, ilanga elinobuso, isimo sezulu, ubuso, ukukhanya, umkhathi
ğŸª i-saturine, i-saturn, iplanethi eringayo
â­ inkanyezi, inkanyezi ephakathi nendawo emhlophe
ğŸŒŸ inkanyezi, inkanyezi ebhanyazayo, ukubhayaza
ğŸŒ  inkanyezi, inkanyezi edubulayo, ukudubula, ukuwa, umkhathi
ğŸŒŒ imilkhi weyi, isimo sezulu, umkhathi
â˜ ifu, isimo sezulu
â›… ifu, ilanga, ilanga elingemuva kwefu, isimo sezulu
â›ˆ ifu, ifu elinombani kanye nemvula, imvula, isimo sezulu, ukuduma
ğŸŒ¤ ifu, ilanga, ilanga elingemuva kwefu elincane, isimo sezulu
ğŸŒ¥ ifu, ilanga, ilanga elingemuva kwef elikhul, isimo sezulu
ğŸŒ¦ ifu, ilanga, ilanga elingemuva kwefu elinemvula, imvula, isimo sezulu
ğŸŒ§ ifu, ifu elinemvula, imvula, isimo sezulu
ğŸŒ¨ ifu, ifu elinesithwathwa, isimo sezulu, isithwathwa, ukubanda
ğŸŒ© ifu, ifu elinombani, isimo sezulu, umbani
ğŸŒª ifu, inkanyamba, isimo sezulu, umoya ovunguzayo
ğŸŒ« ifu, inkungu, isimo sezulu
ğŸŒ¬ ifu, isimo sezulu, phephetha, ubuso, ubuso bomoya, umoya
ğŸŒ€ inkanyamba, inzululwane, isimo sezulu, isiphepho
ğŸŒˆ imvula, isimo sezulu, uthingo
ğŸŒ‚ impahla egqokwayo, imvula, isambulela, isambulela esivaliwe, isimo sezulu
â˜‚ impahla egqokwayo, imvula, isambulela, isimo sezulu
â˜” impahla egqokwayo, imvula, iqabazi, isambulela, isambulela esinamaqabazi emvula, isimo sezulu
â›± ilanga, imvula, isambulela, isambulela esiphansi, isimo sezulu
âš¡ amandla kagesi, amandla kagesi amakhulu, ubungozi, ugesi, umbani, zap
â„ ikhekheba leqha, isimo sezulu, isithwathwa, ukubanda
â˜ƒ indoda yesithwathwa, isimo sezulu, isithwathwa, ukubanda
â›„ indoda yesithwathwa, indoda yesithwathwa engenasithwathwa, isimo sezulu, isithwathwa, ukubanda
â˜„ ikhomethi, ukhathi
ğŸ”¥ ilangabi, ithuluzi, umlimo
ğŸ’§ iqabazi, isimo sezulu, opopayi, ukubanda, umjuluko
ğŸŒŠ amanzi, igagasi, igagasi lamanzi, isimo sezulu, ulwandle
ğŸƒ i-halloween, i-jack-o-lantern, ijack, ilambu, umbungazo
ğŸ„ isihlahla, isihlahla sikaKhisimusi, uKhisimusi, umbungazo
ğŸ† amakhrikhethi, umbungazo
ğŸ‡ amakhrikhethi, okuqhumayo, umbungazo
ğŸ§¨ E11:050
âœ¨ inkanyezi, okukhazimulayo, ukukhazimula
ğŸˆ ibhaluni, umbungazo
ğŸ‰ iphathi, itada, okuqhuma ephathini, ukuqhuma, umbungazo
ğŸŠ ibhala, ibhola eliqhumayo, ukuqhuma, umbungazo
ğŸ‹ isihlahla, isihlahla setanabata, japanese, umbungazo
ğŸ imihlobiso yesundu, isitshalo, japanese, umbungazo, uqalo, usundu
ğŸ japanese, onodoli, onodoli bejapanese, umbungazo, umcimbi
ğŸ carp, i-carp streamer, istreamer, umbungazo
ğŸ ichime, ichime yomoya, insimbi, umbungazo, umoya
ğŸ‘ inyanga, umbungazo, umcimbi, umcimbi wenyanga
ğŸ§§ E11:049
ğŸ€ iribhini, umbungazo
ğŸ ibhokisi, iprezenti, isipho, isipho esigoqiwe, okugoqiwe, umbungazo
ğŸ— iribhini, iribhini yesikhumbuzo, isikhumbuzo, umbungazo
ğŸŸ amathikithi, amathikithi okungena, ukungena
ğŸ« ithikithi, ukungena
ğŸ– imedali, imedali yamasosha, okwamasosha, umbungazo
ğŸ† indondo, umklomelo
ğŸ… imedali, imedali yezamidlalo
ğŸ¥‡ igolide, indodo yendawo yokuqala, indondo, qala
ğŸ¥ˆ bili, indondo, indondo yendawo yesibili, isiliva
ğŸ¥‰ ibhulonzi, indondo, indondo yendawo yesithathu, thathu
âš½ ibhola, ibhola likanobhujuzwayo, unobhujuzwayo
âš¾ i-baseball, ibhola
ğŸ¥ softball
ğŸ€ i-basketball, ibhola, ihubhu
ğŸ i-volleyball, ibhola, umdlalo
ğŸˆ i-american football, ibhola, ibhola likanobhujuzwayo, okwasemelika
ğŸ‰ i-football, ibhola, ibhola lomboxo, umbhoxo
ğŸ¾ ibhalo, irekhethi, ithenisi
ğŸ¥ E11:007
ğŸ³ ibhola, ukubhowla, umdlalo
ğŸ ibhethi, ibhola, umdlalo, umdlalo wekhilikithi
ğŸ‘ ibhola, ihokhi, induku, inkundla, umdlalo
ğŸ’ ihokhi, ihokhi yaseqhweni, induku, iqhwa, umdlalo
ğŸ¥ E11:005
ğŸ“ ibhethi, ibhola, ithenisi yetafula, ping pong, umdlalo
ğŸ¸ ibadminton, irekhethi, umdlalo
ğŸ¥Š igilavu, igilavu lokulwa, ukulwa, umdlalo
ğŸ¥‹ ezokulwa, ikarati, inyufomu, inyufomu yokulwa, judo, taekwondo, umdlalo
ğŸ¥… igoli, inethi, inethi yegoli, umdlalo
â›³ ifalfu, ifulegi elisembobeni, imbobo
â›¸ ice skate, iqhwa, skate
ğŸ£ induku, inhlanzi, udobo
ğŸ¤¿ i-scuba, i-snorkeling, imaski yokudayiva, ukudayiva
ğŸ½ isikibha, isikibha sokugijima, ukugijima
ğŸ¿ isithwatha, ski, skis
ğŸ›· isihlibhi, isleji
ğŸ¥Œ idwala, itshe lokutayela, umdlalo
ğŸ¯ idathi, ihlo, impokophelo, ukunemba, umdlalo
ğŸª€ i-yo-yo, ithoyi, ukungahlaliseki
ğŸª i-kite, i-soar, ukuphaph
ğŸ± 8, amabhiliyade, billiard, billiards, ibhola, umdlalo
ğŸ”® ibhola, ibhola lekhristali, ikhristali, inhlanhla, insumansumane, ithuluzi
ğŸª„ induku yomlingo, magic, witch, wizard
ğŸ§¿ bead, charm, E11:073, evil-eye, nazar, talisman
ğŸ® isilawuli, umdlalo, umdlalo wevidiyo
ğŸ•¹ ijoystiki, umdlalo, umdlalo wevidiyo
ğŸ° imbotshana yokufaka imali, umdlalo, umshini onembotshana yokufaka imali
ğŸ² idayisi, umdlalo, umdlalo wamadayisi
ğŸ§© i-jigsaw, icebo, indida, izingcezu, izingcezu zephazili, ucezu, ukukhiya ngaphakathi
ğŸ§¸ u-teddy bear
ğŸª… i-piÃ±ata
â™  ikhadi, ispeyidi, umdlalo, uspeyidi
â™¥ ikhadi, inhliziyo, izinhliziyo, umdlalo, unhliziyo
â™¦ amadayimane, idayimane, ikhadi, okumise okwedayimane, umdlalo
â™£ ikhadi, izimpukane, umdlalo, umpukane
â™Ÿ E11:001
ğŸƒ ikhadi, ujokha, ukudlala, umdlalo
ğŸ€„ imajongi, okubomvu, umajongi oyidragoni ebomvu, umdlalo
ğŸ´ amakhadi okudlala ayimbali, ikhadi, imbali, japanese, ukudlala, umdlalo
ğŸ­ ezobuciko bemibukiso, imaskhi, ubuciko, umbukiso
ğŸ–¼ ifulemu, ifulemu enesithombe, imyuziyemu, isithombe, ubuciko
ğŸ¨ ibhodi lengcweti yokupenda, imyuziyemu, isithombe esipendiwe, ubuciko
ğŸ§µ E11:063
ğŸª¡ inaliti, izihlungo, izitishi, ukufeketha, ukuthunga
ğŸ§¶ E11:064
ğŸª¢ bopha, hlanganisa, ifindo, intambo, ithandelwe, sonta
ğŸ‘“ ihlo, impahla yokugqoka, izibuko, izibuko zamehlo, ukugqokisa amehlo
ğŸ•¶ ihlo, izibuko, izibuko zamehlo, izibuko zelanga, ubumnyana
ğŸ¥½ eye protection, izibuko zokuzivikela, ukubhukuda, ukushisela
ğŸ¥¼ doctor, experiment, lab coat, scientist
ğŸ¦º iveste, iveste yokuphepha, okuphuthumayo, ukuphepha
ğŸ‘” impahla yokugqoka, uthayi womqala
ğŸ‘• ihembe, impahla yokugqoka, isikibha
ğŸ‘– ibhulukwe, ijini, impahla yokugqoka
ğŸ§£ intamo, iskhafu
ğŸ§¤ amaglavu, isandla
ğŸ§¥ ijakhethi, ijazi
ğŸ§¦ amasokisi, amastokhingi
ğŸ‘— ingubo yokugqoka, irokwe
ğŸ‘˜ ikinomo, ingubo yokugqoka
ğŸ¥» i-sari, ingubo, izingubo
ğŸ©± insudu yebhavu, insudu yokubhukuda eyodwa
ğŸ©² insudu yebhavu, insudu yokubhukuda, izifinyezo, kokugqoka ngaphansi, ucezu olulodwa
ğŸ©³ ibhulukwe, insudu yebhavu, izikhindi, kokugqoka ngaphansi
ğŸ‘™ ibikini, ingubo yokugqoka, ukubhukuda
ğŸ‘š impahla yomuntu wesifazane, ingubo yokugqoka, umuntu wesifazane
ğŸ‘› impahla yokugqoka, isikhwama semali, uhleza
ğŸ‘œ impahla yokugqoka, isikhwama, isikhwama esincane
ğŸ‘ impahla yokugqoka, isikhwama
ğŸ› ihhotela, isikhwama, izikhwama zokuthenga, ukuthenga
ğŸ’ isikhwama, isikhwama sesikole, isikole, ubhaka
ğŸ©´ ama-thongs, isicathulo esingena kubhozo, izicathulo, izicathulo zasebhishi, Izicathulo ze-thong, zÅri
ğŸ‘ impahla yukugqoka, indoda, isicathulo, izicathulo zamadoda
ğŸ‘Ÿ impahla yokugqoka, isicathulo, iteku, izicathulo zokugijima, ukugijima
ğŸ¥¾ amabhuthi okuqwala, backpacking, boot, camping, hiking
ğŸ¥¿ ballet flat, isicathulo esiphansi, slip-on, slipper
ğŸ‘  impahla yokugqoka, iqhoksi, isicathulo, owesimame
ğŸ‘¡ amasendeli, impahla yokugqoka, isicathulo, owesimame
ğŸ©° izicathulo ze-ballet
ğŸ‘¢ ibhuzu, ibhuzu lowesimame, impahla yokugqoka, isicathulo, owesimame
ğŸ‘‘ impahla yokugqoka, inkosazana, inkosi, umqhele
ğŸ‘’ impahla yokugqoka, isigqoko, isigqoko sowesimame, owesimame
ğŸ© impahla yokugqoka, isigqoko, isigqoko sabesilisa, umswenko
ğŸ“ ikepisi, impahla yokugqoka, isigqoko, isigqoko semiyezane, ukuthweswa imiyezane, umbungazo
ğŸ§¢ ikhephu ekhokhisiwe, ikhephu ye-baseball
ğŸª– ezempi, i-helmet, ibutho, isosha, izigqoko zempi, umpi
â›‘ isigqoko, isigqoko esiqinile esinesiphambano esimhlophe, isiphambano, ubuso, usizo
ğŸ“¿ impahla yokugqoka, inkolo, ubuhlalu, ubuhlalu bokuthandaza, umgexo, umthandazo
ğŸ’„ amakhozimetiksi, iruji, okokuzicwala
ğŸ’ idayimane, iringi
ğŸ’ idayimane, ijemu, ubucwebe
ğŸ”‡ isipikha, ukucisha, ukuthula, umsindo
ğŸ”ˆ ispikha, umsindo
ğŸ”‰ igagasi, isipikha, phansi, ukuvula ispikha, umsindo
ğŸ”Š 3, ispikha, ispikha esiphezulu, ivolumu, phezulu, umsindo
ğŸ“¢ isipikha esimemezayo, ukukhuluma nomphakathi, umsindo
ğŸ“£ ukujabula, umbhobho omkhulu
ğŸ“¯ iposi, umbhobho, umbhobho weposi, umbhobo weposi
ğŸ”” ibheli, insimbi
ğŸ”• insimbi, insimbi enodwi, okuvinjiwe, okwenqatshelwe, qha, ukucisha, ukuthula
ğŸ¼ umbhalo, umbhalo womculo, umculo
ğŸµ inothi, inothi lomculo, umculo
ğŸ¶ amanothi, amanothi omculo, inothi, umculo
ğŸ™ imakhrofoni, imakhrofoni yasestudiyo, imayikhi, istudiyo, umculo
ğŸš izinga, izinga lesilawuli, okokulawula, umculo
ğŸ› izinkinobho, izinkinobho zezilawuli, ukulawula, umculo
ğŸ¤ ikhariyokhi, imakhrofoni, imayikhi
ğŸ§ ama-headphone, okufakwa endlebeni
ğŸ“» ividiyo, umsakazo
ğŸ· imfiliji, insimbi, umculo
ğŸª— cindezela ibhokisi, i-accordian, i-accordion, i-concertina
ğŸ¸ insimbi, isigingci, umculo
ğŸ¹ ikhibhodi, ikhibhodi yomculo, insimbi, umculo, uphiyano
ğŸº icilongo, insimbi, umculo
ğŸ» insimbi, ivayolini, umculo
ğŸª• i-banjo, uchungechunge, umculo
ğŸ¥ idilamu, izinduku zedilamu, umculo
ğŸª˜ i-conga, ibhithi, isigqi, isigubhu, isigubhu eside
ğŸ“± iselula, ucingo
ğŸ“² iselula, iselula enomcibisholo, ucingo, ukufona, ukwamukela, umcibisholo
â˜ ifoni, ucingo
ğŸ“ ifoni, ithelefoni, ukwamukela
ğŸ“Ÿ ipheja
ğŸ“  ifeksi, umshini wefeksi
ğŸ”‹ ibhetri
ğŸ”Œ ipulaki, ipulaki likagesi, ugesi
ğŸ’» eqondene nomuntu, i-pc, ikhomputha, ikhompyutha eyilephuthophi
ğŸ–¥ ideskhithophu, ikhompyutha, ikhompyutha yedeskhithophu
ğŸ–¨ ikhompyutha, iphrinta
âŒ¨ ikhibhodi, ikhompytha
ğŸ–± 3, ikhompyutha, inkinobho, isilawuli, isilawuli sekhompyutha
ğŸ–² ikhompyutha, itrackball
ğŸ’½ idiski, idiski encane, ikhompyutha
ğŸ’¾ i-floppy, i-floppy diski, idiski, ikhompyutha
ğŸ’¿ blu-ray, i-dvd, idiski, ikhompyutha, isidi
ğŸ“€ blu-ray, i-dvd, idiski, idividi, ikhompyutha, isidi
ğŸ§® abacus, calculation
ğŸ¥ icinema, ikhamera, ikhamera yamamuvi, imuvi
ğŸ amafreymi amafilimu, amafreymu, ifilimu, imuvi, isinema
ğŸ“½ amafreymu, ibhayisikobho, ifilimu, imuvi, isinema
ğŸ¬ i-clapper, i-clapper board, imuvi
ğŸ“º i-tv, ithelevishini, ividiyo
ğŸ“· ikhamera, ividiyo
ğŸ“¸ ifleshi, ikhamera, ikhamera enefleshi, ividiyo
ğŸ“¹ ikhamera, ividiyo, ividiyo khamera
ğŸ“¼ ikhasethi, ividiyo, ividiyo khasethi, vhs
ğŸ” ibhodlela, ibhodlela elikhulisayo elibheke kwesokunxele, ithuluzi, ukukhulisa, ukusesha
ğŸ” ibhodlela, ibhodlela elikhulisayo elibheke kwesokudla, ithuluzi, ukukhulisa, ukusesha
ğŸ•¯ ikhandlela, ukukhanya
ğŸ’¡ igilobhu, igilobhu likagesi, opopayi, ugesi, ukukhanya, umbono
ğŸ”¦ ithoshi, ithuluzi, ugesi, ukukhanya
ğŸ® ibha, ilambu, ilambu elibomvu, japanese, okubomvu, ukukhanya
ğŸª” i-diya, isibani, isibani se-diya, uwoyela
ğŸ“” ikhava, incwadi, incwajana, incwajana enekhava ehlotshisiwe, umhlobiso
ğŸ“• incwadi, incwadi evaliwe, okuvaliwe
ğŸ“– incwadi, incwadi evuliwe, okuvuliwe
ğŸ“— incwadi, incwadi eluhlaza satshani, luhlaza satshani
ğŸ“˜ incwadi, incwadi eluhlaza sasibhakabhaka, luhlaza sasibhabhaka
ğŸ“™ incwadi, incwadi ephuzi, okuphuzi
ğŸ“š incwadi, izincwadi
ğŸ““ incwajana
ğŸ“’ ileja, incwajana
ğŸ“ƒ ikhasi, ikhasi eligobile, ukugoba, umbhalo
ğŸ“œ ikhasi, umqulu
ğŸ“„ ikhasi, ikhasi elibheke phezulu, umbhalo
ğŸ“° iphepha, iphephandaba, izindaba
ğŸ— eligoqiwe, iphepha, iphephandaba, izindaba
ğŸ“‘ ama-tabs, ama-tabs okumaka ibhuku, okokumaka ibhuku, umaka
ğŸ”– ibhuku lokumaka, ukumaka
ğŸ· ilebula
ğŸ’° idola, imali, isaka lemali, isikhwama, isikhwama semali
ğŸª™ gold, imali, metal, money, silver, treasure
ğŸ’´ ibhange, imali, imali eyiyeni, isikweletu, iyeni, uhlobo lwemali
ğŸ’µ ibhange, idola, imali, imali eyidola, isikweletu, uhlobo lwemali
ğŸ’¶ i-euro, ibhange, imali, imali yase-euro, isikweletu, uhlobo lwemali
ğŸ’· i-pound, ibhange, imali, imali eyi-pound, isikweletu, uhlobo lwemali
ğŸ’¸ amaphiko, ibhange, idola, imali, imali enamaphiko, isikweletu, ukundiza
ğŸ’³ ibhange, ikhadi, ikhredithi, ikhredithi khadi, imali
ğŸ§¾ accounting, bookkeeping, evidence, proof, receipt
ğŸ’¹ ibhange, igrafu, imakethe, imali, ishadi, ishadi elivuza ukukhuphuka kweyeni, iyeni, phezulu, uhlobo lwemali, ukukhula, ukukhuphuka
âœ‰ i-imeyli, imvilophu
ğŸ“§ i-imeyli, incwadi
ğŸ“¨ i-imeyli, imvilophu, imvilophu engenayo, incwadi, okungenayo, ukwamukela
ğŸ“© i-imeyli, imvalaphu enomcibisholo, imvilophu, imvilophu enomcibisholo, incwadi, okuphumayo, okuthunyelwe, phansi, umcibisholo
ğŸ“¤ ibhokisi, ibhokisi lokuphumayo, incwadi, ithreyi, okuphumayo, okuthunyelwe
ğŸ“¥ ibhokisi, ibhokisi lokungenayo, incwadi, ithreyi, okuphumayo, okuthunyelwe
ğŸ“¦ ibhokisi, iphasela
ğŸ“« ibhokisi leposi, ibhokisi leposi elivaliwe elinefulegi eliphakanyisiwe, iposi, okuvaliwe
ğŸ“ª ibhokisi leposi, ibhokisi leposi elivaliwe elinefulegi elehlisiwe, iposi, okuvaliwe, okwehlisiwe
ğŸ“¬ ibhokisi leposi, ibhokisi leposi elivuliwe elinefulgi eliphakanyisiwe, iposi, okuvuliwe, okwehlisiwe
ğŸ“­ ibhokisi leposi, iposi, iposi elivuliwe elinefulegi elehlisiwe, okuvuliwe, okwehlisiwe
ğŸ“® ibhokisi leposi, iposi
ğŸ—³ ibhalothi, ibhokisi, ibhokisi lebhalothi elinebhalothi
âœ ipenseli
âœ’ omnyama, umsizi
ğŸ–‹ fountain, ifountain pen, ipeni
ğŸ–Š ipeni, ipeni elicijile, ukucija
ğŸ–Œ ibhulashi lokupeda, ukupenda
ğŸ– ikhrayoni
ğŸ“ imemo, ipenseli
ğŸ’¼ ibhrifukhesi
ğŸ“ ifayela, ifolda, ifolda yefayela
ğŸ“‚ ifayela, ifolda, ukuvula, vula ifolda yefayela
ğŸ—‚ ikhadi, okwahlukanisa amakhadi, okwahlukanisayo
ğŸ“… ikhalenda, usuku
ğŸ“† ikhalenda, ikhalenda elidabulekayo
ğŸ—’ izipringi, okokubhala, okokubhala okunezipringi
ğŸ—“ ikhalenda, ikhalenda lezipringi, izipringi
ğŸ“‡ ikhadi, irolodeksi, okokuhlela amakhadi, ukuhlela
ğŸ“ˆ igrafu, ishadi, ishadi elikhuphukayo, okuya phezulu, ukukhula
ğŸ“‰ igrafu, ishadi, ishadi elehlayo, okuya phansi
ğŸ“Š ibha, igrafu, ishadi, ishadi eliyibha
ğŸ“‹ ibhodi lokunamathelisa
ğŸ“Œ uphini, uphini wokuphusha
ğŸ“ uphini, uphini wokuphusha, uphini wokuphusha oyindingilizi
ğŸ“ okokubamba amaphepha
ğŸ–‡ okokubamba amaphepha okuhlangene, okokuhlanganisa amaphepha okuhlangene
ğŸ“ irula, irula eliqondile, okuqondile
ğŸ“ irula, irula eliwunxantathu, isethi, unxantathu
âœ‚ isikelo, ithuluzi
ğŸ—ƒ ibhodi lokugcina amakhadi, ibhokisi, ifayela, ikhadi
ğŸ—„ fayela, ikhabethe, ikhabethei lamafayela
ğŸ—‘ ubhasikidi wezibi
ğŸ”’ ingidi, kuvaliwe
ğŸ”“ ingidi, ingidi evuliwe, qaqa, vula
ğŸ” ingidi enepeni, ipeni, khiya, uvumfihlo, uyinki
ğŸ” ingidi, ingidi evaliwe enokhiye, kuphephile, kuvaliwe, ukhiye
ğŸ”‘ iphasiwedi, khiya, ukhiye
ğŸ— khiya, okudala, okukukhanyiselayo, ukhiye, ukhiye omdala
ğŸ”¨ isando, ithuluzi
ğŸª“ i-hatchet, imbazo, kapa, ukhuni, ukuhlukanisa
â› imayini, ipiki, ithuluzi
âš’ ipiki, isando, ithuluzi
ğŸ›  ipiki, isando, isando nespanelo, ispanelo
ğŸ—¡ isikhali, ummese
âš” imikhonto, imikhonto ephambene, izikhali, okuphambene
ğŸ”« irivolva, isibhamu, isibhamu esincane, isikhali, ithuluzi, ivolovolo
ğŸªƒ e-australia, i-boomerang, i-rebound, i-repercussion
ğŸ¹ inkanyezi, isikhali, ithuluzi, sagittarius, umcibisholo, umcibisholo nesihlangu
ğŸ›¡ ihawu, isikhali
ğŸªš i-lumber, isaha, isaha lombazi, ithuluzi, umbazi
ğŸ”§ isipanelo, ithuluzi
ğŸª› i-screw, isikebheli, ithuluzi
ğŸ”© ibholidi, ithuluzi
âš™ igiya, ithuluzi
ğŸ—œ isicindezeli, ithuluzi, uvaysi
âš– inkanyezi, isisindo, ithuluzi, iziklali, libra, okokulinganisa, ubulungiswa, ukulingana
ğŸ¦¯ ikheni yokusiza, ukufinyelela, ukuphophala
ğŸ”— ukuxhumanisa
â›“ amaketango
ğŸª catch, crook, curve, ensnare, i-hook, selling point
ğŸ§° chest, ibhokisi lamathuluzi, mechanic, tool
ğŸ§² attraction, horseshoe, magnetic, umayibuthe
ğŸªœ climb, ilada, ladder, rung, step
âš— i-alambic, ithuluzi, khemistri
ğŸ§ª chemist, chemistry, experiment, ishubhu lokuhlola, lab, science
ğŸ§« bacteria, biologist, biology, culture, lab, petri dish
ğŸ§¬ biologist, evolution, gene, genetics, life, ulibofuzo
ğŸ”¬ i-microscope, ithuluzi
ğŸ”­ i-telescope, itelescope, ithuluzi
ğŸ“¡ indishi, isethelaythi, u-eriyeli, u-eriyeli wesethelaythi
ğŸ’‰ imithi, inaliti, ithuluzi, udokotela, ukugula, ukujova, umjovo
ğŸ©¸ imithi, ithonsi legazi, ukopha, ukuphisana ngegazi
ğŸ’Š imithi, iphilisi, udokotela, ukugula
ğŸ©¹ ibhandishi, ibhandishi yokubopha
ğŸ©º i-slethoscope, inhliziyo imithi, udokotela
ğŸšª isicabha
ğŸ›— i-elevator, ikheshi, phakamisa, ukufinyeleleka, ukuphakama
ğŸª i-speculum, isibonakaliso, isibuko, ukuzindla
ğŸªŸ buka, evulekile, iwindi, uhlaka, ukuvula, umoya omusha
ğŸ› ihhotela, ukulala, umbhede
ğŸ›‹ ihhotela, ilambu, usofa
ğŸª‘ hlala, isihlalo, isitulo
ğŸš½ indlu yangasese
ğŸª  i-plunger, indlu yangasese, ipulazi, ukuphoqa indebe, ukusondeza
ğŸš¿ amanzi, ishawa
ğŸ› ubhavu wokugezela, ukugeza
ğŸª¤ isicuphi, ugibe, umgibe, unoxhaka
ğŸª’ cija, i-razor, shefa
ğŸ§´ ibhodlela leloshini, lotion, lotion bottle, moisturizer, shampoo, sunscreen
ğŸ§· diaper, isipeletu, punk rock
ğŸ§¹ cleaning, sweeping, umshanelo, witch
ğŸ§º farming, laundry, picnic, ubhasikidi
ğŸ§» paper towels, roll of paper, toilet paper
ğŸª£ ibhakede, ikhasikhi, pheyili, vethi
ğŸ§¼ bar, bathing, cleaning, insipho, lather, soapdish
ğŸª¥ amazinyo, hlanzekile, ibhulashi, indlu yokugezela, isixubho, okwamazinyo, ukuhlanzeka
ğŸ§½ absorbing, cleaning, isipontshi, porous
ğŸ§¯ extinguish, fire, isicishamlilo, quench
ğŸ›’ ikalishi, inqola, inqola yokuthenga, ukuthenga
ğŸš¬ ukubhema, ukushunqa
âš° ibhokisi lomngcwabo, ukufa
ğŸª¦ amathuna, ethuneni, ikhanda eliyinhloko, ikhanda legumbi, ithuna
âš± isitsha somngcwabo, ukufa, umlotha, umngcwabo
ğŸ—¿ i-moai, isichuthe, moyai, ubuso
ğŸª§ i-picket, iphakadi, ukuboniswa, ukuphikisana, uphawu
ğŸ§ i-atm, ibhange, okuzenzakalelayo, uphawu lwe-ATM, uthela
ğŸš® ibhokisi lezibi, izibi, uphawu lomgqomo wezibi
ğŸš° amanzi, amanzi asempompini, ukuphuza, umpompi
â™¿ isihlalo esinamasondo sabantu abaphila nokukhubazeka, ukungena
ğŸš¹ indlu yangasese, indlu yangasese yamadoda, indoda
ğŸšº abesimame, indlu yangasese, indlu yangasese yabesimame
ğŸš» indlu encane, indlu yangasese
ğŸš¼ ingane, ukushintsha, uphawu lwengane
ğŸš¾ amanzi, indawo yamanzi, indlu yangasese
ğŸ›‚ iphasiphothi, ukulawula
ğŸ›ƒ customs
ğŸ›„ isikhwama, landa, ukulanda isikhwama
ğŸ›… impahla, impahla esele, indawo ekhiywayo, umthwalo
âš  isexwayiso
ğŸš¸ ingane, ithrafikhi, izingane eziwelayo, ukuwela, umuntu ohamba ngezinyawo
â›” akungenwa, cha, ithrafikhi, kunqatshelwe, okuvinjiwe, ukungena
ğŸš« cha, okunqatshelwe, okuvinjiwe, ukungena
ğŸš³ akuvumelekile, amabhayisikili akavunyelwe, cha, ibhayisikili, isithuthi, isithuthuthu, kunqatshelwe
ğŸš­ akubhenywa, akuvunyelwe, cha, kunqatshelwe, ukubhema
ğŸš¯ akulahlwa, akuvunyelwe, cha, izibi, kunqatshelwe
ğŸš± akuvunyelwe, amanzi, amanzi angaphatheke, cha, ukuphuza, umpompi
ğŸš· abahamba ngezinyawo, abavunyelwe abahamba ngezinyawo, akuvunyelwe, cha, kunqatshelwe
ğŸ“µ akavumelekile amaselula, akuvunyelwe, cha, inqatshelwe, iselula, ucingo, uthelefoni
ğŸ” 18, abavumelekile abangaphansi kweminyaka eyi-18, cha, kuvinjiwe, okungavunyelwe, ongaphansi kweminyaka, ukunqatshelwa ngokweminyaka
â˜¢ kusebenza ngowaya, uphawu
â˜£ okungaba nobungozi kumvelo, uphawu
â¬† enyakatho, inkomba, inkomba phezulu, umcibisholo
â†— enyakathompumalanga, inkomba, Inkomba phezulu-kwesokudla, inkombakuhlanganisa, umcibisholo
â¡ empumalanga, inkomba, Inkomba kwesokudla, umcibisholo
â†˜ eningizimunempumalanga, inkomba, inkombakuhlanganisa, inkombaphansi ngqo, umcibisholo
â¬‡ inkomba, ningizimu, phansi, umcibisholo, umcibisholo opheke phansi
â†™ inkomba, ningizimuntshonalanga, umcibisholo, umcibisholo obheke phansi kwesokunxele
â¬… inkomba, inkombasinxele, ntshonalanga
â†– inkomba, inkombakuhlanganisa, inyakathontshonalanga, umcibisholo, umcibisholo obheke phezulu kwesokunxele
â†• umcibisholo, umcibisholo ophansi phezulu
â†” umcibisholo, umcibisholo okwesokunxele nesokudla
â†® umugqa womcibisholo wangakwesokunxele kwesokudla
â†© umcibisholo, umcibisholo okhombe kwesokudla ogobe kwesokunxele
â†ª umcibisholo, umcibisholo okhombe kwesokunxele ogobe kwesokudla
â¤´ umcibisholo, umcibisholo wakwesokudla ogobele phezulu
â¤µ phansi, umcibisholo, umcibisholo wakwesokudla ogobele phansi
ğŸ”ƒ faka kabusha, imicibisholo ejikelezela ngakwesokudla, jikelezela ngakwesokudla, umcisholo
ğŸ”„ izinkinobho zemicibisholo ejikelezela kwesokunxele, okujikelezela ngakwesokunxele, okuphambana nokuya ngakwesokudla, umcibisholo
ğŸ”™ emuva, umcibisholo, umcibisholo oya emuva
ğŸ”š isiphetho, umcibisholo, umcibisholo wesiphetho
ğŸ”› kuvuliwe, kuvuliwe! umcibisholo, umcibisholo, uphawu
ğŸ”œ ngokushesha, umcibisholo, umcibisholo wokushesha
ğŸ” phezulu, umcibisholo, umcibisholo waphezulu
ğŸ› indawo yokukhonza, inkolo, ukukhonza
âš› ongakholwa, ukungakhonzi, uphawu lokungakhonzi
ğŸ•‰ hindu, inkolo, om
âœ¡ inkanyezi, inkanyezi kadavide, inkolo, udavide, umjuda
â˜¸ dharma, inkolo, isondo, isondo likadharma, umbhuda
â˜¯ inkolo, tao, yang, yin yang, ying
âœ inkolo, isiphambano, isiphambano sobulatini, ubukristu
â˜¦ inkolo, isiphambano, isiphambano senkolo, ubukristu
â˜ª inkanyezi nocezu lwenyanga, inkolo, isulumane, ubusulumane
â˜® ukuthula, uphawu lokuthula
ğŸ• i-candelabrum, imenora, induku yekhandlela, inkolo
ğŸ”¯ inhlanhla, inkanyezi, intanyezi enechashazi ekhombe kasithupha
â™ˆ aries, inkanyezi, isiklabhu
â™‰ inkanyezi, inkunzi, taurus
â™Š amawele, gemini, inkanyezi
â™‹ cancer, inkalankala, inkanyezi
â™Œ ibhubesi, inkanyezi, leo
â™ inkanyezi, intombi, virgo
â™ inkanyezi, iziklali, libra, ubulungiswa, ukulingana
â™ inkanyezi, scorpius, ufezela
â™ inkanyezi, insika, sagittarius
â™‘ capricorn, imbuzi, inkanyezi
â™’ amanzi, aquarius, inkanyezi, isithiyi
â™“ inhlanzi, inkanyezi, pisces
â› inkanyezi, inyoka, isithiyi, ophiuchus
ğŸ”€ inkinobho yokuxuba, ophambene, umcibisholo
ğŸ” inkinobho yokuphinda, oya ngakwesokudla, ukuphinda, umcibisholo
ğŸ”‚ inkinobho yokuphinda kube kanye, kanye, umcibisholo, umdlalo
â–¶ dlala, inkinobho yokudlala, kwesokudla, umcibisholo, unxantathu
â© inkinobho yokuya phambili ngokushesha, okubhanqene, phambili, ukushesha, umcibisholo
â­ inkinobho yokudlala okulandelayo, okulandelayo, umcibisholo, unxantathu
â¯ dlala, inkinobho yokudlala noma ukumisa, okwesokudla, phumuza, umcibisholo, unxantathu
â—€ inkinobho yokubuyela emuva, kwesokunxele, ukuhlehla, umcibisholo, umxantathu
âª inkinobho yokuhlehla ngokushesha, ukuhlehla, ukuphinda, umcibisholo
â® iculo ebelidlala, inkinobho yeculo lokugcina, obekudlala, umcibisholo, unxantathu
ğŸ”¼ ebomvu, inkinobho, inkinobho ebheke phezulu, umcibisholo
â« inkinobho yokushesha phambili, ukuphinda, umcibisholo
ğŸ”½ bomvu, inkinobho eya phansi, inkinobo, phansi, umcibisholo
â¬ inkinobho eshesha phansi, phansi, ukuphinda, umcibisholo
â¸ ibha, inkinobho yokuphumuza, okuqondile, ukuphinda, ukuphumuza
â¹ inkinobho yokumisa, isikwele, misa
âº indingilizi, inkinobho yokuqopha, ukuqopha
â inkinobho yokukhipha, ukukhipha
ğŸ¦ ifilimu, ikhamera, imuvi, isinema
ğŸ”… inkinobho kadimu, phansi, udimu, ukukhanya
ğŸ”† inkinobho yokukhanya, ukukhanya
ğŸ“¶ ibha, iselula, u-eriyeli, ucingo, ukudonsa
ğŸ“³ iselula, isimo, isimo sokushukuma, ithelefoni, ukushukuma
ğŸ“´ cisha, iselula, iselula icishiwe, ithelefoni
â™€ owesifazane, uphawu lowesifazane
â™‚ indoda, upahwu lwendoda
âš§ i-transgender, isimbuli ye-transgender
âœ– phindaphinda, ukukhansela, ukuphindaphinda, uphawu lokuphindaphinda oluwugqinsi
â• hlanganisa, ukubala, ukuhlanganisa, uphawu lokuhlanganisa oluwugqinsi
â– ukuhlanganisa, ukususa, uphawu lokususa oluwugqinsi
â— ukuhlanganisa, ukwahlukanisa, uphawu lokwahlukanisa oluwugqinsi
â™¾ forever, ingunaphakade, unbounded, universal
â€¼ isibabazi, uphawu, uphawu lwesibabazi oluphindekile
â‰ isibabazi, umbuzo, uphawu, uphawu lombuzo oluyisibabazi
â“ umbuzo, uphaqu, uphawu lombuzo
â” okudwetshiwe, umbuzo, upahu, uphawu lombuzo olumhlophe
â• isibabazi, okudwetshiwe, uphawu, uphawu lwesibabazi olumhlophe
â— isibabazi, uphawu, uphawu lwesibabazi
ã€° okusagagasi, udeshi, udeshi osagagasi
ğŸ’± ibhange, imali, izinga lokushintshanisa imali, uhlobo lwemali, ukushintsha
ğŸ’² idola, imali, uhlobo lwemali, uphawu olukhulu lwedola
âš• abasebenzi, umuthi, uphawu losizo lwezempilo
â™» uphawu lokuvuselela, vuselela
âšœ i-fleur-de-lis
ğŸ”± insika, ithuluzi, umkhumbi, uphawu, uphawu lwensika
ğŸ“› ibheji, ibheji legama, igama
ğŸ”° chevroni, iqabunga, ithuluzi, japanese, luhlaza satshani, qanda, umqali, uphawu lamajapanese lomuntu oqalayo
â­• ebomvu, enkulu, indingilizi, indingilizi enkulu oluwugqinsi ebomvu, o
âœ… âœ“, inkinobho, ukuhlola, uphawo, uphawu lokuhlola okukhulu
â˜‘ ibhalothi, ibhokisi, ibhokisi lebhalothi elinokuhlola, ukuhlola
âœ” ukuhlola, uphawu, uphawu lokuhlola oluwugqinsi
âŒ khansela, ukuphindaphinda, uphawu, uphawu lwesiphambano
â inkinobho yophawu lwesiphambano, iskwele, umaka
â° iluphu, iluphu egobile, ukugoba
â¿ iluphu, iluphu eligobile eliyimpinda, impinda, ukugoba
ã€½ ingxenye, upahwu lokulungisa ingxenye, uphawu
âœ³ inkanyezi, inkanyezi enemigxa eyisishiyagalombili
âœ´ inkanyezi, inkanyezi ecije kayisishayagalombili
â‡ ukubhanyaza
Â© ilungelo lokukopisha
Â® okubhalisiwe
â„¢ uphawu, uphawu lokuhweba
ğŸ”  isilatini, izinhlamvu, okufakiwe, uhlamvu olukhulu, ukufaka uhlamvu olukhulu lwesilatini
ğŸ”¡ isilatini, izinhlamvu, okufakiwe, uhlamvu oluncane, ukufaka uhlamvu oluncane lwesilatini
ğŸ”¢ 1234, izinombolo, izinombolo ezifakiwe, okufakiwe
ğŸ”£ izimpawu ezifakiwe, okufakiwe
ğŸ”¤ abc, alfabhethi, isilatini, izinhlamvu, okufakiwe, ukufaka izinhlamvu zesilatini
ğŸ…° a, igazi, inkinobho ka-a
ğŸ† ab, igazi, inkinobho ka-ab
ğŸ…± b, inkinobho ka-b, uhlobo lwegazi
ğŸ†‘ cl, inkinobho ka-CL
ğŸ†’ kupholile okusikwele, lungile
ğŸ†“ inkinobho loku-FREE, mahhala
â„¹ i, ulwazi, umthombo wolwazi
ğŸ†” id, inkinobho ye-ID, umazisi
â“‚ indingilizi, m, uhlamvu m olusendingilizini
ğŸ†• inkinobho ENTSHA, okusha
ğŸ†– inkinobho ka-NG, ng
ğŸ…¾ igazi, inkinobho o, o
ğŸ†— ok, OK oyisikwele
ğŸ…¿ inkinobho yokupaka, ukupaka
ğŸ†˜ sos, sos oyisikwele, usizo
ğŸ†™ u-up! inkinobho, up, uphawu
ğŸ†š u-vs oyisikwele, verses, vs
ğŸˆ lapha, uphawu lokuthi lapha oluyiskwele
ğŸˆ‚ mahhala, uphawu lokumahhala oluyiskwele
ğŸˆ· inyanga, uphawu lwenyanga oluyiskwele
ğŸˆ¶ ukungabibikho, uphawu lokungabibikho oluyiskwele
ğŸˆ¯ ukukhomba ngomunwe, uphawu lokukhomba ngomunwe oluyiskwele
ğŸ‰ umtitilizo, uphawu lomtitilizo oluyindingilizi
ğŸˆ¹ ukuncishiswa kwentengo, uphawu lokuncishiswa kwentengo eliyiskwele
ğŸˆš ukuphela komkhiqizo, uphawu lokuphela komkhiqizo eliyiskwele
ğŸˆ² ukwenqaba, uphawu lokwenqatshelwa oluyiskwele
ğŸ‰‘ indingilizi ezungeziwe yokwamukela, ukwamukela
ğŸˆ¸ ukufaka, uphawu lokufakiwe oluyiskwele
ğŸˆ´ ukuhlanganisa, uphawu lokuhlanganiwe kwaba isikwele ndawonye
ğŸˆ³ ukungabi nalutho, uphawu lokungabi nalutho oluyiskwele
ãŠ— ama-chinese, halalisa, uphawu lokuzungeleziwe kokuhalalisa
ãŠ™ ama-chinese, imfihlo, uphawu lobumfihlo ezungeziwe
ğŸˆº okokusebenza, uphawu okokusebenza okuyisikwele
ğŸˆµ ukugcwala, uphawu lokugcwala okufakwe kuskwele
ğŸ”´ bomvu, indingilizi, indingilizi ebomvu, jiyometrikhi
ğŸŸ  isikokela, isikokela esi-orintshi
ğŸŸ¡ isikokela esiphuzi
ğŸŸ¢ isikokela esihlaza
ğŸ”µ indingiliza, indingilizi eluhlaza sasibhakabhaka, jiyometrikhi, luhlaza sasibhakabhaka
ğŸŸ£ isikokela esibukhwebezane
ğŸŸ¤ brown, indilinga, indilinga e-brown
âš« indingilizi, indingilizi emnyama, jiyometrikhi
âšª indingilizi, indingilizi emhlophe, jiyometrikhi
ğŸŸ¥ isikwele, isikwele esibomvu, okubomvu
ğŸŸ§ isikwele, isikwele esi-orange, orange
ğŸŸ¨ isikwele, isikwele esi-yellow, yellow
ğŸŸ© isikwele esiluhlaza satshani
ğŸŸ¦ isikwele esiluhlaza
ğŸŸª isikwele esiphephuli, purple, square
ğŸŸ« brown, esikwele esi-brown, skwele
â¬› iskwele, iskwele esikhulu esimnyama, jiyometrikhi
â¬œ iskwele, iskwele esimhlophe esikhulu, jiyometrikhi
â—¼ iskwele, iskwele esimnyama esimaphakathi, jiyometrikhi
â—» isikwele esimhlophe esimaphakathi, iskwele, jiyometrikhi
â—¾ iskwele, iskwele esimnyama esimaphakathi esincane, jiyometrikhi
â—½ iskwele, iskwele esimhlophe esimaphakathi esincane, jiyometrikhi
â–ª iskwele, iskwele esincane esimnyama, jiyometrikhi
â–« isikwele esimhlophe esincane, iskwele, jiyometrikhi
ğŸ”¶ idayimande, idayimande elukhulu eliphuzu, jiyometrikhi, phuzi
ğŸ”· idayimande elikhulu eliphuzu sasibhakabhaka, jiyometrikhi, luhlaza sasibhakabhaka, phuzi
ğŸ”¸ idayimande, idayimande eliphuzi elincane, jiyometrikhi, phuzi
ğŸ”¹ idayimande eliluhlaza sasibhakabhaka elincane, indingiliza, jiyometrikhi, luhlaza sasibhakabhaka
ğŸ”º bomvu, jiyometrikhi, unxantathu obomvu obheke phezulu
ğŸ”» bomvu, jiyometrikhi, phansi, unxantathu obomvu obheke phansi
ğŸ’  idayimande, idayimande elingenachashashi, jiyometrikhi, ngaphakathi, okuhlekisayo
ğŸ”˜ inkinobho, inkinobho yomsakazo, jiyometrikhi, umsakazo
ğŸ”³ inkobho, inkonobho eyiskwele emhlophe, iskwele, jiyometrikhi, okugqanyisiwe
ğŸ”² inkinobho, inkinobho eyiskwele esimnyama, iskwele, jiyometrikhi
ğŸ ifulegi eliyisikotshi, isikotshi, ukuqhudelana
ğŸš© ifulegi eliwunxantathu, posa
ğŸŒ amafulegi aphambanayo, okwaseJapan, ukubungaza, ukuphambanisa
ğŸ´ ukundizisa, ukundizisa ifulegi elimnyama
ğŸ³ ukundizisa, ukundizisa ifulegi elimhlophe
ğŸ³â€ğŸŒˆ ifulegi, Ifulegi elimibalabala, okumbalabala
ğŸ³â€âš§ i-transgender, ifulegi, ifulegi eli-blue, pink nokumhlophe
ğŸ´â€â˜  Jolly Roger, pirate, pirate flag, plunder, treasure
Â¢ i-cent
$ i-dollar, i-peso, i-USD, imali
Â£ EGP, GBP, i-currency, i-pound, pound
Â¥ currency, I-CNY, i-yen, JPY, yen, yuan
â‚¥ i-mil, i-mill
â‚© i-won, KPW, KRW
â‚¬ EUR, euro, i-currency, i-euro
â‚± i-peso
â‚¹ i-currency, i-indian rupee, indian rupee, rupee
â‚½ i-currency, i-ruble, ruble
â‚¿ i-bitcoin, i-BTC
Â¹ i-one, i-superscript one, superscript
Â² i-squared, i-superscript two, superscript, two
Â³ i-cubed, i-superscript three, superscript, three
Âµ i-micro sign, kala, micro sign
